strike,lastPrice,lastTradeDate,CP,exp,S0,ttm,exp_month,r,in_out,F,q,imp_vol,w,y
5500.0,1260.79,2025-11-14 19:45:16,0,2025-11-17,6734.10986328125,0.007936507936507936,2511,0.045,in,6744.103250580426,-0.14184480202220612,1.5267521304732783,0.01849977831670392,-0.2039204383350987
6100.0,670.5,2025-11-14 17:20:27,0,2025-11-17,6734.10986328125,0.007936507936507936,2511,0.045,in,6744.103250580426,-0.14184480202220612,0.9678299502634993,0.007434085814500376,-0.10037975939425846
6200.0,570.55,2025-11-14 17:20:27,0,2025-11-17,6734.10986328125,0.007936507936507936,2511,0.045,in,6744.103250580426,-0.14184480202220612,0.8532240515213378,0.00577770858805148,-0.08411923852247806
6300.0,453.08,2025-11-14 20:16:08,0,2025-11-17,6734.10986328125,0.007936507936507936,2511,0.045,in,6744.103250580426,-0.14184480202220612,0.592703789582002,0.0027880776363878256,-0.06811889717603697
6400.0,372.02,2025-11-14 17:38:11,0,2025-11-17,6734.10986328125,0.007936507936507936,2511,0.045,in,6744.103250580426,-0.14184480202220612,0.6268202696190681,0.003118282939724772,-0.05237054020789783
6425.0,319.12,2025-11-14 18:27:01,0,2025-11-17,6734.10986328125,0.007936507936507936,2511,0.045,in,6744.103250580426,-0.14184480202220612,0.37454590763050083,0.0011133701343075846,-0.04847189979224043
6450.0,318.17,2025-11-14 17:09:46,0,2025-11-17,6734.10986328125,0.007936507936507936,2511,0.045,in,6744.103250580426,-0.14184480202220612,0.540820217279641,0.002321321487447604,-0.04458839976584284
6460.0,284.47,2025-11-14 18:27:01,0,2025-11-17,6734.10986328125,0.007936507936507936,2511,0.045,in,6744.103250580426,-0.14184480202220612,0.34508329126858284,0.0009450990310536316,-0.0430392127790135
6500.0,239.78,2025-11-14 20:51:40,0,2025-11-17,6734.10986328125,0.007936507936507936,2511,0.045,in,6744.103250580426,-0.14184480202220612,0.24943303055935934,0.0004937844185240181,-0.03686635367193261
6520.0,223.23,2025-11-14 17:53:34,0,2025-11-17,6734.10986328125,0.007936507936507936,2511,0.045,in,6744.103250580426,-0.14184480202220612,0.27410117372905307,0.0005962813765051153,-0.03379415463496237
6525.0,233.7,2025-11-14 20:08:40,0,2025-11-17,6734.10986328125,0.007936507936507936,2511,0.045,in,6744.103250580426,-0.14184480202220612,0.3893358588066172,0.0012030350075610012,-0.03302757736476685
6560.0,204.93,2025-11-14 19:59:16,0,2025-11-17,6734.10986328125,0.007936507936507936,2511,0.045,in,6744.103250580426,-0.14184480202220612,0.3839224231281085,0.001169812912544114,-0.027677927617526337
6575.0,191.29,2025-11-14 19:58:13,0,2025-11-17,6734.10986328125,0.007936507936507936,2511,0.045,in,6744.103250580426,-0.14184480202220612,0.372107483488273,0.0010989204703807567,-0.025393952509695786
6600.0,146.55,2025-11-14 21:14:45,0,2025-11-17,6734.10986328125,0.007936507936507936,2511,0.045,in,6744.103250580426,-0.14184480202220612,0.22067473007269142,0.00038648679756075573,-0.021598881541144095
6610.0,132.97,2025-11-14 20:43:03,0,2025-11-17,6734.10986328125,0.007936507936507936,2511,0.045,in,6744.103250580426,-0.14184480202220612,0.1823364411173524,0.00026386172824874375,-0.02008487670992905
6615.0,151.77,2025-11-14 17:01:58,0,2025-11-17,6734.10986328125,0.007936507936507936,2511,0.045,in,6744.103250580426,-0.14184480202220612,0.32090649197318155,0.0008173093380201082,-0.01932873300660497
6620.0,121.16,2025-11-14 21:03:14,0,2025-11-17,6734.10986328125,0.007936507936507936,2511,0.045,in,6744.103250580426,-0.14184480202220612,0.15642641225078965,0.0001942001781718571,-0.018573160624607142
6625.0,120.73,2025-11-14 20:22:27,0,2025-11-17,6734.10986328125,0.007936507936507936,2511,0.045,in,6744.103250580426,-0.14184480202220612,0.18714356816559846,0.0002779580563948571,-0.017818158701238086
6630.0,112.53,2025-11-14 21:06:54,0,2025-11-17,6734.10986328125,0.007936507936507936,2511,0.045,in,6744.103250580426,-0.14184480202220612,0.15801311068615337,0.00019815986625963932,-0.01706372637575286
6635.0,114.66,2025-11-14 20:25:45,0,2025-11-17,6734.10986328125,0.007936507936507936,2511,0.045,in,6744.103250580426,-0.14184480202220612,0.20083398319791138,0.0003201134032312615,-0.016309862789353174
6640.0,103.53,2025-11-14 21:06:54,0,2025-11-17,6734.10986328125,0.007936507936507936,2511,0.045,in,6744.103250580426,-0.14184480202220612,0.15496631365268124,0.00019059173307223154,-0.01555656708518153
6645.0,93.09,2025-11-14 20:57:48,0,2025-11-17,6734.10986328125,0.007936507936507936,2511,0.045,in,6744.103250580426,-0.14184480202220612,0.09996143239067237,7.930387274281717e-05,-0.014803838408315369
6650.0,89.69,2025-11-14 21:01:16,0,2025-11-17,6734.10986328125,0.007936507936507936,2511,0.045,in,6744.103250580426,-0.14184480202220612,0.11331894935584133,0.00010191416097707724,-0.014051675905761257
6655.0,84.61,2025-11-14 20:58:34,0,2025-11-17,6734.10986328125,0.007936507936507936,2511,0.045,in,6744.103250580426,-0.14184480202220612,0.107709801628751,9.20746140230547e-05,-0.013300078726449081
6660.0,80.71,2025-11-14 20:58:18,0,2025-11-17,6734.10986328125,0.007936507936507936,2511,0.045,in,6744.103250580426,-0.14184480202220612,0.112242282865928,9.998674653138883e-05,-0.012549046021226161
6665.0,76.04,2025-11-14 20:57:48,0,2025-11-17,6734.10986328125,0.007936507936507936,2511,0.045,in,6744.103250580426,-0.14184480202220612,0.10960554154770183,9.534424395210311e-05,-0.011798576942851946
6670.0,77.0,2025-11-14 21:03:14,0,2025-11-17,6734.10986328125,0.007936507936507936,2511,0.045,in,6744.103250580426,-0.14184480202220612,0.14220382932546713,0.0001604915005938618,-0.011048670645991595
6675.0,78.68,2025-11-14 21:12:05,0,2025-11-17,6734.10986328125,0.007936507936507936,2511,0.045,in,6744.103250580426,-0.14184480202220612,0.17111842194396157,0.00023239297086183864,-0.010299326287210725
6680.0,74.48,2025-11-14 21:12:05,0,2025-11-17,6734.10986328125,0.007936507936507936,2511,0.045,in,6744.103250580426,-0.14184480202220612,0.1680607209067536,0.0002241619516801407,-0.009550543024969601
6685.0,70.42,2025-11-14 21:12:46,0,2025-11-17,6734.10986328125,0.007936507936507936,2511,0.045,in,6744.103250580426,-0.14184480202220612,0.16541824688659612,0.00021716822542091165,-0.008802320019617466
6690.0,63.25,2025-11-14 21:08:56,0,2025-11-17,6734.10986328125,0.007936507936507936,2511,0.045,in,6744.103250580426,-0.14184480202220612,0.14769521876187683,0.00017312601305649722,-0.008054656433386891
6695.0,56.3,2025-11-14 21:05:05,0,2025-11-17,6734.10986328125,0.007936507936507936,2511,0.045,in,6744.103250580426,-0.14184480202220612,0.13104150423282968,0.00013628472882224377,-0.007307551430388151
6700.0,58.5,2025-11-14 21:11:42,0,2025-11-17,6734.10986328125,0.007936507936507936,2511,0.045,in,6744.103250580426,-0.14184480202220612,0.15691497321487707,0.00019541514935734593,-0.006561004176603612
6705.0,54.42,2025-11-14 21:14:44,0,2025-11-17,6734.10986328125,0.007936507936507936,2511,0.045,in,6744.103250580426,-0.14184480202220612,0.15297744361414697,0.00018573093852951997,-0.005815013839882149
6710.0,50.52,2025-11-14 21:11:40,0,2025-11-17,6734.10986328125,0.007936507936507936,2511,0.045,in,6744.103250580426,-0.14184480202220612,0.14951325946054142,0.0001774144028136125,-0.005069579589933577
6715.0,46.47,2025-11-14 21:11:15,0,2025-11-17,6734.10986328125,0.007936507936507936,2511,0.045,in,6744.103250580426,-0.14184480202220612,0.1450489925940816,0.00016697785914728523,-0.004324700598323112
6720.0,44.45,2025-11-14 21:13:12,0,2025-11-17,6734.10986328125,0.007936507936507936,2511,0.045,in,6744.103250580426,-0.14184480202220612,0.148877501342861,0.00017590881274677446,-0.003580376038465841
6725.0,40.27,2025-11-14 21:14:44,0,2025-11-17,6734.10986328125,0.007936507936507936,2511,0.045,in,6744.103250580426,-0.14184480202220612,0.1430471328351688,0.00016240065247906683,-0.0028366050856212205
6730.0,36.4,2025-11-14 21:13:39,0,2025-11-17,6734.10986328125,0.007936507936507936,2511,0.045,in,6744.103250580426,-0.14184480202220612,0.13812303593845415,0.00015141248457821823,-0.002093386916887594
6735.0,33.95,2025-11-14 21:14:44,0,2025-11-17,6734.10986328125,0.007936507936507936,2511,0.045,out,6744.103250580426,-0.14184480202220612,0.1386806791505005,0.0001526375457908259,-0.0013507207111967308
6740.0,30.95,2025-11-14 21:14:44,0,2025-11-17,6734.10986328125,0.007936507936507936,2511,0.045,out,6744.103250580426,-0.14184480202220612,0.13643637908762796,0.0001477371868138327,-0.000608605649308268
6745.0,28.03,2025-11-14 21:14:51,0,2025-11-17,6734.10986328125,0.007936507936507936,2511,0.045,out,6744.103250580426,-0.14184480202220612,0.13400752993813234,0.0001425239530168209,0.00013295908619526283
6750.0,25.25,2025-11-14 21:14:45,0,2025-11-17,6734.10986328125,0.007936507936507936,2511,0.045,out,6744.103250580426,-0.14184480202220612,0.1316197779184146,0.00013749020586740297,0.0008739743109143962
6755.0,22.68,2025-11-14 21:14:51,0,2025-11-17,6734.10986328125,0.007936507936507936,2511,0.045,out,6744.103250580426,-0.14184480202220612,0.1295495340699719,0.0001331990617281493,0.0016144408386382242
6760.0,20.73,2025-11-14 21:13:12,0,2025-11-17,6734.10986328125,0.007936507936507936,2511,0.045,out,6744.103250580426,-0.14184480202220612,0.1295809083236943,0.00013326358573010843,0.0023543594813486496
6765.0,18.06,2025-11-14 21:14:27,0,2025-11-17,6734.10986328125,0.007936507936507936,2511,0.045,out,6744.103250580426,-0.14184480202220612,0.12585361651876067,0.0001257074031019942,0.0030937310492273923
6770.0,15.9,2025-11-14 21:14:30,0,2025-11-17,6734.10986328125,0.007936507936507936,2511,0.045,out,6744.103250580426,-0.14184480202220612,0.12371314210267215,0.00012146778991203135,0.003832556350659538
6775.0,13.8,2025-11-14 21:14:56,0,2025-11-17,6734.10986328125,0.007936507936507936,2511,0.045,out,6744.103250580426,-0.14184480202220612,0.1211434880285058,0.00011647416421994227,0.004570836192240613
6780.0,12.32,2025-11-14 21:14:19,0,2025-11-17,6734.10986328125,0.007936507936507936,2511,0.045,out,6744.103250580426,-0.14184480202220612,0.12087352292248416,0.00011595562336263732,0.005308571378780321
6785.0,10.5,2025-11-14 21:14:52,0,2025-11-17,6734.10986328125,0.007936507936507936,2511,0.045,out,6744.103250580426,-0.14184480202220612,0.11820877208514041,0.00011089931585616404,0.006045762713308466
6790.0,9.2,2025-11-14 21:14:38,0,2025-11-17,6734.10986328125,0.007936507936507936,2511,0.045,out,6744.103250580426,-0.14184480202220612,0.11752737751790379,0.00010962447989076094,0.006782410997080864
6795.0,8.0,2025-11-14 21:14:17,0,2025-11-17,6734.10986328125,0.007936507936507936,2511,0.045,out,6744.103250580426,-0.14184480202220612,0.11673806310320858,0.00010815694743721198,0.007518517029583022
6800.0,6.7,2025-11-14 21:14:49,0,2025-11-17,6734.10986328125,0.007936507936507936,2511,0.045,out,6744.103250580426,-0.14184480202220612,0.1145871675060991,0.00010420808696087946,0.008254081608537106
6805.0,5.63,2025-11-14 21:14:31,0,2025-11-17,6734.10986328125,0.007936507936507936,2511,0.045,out,6744.103250580426,-0.14184480202220612,0.11303255101663387,0.00010139966340736459,0.008989105529905369
6810.0,4.5,2025-11-14 21:14:54,0,2025-11-17,6734.10986328125,0.007936507936507936,2511,0.045,out,6744.103250580426,-0.14184480202220612,0.11008324630073439,9.617715171514405e-05,0.009723589587897074
6815.0,3.9,2025-11-14 21:14:37,0,2025-11-17,6734.10986328125,0.007936507936507936,2511,0.045,out,6744.103250580426,-0.14184480202220612,0.11030691214263194,9.656837195589145e-05,0.010457534574971896
6820.0,3.1,2025-11-14 21:14:55,0,2025-11-17,6734.10986328125,0.007936507936507936,2511,0.045,out,6744.103250580426,-0.14184480202220612,0.10804132953841211,9.264229276529969e-05,0.011190941281846794
6825.0,2.52,2025-11-14 21:14:29,0,2025-11-17,6734.10986328125,0.007936507936507936,2511,0.045,out,6744.103250580426,-0.14184480202220612,0.10683286717836575,9.058144055198681e-05,0.011923810497499375
6830.0,2.05,2025-11-14 21:14:51,0,2025-11-17,6734.10986328125,0.007936507936507936,2511,0.045,out,6744.103250580426,-0.14184480202220612,0.1059159676194777,8.903327140293848e-05,0.012656143009174744
6835.0,1.55,2025-11-14 21:14:30,0,2025-11-17,6734.10986328125,0.007936507936507936,2511,0.045,out,6744.103250580426,-0.14184480202220612,0.10357309585066929,8.513798558803117e-05,0.013387939602388814
6840.0,1.25,2025-11-14 21:14:08,0,2025-11-17,6734.10986328125,0.007936507936507936,2511,0.045,out,6744.103250580426,-0.14184480202220612,0.10299596268398493,8.419181213651442e-05,0.014119201060935128
6845.0,0.95,2025-11-14 21:14:46,0,2025-11-17,6734.10986328125,0.007936507936507936,2511,0.045,out,6744.103250580426,-0.14184480202220612,0.1014552874396611,8.169186785289091e-05,0.014849928166888128
6850.0,0.75,2025-11-14 21:14:55,0,2025-11-17,6734.10986328125,0.007936507936507936,2511,0.045,out,6744.103250580426,-0.14184480202220612,0.10087601675921261,8.07616726762297e-05,0.015580121700609942
6855.0,0.61,2025-11-14 21:12:27,0,2025-11-17,6734.10986328125,0.007936507936507936,2511,0.045,out,6744.103250580426,-0.14184480202220612,0.10094072903424255,8.086532363463791e-05,0.016309782440753835
6860.0,0.45,2025-11-14 21:14:30,0,2025-11-17,6734.10986328125,0.007936507936507936,2511,0.045,out,6744.103250580426,-0.14184480202220612,0.09957404380505544,7.869039841024682e-05,0.017038911164269862
6865.0,0.35,2025-11-14 21:13:33,0,2025-11-17,6734.10986328125,0.007936507936507936,2511,0.045,out,6744.103250580426,-0.14184480202220612,0.09920812324998653,7.81131088792422e-05,0.01776750864641048
6870.0,0.25,2025-11-14 21:14:12,0,2025-11-17,6734.10986328125,0.007936507936507936,2511,0.045,out,6744.103250580426,-0.14184480202220612,0.09782964653239634,7.59574582591556e-05,0.018495575660733964
6875.0,0.25,2025-11-14 21:14:44,0,2025-11-17,6734.10986328125,0.007936507936507936,2511,0.045,out,6744.103250580426,-0.14184480202220612,0.10096270160488688,8.090053266156689e-05,0.019223112979111084
6880.0,0.2,2025-11-14 21:14:58,0,2025-11-17,6734.10986328125,0.007936507936507936,2511,0.045,out,6744.103250580426,-0.14184480202220612,0.10113347010281624,8.117443472251767e-05,0.01995012137172827
6885.0,0.15,2025-11-14 21:13:33,0,2025-11-17,6734.10986328125,0.007936507936507936,2511,0.045,out,6744.103250580426,-0.14184480202220612,0.10057336136653111,8.027778584573692e-05,0.02067660160709425
6890.0,0.15,2025-11-14 21:11:48,0,2025-11-17,6734.10986328125,0.007936507936507936,2511,0.045,out,6744.103250580426,-0.14184480202220612,0.1035144969068447,8.504167515775524e-05,0.021402554452043168
6895.0,0.1,2025-11-14 21:14:27,0,2025-11-17,6734.10986328125,0.007936507936507936,2511,0.045,out,6744.103250580426,-0.14184480202220612,0.10164969256156797,8.200523807826419e-05,0.0221279806717412
6900.0,0.07,2025-11-14 21:14:10,0,2025-11-17,6734.10986328125,0.007936507936507936,2511,0.045,out,6744.103250580426,-0.14184480202220612,0.10058152213139966,8.029081424023206e-05,0.02285288102968965
6905.0,0.1,2025-11-14 21:13:21,0,2025-11-17,6734.10986328125,0.007936507936507936,2511,0.045,out,6744.103250580426,-0.14184480202220612,0.10726543612125955,9.131645862130169e-05,0.023577256287731493
6910.0,0.06,2025-11-14 21:03:21,0,2025-11-17,6734.10986328125,0.007936507936507936,2511,0.045,out,6744.103250580426,-0.14184480202220612,0.10437141602380086,8.645549589534376e-05,0.024301107206054464
6915.0,0.07,2025-11-14 20:59:20,0,2025-11-17,6734.10986328125,0.007936507936507936,2511,0.045,out,6744.103250580426,-0.14184480202220612,0.10870865398716456,9.379024961667514e-05,0.025024434543197572
6920.0,0.05,2025-11-14 21:03:34,0,2025-11-17,6734.10986328125,0.007936507936507936,2511,0.045,out,6744.103250580426,-0.14184480202220612,0.10776185706168498,9.2163633630024e-05,0.02574723905605412
6925.0,0.07,2025-11-14 21:11:16,0,2025-11-17,6734.10986328125,0.007936507936507936,2511,0.045,out,6744.103250580426,-0.14184480202220612,0.11408440711495943,0.0001032956503712048,0.02646952149987822
6930.0,0.1,2025-11-14 20:42:22,0,2025-11-17,6734.10986328125,0.007936507936507936,2511,0.045,out,6744.103250580426,-0.14184480202220612,0.12114326141537163,0.00011647372846311959,0.027191282628287773
6935.0,0.05,2025-11-14 21:13:24,0,2025-11-17,6734.10986328125,0.007936507936507936,2511,0.045,out,6744.103250580426,-0.14184480202220612,0.11557303913956501,0.00010600894742821766,0.02791252319327092
6940.0,0.08,2025-11-14 20:48:05,0,2025-11-17,6734.10986328125,0.007936507936507936,2511,0.045,out,6744.103250580426,-0.14184480202220612,0.12374169520739514,0.00012152386613333235,0.028633243945189246
6945.0,0.1,2025-11-14 20:35:02,0,2025-11-17,6734.10986328125,0.007936507936507936,2511,0.045,out,6744.103250580426,-0.14184480202220612,0.12936874473314175,0.00013282755645895863,0.029353445632783085
6950.0,0.05,2025-11-14 21:10:44,0,2025-11-17,6734.10986328125,0.007936507936507936,2511,0.045,out,6744.103250580426,-0.14184480202220612,0.12331990214383923,0.00012069681162512763,0.030073129003176862
6955.0,0.1,2025-11-14 18:45:59,0,2025-11-17,6734.10986328125,0.007936507936507936,2511,0.045,out,6744.103250580426,-0.14184480202220612,0.13481357035793018,0.00014424364089406816,0.030792294801882215
6960.0,0.05,2025-11-14 21:00:10,0,2025-11-17,6734.10986328125,0.007936507936507936,2511,0.045,out,6744.103250580426,-0.14184480202220612,0.12845084919458968,0.00013094937030802556,0.03151094377280436
6965.0,0.05,2025-11-14 21:01:23,0,2025-11-17,6734.10986328125,0.007936507936507936,2511,0.045,out,6744.103250580426,-0.14184480202220612,0.13100665529391958,0.00013621225183571323,0.03222907665824499
6970.0,0.05,2025-11-14 21:09:03,0,2025-11-17,6734.10986328125,0.007936507936507936,2511,0.045,out,6744.103250580426,-0.14184480202220612,0.13355618802234193,0.00014156551872269166,0.03294669419890858
6975.0,0.05,2025-11-14 21:03:32,0,2025-11-17,6734.10986328125,0.007936507936507936,2511,0.045,out,6744.103250580426,-0.14184480202220612,0.13609956864992465,0.00014700867132298056,0.03366379713390528
6980.0,0.05,2025-11-14 21:10:27,0,2025-11-17,6734.10986328125,0.007936507936507936,2511,0.045,out,6744.103250580426,-0.14184480202220612,0.1386369129935024,0.00015254121939974565,0.03438038620075716
6985.0,0.05,2025-11-14 21:09:06,0,2025-11-17,6734.10986328125,0.007936507936507936,2511,0.045,out,6744.103250580426,-0.14184480202220612,0.14116833177504187,0.00015816268171546267,0.03509646213540108
6990.0,0.05,2025-11-14 21:10:53,0,2025-11-17,6734.10986328125,0.007936507936507936,2511,0.045,out,6744.103250580426,-0.14184480202220612,0.14369393094973035,0.00016387258564909424,0.03581202567219493
7000.0,0.05,2025-11-14 21:11:21,0,2025-11-17,6734.10986328125,0.007936507936507936,2511,0.045,out,6744.103250580426,-0.14184480202220612,0.14872807224385676,0.0001755558688363006,0.037241618481789335
7010.0,0.05,2025-11-14 21:11:48,0,2025-11-17,6734.10986328125,0.007936507936507936,2511,0.045,out,6744.103250580426,-0.14184480202220612,0.15374010001532748,0.0001875874472438325,0.03866917047297474
7020.0,0.05,2025-11-14 21:13:30,0,2025-11-17,6734.10986328125,0.007936507936507936,2511,0.045,out,6744.103250580426,-0.14184480202220612,0.15873071803523087,0.00019996381625380925,0.040094687464195755
7025.0,0.05,2025-11-14 20:28:14,0,2025-11-17,6734.10986328125,0.007936507936507936,2511,0.045,out,6744.103250580426,-0.14184480202220612,0.1612182037488405,0.0002062802319047829,0.04080668464628556
7030.0,0.05,2025-11-14 20:08:25,0,2025-11-17,6734.10986328125,0.007936507936507936,2511,0.045,out,6744.103250580426,-0.14184480202220612,0.16370057739111094,0.0002126815796681198,0.04151817524904952
7040.0,0.05,2025-11-14 15:02:10,0,2025-11-17,6734.10986328125,0.007936507936507936,2511,0.045,out,6744.103250580426,-0.14184480202220612,0.16865028221174325,0.0002257374419849257,0.04293963959642701
7050.0,0.05,2025-11-14 14:36:08,0,2025-11-17,6734.10986328125,0.007936507936507936,2511,0.045,out,6744.103250580426,-0.14184480202220612,0.1735803945992307,0.0002391282015017828,0.04435908625065325
7060.0,0.05,2025-11-14 15:41:49,0,2025-11-17,6734.10986328125,0.007936507936507936,2511,0.045,out,6744.103250580426,-0.14184480202220612,0.1784914389010135,0.00025285074413455735,0.04577652093162665
7075.0,0.05,2025-11-14 16:07:28,0,2025-11-17,6734.10986328125,0.007936507936507936,2511,0.045,out,6744.103250580426,-0.14184480202220612,0.18582331673995006,0.0002740500400336175,0.047898912955777355
7100.0,0.05,2025-11-14 16:20:03,0,2025-11-17,6734.10986328125,0.007936507936507936,2511,0.045,out,6744.103250580426,-0.14184480202220612,0.1979542962977856,0.0003109992335139007,0.05142625347374584
7125.0,0.07,2025-11-14 20:36:18,0,2025-11-17,6734.10986328125,0.007936507936507936,2511,0.045,out,6744.103250580426,-0.14184480202220612,0.21632046112575223,0.00037138525318776254,0.054941195581190184
6100.0,662.9,2025-11-14 19:56:52,0,2025-11-18,6734.10986328125,0.011904761904761904,2511,0.045,in,6744.103250580426,-0.07956320134813741,0.727114784510975,0.00629399892683859,-0.10037975939425846
6390.0,426.3,2025-11-13 14:36:06,0,2025-11-17,6734.10986328125,0.011904761904761904,2511,0.045,in,6744.103250580426,-0.07956320134813741,0.728597511544483,0.006319694450343013,-0.05393426218408055
6400.0,364.23,2025-11-14 19:55:28,0,2025-11-18,6734.10986328125,0.011904761904761904,2511,0.045,in,6744.103250580426,-0.07956320134813741,0.463028108625382,0.002552321778299983,-0.05237054020789783
6410.0,406.25,2025-11-13 14:36:06,0,2025-11-17,6734.10986328125,0.011904761904761904,2511,0.045,in,6744.103250580426,-0.07956320134813741,0.70502431732737,0.005917372476463382,-0.05080925964094535
6500.0,255.77,2025-11-14 20:16:07,0,2025-11-18,6734.10986328125,0.011904761904761904,2511,0.045,in,6744.103250580426,-0.07956320134813741,0.3198301942331854,0.001217754204086156,-0.03686635367193261
6620.0,158.89,2025-11-14 17:22:56,0,2025-11-18,6734.10986328125,0.011904761904761904,2511,0.045,in,6744.103250580426,-0.07956320134813741,0.3022191591659048,0.0010873383353207915,-0.018573160624607142
6625.0,130.82,2025-11-14 15:46:07,0,2025-11-18,6734.10986328125,0.011904761904761904,2511,0.045,in,6744.103250580426,-0.07956320134813741,0.1990779330686748,0.0004718098027963781,-0.017818158701238086
6630.0,138.69,2025-11-14 16:43:25,0,2025-11-18,6734.10986328125,0.011904761904761904,2511,0.045,in,6744.103250580426,-0.07956320134813741,0.24932885738817698,0.000740058084839213,-0.01706372637575286
6645.0,104.75,2025-11-14 21:04:43,0,2025-11-18,6734.10986328125,0.011904761904761904,2511,0.045,in,6744.103250580426,-0.07956320134813741,0.14986421218121748,0.00026737240586544015,-0.014803838408315369
6650.0,101.75,2025-11-14 20:10:40,0,2025-11-18,6734.10986328125,0.011904761904761904,2511,0.045,in,6744.103250580426,-0.07956320134813741,0.15437565040146844,0.00028371239805805243,-0.014051675905761257
6655.0,111.1,2025-11-14 19:15:19,0,2025-11-18,6734.10986328125,0.011904761904761904,2511,0.045,in,6744.103250580426,-0.07956320134813741,0.2096239844741975,0.0005231216055576023,-0.013300078726449081
6660.0,90.0,2025-11-14 20:59:20,0,2025-11-18,6734.10986328125,0.011904761904761904,2511,0.045,in,6744.103250580426,-0.07956320134813741,0.13597428928462718,0.00022010723031499376,-0.012549046021226161
6665.0,95.2,2025-11-14 20:38:01,0,2025-11-18,6734.10986328125,0.011904761904761904,2511,0.045,in,6744.103250580426,-0.07956320134813741,0.17426317336856015,0.000361519685624772,-0.011798576942851946
6670.0,103.83,2025-11-14 20:10:40,0,2025-11-18,6734.10986328125,0.011904761904761904,2511,0.045,in,6744.103250580426,-0.07956320134813741,0.22085678756059784,0.000580687150137941,-0.011048670645991595
6675.0,78.22,2025-11-14 20:49:42,0,2025-11-18,6734.10986328125,0.011904761904761904,2511,0.045,in,6744.103250580426,-0.07956320134813741,0.13419446576649463,0.00021438279336136786,-0.010299326287210725
6680.0,77.0,2025-11-14 21:02:20,0,2025-11-18,6734.10986328125,0.011904761904761904,2511,0.045,in,6744.103250580426,-0.07956320134813741,0.14391952638730304,0.0002465813104231621,-0.009550543024969601
6685.0,76.12,2025-11-14 21:08:48,0,2025-11-18,6734.10986328125,0.011904761904761904,2511,0.045,in,6744.103250580426,-0.07956320134813741,0.15394412112153175,0.00028212848128429565,-0.008802320019617466
6690.0,72.39,2025-11-14 21:08:48,0,2025-11-18,6734.10986328125,0.011904761904761904,2511,0.045,in,6744.103250580426,-0.07956320134813741,0.15249329394433295,0.00027683577021419913,-0.008054656433386891
6695.0,77.0,2025-11-14 19:17:45,0,2025-11-18,6734.10986328125,0.011904761904761904,2511,0.045,in,6744.103250580426,-0.07956320134813741,0.18116822664778656,0.00039073721841314006,-0.007307551430388151
6700.0,62.75,2025-11-14 20:42:02,0,2025-11-18,6734.10986328125,0.011904761904761904,2511,0.045,in,6744.103250580426,-0.07956320134813741,0.14090032312754436,0.00023634406020769537,-0.006561004176603612
6705.0,59.35,2025-11-14 20:45:23,0,2025-11-18,6734.10986328125,0.011904761904761904,2511,0.045,in,6744.103250580426,-0.07956320134813741,0.14000401537746832,0.0002333467181168379,-0.005815013839882149
6710.0,53.08,2025-11-14 20:26:33,0,2025-11-18,6734.10986328125,0.011904761904761904,2511,0.045,in,6744.103250580426,-0.07956320134813741,0.12859453599721984,0.0001968637462897651,-0.005069579589933577
6715.0,55.1,2025-11-14 20:44:32,0,2025-11-18,6734.10986328125,0.011904761904761904,2511,0.045,in,6744.103250580426,-0.07956320134813741,0.1462333521658361,0.00025457372959116,-0.004324700598323112
6720.0,50.0,2025-11-14 21:07:22,0,2025-11-18,6734.10986328125,0.011904761904761904,2511,0.045,in,6744.103250580426,-0.07956320134813741,0.13845754834267862,0.00022822015110791886,-0.003580376038465841
6725.0,43.18,2025-11-14 20:58:59,0,2025-11-18,6734.10986328125,0.011904761904761904,2511,0.045,in,6744.103250580426,-0.07956320134813741,0.12454467974266398,0.0001846592530024135,-0.0028366050856212205
6730.0,40.68,2025-11-14 20:58:31,0,2025-11-18,6734.10986328125,0.011904761904761904,2511,0.045,in,6744.103250580426,-0.07956320134813741,0.12525509189731002,0.0001867718815024235,-0.002093386916887594
6735.0,44.32,2025-11-14 21:13:23,0,2025-11-18,6734.10986328125,0.011904761904761904,2511,0.045,out,6744.103250580426,-0.07956320134813741,0.1465490906944625,0.0002556742378973071,-0.0013507207111967308
6740.0,41.27,2025-11-14 21:14:37,0,2025-11-18,6734.10986328125,0.011904761904761904,2511,0.045,out,6744.103250580426,-0.07956320134813741,0.14462743330144104,0.0002490130293257473,-0.000608605649308268
6745.0,38.37,2025-11-14 21:14:37,0,2025-11-18,6734.10986328125,0.011904761904761904,2511,0.045,out,6744.103250580426,-0.07956320134813741,0.14289581011467356,0.00024308586367058146,0.00013295908619526283
6750.0,35.85,2025-11-14 21:12:38,0,2025-11-18,6734.10986328125,0.011904761904761904,2511,0.045,out,6744.103250580426,-0.07956320134813741,0.14213383608921862,0.00024050032573139123,0.0008739743109143962
6755.0,32.7,2025-11-14 21:14:01,0,2025-11-18,6734.10986328125,0.011904761904761904,2511,0.045,out,6744.103250580426,-0.07956320134813741,0.13886042531527365,0.00022955021093736536,0.0016144408386382242
6760.0,30.1,2025-11-14 21:13:25,0,2025-11-18,6734.10986328125,0.011904761904761904,2511,0.045,out,6744.103250580426,-0.07956320134813741,0.1371178029329961,0.00022382490334728518,0.0023543594813486496
6765.0,27.97,2025-11-14 21:12:53,0,2025-11-18,6734.10986328125,0.011904761904761904,2511,0.045,out,6744.103250580426,-0.07956320134813741,0.1366583090608629,0.00022232730280207527,0.0030937310492273923
6770.0,25.32,2025-11-14 21:14:59,0,2025-11-18,6734.10986328125,0.011904761904761904,2511,0.045,out,6744.103250580426,-0.07956320134813741,0.13398020533909258,0.00021369875503220726,0.003832556350659538
6775.0,23.45,2025-11-14 21:12:38,0,2025-11-18,6734.10986328125,0.011904761904761904,2511,0.045,out,6744.103250580426,-0.07956320134813741,0.1337138476136431,0.00021284991718624488,0.004570836192240613
6780.0,19.95,2025-11-14 21:09:27,0,2025-11-18,6734.10986328125,0.011904761904761904,2511,0.045,out,6744.103250580426,-0.07956320134813741,0.12697817165586944,0.00019194590567937436,0.005308571378780321
6785.0,18.8,2025-11-14 21:11:16,0,2025-11-18,6734.10986328125,0.011904761904761904,2511,0.045,out,6744.103250580426,-0.07956320134813741,0.12859099819487474,0.00019685291448516995,0.006045762713308466
6790.0,17.04,2025-11-14 21:14:59,0,2025-11-18,6734.10986328125,0.011904761904761904,2511,0.045,out,6744.103250580426,-0.07956320134813741,0.127508494498817,0.00019355257344470046,0.006782410997080864
6795.0,14.35,2025-11-14 21:09:32,0,2025-11-18,6734.10986328125,0.011904761904761904,2511,0.045,out,6744.103250580426,-0.07956320134813741,0.12214652803812072,0.00017761636085437393,0.007518517029583022
6800.0,13.98,2025-11-14 21:13:01,0,2025-11-18,6734.10986328125,0.011904761904761904,2511,0.045,out,6744.103250580426,-0.07956320134813741,0.12594387532421175,0.000188831663472388,0.008254081608537106
6805.0,11.8,2025-11-14 21:11:23,0,2025-11-18,6734.10986328125,0.011904761904761904,2511,0.045,out,6744.103250580426,-0.07956320134813741,0.12160176170245789,0.00017603557677549228,0.008989105529905369
6810.0,10.76,2025-11-14 21:14:59,0,2025-11-18,6734.10986328125,0.011904761904761904,2511,0.045,out,6744.103250580426,-0.07956320134813741,0.12180477105934465,0.00017662383634308763,0.009723589587897074
6815.0,9.27,2025-11-14 21:11:16,0,2025-11-18,6734.10986328125,0.011904761904761904,2511,0.045,out,6744.103250580426,-0.07956320134813741,0.11941377995280004,0.00016975774812637797,0.010457534574971896
6820.0,8.48,2025-11-14 21:13:01,0,2025-11-18,6734.10986328125,0.011904761904761904,2511,0.045,out,6744.103250580426,-0.07956320134813741,0.12002340524431299,0.00017149545007667355,0.011190941281846794
6825.0,7.3,2025-11-14 21:11:45,0,2025-11-18,6734.10986328125,0.011904761904761904,2511,0.045,out,6744.103250580426,-0.07956320134813741,0.11814402393058517,0.0001661667903632224,0.011923810497499375
6830.0,6.3,2025-11-14 21:14:27,0,2025-11-18,6734.10986328125,0.011904761904761904,2511,0.045,out,6744.103250580426,-0.07956320134813741,0.11667542033498698,0.00016206135369459398,0.012656143009174744
6835.0,5.4,2025-11-14 21:12:43,0,2025-11-18,6734.10986328125,0.011904761904761904,2511,0.045,out,6744.103250580426,-0.07956320134813741,0.11522154987826835,0.00015804768519464622,0.013387939602388814
6840.0,4.6,2025-11-14 21:11:45,0,2025-11-18,6734.10986328125,0.011904761904761904,2511,0.045,out,6744.103250580426,-0.07956320134813741,0.11381485792136514,0.000154212165281673,0.014119201060935128
6845.0,3.07,2025-11-14 21:06:54,0,2025-11-18,6734.10986328125,0.011904761904761904,2511,0.045,out,6744.103250580426,-0.07956320134813741,0.10572629507306322,0.00013307201749852894,0.014849928166888128
6850.0,3.2,2025-11-14 21:13:52,0,2025-11-18,6734.10986328125,0.011904761904761904,2511,0.045,out,6744.103250580426,-0.07956320134813741,0.11050021537111433,0.00014536068567931728,0.015580121700609942
6855.0,2.7,2025-11-14 21:13:57,0,2025-11-18,6734.10986328125,0.011904761904761904,2511,0.045,out,6744.103250580426,-0.07956320134813741,0.1095347444384475,0.00014283166951423816,0.016309782440753835
6860.0,1.87,2025-11-14 21:09:02,0,2025-11-18,6734.10986328125,0.011904761904761904,2511,0.045,out,6744.103250580426,-0.07956320134813741,0.10416394099158771,0.0001291681738440353,0.017038911164269862
6865.0,1.87,2025-11-14 21:12:07,0,2025-11-18,6734.10986328125,0.011904761904761904,2511,0.045,out,6744.103250580426,-0.07956320134813741,0.10746986737417205,0.0001374972903978825,0.01776750864641048
6870.0,1.53,2025-11-14 21:14:25,0,2025-11-18,6734.10986328125,0.011904761904761904,2511,0.045,out,6744.103250580426,-0.07956320134813741,0.10633415733603088,0.0001346065835281401,0.018495575660733964
6875.0,1.2,2025-11-14 21:14:00,0,2025-11-18,6734.10986328125,0.011904761904761904,2511,0.045,out,6744.103250580426,-0.07956320134813741,0.10455664077131,0.00013014394201643764,0.019223112979111084
6880.0,1.03,2025-11-14 21:14:25,0,2025-11-18,6734.10986328125,0.011904761904761904,2511,0.045,out,6744.103250580426,-0.07956320134813741,0.10469116196031825,0.00013047904038811413,0.01995012137172827
6885.0,0.8,2025-11-14 21:13:08,0,2025-11-18,6734.10986328125,0.011904761904761904,2511,0.045,out,6744.103250580426,-0.07956320134813741,0.10312643097728448,0.00012660786626324545,0.02067660160709425
6890.0,0.65,2025-11-14 21:14:00,0,2025-11-18,6734.10986328125,0.011904761904761904,2511,0.045,out,6744.103250580426,-0.07956320134813741,0.10251586115444342,0.00012511311652663238,0.021402554452043168
6895.0,0.5,2025-11-14 21:11:54,0,2025-11-18,6734.10986328125,0.011904761904761904,2511,0.045,out,6744.103250580426,-0.07956320134813741,0.10118730339007491,0.00012189131389708411,0.0221279806717412
6900.0,0.4,2025-11-14 21:13:51,0,2025-11-18,6734.10986328125,0.011904761904761904,2511,0.045,out,6744.103250580426,-0.07956320134813741,0.10060432054776612,0.00012049082515330566,0.02285288102968965
6905.0,0.25,2025-11-14 21:09:07,0,2025-11-18,6734.10986328125,0.011904761904761904,2511,0.045,out,6744.103250580426,-0.07956320134813741,0.09694273811129672,0.00011187969610137453,0.023577256287731493
6910.0,0.22,2025-11-14 21:10:19,0,2025-11-18,6734.10986328125,0.011904761904761904,2511,0.045,out,6744.103250580426,-0.07956320134813741,0.09784670751520988,0.0001139759306138932,0.024301107206054464
6915.0,0.25,2025-11-14 21:11:46,0,2025-11-18,6734.10986328125,0.011904761904761904,2511,0.045,out,6744.103250580426,-0.07956320134813741,0.10190865456624969,0.00012363540327980002,0.025024434543197572
6920.0,0.15,2025-11-14 21:09:39,0,2025-11-18,6734.10986328125,0.011904761904761904,2511,0.045,out,6744.103250580426,-0.07956320134813741,0.09816367679695849,0.00011471556478925863,0.02574723905605412
6925.0,0.15,2025-11-14 21:14:40,0,2025-11-18,6734.10986328125,0.011904761904761904,2511,0.045,out,6744.103250580426,-0.07956320134813741,0.10050759700042362,0.00012025925065237576,0.02646952149987822
6930.0,0.1,2025-11-14 21:08:45,0,2025-11-18,6734.10986328125,0.011904761904761904,2511,0.045,out,6744.103250580426,-0.07956320134813741,0.09835637632619891,0.00011516639004786739,0.027191282628287773
6935.0,0.1,2025-11-14 21:05:11,0,2025-11-18,6734.10986328125,0.011904761904761904,2511,0.045,out,6744.103250580426,-0.07956320134813741,0.10060286656032964,0.00012048734238280348,0.02791252319327092
6940.0,0.1,2025-11-14 21:10:47,0,2025-11-18,6734.10986328125,0.011904761904761904,2511,0.045,out,6744.103250580426,-0.07956320134813741,0.10284272603304723,0.00012591221783224296,0.028633243945189246
6945.0,0.1,2025-11-14 21:13:46,0,2025-11-18,6734.10986328125,0.011904761904761904,2511,0.045,out,6744.103250580426,-0.07956320134813741,0.10507611293885509,0.00013144035131355987,0.029353445632783085
6950.0,0.1,2025-11-14 21:09:36,0,2025-11-18,6734.10986328125,0.011904761904761904,2511,0.045,out,6744.103250580426,-0.07956320134813741,0.1073031771545134,0.00013707109318396294,0.030073129003176862
6955.0,0.15,2025-11-14 21:07:44,0,2025-11-18,6734.10986328125,0.011904761904761904,2511,0.045,out,6744.103250580426,-0.07956320134813741,0.11441921870014791,0.0001558542572375271,0.030792294801882215
6960.0,0.1,2025-11-14 21:14:52,0,2025-11-18,6734.10986328125,0.011904761904761904,2511,0.045,out,6744.103250580426,-0.07956320134813741,0.1117388991574484,0.0001486378760109336,0.03151094377280436
6970.0,0.1,2025-11-14 21:02:12,0,2025-11-18,6734.10986328125,0.011904761904761904,2511,0.045,out,6744.103250580426,-0.07956320134813741,0.1161509472062579,0.00016060764924893942,0.03294669419890858
6975.0,0.09,2025-11-14 20:36:43,0,2025-11-18,6734.10986328125,0.011904761904761904,2511,0.045,out,6744.103250580426,-0.07956320134813741,0.11708297118113371,0.00016319550167383557,0.03366379713390528
6980.0,0.05,2025-11-14 19:55:46,0,2025-11-18,6734.10986328125,0.011904761904761904,2511,0.045,out,6744.103250580426,-0.07956320134813741,0.11268061426586985,0.0001511538194206399,0.03438038620075716
6990.0,0.04,2025-11-14 21:02:56,0,2025-11-18,6734.10986328125,0.011904761904761904,2511,0.045,out,6744.103250580426,-0.07956320134813741,0.1144802305561566,0.0001560205141451282,0.03581202567219493
7000.0,0.05,2025-11-14 20:37:32,0,2025-11-18,6734.10986328125,0.011904761904761904,2511,0.045,out,6744.103250580426,-0.07956320134813741,0.12092321308050111,0.00017407646978228895,0.037241618481789335
7010.0,0.05,2025-11-14 21:00:57,0,2025-11-18,6734.10986328125,0.011904761904761904,2511,0.045,out,6744.103250580426,-0.07956320134813741,0.12501701149261865,0.0001860625376493517,0.03866917047297474
7025.0,0.1,2025-11-14 15:27:56,0,2025-11-18,6734.10986328125,0.011904761904761904,2511,0.045,out,6744.103250580426,-0.07956320134813741,0.14003285572568225,0.0002334428652701159,0.04080668464628556
7040.0,0.1,2025-11-14 12:16:28,0,2025-11-18,6734.10986328125,0.011904761904761904,2511,0.045,out,6744.103250580426,-0.07956320134813741,0.14644324755180857,0.0002553050565895272,0.04293963959642701
7050.0,0.1,2025-11-14 15:45:02,0,2025-11-18,6734.10986328125,0.011904761904761904,2511,0.045,out,6744.103250580426,-0.07956320134813741,0.15069434566925072,0.00027034268829385265,0.04435908625065325
7075.0,0.1,2025-11-14 17:25:01,0,2025-11-18,6734.10986328125,0.011904761904761904,2511,0.045,out,6744.103250580426,-0.07956320134813741,0.1612469400624327,0.00030953066285116385,0.047898912955777355
7100.0,0.1,2025-11-14 15:29:44,0,2025-11-18,6734.10986328125,0.011904761904761904,2511,0.045,out,6744.103250580426,-0.07956320134813741,0.17169760956506852,0.00035095320393284174,0.05142625347374584
7125.0,0.1,2025-11-14 15:29:34,0,2025-11-18,6734.10986328125,0.011904761904761904,2511,0.045,out,6744.103250580426,-0.07956320134813741,0.1820523103765415,0.00039456004420757853,0.054941195581190184
6225.0,528.17,2025-11-12 14:50:57,0,2025-11-17,6734.10986328125,0.015873015873015872,2511,0.045,in,6744.103250580426,-0.04842240101110307,0.4591494123945386,0.003346320363527779,-0.08009508822275266
6470.0,385.55,2025-11-12 21:00:02,0,2025-11-17,6734.10986328125,0.015873015873015872,2511,0.045,in,6744.103250580426,-0.04842240101110307,0.682362959635416,0.007390781090196895,-0.041492422060714795
6580.0,230.7,2025-11-13 14:54:48,0,2025-11-18,6734.10986328125,0.015873015873015872,2511,0.045,in,6744.103250580426,-0.04842240101110307,0.4093319587441439,0.002659565911893929,-0.024633785236298094
6590.0,154.68,2025-11-14 20:58:59,0,2025-11-19,6734.10986328125,0.015873015873015872,2511,0.045,in,6744.103250580426,-0.04842240101110307,0.14086248730150824,0.00031495619569472336,-0.02311518205910809
6600.0,145.93,2025-11-14 20:58:59,0,2025-11-19,6734.10986328125,0.015873015873015872,2511,0.045,in,6744.103250580426,-0.04842240101110307,0.1414960896434135,0.00031779592673614144,-0.021598881541144095
6620.0,140.1,2025-11-14 18:38:33,0,2025-11-19,6734.10986328125,0.015873015873015872,2511,0.045,in,6744.103250580426,-0.04842240101110307,0.1903203912797661,0.0005749500212203694,-0.018573160624607142
6625.0,128.99,2025-11-14 15:52:24,0,2025-11-19,6734.10986328125,0.015873015873015872,2511,0.045,in,6744.103250580426,-0.04842240101110307,0.16100442965085612,0.00041146708519361073,-0.017818158701238086
6630.0,131.6,2025-11-14 18:38:16,0,2025-11-19,6734.10986328125,0.015873015873015872,2511,0.045,in,6744.103250580426,-0.04842240101110307,0.1868215951144198,0.0005540048952554951,-0.01706372637575286
6635.0,137.0,2025-11-14 20:13:52,0,2025-11-19,6734.10986328125,0.015873015873015872,2511,0.045,in,6744.103250580426,-0.04842240101110307,0.21954968701111952,0.000765112143915564,-0.016309862789353174
6640.0,117.92,2025-11-14 21:06:54,0,2025-11-19,6734.10986328125,0.015873015873015872,2511,0.045,in,6744.103250580426,-0.04842240101110307,0.1634429570680608,0.0004240254002405074,-0.01555656708518153
6650.0,109.82,2025-11-14 21:06:54,0,2025-11-19,6734.10986328125,0.015873015873015872,2511,0.045,in,6744.103250580426,-0.04842240101110307,0.16118053873978386,0.000412367715372174,-0.014051675905761257
6655.0,95.9,2025-11-14 14:34:46,0,2025-11-19,6734.10986328125,0.015873015873015872,2511,0.045,in,6744.103250580426,-0.04842240101110307,0.12201506960738501,0.00023631233668722234,-0.013300078726449081
6660.0,93.6,2025-11-14 15:34:22,0,2025-11-19,6734.10986328125,0.015873015873015872,2511,0.045,in,6744.103250580426,-0.04842240101110307,0.12835278888568538,0.00026149902245608446,-0.012549046021226161
6665.0,93.13,2025-11-14 15:41:32,0,2025-11-19,6734.10986328125,0.015873015873015872,2511,0.045,in,6744.103250580426,-0.04842240101110307,0.1405247795790187,0.00031344783612272684,-0.011798576942851946
6670.0,95.23,2025-11-14 20:47:34,0,2025-11-19,6734.10986328125,0.015873015873015872,2511,0.045,in,6744.103250580426,-0.04842240101110307,0.16019872789069267,0.0004073592447269237,-0.011048670645991595
6675.0,106.34,2025-11-14 19:41:20,0,2025-11-19,6734.10986328125,0.015873015873015872,2511,0.045,in,6744.103250580426,-0.04842240101110307,0.2072164755766558,0.0006815661547684252,-0.010299326287210725
6680.0,86.81,2025-11-14 20:51:40,0,2025-11-19,6734.10986328125,0.015873015873015872,2511,0.045,in,6744.103250580426,-0.04842240101110307,0.15481402339569403,0.0003804346323803571,-0.009550543024969601
6685.0,94.2,2025-11-14 18:57:32,0,2025-11-19,6734.10986328125,0.015873015873015872,2511,0.045,in,6744.103250580426,-0.04842240101110307,0.18885263613418427,0.0005661161615052476,-0.008802320019617466
6690.0,76.37,2025-11-14 21:06:48,0,2025-11-19,6734.10986328125,0.015873015873015872,2511,0.045,in,6744.103250580426,-0.04842240101110307,0.14239218574412746,0.0003218338819204777,-0.008054656433386891
6695.0,90.9,2025-11-14 19:45:12,0,2025-11-19,6734.10986328125,0.015873015873015872,2511,0.045,in,6744.103250580426,-0.04842240101110307,0.19762043881663305,0.0006199021879060096,-0.007307551430388151
6700.0,68.28,2025-11-14 20:49:25,0,2025-11-19,6734.10986328125,0.015873015873015872,2511,0.045,in,6744.103250580426,-0.04842240101110307,0.13705601986865987,0.0002981643267021982,-0.006561004176603612
6705.0,67.3,2025-11-14 21:04:52,0,2025-11-19,6734.10986328125,0.015873015873015872,2511,0.045,in,6744.103250580426,-0.04842240101110307,0.1435882927890834,0.0003272634575568815,-0.005815013839882149
6710.0,63.5,2025-11-14 21:04:04,0,2025-11-19,6734.10986328125,0.015873015873015872,2511,0.045,in,6744.103250580426,-0.04842240101110307,0.14111999623937352,0.0003161087831523936,-0.005069579589933577
6715.0,57.9,2025-11-14 20:59:38,0,2025-11-19,6734.10986328125,0.015873015873015872,2511,0.045,in,6744.103250580426,-0.04842240101110307,0.13301067634744657,0.0002808228574984949,-0.004324700598323112
6720.0,56.41,2025-11-14 21:06:48,0,2025-11-19,6734.10986328125,0.015873015873015872,2511,0.045,in,6744.103250580426,-0.04842240101110307,0.13711452876803393,0.00029841895236952385,-0.003580376038465841
6725.0,56.0,2025-11-14 20:53:47,0,2025-11-19,6734.10986328125,0.015873015873015872,2511,0.045,in,6744.103250580426,-0.04842240101110307,0.1441176934657521,0.0003296811042839442,-0.0028366050856212205
6730.0,55.9,2025-11-14 21:12:55,0,2025-11-19,6734.10986328125,0.015873015873015872,2511,0.045,in,6744.103250580426,-0.04842240101110307,0.1517238200621823,0.00036539869165494394,-0.002093386916887594
6735.0,53.17,2025-11-14 21:11:44,0,2025-11-19,6734.10986328125,0.015873015873015872,2511,0.045,out,6744.103250580426,-0.04842240101110307,0.15127601777270097,0.0003632449770343895,-0.0013507207111967308
6740.0,45.7,2025-11-14 21:02:37,0,2025-11-19,6734.10986328125,0.015873015873015872,2511,0.045,out,6744.103250580426,-0.04842240101110307,0.13659609031458156,0.00029616653792427494,-0.000608605649308268
6745.0,42.6,2025-11-14 21:02:50,0,2025-11-19,6734.10986328125,0.015873015873015872,2511,0.045,out,6744.103250580426,-0.04842240101110307,0.13458391712332188,0.00028750524997233604,0.00013295908619526283
6750.0,42.2,2025-11-14 21:10:27,0,2025-11-19,6734.10986328125,0.015873015873015872,2511,0.045,out,6744.103250580426,-0.04842240101110307,0.1403131427899457,0.0003125044133268522,0.0008739743109143962
6755.0,36.9,2025-11-14 21:04:04,0,2025-11-19,6734.10986328125,0.015873015873015872,2511,0.045,out,6744.103250580426,-0.04842240101110307,0.13123724179305477,0.0002733843433880749,0.0016144408386382242
6760.0,35.47,2025-11-14 21:07:07,0,2025-11-19,6734.10986328125,0.015873015873015872,2511,0.045,out,6744.103250580426,-0.04842240101110307,0.13340373213390122,0.00028248501186116934,0.0023543594813486496
6765.0,32.3,2025-11-14 21:02:50,0,2025-11-19,6734.10986328125,0.015873015873015872,2511,0.045,out,6744.103250580426,-0.04842240101110307,0.13007277606163342,0.0002685543979742831,0.0030937310492273923
6770.0,32.45,2025-11-14 21:10:50,0,2025-11-19,6734.10986328125,0.015873015873015872,2511,0.045,out,6744.103250580426,-0.04842240101110307,0.13657158889656063,0.00029606029990049464,0.003832556350659538
6775.0,30.2,2025-11-14 21:11:07,0,2025-11-19,6734.10986328125,0.015873015873015872,2511,0.045,out,6744.103250580426,-0.04842240101110307,0.13553210799884793,0.0002915706714065298,0.004570836192240613
6780.0,28.7,2025-11-14 21:14:41,0,2025-11-19,6734.10986328125,0.015873015873015872,2511,0.045,out,6744.103250580426,-0.04842240101110307,0.1365610772833873,0.0002960147274412583,0.005308571378780321
6785.0,22.45,2025-11-14 20:57:03,0,2025-11-19,6734.10986328125,0.015873015873015872,2511,0.045,out,6744.103250580426,-0.04842240101110307,0.1221046116288335,0.00023665930446076605,0.006045762713308466
6790.0,22.3,2025-11-14 21:07:22,0,2025-11-19,6734.10986328125,0.015873015873015872,2511,0.045,out,6744.103250580426,-0.04842240101110307,0.12685311389282855,0.0002554240080048719,0.006782410997080864
6795.0,19.4,2025-11-14 21:06:49,0,2025-11-19,6734.10986328125,0.015873015873015872,2511,0.045,out,6744.103250580426,-0.04842240101110307,0.12223730986240336,0.000237173967022178,0.007518517029583022
6800.0,20.6,2025-11-14 21:13:15,0,2025-11-19,6734.10986328125,0.015873015873015872,2511,0.045,out,6744.103250580426,-0.04842240101110307,0.13128295464596024,0.0002735748282630675,0.008254081608537106
6805.0,17.66,2025-11-14 21:08:15,0,2025-11-19,6734.10986328125,0.015873015873015872,2511,0.045,out,6744.103250580426,-0.04842240101110307,0.12589159220654975,0.00025156655536984473,0.008989105529905369
6810.0,14.5,2025-11-14 21:06:49,0,2025-11-19,6734.10986328125,0.015873015873015872,2511,0.045,out,6744.103250580426,-0.04842240101110307,0.11898017268465617,0.00022470288082651748,0.009723589587897074
6815.0,15.55,2025-11-14 21:11:44,0,2025-11-19,6734.10986328125,0.015873015873015872,2511,0.045,out,6744.103250580426,-0.04842240101110307,0.12741576268921806,0.00025769486637579575,0.010457534574971896
6820.0,11.9,2025-11-14 21:06:50,0,2025-11-19,6734.10986328125,0.015873015873015872,2511,0.045,out,6744.103250580426,-0.04842240101110307,0.11754681702787664,0.00021932149513309698,0.011190941281846794
6825.0,10.92,2025-11-14 21:07:03,0,2025-11-19,6734.10986328125,0.015873015873015872,2511,0.045,out,6744.103250580426,-0.04842240101110307,0.11764038782826244,0.00021967080711720634,0.011923810497499375
6830.0,11.22,2025-11-14 21:14:08,0,2025-11-19,6734.10986328125,0.015873015873015872,2511,0.045,out,6744.103250580426,-0.04842240101110307,0.12300648725025744,0.00024016818897853564,0.012656143009174744
6835.0,10.0,2025-11-14 21:14:58,0,2025-11-19,6734.10986328125,0.015873015873015872,2511,0.045,out,6744.103250580426,-0.04842240101110307,0.12167765729668786,0.0002350071791303209,0.013387939602388814
6840.0,8.73,2025-11-14 21:13:56,0,2025-11-19,6734.10986328125,0.015873015873015872,2511,0.045,out,6744.103250580426,-0.04842240101110307,0.11968106496023272,0.00022735805253992766,0.014119201060935128
6845.0,7.21,2025-11-14 21:08:15,0,2025-11-19,6734.10986328125,0.015873015873015872,2511,0.045,out,6744.103250580426,-0.04842240101110307,0.11585400194434012,0.00021304999629395495,0.014849928166888128
6850.0,6.5,2025-11-14 21:10:30,0,2025-11-19,6734.10986328125,0.015873015873015872,2511,0.045,out,6744.103250580426,-0.04842240101110307,0.11566401314711855,0.00021235180852852083,0.015580121700609942
6855.0,5.48,2025-11-14 21:08:15,0,2025-11-19,6734.10986328125,0.015873015873015872,2511,0.045,out,6744.103250580426,-0.04842240101110307,0.1133060455055938,0.00020378190393834434,0.016309782440753835
6860.0,4.8,2025-11-14 21:10:26,0,2025-11-19,6734.10986328125,0.015873015873015872,2511,0.045,out,6744.103250580426,-0.04842240101110307,0.11245545373688678,0.0002007337948439537,0.017038911164269862
6865.0,4.31,2025-11-14 21:10:54,0,2025-11-19,6734.10986328125,0.015873015873015872,2511,0.045,out,6744.103250580426,-0.04842240101110307,0.11247389602724511,0.00020079963948488165,0.01776750864641048
6870.0,2.97,2025-11-14 21:06:48,0,2025-11-19,6734.10986328125,0.015873015873015872,2511,0.045,out,6744.103250580426,-0.04842240101110307,0.10550124908115038,0.00017667481837591959,0.018495575660733964
6875.0,2.95,2025-11-14 21:08:08,0,2025-11-19,6734.10986328125,0.015873015873015872,2511,0.045,out,6744.103250580426,-0.04842240101110307,0.10835901234005631,0.00018637580246527738,0.019223112979111084
6880.0,2.53,2025-11-14 21:10:26,0,2025-11-19,6734.10986328125,0.015873015873015872,2511,0.045,out,6744.103250580426,-0.04842240101110307,0.10756902100319483,0.0001836681631680281,0.01995012137172827
6885.0,2.52,2025-11-14 21:12:39,0,2025-11-19,6734.10986328125,0.015873015873015872,2511,0.045,out,6744.103250580426,-0.04842240101110307,0.11039411447253804,0.0001934422303202513,0.02067660160709425
6890.0,1.55,2025-11-14 21:03:04,0,2025-11-19,6734.10986328125,0.015873015873015872,2511,0.045,out,6744.103250580426,-0.04842240101110307,0.1025871937246894,0.00016704971930645954,0.021402554452043168
6895.0,1.2,2025-11-14 20:58:54,0,2025-11-19,6734.10986328125,0.015873015873015872,2511,0.045,out,6744.103250580426,-0.04842240101110307,0.10041487288521521,0.00016004994756434806,0.0221279806717412
6900.0,1.5,2025-11-14 21:14:49,0,2025-11-19,6734.10986328125,0.015873015873015872,2511,0.045,out,6744.103250580426,-0.04842240101110307,0.1073041636326711,0.00018276481798265167,0.02285288102968965
6905.0,1.25,2025-11-14 21:13:56,0,2025-11-19,6734.10986328125,0.015873015873015872,2511,0.045,out,6744.103250580426,-0.04842240101110307,0.10636472371182779,0.00017957864206815015,0.023577256287731493
6910.0,0.75,2025-11-14 21:02:40,0,2025-11-19,6734.10986328125,0.015873015873015872,2511,0.045,out,6744.103250580426,-0.04842240101110307,0.10001001027157298,0.00015876193896063705,0.024301107206054464
6915.0,0.5,2025-11-14 20:59:07,0,2025-11-19,6734.10986328125,0.015873015873015872,2511,0.045,out,6744.103250580426,-0.04842240101110307,0.09634994171104418,0.00014735414710669224,0.025024434543197572
6920.0,0.5,2025-11-14 21:08:12,0,2025-11-19,6734.10986328125,0.015873015873015872,2511,0.045,out,6744.103250580426,-0.04842240101110307,0.09865070123871637,0.00015447556912524563,0.02574723905605412
6925.0,0.4,2025-11-14 21:07:27,0,2025-11-19,6734.10986328125,0.015873015873015872,2511,0.045,out,6744.103250580426,-0.04842240101110307,0.09783909845302038,0.00015194427279523518,0.02646952149987822
6930.0,0.55,2025-11-14 21:12:17,0,2025-11-19,6734.10986328125,0.015873015873015872,2511,0.045,out,6744.103250580426,-0.04842240101110307,0.10464963238279765,0.00017383405647388396,0.027191282628287773
6935.0,0.3,2025-11-14 21:11:39,0,2025-11-19,6734.10986328125,0.015873015873015872,2511,0.045,out,6744.103250580426,-0.04842240101110307,0.0984826820464851,0.00015394982004871552,0.02791252319327092
6940.0,0.25,2025-11-14 21:11:43,0,2025-11-19,6734.10986328125,0.015873015873015872,2511,0.045,out,6744.103250580426,-0.04842240101110307,0.09835408616146679,0.0001535480359469402,0.028633243945189246
6945.0,0.2,2025-11-14 21:11:06,0,2025-11-19,6734.10986328125,0.015873015873015872,2511,0.045,out,6744.103250580426,-0.04842240101110307,0.09779205873345737,0.00015179820240203133,0.029353445632783085
6950.0,0.2,2025-11-14 21:09:50,0,2025-11-19,6734.10986328125,0.015873015873015872,2511,0.045,out,6744.103250580426,-0.04842240101110307,0.09984582850656915,0.0001582411027010034,0.030073129003176862
6955.0,0.15,2025-11-14 21:10:33,0,2025-11-19,6734.10986328125,0.015873015873015872,2511,0.045,out,6744.103250580426,-0.04842240101110307,0.09859546266237935,0.0001543026231366451,0.030792294801882215
6960.0,0.15,2025-11-14 21:12:04,0,2025-11-19,6734.10986328125,0.015873015873015872,2511,0.045,out,6744.103250580426,-0.04842240101110307,0.10058391985815174,0.00016058928466716017,0.03151094377280436
6970.0,0.15,2025-11-14 21:14:50,0,2025-11-19,6734.10986328125,0.015873015873015872,2511,0.045,out,6744.103250580426,-0.04842240101110307,0.10454430220213912,0.00017348430353860618,0.03294669419890858
6975.0,0.1,2025-11-14 21:08:54,0,2025-11-19,6734.10986328125,0.015873015873015872,2511,0.045,out,6744.103250580426,-0.04842240101110307,0.10201915177569645,0.00016520487823861252,0.03366379713390528
6980.0,0.1,2025-11-14 21:09:30,0,2025-11-19,6734.10986328125,0.015873015873015872,2511,0.045,out,6744.103250580426,-0.04842240101110307,0.10391823062438153,0.00017141267708098646,0.03438038620075716
6990.0,0.1,2025-11-14 20:52:56,0,2025-11-19,6734.10986328125,0.015873015873015872,2511,0.045,out,6744.103250580426,-0.04842240101110307,0.10770222833826554,0.00018412333315917282,0.03581202567219493
7000.0,0.1,2025-11-14 20:47:25,0,2025-11-19,6734.10986328125,0.015873015873015872,2511,0.045,out,6744.103250580426,-0.04842240101110307,0.1114679205324311,0.00019722376679086307,0.037241618481789335
7010.0,0.1,2025-11-14 20:07:10,0,2025-11-19,6734.10986328125,0.015873015873015872,2511,0.045,out,6744.103250580426,-0.04842240101110307,0.11521594690387903,0.00021070975271361066,0.03866917047297474
7020.0,0.2,2025-11-13 20:11:57,0,2025-11-18,6734.10986328125,0.015873015873015872,2511,0.045,out,6744.103250580426,-0.04842240101110307,0.12800940585419374,0.0002601017140816458,0.040094687464195755
7020.0,0.1,2025-11-14 20:36:18,0,2025-11-19,6734.10986328125,0.015873015873015872,2511,0.045,out,6744.103250580426,-0.04842240101110307,0.11894689644049335,0.00022457720909246744,0.040094687464195755
7025.0,0.05,2025-11-14 20:19:01,0,2025-11-19,6734.10986328125,0.015873015873015872,2511,0.045,out,6744.103250580426,-0.04842240101110307,0.11311649797258562,0.000203100668469555,0.04080668464628556
7030.0,0.1,2025-11-13 19:55:07,0,2025-11-18,6734.10986328125,0.015873015873015872,2511,0.045,out,6744.103250580426,-0.04842240101110307,0.12266131320768876,0.00023882218663229715,0.04151817524904952
7030.0,0.1,2025-11-14 20:36:58,0,2025-11-19,6734.10986328125,0.015873015873015872,2511,0.045,out,6744.103250580426,-0.04842240101110307,0.12266131320768876,0.00023882218663229715,0.04151817524904952
7040.0,0.05,2025-11-14 19:57:47,0,2025-11-19,6734.10986328125,0.015873015873015872,2511,0.045,out,6744.103250580426,-0.04842240101110307,0.11837524161261088,0.0002224237750292699,0.04293963959642701
7050.0,0.05,2025-11-14 20:49:05,0,2025-11-19,6734.10986328125,0.015873015873015872,2511,0.045,out,6744.103250580426,-0.04842240101110307,0.12186356067615674,0.00023572583207414813,0.04435908625065325
7060.0,0.1,2025-11-13 19:55:13,0,2025-11-18,6734.10986328125,0.015873015873015872,2511,0.045,out,6744.103250580426,-0.04842240101110307,0.13371023289359404,0.000283784545721574,0.04577652093162665
7060.0,0.1,2025-11-14 13:36:05,0,2025-11-19,6734.10986328125,0.015873015873015872,2511,0.045,out,6744.103250580426,-0.04842240101110307,0.13371023289359404,0.000283784545721574,0.04577652093162665
7075.0,0.1,2025-11-14 18:35:26,0,2025-11-19,6734.10986328125,0.015873015873015872,2511,0.045,out,6744.103250580426,-0.04842240101110307,0.13918431532631906,0.00030749640687073354,0.047898912955777355
7100.0,0.1,2025-11-14 18:46:52,0,2025-11-19,6734.10986328125,0.015873015873015872,2511,0.045,out,6744.103250580426,-0.04842240101110307,0.1482375814670837,0.0003487996914160362,0.05142625347374584
6150.0,670.37,2025-11-13 15:11:52,0,2025-11-19,6734.10986328125,0.01984126984126984,2511,0.045,in,6744.103250580426,-0.029737920808882448,0.7833468213822143,0.012175242908127356,-0.09221644875509748
6400.0,364.38,2025-11-14 19:40:09,0,2025-11-20,6734.10986328125,0.01984126984126984,2511,0.045,in,6744.103250580426,-0.029737920808882448,0.3504428625194939,0.00243671031529478,-0.05237054020789783
6460.0,399.47,2025-11-12 18:16:01,0,2025-11-18,6734.10986328125,0.01984126984126984,2511,0.045,in,6744.103250580426,-0.029737920808882448,0.6299329443757633,0.007873323698609495,-0.0430392127790135
6480.0,379.69,2025-11-12 18:16:01,0,2025-11-18,6734.10986328125,0.01984126984126984,2511,0.045,in,6744.103250580426,-0.029737920808882448,0.6103403751840016,0.00739117804721722,-0.039948020209340684
6500.0,281.51,2025-11-13 16:13:37,0,2025-11-19,6734.10986328125,0.01984126984126984,2511,0.045,in,6744.103250580426,-0.029737920808882448,0.3421349445234457,0.002322546036985343,-0.03686635367193261
6550.0,194.63,2025-11-12 20:52:54,0,2025-11-18,6734.10986328125,0.01984126984126984,2511,0.045,in,6744.103250580426,-0.029737920808882448,0.14291918810743792,0.0004052756811366909,-0.029203480926363445
6550.0,194.27,2025-11-13 20:58:05,0,2025-11-19,6734.10986328125,0.01984126984126984,2511,0.045,in,6744.103250580426,-0.029737920808882448,0.14021732393919145,0.0003900971812037331,-0.029203480926363445
6550.0,204.07,2025-11-14 20:51:46,0,2025-11-20,6734.10986328125,0.01984126984126984,2511,0.045,in,6744.103250580426,-0.029737920808882448,0.19542637046463956,0.0007577671879560029,-0.029203480926363445
6575.0,171.89,2025-11-13 21:00:48,0,2025-11-19,6734.10986328125,0.01984126984126984,2511,0.045,in,6744.103250580426,-0.029737920808882448,0.1422414300749143,0.0004014409609078717,-0.025393952509695786
6575.0,201.25,2025-11-14 16:37:32,0,2025-11-20,6734.10986328125,0.01984126984126984,2511,0.045,in,6744.103250580426,-0.029737920808882448,0.2603795427491155,0.0013451886167110808,-0.025393952509695786
6580.0,179.62,2025-11-14 20:46:53,0,2025-11-20,6734.10986328125,0.01984126984126984,2511,0.045,in,6744.103250580426,-0.029737920808882448,0.19672125047290162,0.0007678422695956765,-0.024633785236298094
6595.0,229.5,2025-11-13 15:11:31,0,2025-11-19,6734.10986328125,0.01984126984126984,2511,0.045,in,6744.103250580426,-0.029737920808882448,0.3891830524807123,0.0030052271495675563,-0.022356744404246027
6600.0,140.48,2025-11-14 15:16:40,0,2025-11-20,6734.10986328125,0.01984126984126984,2511,0.045,in,6744.103250580426,-0.029737920808882448,0.07216190791613974,0.00010332025702574268,-0.021598881541144095
6620.0,142.07,2025-11-14 15:14:26,0,2025-11-20,6734.10986328125,0.01984126984126984,2511,0.045,in,6744.103250580426,-0.029737920808882448,0.17395728047587072,0.0006004193537809673,-0.018573160624607142
6630.0,114.53,2025-11-14 15:04:14,0,2025-11-20,6734.10986328125,0.01984126984126984,2511,0.045,in,6744.103250580426,-0.029737920808882448,0.09385456746544832,0.00017477539353425375,-0.01706372637575286
6650.0,114.28,2025-11-14 20:59:27,0,2025-11-20,6734.10986328125,0.01984126984126984,2511,0.045,in,6744.103250580426,-0.029737920808882448,0.15583556870652937,0.00048183977131125864,-0.014051675905761257
6655.0,125.5,2025-11-14 18:36:35,0,2025-11-20,6734.10986328125,0.01984126984126984,2511,0.045,in,6744.103250580426,-0.029737920808882448,0.20072346395069945,0.0007994029559596775,-0.013300078726449081
6660.0,122.1,2025-11-14 16:22:34,0,2025-11-20,6734.10986328125,0.01984126984126984,2511,0.045,in,6744.103250580426,-0.029737920808882448,0.20047532782767738,0.00079742771959553,-0.012549046021226161
6665.0,85.4,2025-11-14 15:14:41,0,2025-11-20,6734.10986328125,0.01984126984126984,2511,0.045,in,6744.103250580426,-0.029737920808882448,0.09600060075787266,0.00018285943146572343,-0.011798576942851946
6670.0,120.5,2025-11-14 16:49:54,0,2025-11-20,6734.10986328125,0.01984126984126984,2511,0.045,in,6744.103250580426,-0.029737920808882448,0.21431237198044156,0.000911305412378634,-0.011048670645991595
6675.0,99.92,2025-11-14 21:02:38,0,2025-11-20,6734.10986328125,0.01984126984126984,2511,0.045,in,6744.103250580426,-0.029737920808882448,0.16472750210773646,0.0005383958323542524,-0.010299326287210725
6680.0,78.6,2025-11-14 15:01:42,0,2025-11-20,6734.10986328125,0.01984126984126984,2511,0.045,in,6744.103250580426,-0.029737920808882448,0.11119513429049473,0.0002453245613071658,-0.009550543024969601
6685.0,69.58,2025-11-14 14:41:19,0,2025-11-20,6734.10986328125,0.01984126984126984,2511,0.045,in,6744.103250580426,-0.029737920808882448,0.09404114385520959,0.0001754709670157981,-0.008802320019617466
6690.0,85.74,2025-11-14 20:59:27,0,2025-11-20,6734.10986328125,0.01984126984126984,2511,0.045,in,6744.103250580426,-0.029737920808882448,0.15185080975010617,0.00045751326233656626,-0.008054656433386891
6695.0,86.01,2025-11-14 21:02:38,0,2025-11-20,6734.10986328125,0.01984126984126984,2511,0.045,in,6744.103250580426,-0.029737920808882448,0.16128451373406924,0.0005161248883022851,-0.007307551430388151
6700.0,86.84,2025-11-14 20:38:02,0,2025-11-20,6734.10986328125,0.01984126984126984,2511,0.045,in,6744.103250580426,-0.029737920808882448,0.17184029696338438,0.0005858945964377803,-0.006561004176603612
6705.0,96.2,2025-11-14 17:01:36,0,2025-11-20,6734.10986328125,0.01984126984126984,2511,0.045,in,6744.103250580426,-0.029737920808882448,0.20505007862698807,0.000834236800494722,-0.005815013839882149
6710.0,75.4,2025-11-14 20:59:56,0,2025-11-20,6734.10986328125,0.01984126984126984,2511,0.045,in,6744.103250580426,-0.029737920808882448,0.15662390783182922,0.00048672715286732807,-0.005069579589933577
6715.0,92.5,2025-11-14 15:40:04,0,2025-11-20,6734.10986328125,0.01984126984126984,2511,0.045,in,6744.103250580426,-0.029737920808882448,0.20999999142399045,0.0008749999285332552,-0.004324700598323112
6720.0,69.1,2025-11-14 20:59:56,0,2025-11-20,6734.10986328125,0.01984126984126984,2511,0.045,in,6744.103250580426,-0.029737920808882448,0.15481692061999522,0.00047556108948924403,-0.003580376038465841
6725.0,75.2,2025-11-14 18:03:10,0,2025-11-20,6734.10986328125,0.01984126984126984,2511,0.045,in,6744.103250580426,-0.029737920808882448,0.17824631952146544,0.0006303918734711974,-0.0028366050856212205
6730.0,66.52,2025-11-14 21:09:12,0,2025-11-20,6734.10986328125,0.01984126984126984,2511,0.045,in,6744.103250580426,-0.029737920808882448,0.16219154483339449,0.000521946373322282,-0.002093386916887594
6735.0,62.29,2025-11-14 21:10:22,0,2025-11-20,6734.10986328125,0.01984126984126984,2511,0.045,out,6744.103250580426,-0.029737920808882448,0.1578103029438283,0.0004941288038734696,-0.0013507207111967308
6740.0,57.77,2025-11-14 21:02:35,0,2025-11-20,6734.10986328125,0.01984126984126984,2511,0.045,out,6744.103250580426,-0.029737920808882448,0.1524998281338346,0.00046143249168351363,-0.000608605649308268
6745.0,56.54,2025-11-14 21:10:22,0,2025-11-20,6734.10986328125,0.01984126984126984,2511,0.045,out,6744.103250580426,-0.029737920808882448,0.1557078908817827,0.0004810505413264513,0.00013295908619526283
6750.0,51.7,2025-11-14 21:02:04,0,2025-11-20,6734.10986328125,0.01984126984126984,2511,0.045,out,6744.103250580426,-0.029737920808882448,0.14918752672994415,0.00044160551848805156,0.0008739743109143962
6755.0,52.0,2025-11-14 21:09:02,0,2025-11-20,6734.10986328125,0.01984126984126984,2511,0.045,out,6744.103250580426,-0.029737920808882448,0.15609567072761618,0.0004834495718234994,0.0016144408386382242
6760.0,45.0,2025-11-14 21:01:21,0,2025-11-20,6734.10986328125,0.01984126984126984,2511,0.045,out,6744.103250580426,-0.029737920808882448,0.14342028502673038,0.00040812258248310674,0.0023543594813486496
6765.0,46.27,2025-11-14 21:08:11,0,2025-11-20,6734.10986328125,0.01984126984126984,2511,0.045,out,6744.103250580426,-0.029737920808882448,0.1525903815779652,0.00046198064583549643,0.0030937310492273923
6770.0,43.4,2025-11-14 21:09:57,0,2025-11-20,6734.10986328125,0.01984126984126984,2511,0.045,out,6744.103250580426,-0.029737920808882448,0.15052446976515377,0.00044955587297779143,0.003832556350659538
6775.0,40.9,2025-11-14 21:09:57,0,2025-11-20,6734.10986328125,0.01984126984126984,2511,0.045,out,6744.103250580426,-0.029737920808882448,0.14924973190631688,0.0004419738586132433,0.004570836192240613
6780.0,40.0,2025-11-14 21:14:29,0,2025-11-20,6734.10986328125,0.01984126984126984,2511,0.045,out,6744.103250580426,-0.029737920808882448,0.15215096153970853,0.00045932371225114807,0.005308571378780321
6785.0,36.57,2025-11-14 21:08:11,0,2025-11-20,6734.10986328125,0.01984126984126984,2511,0.045,out,6744.103250580426,-0.029737920808882448,0.1479250403799178,0.0004341630470515934,0.006045762713308466
6790.0,34.0,2025-11-14 20:46:08,0,2025-11-20,6734.10986328125,0.01984126984126984,2511,0.045,out,6744.103250580426,-0.029737920808882448,0.14582281570035494,0.0004219105868805492,0.006782410997080864
6795.0,32.0,2025-11-14 20:46:03,0,2025-11-20,6734.10986328125,0.01984126984126984,2511,0.045,out,6744.103250580426,-0.029737920808882448,0.145097436511312,0.00041772353337607567,0.007518517029583022
6800.0,31.2,2025-11-14 21:14:59,0,2025-11-20,6734.10986328125,0.01984126984126984,2511,0.045,out,6744.103250580426,-0.029737920808882448,0.1476236011518105,0.0004323953892267624,0.008254081608537106
6805.0,26.77,2025-11-14 21:02:35,0,2025-11-20,6734.10986328125,0.01984126984126984,2511,0.045,out,6744.103250580426,-0.029737920808882448,0.13936658095975266,0.0003853778549287954,0.008989105529905369
6810.0,23.0,2025-11-14 20:49:02,0,2025-11-20,6734.10986328125,0.01984126984126984,2511,0.045,out,6744.103250580426,-0.029737920808882448,0.1325042591340564,0.00034836068826716595,0.009723589587897074
6815.0,22.2,2025-11-14 20:55:11,0,2025-11-20,6734.10986328125,0.01984126984126984,2511,0.045,out,6744.103250580426,-0.029737920808882448,0.1343813706179037,0.000358300650181476,0.010457534574971896
6820.0,22.77,2025-11-14 21:11:03,0,2025-11-20,6734.10986328125,0.01984126984126984,2511,0.045,out,6744.103250580426,-0.029737920808882448,0.1404505553965161,0.0003913960022061476,0.011190941281846794
6825.0,20.6,2025-11-14 20:46:13,0,2025-11-20,6734.10986328125,0.01984126984126984,2511,0.045,out,6744.103250580426,-0.029737920808882448,0.13774732290117483,0.00037647470171508975,0.011923810497499375
6830.0,19.51,2025-11-14 21:11:03,0,2025-11-20,6734.10986328125,0.01984126984126984,2511,0.045,out,6744.103250580426,-0.029737920808882448,0.13827872458910828,0.00037938503321409644,0.012656143009174744
6835.0,16.4,2025-11-14 20:47:15,0,2025-11-20,6734.10986328125,0.01984126984126984,2511,0.045,out,6744.103250580426,-0.029737920808882448,0.13169475973832187,0.0003441172567963159,0.013387939602388814
6840.0,17.2,2025-11-14 21:12:20,0,2025-11-20,6734.10986328125,0.01984126984126984,2511,0.045,out,6744.103250580426,-0.029737920808882448,0.13836047221156988,0.00037983373552794844,0.014119201060935128
6845.0,14.7,2025-11-14 21:09:57,0,2025-11-20,6734.10986328125,0.01984126984126984,2511,0.045,out,6744.103250580426,-0.029737920808882448,0.13321227350808706,0.0003520934486744721,0.014849928166888128
6850.0,11.94,2025-11-14 20:57:34,0,2025-11-20,6734.10986328125,0.01984126984126984,2511,0.045,out,6744.103250580426,-0.029737920808882448,0.1263304714653748,0.0003166545242195213,0.015580121700609942
6855.0,12.55,2025-11-14 21:11:03,0,2025-11-20,6734.10986328125,0.01984126984126984,2511,0.045,out,6744.103250580426,-0.029737920808882448,0.13229488236330805,0.0003472606329270142,0.016309782440753835
6860.0,11.42,2025-11-14 21:09:12,0,2025-11-20,6734.10986328125,0.01984126984126984,2511,0.045,out,6744.103250580426,-0.029737920808882448,0.13123700981199257,0.0003417292211189094,0.017038911164269862
6865.0,10.34,2025-11-14 21:11:03,0,2025-11-20,6734.10986328125,0.01984126984126984,2511,0.045,out,6744.103250580426,-0.029737920808882448,0.13009102493698185,0.0003357871978006832,0.01776750864641048
6870.0,9.86,2025-11-14 21:14:26,0,2025-11-20,6734.10986328125,0.01984126984126984,2511,0.045,out,6744.103250580426,-0.029737920808882448,0.13132717694912002,0.00034219895645685474,0.018495575660733964
6875.0,8.05,2025-11-14 21:07:52,0,2025-11-20,6734.10986328125,0.01984126984126984,2511,0.045,out,6744.103250580426,-0.029737920808882448,0.12615318164902814,0.00031576637381295014,0.019223112979111084
6880.0,8.1,2025-11-14 21:11:58,0,2025-11-20,6734.10986328125,0.01984126984126984,2511,0.045,out,6744.103250580426,-0.029737920808882448,0.12956534025407265,0.0003330789165705083,0.01995012137172827
6885.0,5.7,2025-11-14 20:57:02,0,2025-11-20,6734.10986328125,0.01984126984126984,2511,0.045,out,6744.103250580426,-0.029737920808882448,0.11987758687366612,0.0002851316633859795,0.02067660160709425
6890.0,4.9,2025-11-14 20:58:31,0,2025-11-20,6734.10986328125,0.01984126984126984,2511,0.045,out,6744.103250580426,-0.029737920808882448,0.11797677516962267,0.00027616110078221615,0.021402554452043168
6895.0,4.85,2025-11-14 21:02:24,0,2025-11-20,6734.10986328125,0.01984126984126984,2511,0.045,out,6744.103250580426,-0.029737920808882448,0.12051620342731913,0.0002881776842963287,0.0221279806717412
6900.0,4.0,2025-11-14 21:06:35,0,2025-11-20,6734.10986328125,0.01984126984126984,2511,0.045,out,6744.103250580426,-0.029737920808882448,0.11758699504794273,0.0002743393135794625,0.02285288102968965
6905.0,4.0,2025-11-14 21:10:02,0,2025-11-20,6734.10986328125,0.01984126984126984,2511,0.045,out,6744.103250580426,-0.029737920808882448,0.1203245283850085,0.0002872617486324348,0.023577256287731493
6910.0,3.3,2025-11-14 21:00:00,0,2025-11-20,6734.10986328125,0.01984126984126984,2511,0.045,out,6744.103250580426,-0.029737920808882448,0.11767873215338287,0.00027476753970689737,0.024301107206054464
6915.0,2.9,2025-11-14 20:54:21,0,2025-11-20,6734.10986328125,0.01984126984126984,2511,0.045,out,6744.103250580426,-0.029737920808882448,0.11693057053331805,0.00027128488740569976,0.025024434543197572
6920.0,2.9,2025-11-14 21:11:45,0,2025-11-20,6734.10986328125,0.01984126984126984,2511,0.045,out,6744.103250580426,-0.029737920808882448,0.11950024436982148,0.0002833394524691875,0.02574723905605412
6925.0,2.25,2025-11-14 20:41:36,0,2025-11-20,6734.10986328125,0.01984126984126984,2511,0.045,out,6744.103250580426,-0.029737920808882448,0.11581098541641147,0.00026611476871270376,0.02646952149987822
6930.0,1.95,2025-11-14 20:46:03,0,2025-11-20,6734.10986328125,0.01984126984126984,2511,0.045,out,6744.103250580426,-0.029737920808882448,0.1150014542083584,0.00026240742996105464,0.027191282628287773
6940.0,1.65,2025-11-14 21:11:54,0,2025-11-20,6734.10986328125,0.01984126984126984,2511,0.045,out,6744.103250580426,-0.029737920808882448,0.11612057805118266,0.0002675394572805715,0.028633243945189246
6950.0,1.2,2025-11-14 21:11:54,0,2025-11-20,6734.10986328125,0.01984126984126984,2511,0.045,out,6744.103250580426,-0.029737920808882448,0.11425559449898662,0.0002590146998872393,0.030073129003176862
6960.0,0.55,2025-11-14 20:59:34,0,2025-11-20,6734.10986328125,0.01984126984126984,2511,0.045,out,6744.103250580426,-0.029737920808882448,0.10533118836061,0.00022013212780671237,0.03151094377280436
6970.0,0.4,2025-11-14 21:05:20,0,2025-11-20,6734.10986328125,0.01984126984126984,2511,0.045,out,6744.103250580426,-0.029737920808882448,0.1047364864037337,0.00021765340444840266,0.03294669419890858
6975.0,0.35,2025-11-14 21:05:23,0,2025-11-20,6734.10986328125,0.01984126984126984,2511,0.045,out,6744.103250580426,-0.029737920808882448,0.10484840235542724,0.00021811879913661824,0.03366379713390528
6980.0,0.35,2025-11-14 21:07:44,0,2025-11-20,6734.10986328125,0.01984126984126984,2511,0.045,out,6744.103250580426,-0.029737920808882448,0.1067548699761846,0.00022612306078635076,0.03438038620075716
6990.0,0.25,2025-11-14 21:07:44,0,2025-11-20,6734.10986328125,0.01984126984126984,2511,0.045,out,6744.103250580426,-0.029737920808882448,0.10608824207411274,0.0002233078394122132,0.03581202567219493
7000.0,0.2,2025-11-14 21:13:30,0,2025-11-20,6734.10986328125,0.01984126984126984,2511,0.045,out,6744.103250580426,-0.029737920808882448,0.10694476970930579,0.00022692824936858033,0.037241618481789335
7010.0,0.15,2025-11-14 21:13:04,0,2025-11-20,6734.10986328125,0.01984126984126984,2511,0.045,out,6744.103250580426,-0.029737920808882448,0.1070596999084383,0.00022741625683501713,0.03866917047297474
7020.0,0.15,2025-11-14 20:36:53,0,2025-11-20,6734.10986328125,0.01984126984126984,2511,0.045,out,6744.103250580426,-0.029737920808882448,0.1105150808162933,0.00024233299777444125,0.040094687464195755
7025.0,0.1,2025-11-14 21:12:30,0,2025-11-20,6734.10986328125,0.01984126984126984,2511,0.045,out,6744.103250580426,-0.029737920808882448,0.10763545292231197,0.00022986886360696897,0.04080668464628556
7050.0,0.05,2025-11-14 21:06:01,0,2025-11-20,6734.10986328125,0.01984126984126984,2511,0.045,out,6744.103250580426,-0.029737920808882448,0.10860599987882846,0.00023403300019206522,0.04435908625065325
7075.0,0.1,2025-11-14 20:22:07,0,2025-11-20,6734.10986328125,0.01984126984126984,2511,0.045,out,6744.103250580426,-0.029737920808882448,0.12407900106883439,0.00030546822433015486,0.047898912955777355
7100.0,0.05,2025-11-14 21:01:38,0,2025-11-20,6734.10986328125,0.01984126984126984,2511,0.045,out,6744.103250580426,-0.029737920808882448,0.1240347170689084,0.00030525021901516177,0.05142625347374584
7125.0,0.1,2025-11-13 20:42:13,0,2025-11-19,6734.10986328125,0.01984126984126984,2511,0.045,out,6744.103250580426,-0.029737920808882448,0.1402041424959614,0.0003900238407346795,0.054941195581190184
7125.0,0.05,2025-11-14 21:10:04,0,2025-11-20,6734.10986328125,0.01984126984126984,2511,0.045,out,6744.103250580426,-0.029737920808882448,0.13164606211118804,0.000343862810900452,0.054941195581190184
5320.0,1428.4,2025-11-14 18:37:44,0,2025-11-21,6734.10986328125,0.023809523809523808,2511,0.045,in,6744.103250580426,-0.017281600674068705,0.8135968380164579,0.015760471781675677,-0.23719522721997102
5400.0,1451.85,2025-11-11 20:27:59,0,2025-11-18,6734.10986328125,0.023809523809523808,2511,0.045,in,6744.103250580426,-0.017281600674068705,1.4422091122613598,0.04952302674975475,-0.22226957700329533
5500.0,1264.19,2025-11-14 19:55:24,0,2025-11-21,6734.10986328125,0.023809523809523808,2511,0.045,in,6744.103250580426,-0.017281600674068705,0.8796338654410847,0.018422755648352957,-0.2039204383350987
5600.0,1145.25,2025-11-14 20:31:59,0,2025-11-21,6734.10986328125,0.023809523809523808,2511,0.045,in,6744.103250580426,-0.017281600674068705,0.6070881427277365,0.008775143167633632,-0.18590193283242043
5875.0,866.11,2025-11-14 16:03:52,0,2025-11-21,6734.10986328125,0.023809523809523808,2511,0.045,in,6744.103250580426,-0.017281600674068705,0.35749951435927424,0.003042997684931355,-0.13796247054330138
6050.0,696.6,2025-11-14 20:38:36,0,2025-11-21,6734.10986328125,0.023809523809523808,2511,0.045,in,6744.103250580426,-0.017281600674068705,0.3963097654142372,0.0037395578610163738,-0.10861025853077386
6100.0,685.8,2025-11-13 17:30:59,0,2025-11-20,6734.10986328125,0.023809523809523808,2511,0.045,in,6744.103250580426,-0.017281600674068705,0.6127529458086307,0.00893967077612273,-0.10037975939425846
6150.0,613.56,2025-11-14 16:31:18,0,2025-11-21,6734.10986328125,0.023809523809523808,2511,0.045,in,6744.103250580426,-0.017281600674068705,0.47027975103441494,0.005265786767452174,-0.09221644875509748
6225.0,532.41,2025-11-14 16:23:05,0,2025-11-21,6734.10986328125,0.023809523809523808,2511,0.045,in,6744.103250580426,-0.017281600674068705,0.38879050649106117,0.0035990013794660923,-0.08009508822275266
6300.0,459.62,2025-11-14 19:00:07,0,2025-11-21,6734.10986328125,0.023809523809523808,2511,0.045,in,6744.103250580426,-0.017281600674068705,0.3560527229331022,0.0030184176549542005,-0.06811889717603697
6315.0,435.1,2025-11-14 19:08:55,0,2025-11-21,6734.10986328125,0.023809523809523808,2511,0.045,in,6744.103250580426,-0.017281600674068705,0.28905910131581003,0.001989408667940565,-0.06574077477106956
6325.0,421.53,2025-11-14 16:12:49,0,2025-11-21,6734.10986328125,0.023809523809523808,2511,0.045,in,6744.103250580426,-0.017281600674068705,0.2546265356786047,0.0015436826826592323,-0.06415849595994008
6350.0,417.2,2025-11-14 19:41:52,0,2025-11-21,6734.10986328125,0.023809523809523808,2511,0.045,in,6744.103250580426,-0.017281600674068705,0.3609212687810296,0.0031015276728216237,-0.06021371766892365
6400.0,365.82,2025-11-14 20:13:03,0,2025-11-21,6734.10986328125,0.023809523809523808,2511,0.045,in,6744.103250580426,-0.017281600674068705,0.32193739407985683,0.0024677068025459295,-0.05237054020789783
6420.0,343.52,2025-11-14 19:00:07,0,2025-11-21,6734.10986328125,0.023809523809523808,2511,0.045,in,6744.103250580426,-0.017281600674068705,0.2988803940379615,0.002126892617625884,-0.04925041287165423
6460.0,311.88,2025-11-14 19:51:05,0,2025-11-21,6734.10986328125,0.023809523809523808,2511,0.045,in,6744.103250580426,-0.017281600674068705,0.30510343672533224,0.0022163835024192574,-0.0430392127790135
6475.0,317.33,2025-11-10 16:12:41,0,2025-11-17,6734.10986328125,0.023809523809523808,2511,0.045,in,6744.103250580426,-0.017281600674068705,0.3636840943806325,0.003149193345368114,-0.040719922987922555
6475.0,309.06,2025-11-14 17:11:49,0,2025-11-21,6734.10986328125,0.023809523809523808,2511,0.045,in,6744.103250580426,-0.017281600674068705,0.33678106505917105,0.002700511566247371,-0.040719922987922555
6480.0,293.94,2025-11-14 19:24:42,0,2025-11-21,6734.10986328125,0.023809523809523808,2511,0.045,in,6744.103250580426,-0.017281600674068705,0.29833882937621364,0.0021191918360373694,-0.039948020209340684
6520.0,238.4,2025-11-14 04:35:18,0,2025-11-21,6734.10986328125,0.023809523809523808,2511,0.045,in,6744.103250580426,-0.017281600674068705,0.21180777095180264,0.0010681555198945544,-0.03379415463496237
6525.0,244.6,2025-11-14 18:58:09,0,2025-11-21,6734.10986328125,0.023809523809523808,2511,0.045,in,6744.103250580426,-0.017281600674068705,0.2506045184200638,0.0014953005869655263,-0.03302757736476685
6530.0,223.6,2025-11-14 20:54:05,0,2025-11-21,6734.10986328125,0.023809523809523808,2511,0.045,in,6744.103250580426,-0.017281600674068705,0.18461020852095775,0.0008114506926226547,-0.03226158728518427
6550.0,209.77,2025-11-14 20:51:46,0,2025-11-21,6734.10986328125,0.023809523809523808,2511,0.045,in,6744.103250580426,-0.017281600674068705,0.1972908403849041,0.0009267541833281359,-0.029203480926363445
6555.0,209.3,2025-11-14 18:38:16,0,2025-11-21,6734.10986328125,0.023809523809523808,2511,0.045,in,6744.103250580426,-0.017281600674068705,0.21049919084103033,0.001054997841541155,-0.02844041335786084
6575.0,281.64,2025-11-11 18:20:47,0,2025-11-18,6734.10986328125,0.023809523809523808,2511,0.045,in,6744.103250580426,-0.017281600674068705,0.4566958482125212,0.004965978518441766,-0.025393952509695786
6575.0,205.42,2025-11-14 16:43:52,0,2025-11-21,6734.10986328125,0.023809523809523808,2511,0.045,in,6744.103250580426,-0.017281600674068705,0.247751081907928,0.0014614428234892582,-0.025393952509695786
6580.0,177.6,2025-11-14 21:01:56,0,2025-11-21,6734.10986328125,0.023809523809523808,2511,0.045,in,6744.103250580426,-0.017281600674068705,0.16871191022945023,0.0006777073488873827,-0.024633785236298094
6590.0,190.22,2025-11-14 16:31:24,0,2025-11-21,6734.10986328125,0.023809523809523808,2511,0.045,in,6744.103250580426,-0.017281600674068705,0.23510591027455416,0.0013160664058577787,-0.02311518205910809
6600.0,167.8,2025-11-14 18:45:02,0,2025-11-21,6734.10986328125,0.023809523809523808,2511,0.045,in,6744.103250580426,-0.017281600674068705,0.18926991393286757,0.0008529309600036929,-0.021598881541144095
6610.0,246.39,2025-11-12 15:25:55,0,2025-11-19,6734.10986328125,0.023809523809523808,2511,0.045,in,6744.103250580426,-0.017281600674068705,0.42136865575277865,0.004227417715497706,-0.02008487670992905
6610.0,220.45,2025-11-13 15:09:46,0,2025-11-20,6734.10986328125,0.023809523809523808,2511,0.045,in,6744.103250580426,-0.017281600674068705,0.3546128936926664,0.0029940548660258646,-0.02008487670992905
6610.0,177.77,2025-11-14 19:58:50,0,2025-11-21,6734.10986328125,0.023809523809523808,2511,0.045,in,6744.103250580426,-0.017281600674068705,0.24022408929505495,0.0013739907875628223,-0.02008487670992905
6615.0,173.49,2025-11-14 19:58:50,0,2025-11-21,6734.10986328125,0.023809523809523808,2511,0.045,in,6744.103250580426,-0.017281600674068705,0.2379382454947774,0.0013479668730745943,-0.01932873300660497
6620.0,169.04,2025-11-14 19:58:50,0,2025-11-21,6734.10986328125,0.023809523809523808,2511,0.045,in,6744.103250580426,-0.017281600674068705,0.23512738320923265,0.0013163068174957462,-0.018573160624607142
6625.0,143.11,2025-11-13 20:28:21,0,2025-11-20,6734.10986328125,0.023809523809523808,2511,0.045,in,6744.103250580426,-0.017281600674068705,0.1709292953943448,0.0006956386672382661,-0.017818158701238086
6625.0,152.26,2025-11-14 20:28:33,0,2025-11-21,6734.10986328125,0.023809523809523808,2511,0.045,in,6744.103250580426,-0.017281600674068705,0.1978046948063342,0.0009315880306530241,-0.017818158701238086
6630.0,120.36,2025-11-14 15:09:29,0,2025-11-21,6734.10986328125,0.023809523809523808,2511,0.045,in,6744.103250580426,-0.017281600674068705,0.10745755798957586,0.0002749315897400728,-0.01706372637575286
6635.0,112.45,2025-11-14 14:47:10,0,2025-11-21,6734.10986328125,0.023809523809523808,2511,0.045,in,6744.103250580426,-0.017281600674068705,0.09190699922537687,0.00020111658349079584,-0.016309862789353174
6640.0,138.93,2025-11-14 20:25:27,0,2025-11-21,6734.10986328125,0.023809523809523808,2511,0.045,in,6744.103250580426,-0.017281600674068705,0.1898583297438302,0.0008582425088837372,-0.01555656708518153
6645.0,134.0,2025-11-14 20:30:47,0,2025-11-21,6734.10986328125,0.023809523809523808,2511,0.045,in,6744.103250580426,-0.017281600674068705,0.1857486710515065,0.0008214897332714468,-0.014803838408315369
6650.0,130.73,2025-11-14 20:31:54,0,2025-11-21,6734.10986328125,0.023809523809523808,2511,0.045,in,6744.103250580426,-0.017281600674068705,0.18612618806442557,0.000824832330556998,-0.014051675905761257
6655.0,95.1,2025-11-14 15:13:46,0,2025-11-21,6734.10986328125,0.023809523809523808,2511,0.045,in,6744.103250580426,-0.017281600674068705,0.0900095401061255,0.00019289803119324316,-0.013300078726449081
6660.0,117.45,2025-11-14 21:03:55,0,2025-11-21,6734.10986328125,0.023809523809523808,2511,0.045,in,6744.103250580426,-0.017281600674068705,0.16842566438737666,0.0006754096291506961,-0.012549046021226161
6665.0,113.85,2025-11-14 21:03:55,0,2025-11-21,6734.10986328125,0.023809523809523808,2511,0.045,in,6744.103250580426,-0.017281600674068705,0.1677465446794878,0.000669973886950176,-0.011798576942851946
6670.0,107.23,2025-11-14 20:49:26,0,2025-11-21,6734.10986328125,0.023809523809523808,2511,0.045,in,6744.103250580426,-0.017281600674068705,0.1589344686518623,0.0006014325077535667,-0.011048670645991595
6675.0,108.21,2025-11-14 20:39:25,0,2025-11-21,6734.10986328125,0.023809523809523808,2511,0.045,in,6744.103250580426,-0.017281600674068705,0.1700906253148562,0.0006888290671428285,-0.010299326287210725
6680.0,104.51,2025-11-14 20:39:25,0,2025-11-21,6734.10986328125,0.023809523809523808,2511,0.045,in,6744.103250580426,-0.017281600674068705,0.16874969565326878,0.0006780109472159724,-0.009550543024969601
6690.0,96.6,2025-11-14 21:00:43,0,2025-11-21,6734.10986328125,0.023809523809523808,2511,0.045,in,6744.103250580426,-0.017281600674068705,0.16444017383246431,0.0006438231135726447,-0.008054656433386891
6695.0,104.0,2025-11-14 18:00:29,0,2025-11-21,6734.10986328125,0.023809523809523808,2511,0.045,in,6744.103250580426,-0.017281600674068705,0.19052304785940224,0.0008642626610865733,-0.007307551430388151
6700.0,84.0,2025-11-14 20:57:21,0,2025-11-21,6734.10986328125,0.023809523809523808,2511,0.045,in,6744.103250580426,-0.017281600674068705,0.14797790075820144,0.0005213680741143836,-0.006561004176603612
6705.0,86.8,2025-11-14 21:00:36,0,2025-11-21,6734.10986328125,0.023809523809523808,2511,0.045,in,6744.103250580426,-0.017281600674068705,0.16230646717761235,0.0006272235544685084,-0.005815013839882149
6710.0,82.8,2025-11-14 21:00:58,0,2025-11-21,6734.10986328125,0.023809523809523808,2511,0.045,in,6744.103250580426,-0.017281600674068705,0.15952647291491415,0.0006059213228731628,-0.005069579589933577
6715.0,83.11,2025-11-14 21:09:22,0,2025-11-21,6734.10986328125,0.023809523809523808,2511,0.045,in,6744.103250580426,-0.017281600674068705,0.16718003403000353,0.0006654562804350747,-0.004324700598323112
6720.0,81.79,2025-11-14 21:13:07,0,2025-11-21,6734.10986328125,0.023809523809523808,2511,0.045,in,6744.103250580426,-0.017281600674068705,0.17064764187329554,0.000693348039926584,-0.003580376038465841
6725.0,76.6,2025-11-14 21:11:04,0,2025-11-21,6734.10986328125,0.023809523809523808,2511,0.045,in,6744.103250580426,-0.017281600674068705,0.16456414360747185,0.0006447942228871575,-0.0028366050856212205
6730.0,66.88,2025-11-14 21:04:04,0,2025-11-21,6734.10986328125,0.023809523809523808,2511,0.045,in,6744.103250580426,-0.017281600674068705,0.1474105980924039,0.0005173782007133388,-0.002093386916887594
6735.0,71.4,2025-11-14 21:13:58,0,2025-11-21,6734.10986328125,0.023809523809523808,2511,0.045,out,6744.103250580426,-0.017281600674068705,0.1645832043424446,0.000644943598848259,-0.0013507207111967308
6740.0,63.52,2025-11-14 21:01:13,0,2025-11-21,6734.10986328125,0.023809523809523808,2511,0.045,out,6744.103250580426,-0.017281600674068705,0.1516423167160508,0.0005475093385478823,-0.000608605649308268
6745.0,60.2,2025-11-14 21:08:00,0,2025-11-21,6734.10986328125,0.023809523809523808,2511,0.045,out,6744.103250580426,-0.017281600674068705,0.14956570712195882,0.0005326166844497991,0.00013295908619526283
6750.0,63.1,2025-11-14 21:13:14,0,2025-11-21,6734.10986328125,0.023809523809523808,2511,0.045,out,6744.103250580426,-0.017281600674068705,0.1623508178067726,0.0006275663819649492,0.0008739743109143962
6755.0,55.16,2025-11-14 21:00:31,0,2025-11-21,6734.10986328125,0.023809523809523808,2511,0.045,out,6744.103250580426,-0.017281600674068705,0.1488083328862676,0.0005272361889616721,0.0016144408386382242
6760.0,55.36,2025-11-14 21:10:26,0,2025-11-21,6734.10986328125,0.023809523809523808,2511,0.045,out,6744.103250580426,-0.017281600674068705,0.154793436867141,0.0005705001927890849,0.0023543594813486496
6765.0,45.8,2025-11-14 20:57:14,0,2025-11-21,6734.10986328125,0.023809523809523808,2511,0.045,out,6744.103250580426,-0.017281600674068705,0.1368831276227014,0.00044611882447078,0.0030937310492273923
6770.0,51.77,2025-11-14 21:14:28,0,2025-11-21,6734.10986328125,0.023809523809523808,2511,0.045,out,6744.103250580426,-0.017281600674068705,0.1566884348081408,0.0005845539429196426,0.003832556350659538
6775.0,47.7,2025-11-14 21:10:28,0,2025-11-21,6734.10986328125,0.023809523809523808,2511,0.045,out,6744.103250580426,-0.017281600674068705,0.1518323340190953,0.0005488823250877648,0.004570836192240613
6780.0,47.07,2025-11-14 21:13:07,0,2025-11-21,6734.10986328125,0.023809523809523808,2511,0.045,out,6744.103250580426,-0.017281600674068705,0.15528350664205465,0.0005741182722631674,0.005308571378780321
6785.0,41.7,2025-11-14 20:29:20,0,2025-11-21,6734.10986328125,0.023809523809523808,2511,0.045,out,6744.103250580426,-0.017281600674068705,0.14679566376314468,0.0005130706404681483,0.006045762713308466
6790.0,39.7,2025-11-14 20:36:30,0,2025-11-21,6734.10986328125,0.023809523809523808,2511,0.045,out,6744.103250580426,-0.017281600674068705,0.14650325159432132,0.0005110286363740241,0.006782410997080864
6795.0,32.85,2025-11-14 20:50:32,0,2025-11-21,6734.10986328125,0.023809523809523808,2511,0.045,out,6744.103250580426,-0.017281600674068705,0.1335774915148412,0.00042483205331898734,0.007518517029583022
6800.0,34.17,2025-11-14 21:14:55,0,2025-11-21,6734.10986328125,0.023809523809523808,2511,0.045,out,6744.103250580426,-0.017281600674068705,0.14145626673727724,0.00047642560474399343,0.008254081608537106
6805.0,28.84,2025-11-14 20:50:32,0,2025-11-21,6734.10986328125,0.023809523809523808,2511,0.045,out,6744.103250580426,-0.017281600674068705,0.13176343744111366,0.0004133715106261493,0.008989105529905369
6810.0,27.57,2025-11-14 20:52:22,0,2025-11-21,6734.10986328125,0.023809523809523808,2511,0.045,out,6744.103250580426,-0.017281600674068705,0.13254466440715612,0.0004182878110191818,0.009723589587897074
6815.0,28.55,2025-11-14 20:29:20,0,2025-11-21,6734.10986328125,0.023809523809523808,2511,0.045,out,6744.103250580426,-0.017281600674068705,0.13934942959051505,0.00046233960779052167,0.010457534574971896
6820.0,23.2,2025-11-14 20:56:40,0,2025-11-21,6734.10986328125,0.023809523809523808,2511,0.045,out,6744.103250580426,-0.017281600674068705,0.12848851642639456,0.0003930785441299015,0.011190941281846794
6825.0,26.1,2025-11-14 21:08:17,0,2025-11-21,6734.10986328125,0.023809523809523808,2511,0.045,out,6744.103250580426,-0.017281600674068705,0.14064108291124028,0.00047095033815348474,0.011923810497499375
6830.0,22.0,2025-11-14 20:38:12,0,2025-11-21,6734.10986328125,0.023809523809523808,2511,0.045,out,6744.103250580426,-0.017281600674068705,0.13273061906440015,0.00041946231517187867,0.012656143009174744
6835.0,23.87,2025-11-14 21:12:33,0,2025-11-21,6734.10986328125,0.023809523809523808,2511,0.045,out,6744.103250580426,-0.017281600674068705,0.14200759688734518,0.000480146608898065,0.013387939602388814
6840.0,19.25,2025-11-14 21:13:41,0,2025-11-21,6734.10986328125,0.023809523809523808,2511,0.045,out,6744.103250580426,-0.017281600674068705,0.1318594550344792,0.0004139741876664249,0.014119201060935128
6845.0,20.59,2025-11-14 21:12:33,0,2025-11-21,6734.10986328125,0.023809523809523808,2511,0.045,out,6744.103250580426,-0.017281600674068705,0.13961468180883305,0.00046410141372813565,0.014849928166888128
6850.0,18.58,2025-11-14 21:13:30,0,2025-11-21,6734.10986328125,0.023809523809523808,2511,0.045,out,6744.103250580426,-0.017281600674068705,0.13689808929594258,0.00044621635363999683,0.015580121700609942
6855.0,17.66,2025-11-14 21:12:33,0,2025-11-21,6734.10986328125,0.023809523809523808,2511,0.045,out,6744.103250580426,-0.017281600674068705,0.1374217867609586,0.0004496368446803422,0.016309782440753835
6860.0,14.37,2025-11-14 20:35:16,0,2025-11-21,6734.10986328125,0.023809523809523808,2511,0.045,out,6744.103250580426,-0.017281600674068705,0.12970099299790294,0.0004005320853486207,0.017038911164269862
6865.0,14.7,2025-11-14 21:14:57,0,2025-11-21,6734.10986328125,0.023809523809523808,2511,0.045,out,6744.103250580426,-0.017281600674068705,0.1341508351176106,0.00042848682292267494,0.01776750864641048
6870.0,13.45,2025-11-14 21:14:57,0,2025-11-21,6734.10986328125,0.023809523809523808,2511,0.045,out,6744.103250580426,-0.017281600674068705,0.13291742519233612,0.00042064385523238735,0.018495575660733964
6875.0,12.0,2025-11-14 21:10:38,0,2025-11-21,6734.10986328125,0.023809523809523808,2511,0.045,out,6744.103250580426,-0.017281600674068705,0.13065039723548863,0.000406417292804547,0.019223112979111084
6880.0,8.82,2025-11-14 21:08:22,0,2025-11-21,6734.10986328125,0.023809523809523808,2511,0.045,out,6744.103250580426,-0.017281600674068705,0.12074237489667856,0.00034711240704023984,0.01995012137172827
6885.0,9.4,2025-11-14 21:06:53,0,2025-11-21,6734.10986328125,0.023809523809523808,2511,0.045,out,6744.103250580426,-0.017281600674068705,0.1261807401742891,0.0003790852188317012,0.02067660160709425
6890.0,9.17,2025-11-14 21:10:57,0,2025-11-21,6734.10986328125,0.023809523809523808,2511,0.045,out,6744.103250580426,-0.017281600674068705,0.12810798994590192,0.0003907537401899835,0.021402554452043168
6895.0,7.43,2025-11-14 21:04:05,0,2025-11-21,6734.10986328125,0.023809523809523808,2511,0.045,out,6744.103250580426,-0.017281600674068705,0.12296085817432559,0.00035998506292777644,0.0221279806717412
6900.0,7.81,2025-11-14 21:14:23,0,2025-11-21,6734.10986328125,0.023809523809523808,2511,0.045,out,6744.103250580426,-0.017281600674068705,0.127580723126356,0.0003875438312724739,0.02285288102968965
6905.0,5.9,2025-11-14 21:12:12,0,2025-11-21,6734.10986328125,0.023809523809523808,2511,0.045,out,6744.103250580426,-0.017281600674068705,0.12054966445663162,0.000346005276204916,0.023577256287731493
6910.0,4.0,2025-11-14 20:57:22,0,2025-11-21,6734.10986328125,0.023809523809523808,2511,0.045,out,6744.103250580426,-0.017281600674068705,0.1117140935134007,0.00029714377832192464,0.024301107206054464
6915.0,4.8,2025-11-14 21:05:28,0,2025-11-21,6734.10986328125,0.023809523809523808,2511,0.045,out,6744.103250580426,-0.017281600674068705,0.11935131644613385,0.0003391603985101233,0.025024434543197572
6920.0,5.07,2025-11-14 21:14:23,0,2025-11-21,6734.10986328125,0.023809523809523808,2511,0.045,out,6744.103250580426,-0.017281600674068705,0.12355251033576836,0.00036345768595881305,0.02574723905605412
6925.0,3.31,2025-11-14 21:09:06,0,2025-11-21,6734.10986328125,0.023809523809523808,2511,0.045,out,6744.103250580426,-0.017281600674068705,0.11408570687952187,0.00030989401224286147,0.02646952149987822
6930.0,2.5,2025-11-14 20:49:36,0,2025-11-21,6734.10986328125,0.023809523809523808,2511,0.045,out,6744.103250580426,-0.017281600674068705,0.10972095971658524,0.0002866354524078219,0.027191282628287773
6935.0,3.59,2025-11-14 21:14:56,0,2025-11-21,6734.10986328125,0.023809523809523808,2511,0.045,out,6744.103250580426,-0.017281600674068705,0.12096614638526079,0.00034840020407857957,0.02791252319327092
6940.0,3.1,2025-11-14 21:14:54,0,2025-11-21,6734.10986328125,0.023809523809523808,2511,0.045,out,6744.103250580426,-0.017281600674068705,0.11946702417561492,0.0003398183301280228,0.028633243945189246
6945.0,1.77,2025-11-14 20:48:17,0,2025-11-21,6734.10986328125,0.023809523809523808,2511,0.045,out,6744.103250580426,-0.017281600674068705,0.10899532618649704,0.00028285669358335444,0.029353445632783085
6950.0,1.44,2025-11-14 20:56:42,0,2025-11-21,6734.10986328125,0.023809523809523808,2511,0.045,out,6744.103250580426,-0.017281600674068705,0.10709472161625123,0.0002730780809062464,0.030073129003176862
6955.0,2.13,2025-11-14 21:14:56,0,2025-11-21,6734.10986328125,0.023809523809523808,2511,0.045,out,6744.103250580426,-0.017281600674068705,0.11724772055268988,0.0003273101898762299,0.030792294801882215
6960.0,1.92,2025-11-14 21:12:11,0,2025-11-21,6734.10986328125,0.023809523809523808,2511,0.045,out,6744.103250580426,-0.017281600674068705,0.11711863804236912,0.00032658988992617785,0.03151094377280436
6965.0,0.95,2025-11-14 21:00:45,0,2025-11-21,6734.10986328125,0.023809523809523808,2511,0.045,out,6744.103250580426,-0.017281600674068705,0.10579411164656051,0.000266485572835355,0.03222907665824499
6970.0,0.85,2025-11-14 21:00:39,0,2025-11-21,6734.10986328125,0.023809523809523808,2511,0.045,out,6744.103250580426,-0.017281600674068705,0.10590699307584936,0.00026705455196114294,0.03294669419890858
6975.0,0.85,2025-11-14 21:11:55,0,2025-11-21,6734.10986328125,0.023809523809523808,2511,0.045,out,6744.103250580426,-0.017281600674068705,0.10782726283425234,0.00027682663357921273,0.03366379713390528
6980.0,1.12,2025-11-14 21:12:18,0,2025-11-21,6734.10986328125,0.023809523809523808,2511,0.045,out,6744.103250580426,-0.017281600674068705,0.11456931596841716,0.0003125268609874049,0.03438038620075716
6985.0,0.6,2025-11-14 20:59:35,0,2025-11-21,6734.10986328125,0.023809523809523808,2511,0.045,out,6744.103250580426,-0.017281600674068705,0.1061260264730816,0.0002681603213086956,0.03509646213540108
6990.0,0.5,2025-11-14 21:11:09,0,2025-11-21,6734.10986328125,0.023809523809523808,2511,0.045,out,6744.103250580426,-0.017281600674068705,0.10528237226561157,0.0002639137597589242,0.03581202567219493
6995.0,0.5,2025-11-14 21:01:28,0,2025-11-21,6734.10986328125,0.023809523809523808,2511,0.045,out,6744.103250580426,-0.017281600674068705,0.1070727772151026,0.00027296618144178556,0.03652707754392043
7000.0,0.45,2025-11-14 21:13:18,0,2025-11-21,6734.10986328125,0.023809523809523808,2511,0.045,out,6744.103250580426,-0.017281600674068705,0.10734572356751576,0.0002743596278150835,0.037241618481789335
7005.0,0.45,2025-11-14 21:08:44,0,2025-11-21,6734.10986328125,0.023809523809523808,2511,0.045,out,6744.103250580426,-0.017281600674068705,0.10910695062276046,0.0002834363493856545,0.03795564921544624
7010.0,0.25,2025-11-14 21:10:36,0,2025-11-21,6734.10986328125,0.023809523809523808,2511,0.045,out,6744.103250580426,-0.017281600674068705,0.10308665195321255,0.00025302042406959006,0.03866917047297474
7015.0,0.3,2025-11-14 21:06:04,0,2025-11-21,6734.10986328125,0.023809523809523808,2511,0.045,out,6744.103250580426,-0.017281600674068705,0.10703547170637073,0.0002727760048429831,0.039382182980900377
7020.0,0.3,2025-11-14 21:09:54,0,2025-11-21,6734.10986328125,0.023809523809523808,2511,0.045,out,6744.103250580426,-0.017281600674068705,0.10871437548171896,0.00028140036753286136,0.040094687464195755
7025.0,0.25,2025-11-14 21:06:14,0,2025-11-21,6734.10986328125,0.023809523809523808,2511,0.045,out,6744.103250580426,-0.017281600674068705,0.10803743365162581,0.00027790683500070114,0.04080668464628556
7030.0,0.2,2025-11-14 21:06:08,0,2025-11-21,6734.10986328125,0.023809523809523808,2511,0.045,out,6744.103250580426,-0.017281600674068705,0.10693188719168244,0.00027224829758034996,0.04151817524904952
7035.0,0.3,2025-11-14 19:44:15,0,2025-11-21,6734.10986328125,0.023809523809523808,2511,0.045,out,6744.103250580426,-0.017281600674068705,0.1137264646368829,0.0003079454466381947,0.04222915999282847
7040.0,0.15,2025-11-14 21:06:11,0,2025-11-21,6734.10986328125,0.023809523809523808,2511,0.045,out,6744.103250580426,-0.017281600674068705,0.10675933761508868,0.0002713703849526783,0.04293963959642701
7045.0,0.15,2025-11-14 21:06:07,0,2025-11-21,6734.10986328125,0.023809523809523808,2511,0.045,out,6744.103250580426,-0.017281600674068705,0.10831761780075731,0.0002793501506197842,0.043649614777119615
7050.0,0.15,2025-11-14 21:10:00,0,2025-11-21,6734.10986328125,0.023809523809523808,2511,0.045,out,6744.103250580426,-0.017281600674068705,0.10987252302745659,0.00028742788848616613,0.04435908625065325
7055.0,0.15,2025-11-14 19:20:58,0,2025-11-21,6734.10986328125,0.023809523809523808,2511,0.045,out,6744.103250580426,-0.017281600674068705,0.11142410198537418,0.0002956031072201682,0.04506805473125339
7060.0,0.15,2025-11-14 19:46:31,0,2025-11-21,6734.10986328125,0.023809523809523808,2511,0.045,out,6744.103250580426,-0.017281600674068705,0.11297240170580805,0.00030387532255186814,0.04577652093162665
7065.0,0.1,2025-11-14 21:01:28,0,2025-11-21,6734.10986328125,0.023809523809523808,2511,0.045,out,6744.103250580426,-0.017281600674068705,0.10991392848136669,0.000287644563671595,0.04648448556296681
7070.0,0.09,2025-11-14 21:04:06,0,2025-11-21,6734.10986328125,0.023809523809523808,2511,0.045,out,6744.103250580426,-0.017281600674068705,0.1102714508614184,0.0002895188779781479,0.04719194933495732
7075.0,0.12,2025-11-14 20:18:36,0,2025-11-21,6734.10986328125,0.023809523809523808,2511,0.045,out,6744.103250580426,-0.017281600674068705,0.11494815510675417,0.00031459710386777176,0.047898912955777355
7080.0,0.15,2025-11-14 19:57:49,0,2025-11-21,6734.10986328125,0.023809523809523808,2511,0.045,out,6744.103250580426,-0.017281600674068705,0.11913369525789527,0.00033792469870954896,0.04860537713210431
7085.0,0.15,2025-11-14 19:44:03,0,2025-11-21,6734.10986328125,0.023809523809523808,2511,0.045,out,6744.103250580426,-0.017281600674068705,0.1206662517137778,0.0003466748643488758,0.04931134256911978
7090.0,0.1,2025-11-14 21:11:08,0,2025-11-21,6734.10986328125,0.023809523809523808,2511,0.045,out,6744.103250580426,-0.017281600674068705,0.11733888231274071,0.00032781936434293367,0.05001680997051225
7095.0,0.2,2025-11-14 19:35:01,0,2025-11-21,6734.10986328125,0.023809523809523808,2511,0.045,out,6744.103250580426,-0.017281600674068705,0.12753121641559625,0.0003872431228676582,0.05072178003848199
7100.0,0.1,2025-11-14 21:08:54,0,2025-11-21,6734.10986328125,0.023809523809523808,2511,0.045,out,6744.103250580426,-0.017281600674068705,0.12028902210241312,0.000344510686627496,0.05142625347374584
7105.0,0.2,2025-11-14 19:34:38,0,2025-11-21,6734.10986328125,0.023809523809523808,2511,0.045,out,6744.103250580426,-0.017281600674068705,0.13065148282534023,0.00040642404677286126,0.052130230975539954
7115.0,0.05,2025-11-14 20:38:35,0,2025-11-21,6734.10986328125,0.023809523809523808,2511,0.045,out,6744.103250580426,-0.017281600674068705,0.11705090118947041,0.000326212225458742,0.05353670096829167
7120.0,0.05,2025-11-14 20:38:35,0,2025-11-21,6734.10986328125,0.023809523809523808,2511,0.045,out,6744.103250580426,-0.017281600674068705,0.11843848702209121,0.00033399226685909686,0.054239194850360474
7125.0,0.2,2025-11-14 19:33:56,0,2025-11-21,6734.10986328125,0.023809523809523808,2511,0.045,out,6744.103250580426,-0.017281600674068705,0.13685596739369565,0.00044594180503010203,0.054941195581190184
7135.0,0.05,2025-11-14 20:21:37,0,2025-11-21,6734.10986328125,0.023809523809523808,2511,0.045,out,6744.103250580426,-0.017281600674068705,0.12258718959929156,0.0003578004536631585,0.05634372035527569
5100.0,1654.4,2025-11-13 19:26:16,0,2025-11-21,6734.10986328125,0.027777777777777776,2511,0.045,in,6744.103250580426,-0.008384229149201748,0.943141202055453,0.024708759083739023,-0.279427990843244
5350.0,1438.08,2025-11-13 16:01:31,0,2025-11-21,6734.10986328125,0.027777777777777776,2511,0.045,in,6744.103250580426,-0.008384229149201748,1.0607681469915835,0.03125636282422105,-0.23157196966560875
5525.0,1240.54,2025-11-13 18:06:36,0,2025-11-21,6734.10986328125,0.027777777777777776,2511,0.045,in,6744.103250580426,-0.008384229149201748,0.8030023771012048,0.01791146715639404,-0.19938528316970747
5670.0,1141.25,2025-11-13 14:56:00,0,2025-11-21,6734.10986328125,0.027777777777777776,2511,0.045,in,6744.103250580426,-0.008384229149201748,0.9602833204390379,0.02561511265315066,-0.17347941283386326
5750.0,1032.01,2025-11-13 15:58:22,0,2025-11-21,6734.10986328125,0.027777777777777776,2511,0.045,in,6744.103250580426,-0.008384229149201748,0.7680115868395486,0.016384494375550042,-0.15946867576426488
5900.0,857.89,2025-11-13 19:32:18,0,2025-11-21,6734.10986328125,0.027777777777777776,2511,0.045,in,6744.103250580426,-0.008384229149201748,0.5338814046317215,0.007917482061431665,-0.13371617966185018
6000.0,826.31,2025-11-10 18:40:41,0,2025-11-18,6734.10986328125,0.027777777777777776,2511,0.045,in,6744.103250580426,-0.008384229149201748,0.7852909412680421,0.0171300517343791,-0.116909061345469
6100.0,711.76,2025-11-13 14:41:31,0,2025-11-21,6734.10986328125,0.027777777777777776,2511,0.045,in,6744.103250580426,-0.008384229149201748,0.6623999611635396,0.0121881585708183,-0.10037975939425846
6175.0,579.79,2025-11-13 18:45:15,0,2025-11-21,6734.10986328125,0.027777777777777776,2511,0.045,in,6744.103250580426,-0.008384229149201748,0.3648172542295019,0.0036969896939875835,-0.08815964805948312
6190.0,601.11,2025-11-13 16:02:43,0,2025-11-21,6734.10986328125,0.027777777777777776,2511,0.045,in,6744.103250580426,-0.008384229149201748,0.5256631666854964,0.007675604578050665,-0.08573344387701931
6360.0,385.9,2025-11-13 20:10:16,0,2025-11-21,6734.10986328125,0.027777777777777776,2511,0.045,in,6744.103250580426,-0.008384229149201748,0.20352126113996283,0.0011505806593333594,-0.05864015322149317
6390.0,388.61,2025-11-13 16:25:53,0,2025-11-21,6734.10986328125,0.027777777777777776,2511,0.045,in,6744.103250580426,-0.008384229149201748,0.3484158540539365,0.003372044648781499,-0.05393426218408055
6415.0,363.05,2025-11-13 16:57:57,0,2025-11-21,6734.10986328125,0.027777777777777776,2511,0.045,in,6744.103250580426,-0.008384229149201748,0.3300324645631421,0.0030255952129339347,-0.050029532505924276
6430.0,383.32,2025-11-10 14:49:02,0,2025-11-18,6734.10986328125,0.027777777777777776,2511,0.045,in,6744.103250580426,-0.008384229149201748,0.4284435794644199,0.005098997244007908,-0.04769399232399592
6450.0,423.29,2025-11-12 14:38:59,0,2025-11-20,6734.10986328125,0.027777777777777776,2511,0.045,in,6744.103250580426,-0.008384229149201748,0.5723486521465408,0.009099527211498945,-0.04458839976584284
6455.0,298.8,2025-11-13 20:14:41,0,2025-11-21,6734.10986328125,0.027777777777777776,2511,0.045,in,6744.103250580426,-0.008384229149201748,0.2092207523441979,0.0012159256447631162,-0.043813506274918146
6470.0,353.03,2025-11-11 14:52:17,0,2025-11-19,6734.10986328125,0.027777777777777776,2511,0.045,in,6744.103250580426,-0.008384229149201748,0.4244123956369487,0.005003496710285941,-0.041492422060714795
6470.0,375.85,2025-11-12 17:11:31,0,2025-11-20,6734.10986328125,0.027777777777777776,2511,0.045,in,6744.103250580426,-0.008384229149201748,0.48483412005066484,0.00652955899903618,-0.041492422060714795
6470.0,301.1,2025-11-13 18:20:43,0,2025-11-21,6734.10986328125,0.027777777777777776,2511,0.045,in,6744.103250580426,-0.008384229149201748,0.2700363784293247,0.0020255457132007074,-0.041492422060714795
6510.0,345.78,2025-11-11 20:47:04,0,2025-11-19,6734.10986328125,0.027777777777777776,2511,0.045,in,6744.103250580426,-0.008384229149201748,0.4762721632576023,0.006300977041502115,-0.03532907435304606
6510.0,256.71,2025-11-13 18:28:56,0,2025-11-21,6734.10986328125,0.027777777777777776,2511,0.045,in,6744.103250580426,-0.008384229149201748,0.22900985270538415,0.0014568197954483817,-0.03532907435304606
6515.0,256.38,2025-11-13 18:25:18,0,2025-11-21,6734.10986328125,0.027777777777777776,2511,0.045,in,6744.103250580426,-0.008384229149201748,0.24145440152511358,0.0016194507782180767,-0.0345613199967155
6525.0,293.15,2025-11-10 15:27:10,0,2025-11-18,6734.10986328125,0.027777777777777776,2511,0.045,in,6744.103250580426,-0.008384229149201748,0.36748937486107136,0.0037513455732161396,-0.03302757736476685
6530.0,288.35,2025-11-10 15:27:10,0,2025-11-18,6734.10986328125,0.027777777777777776,2511,0.045,in,6744.103250580426,-0.008384229149201748,0.3639716726782216,0.0036798716253384025,-0.03226158728518427
6580.0,279.52,2025-11-11 19:48:33,0,2025-11-19,6734.10986328125,0.027777777777777776,2511,0.045,in,6744.103250580426,-0.008384229149201748,0.42345003001308257,0.004980831331057792,-0.024633785236298094
7130.0,0.31,2025-11-13 17:47:07,0,2025-11-21,6734.10986328125,0.027777777777777776,2511,0.045,out,6744.103250580426,-0.008384229149201748,0.13409300751972528,0.0004994704073801417,0.05564270385268063
5275.0,1582.55,2025-11-12 14:50:17,0,2025-11-21,6734.10986328125,0.031746031746031744,2511,0.045,in,6744.103250580426,-0.0017112005055515342,1.3572901572420797,0.05848370066495966,-0.24568985121139375
5400.0,1442.19,2025-11-12 17:18:43,0,2025-11-21,6734.10986328125,0.031746031746031744,2511,0.045,in,6744.103250580426,-0.0017112005055515342,1.204789611522717,0.046079936762954264,-0.22226957700329533
5550.0,1309.81,2025-11-12 18:18:13,0,2025-11-21,6734.10986328125,0.031746031746031744,2511,0.045,in,6744.103250580426,-0.0017112005055515342,1.1634428141150592,0.04297140259415772,-0.19487060281518087
5790.0,1081.63,2025-11-12 14:30:44,0,2025-11-21,6734.10986328125,0.031746031746031744,2511,0.045,in,6744.103250580426,-0.0017112005055515342,1.0276443485204998,0.033525489112575316,-0.15253623898862015
6275.0,582.55,2025-11-12 20:38:38,0,2025-11-21,6734.10986328125,0.031746031746031744,2511,0.045,in,6744.103250580426,-0.0017112005055515342,0.6293041520702806,0.012572181454377612,-0.07209504555567635
6585.0,278.7,2025-11-12 15:18:19,0,2025-11-21,6734.10986328125,0.031746031746031744,2511,0.045,in,6744.103250580426,-0.0017112005055515342,0.39956913203767114,0.005068428294518662,-0.023874195378279568
6595.0,242.41,2025-11-11 16:19:54,0,2025-11-20,6734.10986328125,0.031746031746031744,2511,0.045,in,6744.103250580426,-0.0017112005055515342,0.331933492605048,0.0034977728099360463,-0.022356744404246027
5200.0,1622.19,2025-11-11 16:58:02,0,2025-11-21,6734.10986328125,0.03571428571428571,2511,0.045,in,6744.103250580426,0.0034789328839541916,1.1838232803681321,0.050051341397913035,-0.2600099049861423
5820.0,1030.96,2025-11-11 19:08:55,0,2025-11-21,6734.10986328125,0.03571428571428571,2511,0.045,in,6744.103250580426,0.0034789328839541916,0.8822555668392205,0.02779910304352836,-0.1473682688301775
6000.0,744.24,2025-11-14 20:43:38,0,2025-11-24,6734.10986328125,0.03571428571428571,2511,0.045,in,6744.103250580426,0.0034789328839541916,0.24260182833088875,0.0021019873967675004,-0.116909061345469
6115.0,719.0,2025-11-11 14:32:14,0,2025-11-21,6734.10986328125,0.03571428571428571,2511,0.045,in,6744.103250580426,0.0034789328839541916,0.6362081044490828,0.014455741148810538,-0.09792376143438825
6410.0,415.3,2025-11-11 14:52:14,0,2025-11-21,6734.10986328125,0.03571428571428571,2511,0.045,in,6744.103250580426,0.0034789328839541916,0.41714556333626984,0.006214657893254783,-0.05080925964094535
6425.0,390.51,2025-11-10 15:32:14,0,2025-11-20,6734.10986328125,0.03571428571428571,2511,0.045,in,6744.103250580426,0.0034789328839541916,0.3824573548434248,0.005224058152636763,-0.04847189979224043
6500.0,259.17,2025-11-14 15:46:18,0,2025-11-24,6734.10986328125,0.03571428571428571,2511,0.045,in,6744.103250580426,0.0034789328839541916,0.17560473787512718,0.001101322284435433,-0.03686635367193261
6600.0,184.53,2025-11-14 18:11:39,0,2025-11-24,6734.10986328125,0.03571428571428571,2511,0.045,in,6744.103250580426,0.0034789328839541916,0.18953817235123158,0.001283025670651613,-0.021598881541144095
6610.0,139.7,2025-11-14 14:32:06,0,2025-11-24,6734.10986328125,0.03571428571428571,2511,0.045,in,6744.103250580426,0.0034789328839541916,0.08343695250413073,0.00024863303725630595,-0.02008487670992905
6620.0,146.6,2025-11-14 15:35:47,0,2025-11-24,6734.10986328125,0.03571428571428571,2511,0.045,in,6744.103250580426,0.0034789328839541916,0.13203476715108028,0.0006226135620228567,-0.018573160624607142
6625.0,128.4,2025-11-14 15:05:50,0,2025-11-24,6734.10986328125,0.03571428571428571,2511,0.045,in,6744.103250580426,0.0034789328839541916,0.09049240522335113,0.0002924598358252566,-0.017818158701238086
6630.0,139.1,2025-11-14 15:35:47,0,2025-11-24,6734.10986328125,0.03571428571428571,2511,0.045,in,6744.103250580426,0.0034789328839541916,0.1322572837421767,0.0006247138965306657,-0.01706372637575286
6645.0,109.86,2025-11-14 14:39:21,0,2025-11-24,6734.10986328125,0.03571428571428571,2511,0.045,in,6744.103250580426,0.0034789328839541916,0.08458190739532538,0.0002555035378082642,-0.014803838408315369
6650.0,134.68,2025-11-14 15:46:18,0,2025-11-24,6734.10986328125,0.03571428571428571,2511,0.045,in,6744.103250580426,0.0034789328839541916,0.15538616890065526,0.0008623164816293915,-0.014051675905761257
6655.0,127.14,2025-11-14 15:38:19,0,2025-11-24,6734.10986328125,0.03571428571428571,2511,0.045,in,6744.103250580426,0.0034789328839541916,0.14614994401129522,0.0007628502190894545,-0.013300078726449081
6660.0,116.1,2025-11-14 15:06:25,0,2025-11-24,6734.10986328125,0.03571428571428571,2511,0.045,in,6744.103250580426,0.0034789328839541916,0.12903923991524896,0.0005946830513537564,-0.012549046021226161
6670.0,130.52,2025-11-14 20:11:55,0,2025-11-24,6734.10986328125,0.03571428571428571,2511,0.045,in,6744.103250580426,0.0034789328839541916,0.17450673897414098,0.0010875929266924633,-0.011048670645991595
6675.0,125.95,2025-11-14 18:11:39,0,2025-11-24,6734.10986328125,0.03571428571428571,2511,0.045,in,6744.103250580426,0.0034789328839541916,0.1714552277688826,0.0010498891117599791,-0.010299326287210725
6680.0,111.07,2025-11-14 20:41:58,0,2025-11-24,6734.10986328125,0.03571428571428571,2511,0.045,in,6744.103250580426,0.0034789328839541916,0.14683580228234994,0.0007700268868536201,-0.009550543024969601
6685.0,186.87,2025-11-11 18:28:22,0,2025-11-21,6734.10986328125,0.03571428571428571,2511,0.045,in,6744.103250580426,0.0034789328839541916,0.30692827571963105,0.0033644630870080664,-0.008802320019617466
6685.0,129.5,2025-11-14 17:19:08,0,2025-11-24,6734.10986328125,0.03571428571428571,2511,0.045,in,6744.103250580426,0.0034789328839541916,0.19121485463973079,0.0013058257369604775,-0.008802320019617466
6690.0,121.1,2025-11-14 16:50:39,0,2025-11-24,6734.10986328125,0.03571428571428571,2511,0.045,in,6744.103250580426,0.0034789328839541916,0.180092509177479,0.0011583325664942983,-0.008054656433386891
6695.0,77.03,2025-11-14 14:44:08,0,2025-11-24,6734.10986328125,0.03571428571428571,2511,0.045,in,6744.103250580426,0.0034789328839541916,0.09497329829595257,0.00032214026390042804,-0.007307551430388151
6700.0,98.9,2025-11-14 20:46:05,0,2025-11-24,6734.10986328125,0.03571428571428571,2511,0.045,in,6744.103250580426,0.0034789328839541916,0.14687920374800978,0.0007704821604874774,-0.006561004176603612
6705.0,92.08,2025-11-14 20:56:08,0,2025-11-24,6734.10986328125,0.03571428571428571,2511,0.045,in,6744.103250580426,0.0034789328839541916,0.13898130715708754,0.0006898501335390253,-0.005815013839882149
6710.0,88.87,2025-11-14 15:45:13,0,2025-11-24,6734.10986328125,0.03571428571428571,2511,0.045,in,6744.103250580426,0.0034789328839541916,0.13833537666492232,0.0006834527298937833,-0.005069579589933577
6715.0,94.2,2025-11-14 19:07:43,0,2025-11-24,6734.10986328125,0.03571428571428571,2511,0.045,in,6744.103250580426,0.0034789328839541916,0.15466615569202163,0.0008543435613053098,-0.004324700598323112
6720.0,96.32,2025-11-14 19:44:47,0,2025-11-24,6734.10986328125,0.03571428571428571,2511,0.045,in,6744.103250580426,0.0034789328839541916,0.16433820727038626,0.0009645373703158726,-0.003580376038465841
6725.0,82.8,2025-11-14 21:09:22,0,2025-11-24,6734.10986328125,0.03571428571428571,2511,0.045,in,6744.103250580426,0.0034789328839541916,0.14283826410884337,0.0007286703462009889,-0.0028366050856212205
6730.0,79.1,2025-11-14 21:10:31,0,2025-11-24,6734.10986328125,0.03571428571428571,2511,0.045,in,6744.103250580426,0.0034789328839541916,0.14078021318879153,0.0007078238723386282,-0.002093386916887594
6735.0,78.5,2025-11-14 21:12:36,0,2025-11-24,6734.10986328125,0.03571428571428571,2511,0.045,out,6744.103250580426,0.0034789328839541916,0.1447437404653466,0.0007482410858535576,-0.0013507207111967308
6740.0,68.08,2025-11-14 20:59:30,0,2025-11-24,6734.10986328125,0.03571428571428571,2511,0.045,out,6744.103250580426,0.0034789328839541916,0.12922762775852503,0.0005964207062891395,-0.000608605649308268
6745.0,70.5,2025-11-14 20:46:58,0,2025-11-24,6734.10986328125,0.03571428571428571,2511,0.045,out,6744.103250580426,0.0034789328839541916,0.13892137745151134,0.0006892553254651887,0.00013295908619526283
6750.0,64.6,2025-11-14 20:59:49,0,2025-11-24,6734.10986328125,0.03571428571428571,2511,0.045,out,6744.103250580426,0.0034789328839541916,0.13210759895956534,0.0006233006322450481,0.0008739743109143962
6755.0,68.7,2025-11-14 18:23:55,0,2025-11-24,6734.10986328125,0.03571428571428571,2511,0.045,out,6744.103250580426,0.0034789328839541916,0.14488689108536598,0.0007497218288708108,0.0016144408386382242
6760.0,57.64,2025-11-14 20:47:31,0,2025-11-24,6734.10986328125,0.03571428571428571,2511,0.045,out,6744.103250580426,0.0034789328839541916,0.12765193364784921,0.0005819648630012463,0.0023543594813486496
6765.0,66.16,2025-11-14 20:14:38,0,2025-11-24,6734.10986328125,0.03571428571428571,2511,0.045,out,6744.103250580426,0.0034789328839541916,0.14898900863401565,0.0007927758819195282,0.0030937310492273923
6770.0,55.5,2025-11-14 20:42:44,0,2025-11-24,6734.10986328125,0.03571428571428571,2511,0.045,out,6744.103250580426,0.0034789328839541916,0.1322565235060284,0.0006247067146393087,0.003832556350659538
6775.0,60.43,2025-11-14 20:14:38,0,2025-11-24,6734.10986328125,0.03571428571428571,2511,0.045,out,6744.103250580426,0.0034789328839541916,0.1463683090455201,0.0007651314961730313,0.004570836192240613
6780.0,47.89,2025-11-14 20:57:02,0,2025-11-24,6734.10986328125,0.03571428571428571,2511,0.045,out,6744.103250580426,0.0034789328839541916,0.12548019792019147,0.000562331431074658,0.005308571378780321
6785.0,50.3,2025-11-14 20:27:24,0,2025-11-24,6734.10986328125,0.03571428571428571,2511,0.045,out,6744.103250580426,0.0034789328839541916,0.13441921864006123,0.0006453045121358781,0.006045762713308466
6790.0,47.3,2025-11-14 21:14:43,0,2025-11-24,6734.10986328125,0.03571428571428571,2511,0.045,out,6744.103250580426,0.0034789328839541916,0.13235250548730093,0.0006256137753130722,0.006782410997080864
6795.0,42.63,2025-11-14 20:55:19,0,2025-11-24,6734.10986328125,0.03571428571428571,2511,0.045,out,6744.103250580426,0.0034789328839541916,0.12670337607820167,0.0005733480539147932,0.007518517029583022
6800.0,41.93,2025-11-14 21:10:39,0,2025-11-24,6734.10986328125,0.03571428571428571,2511,0.045,out,6744.103250580426,0.0034789328839541916,0.12906790555919107,0.0005949472944798665,0.008254081608537106
6805.0,46.6,2025-11-14 20:10:13,0,2025-11-24,6734.10986328125,0.03571428571428571,2511,0.045,out,6744.103250580426,0.0034789328839541916,0.1425239926819336,0.0007254674460714237,0.008989105529905369
6810.0,34.6,2025-11-14 20:07:23,0,2025-11-24,6734.10986328125,0.03571428571428571,2511,0.045,out,6744.103250580426,0.0034789328839541916,0.1209780243655574,0.0005227029421211928,0.009723589587897074
6815.0,45.1,2025-11-14 20:03:01,0,2025-11-24,6734.10986328125,0.03571428571428571,2511,0.045,out,6744.103250580426,0.0034789328839541916,0.1468427656376333,0.0007700999221467462,0.010457534574971896
6820.0,34.06,2025-11-14 21:14:26,0,2025-11-24,6734.10986328125,0.03571428571428571,2511,0.045,out,6744.103250580426,0.0034789328839541916,0.12682781137813431,0.0005744747763917006,0.011190941281846794
6825.0,28.9,2025-11-14 20:59:41,0,2025-11-24,6734.10986328125,0.03571428571428571,2511,0.045,out,6744.103250580426,0.0034789328839541916,0.11880402028831986,0.000504085544166697,0.011923810497499375
6830.0,27.96,2025-11-14 20:55:28,0,2025-11-24,6734.10986328125,0.03571428571428571,2511,0.045,out,6744.103250580426,0.0034789328839541916,0.11996479264292595,0.0005139839812092935,0.012656143009174744
6835.0,25.45,2025-11-14 21:01:15,0,2025-11-24,6734.10986328125,0.03571428571428571,2511,0.045,out,6744.103250580426,0.0034789328839541916,0.11738270801417412,0.0004920964335978878,0.013387939602388814
6840.0,23.57,2025-11-14 20:57:13,0,2025-11-24,6734.10986328125,0.03571428571428571,2511,0.045,out,6744.103250580426,0.0034789328839541916,0.11605993487651554,0.00048106816012646533,0.014119201060935128
6845.0,25.09,2025-11-14 21:13:10,0,2025-11-24,6734.10986328125,0.03571428571428571,2511,0.045,out,6744.103250580426,0.0034789328839541916,0.1227910330135936,0.0005384870638766227,0.014849928166888128
6850.0,22.35,2025-11-14 21:08:17,0,2025-11-24,6734.10986328125,0.03571428571428571,2511,0.045,out,6744.103250580426,0.0034789328839541916,0.11917525968836493,0.000507240804349615,0.015580121700609942
6855.0,19.43,2025-11-14 20:53:12,0,2025-11-24,6734.10986328125,0.03571428571428571,2511,0.045,out,6744.103250580426,0.0034789328839541916,0.11474674465329292,0.0004702434074474288,0.016309782440753835
6860.0,17.49,2025-11-14 20:57:49,0,2025-11-24,6734.10986328125,0.03571428571428571,2511,0.045,out,6744.103250580426,0.0034789328839541916,0.11249732573307829,0.0004519874391819399,0.017038911164269862
6865.0,18.9,2025-11-14 21:14:20,0,2025-11-24,6734.10986328125,0.03571428571428571,2511,0.045,out,6744.103250580426,0.0034789328839541916,0.11907680493437052,0.0005064030526206474,0.01776750864641048
6870.0,16.6,2025-11-14 20:39:42,0,2025-11-24,6734.10986328125,0.03571428571428571,2511,0.045,out,6744.103250580426,0.0034789328839541916,0.11561377250692884,0.00047737658547442475,0.018495575660733964
6875.0,15.84,2025-11-14 21:13:54,0,2025-11-24,6734.10986328125,0.03571428571428571,2511,0.045,out,6744.103250580426,0.0034789328839541916,0.11618855515542761,0.0004821350124680658,0.019223112979111084
6880.0,14.82,2025-11-14 21:14:06,0,2025-11-24,6734.10986328125,0.03571428571428571,2511,0.045,out,6744.103250580426,0.0034789328839541916,0.11590214922473331,0.0004797610069611553,0.01995012137172827
6885.0,12.1,2025-11-14 20:56:22,0,2025-11-24,6734.10986328125,0.03571428571428571,2511,0.045,out,6744.103250580426,0.0034789328839541916,0.11019075753203464,0.0004336429659101303,0.02067660160709425
6890.0,11.53,2025-11-14 20:52:09,0,2025-11-24,6734.10986328125,0.03571428571428571,2511,0.045,out,6744.103250580426,0.0034789328839541916,0.1108598191391519,0.00043892498212733816,0.021402554452043168
6895.0,9.7,2025-11-14 20:58:07,0,2025-11-24,6734.10986328125,0.03571428571428571,2511,0.045,out,6744.103250580426,0.0034789328839541916,0.10710433495916874,0.00040969066310877914,0.0221279806717412
6900.0,10.62,2025-11-14 21:14:06,0,2025-11-24,6734.10986328125,0.03571428571428571,2511,0.045,out,6744.103250580426,0.0034789328839541916,0.11270875658587755,0.000453687993254807,0.02285288102968965
6905.0,8.8,2025-11-14 20:44:21,0,2025-11-24,6734.10986328125,0.03571428571428571,2511,0.045,out,6744.103250580426,0.0034789328839541916,0.10855577958796596,0.0004208699029268231,0.023577256287731493
6910.0,7.36,2025-11-14 20:58:51,0,2025-11-24,6734.10986328125,0.03571428571428571,2511,0.045,out,6744.103250580426,0.0034789328839541916,0.10522151588556201,0.0003954131216162707,0.024301107206054464
6915.0,6.8,2025-11-14 20:56:57,0,2025-11-24,6734.10986328125,0.03571428571428571,2511,0.045,out,6744.103250580426,0.0034789328839541916,0.10510631188722656,0.0003945477428048194,0.025024434543197572
6920.0,7.3,2025-11-14 21:13:24,0,2025-11-24,6734.10986328125,0.03571428571428571,2511,0.045,out,6744.103250580426,0.0034789328839541916,0.10942611336352148,0.00042764551020879474,0.02574723905605412
6925.0,5.8,2025-11-14 20:54:08,0,2025-11-24,6734.10986328125,0.03571428571428571,2511,0.045,out,6744.103250580426,0.0034789328839541916,0.10495205214260585,0.00039339047317658057,0.02646952149987822
6930.0,5.35,2025-11-14 21:07:16,0,2025-11-24,6734.10986328125,0.03571428571428571,2511,0.045,out,6744.103250580426,0.0034789328839541916,0.10488686908526076,0.0003929019752324511,0.027191282628287773
6940.0,4.22,2025-11-14 20:51:48,0,2025-11-24,6734.10986328125,0.03571428571428571,2511,0.045,out,6744.103250580426,0.0034789328839541916,0.102989525886288,0.0003788158015100852,0.028633243945189246
6950.0,3.45,2025-11-14 21:07:16,0,2025-11-24,6734.10986328125,0.03571428571428571,2511,0.045,out,6744.103250580426,0.0034789328839541916,0.10223943226048755,0.0003733179110338151,0.030073129003176862
6960.0,2.44,2025-11-14 20:33:46,0,2025-11-24,6734.10986328125,0.03571428571428571,2511,0.045,out,6744.103250580426,0.0034789328839541916,0.0987517087942911,0.0003482821424925882,0.03151094377280436
6970.0,2.06,2025-11-14 20:41:31,0,2025-11-24,6734.10986328125,0.03571428571428571,2511,0.045,out,6744.103250580426,0.0034789328839541916,0.09909732106551149,0.0003507242515128952,0.03294669419890858
6975.0,1.78,2025-11-14 20:44:11,0,2025-11-24,6734.10986328125,0.03571428571428571,2511,0.045,out,6744.103250580426,0.0034789328839541916,0.098188143478809,0.0003443182685648279,0.03366379713390528
6980.0,1.65,2025-11-14 21:03:08,0,2025-11-24,6734.10986328125,0.03571428571428571,2511,0.045,out,6744.103250580426,0.0034789328839541916,0.09856495533424117,0.0003469660864300342,0.03438038620075716
6990.0,1.3,2025-11-14 21:00:21,0,2025-11-24,6734.10986328125,0.03571428571428571,2511,0.045,out,6744.103250580426,0.0034789328839541916,0.09789904842334886,0.0003422937029356144,0.03581202567219493
7000.0,1.07,2025-11-14 21:11:28,0,2025-11-24,6734.10986328125,0.03571428571428571,2511,0.045,out,6744.103250580426,0.0034789328839541916,0.09804600860033773,0.00034332213580205354,0.037241618481789335
7010.0,0.75,2025-11-14 20:59:48,0,2025-11-24,6734.10986328125,0.03571428571428571,2511,0.045,out,6744.103250580426,0.0034789328839541916,0.09595347134084704,0.00032882388079852695,0.03866917047297474
7020.0,0.9,2025-11-14 19:57:49,0,2025-11-24,6734.10986328125,0.03571428571428571,2511,0.045,out,6744.103250580426,0.0034789328839541916,0.10164662388146606,0.00036900129094643663,0.040094687464195755
7025.0,0.55,2025-11-14 20:55:53,0,2025-11-24,6734.10986328125,0.03571428571428571,2511,0.045,out,6744.103250580426,0.0034789328839541916,0.09624531626071366,0.00033082717507588544,0.04080668464628556
7050.0,0.27,2025-11-14 21:02:20,0,2025-11-24,6734.10986328125,0.03571428571428571,2511,0.045,out,6744.103250580426,0.0034789328839541916,0.09472140975770202,0.0003204337666602317,0.04435908625065325
7075.0,0.25,2025-11-14 20:35:49,0,2025-11-24,6734.10986328125,0.03571428571428571,2511,0.045,out,6744.103250580426,0.0034789328839541916,0.10048904228745026,0.00036064455785174876,0.047898912955777355
7100.0,0.2,2025-11-14 19:59:09,0,2025-11-24,6734.10986328125,0.03571428571428571,2511,0.045,out,6744.103250580426,0.0034789328839541916,0.10443440318533682,0.0003895194488813389,0.05142625347374584
7110.0,1.05,2025-11-11 21:08:38,0,2025-11-21,6734.10986328125,0.03571428571428571,2511,0.045,out,6744.103250580426,0.0034789328839541916,0.1315275564103582,0.00061783921768857,0.0528337132416256
7125.0,0.3,2025-11-14 17:35:04,0,2025-11-24,6734.10986328125,0.03571428571428571,2511,0.045,out,6744.103250580426,0.0034789328839541916,0.11584442963755068,0.0004792832813589082,0.054941195581190184
5640.0,1165.0,2025-11-10 14:35:51,0,2025-11-21,6734.10986328125,0.03968253968253968,2511,0.045,in,6744.103250580426,0.007631039595558775,0.7872761292344427,0.02459538506596694,-0.17878446506355652
5800.0,1042.86,2025-11-10 20:08:34,0,2025-11-21,6734.10986328125,0.03968253968253968,2511,0.045,in,6744.103250580426,0.007631039595558775,0.8224671192841665,0.026843339773952198,-0.1508106130211504
5880.0,909.68,2025-11-10 16:14:11,0,2025-11-21,6734.10986328125,0.03968253968253968,2511,0.045,in,6744.103250580426,0.007631039595558775,0.5938984346573595,0.013996640900335788,-0.13711176866298838
6320.0,522.94,2025-11-10 20:55:42,0,2025-11-21,6734.10986328125,0.03968253968253968,2511,0.045,in,6744.103250580426,0.007631039595558775,0.49426084250148367,0.00969419763612208,-0.06494932241475795
6490.0,359.37,2025-11-10 20:52:01,0,2025-11-21,6734.10986328125,0.03968253968253968,2511,0.045,in,6744.103250580426,0.007631039595558775,0.3941918606465522,0.006166159642856778,-0.038405999857525394
6525.0,244.0,2025-11-14 18:38:16,0,2025-11-25,6734.10986328125,0.03968253968253968,2511,0.045,in,6744.103250580426,0.007631039595558775,0.18193802853227928,0.0013135494534211299,-0.03302757736476685
6540.0,234.17,2025-11-13 18:30:48,0,2025-11-24,6734.10986328125,0.03968253968253968,2511,0.045,in,6744.103250580426,0.007631039595558775,0.18806682789926835,0.0014035369744481356,-0.03073136510441665
6550.0,197.72,2025-11-14 15:19:04,0,2025-11-25,6734.10986328125,0.03968253968253968,2511,0.045,in,6744.103250580426,0.007631039595558775,0.08562822702651492,0.0002909600501469992,-0.029203480926363445
6570.0,277.41,2025-11-10 19:48:28,0,2025-11-21,6734.10986328125,0.03968253968253968,2511,0.045,in,6744.103250580426,0.007631039595558775,0.33267927386269497,0.004391884891182937,-0.026154698077004882
6640.0,131.3,2025-11-13 18:30:48,0,2025-11-24,6734.10986328125,0.03968253968253968,2511,0.045,in,6744.103250580426,0.007631039595558775,0.12252333771934956,0.0005957130272178486,-0.01555656708518153
6640.0,134.8,2025-11-14 15:33:14,0,2025-11-25,6734.10986328125,0.03968253968253968,2511,0.045,in,6744.103250580426,0.007631039595558775,0.13056016185696373,0.0006764268200046257,-0.01555656708518153
6645.0,152.33,2025-11-14 19:02:06,0,2025-11-25,6734.10986328125,0.03968253968253968,2511,0.045,in,6744.103250580426,0.007631039595558775,0.175636402212353,0.00122413276913093,-0.014803838408315369
6650.0,161.6,2025-11-14 17:23:00,0,2025-11-25,6734.10986328125,0.03968253968253968,2511,0.045,in,6744.103250580426,0.007631039595558775,0.20105732554211014,0.0016041288950057956,-0.014051675905761257
6655.0,141.05,2025-11-14 15:48:21,0,2025-11-25,6734.10986328125,0.03968253968253968,2511,0.045,in,6744.103250580426,0.007631039595558775,0.16592557689531032,0.0010925117884143466,-0.013300078726449081
6670.0,137.48,2025-11-14 19:41:13,0,2025-11-25,6734.10986328125,0.03968253968253968,2511,0.045,in,6744.103250580426,0.007631039595558775,0.1778925960260758,0.0012557847508292302,-0.011048670645991595
6675.0,131.8,2025-11-14 16:33:41,0,2025-11-25,6734.10986328125,0.03968253968253968,2511,0.045,in,6744.103250580426,0.007631039595558775,0.17275542494161086,0.001184303049474466,-0.010299326287210725
6680.0,122.75,2025-11-14 18:25:00,0,2025-11-25,6734.10986328125,0.03968253968253968,2511,0.045,in,6744.103250580426,0.007631039595558775,0.16097214387094955,0.0010282552024765746,-0.009550543024969601
6695.0,106.9,2025-11-14 18:43:00,0,2025-11-25,6734.10986328125,0.03968253968253968,2511,0.045,in,6744.103250580426,0.007631039595558775,0.1477225796515425,0.000865950815035965,-0.007307551430388151
6700.0,112.35,2025-11-14 18:11:39,0,2025-11-25,6734.10986328125,0.03968253968253968,2511,0.045,in,6744.103250580426,0.007631039595558775,0.16386903041282752,0.0010655975844619122,-0.006561004176603612
6705.0,111.76,2025-11-14 19:41:13,0,2025-11-25,6734.10986328125,0.03968253968253968,2511,0.045,in,6744.103250580426,0.007631039595558775,0.16819187320053294,0.0011225597702660376,-0.005815013839882149
6710.0,92.0,2025-11-14 15:02:58,0,2025-11-25,6734.10986328125,0.03968253968253968,2511,0.045,in,6744.103250580426,0.007631039595558775,0.13590691573721367,0.0007329638787778609,-0.005069579589933577
6720.0,100.3,2025-11-14 18:55:34,0,2025-11-25,6734.10986328125,0.03968253968253968,2511,0.045,in,6744.103250580426,0.007631039595558775,0.16218745068760268,0.0010438400460533153,-0.003580376038465841
6730.0,88.89,2025-11-14 18:03:41,0,2025-11-25,6734.10986328125,0.03968253968253968,2511,0.045,in,6744.103250580426,0.007631039595558775,0.15074655078505445,0.0009017667687932935,-0.002093386916887594
6740.0,87.94,2025-11-14 19:40:37,0,2025-11-25,6734.10986328125,0.03968253968253968,2511,0.045,out,6744.103250580426,0.007631039595558775,0.15860347856113854,0.0009982168020513306,-0.000608605649308268
6745.0,91.1,2025-11-14 17:14:52,0,2025-11-25,6734.10986328125,0.03968253968253968,2511,0.045,out,6744.103250580426,0.007631039595558775,0.1691786020132658,0.0011357698166334514,0.00013295908619526283
6750.0,70.62,2025-11-14 20:53:50,0,2025-11-25,6734.10986328125,0.03968253968253968,2511,0.045,out,6744.103250580426,0.007631039595558775,0.1354881738540313,0.0007284541767579449,0.0008739743109143962
6755.0,70.8,2025-11-14 21:12:18,0,2025-11-25,6734.10986328125,0.03968253968253968,2511,0.045,out,6744.103250580426,0.007631039595558775,0.14031049220269637,0.0007812315167524968,0.0016144408386382242
6760.0,68.07,2025-11-14 20:27:18,0,2025-11-25,6734.10986328125,0.03968253968253968,2511,0.045,out,6744.103250580426,0.007631039595558775,0.13959553081108084,0.0007732901675566435,0.0023543594813486496
6765.0,64.92,2025-11-14 20:31:55,0,2025-11-25,6734.10986328125,0.03968253968253968,2511,0.045,out,6744.103250580426,0.007631039595558775,0.1379915085969374,0.0007556212874943908,0.0030937310492273923
6770.0,68.08,2025-11-14 20:11:54,0,2025-11-25,6734.10986328125,0.03968253968253968,2511,0.045,out,6744.103250580426,0.007631039595558775,0.14814261734916598,0.0008708823442484687,0.003832556350659538
6775.0,59.69,2025-11-14 20:14:12,0,2025-11-25,6734.10986328125,0.03968253968253968,2511,0.045,out,6744.103250580426,0.007631039595558775,0.13647568343361208,0.0007391115939949007,0.004570836192240613
6780.0,63.08,2025-11-14 20:11:36,0,2025-11-25,6734.10986328125,0.03968253968253968,2511,0.045,out,6744.103250580426,0.007631039595558775,0.14693051219557052,0.0008566895005576467,0.005308571378780321
6785.0,59.66,2025-11-14 20:11:54,0,2025-11-25,6734.10986328125,0.03968253968253968,2511,0.045,out,6744.103250580426,0.007631039595558775,0.1444285659969728,0.0008277623284103938,0.006045762713308466
6790.0,58.63,2025-11-14 20:08:40,0,2025-11-25,6734.10986328125,0.03968253968253968,2511,0.045,out,6744.103250580426,0.007631039595558775,0.14637249223241464,0.0008501947016796937,0.006782410997080864
6800.0,53.23,2025-11-14 19:40:37,0,2025-11-25,6734.10986328125,0.03968253968253968,2511,0.045,out,6744.103250580426,0.007631039595558775,0.1435875745060139,0.0008181504584333369,0.008254081608537106
6810.0,39.71,2025-11-14 20:48:05,0,2025-11-25,6734.10986328125,0.03968253968253968,2511,0.045,out,6744.103250580426,0.007631039595558775,0.12423237879969756,0.0006124477754853787,0.009723589587897074
6815.0,40.47,2025-11-14 20:32:32,0,2025-11-25,6734.10986328125,0.03968253968253968,2511,0.045,out,6744.103250580426,0.007631039595558775,0.12920263829078227,0.0006624334024324887,0.010457534574971896
6820.0,43.1,2025-11-14 15:53:46,0,2025-11-25,6734.10986328125,0.03968253968253968,2511,0.045,out,6744.103250580426,0.007631039595558775,0.1379139999784636,0.0007547726742087164,0.011190941281846794
6825.0,36.94,2025-11-14 19:01:34,0,2025-11-25,6734.10986328125,0.03968253968253968,2511,0.045,out,6744.103250580426,0.007631039595558775,0.1287474579890029,0.000657774124548812,0.011923810497499375
6830.0,31.4,2025-11-14 20:55:24,0,2025-11-25,6734.10986328125,0.03968253968253968,2511,0.045,out,6744.103250580426,0.007631039595558775,0.12041110457105732,0.0005753505596834167,0.012656143009174744
6835.0,32.0,2025-11-14 20:30:53,0,2025-11-25,6734.10986328125,0.03968253968253968,2511,0.045,out,6744.103250580426,0.007631039595558775,0.12483969835395765,0.0006184504081391721,0.013387939602388814
6840.0,31.4,2025-11-14 20:33:57,0,2025-11-25,6734.10986328125,0.03968253968253968,2511,0.045,out,6744.103250580426,0.007631039595558775,0.12667108386013956,0.000636728709773909,0.014119201060935128
6845.0,35.98,2025-11-14 17:41:48,0,2025-11-25,6734.10986328125,0.03968253968253968,2511,0.045,out,6744.103250580426,0.007631039595558775,0.13959477178336174,0.0007732817583035257,0.014849928166888128
6850.0,26.2,2025-11-14 21:11:14,0,2025-11-25,6734.10986328125,0.03968253968253968,2511,0.045,out,6744.103250580426,0.007631039595558775,0.12122302987249686,0.0005831358322011216,0.015580121700609942
6855.0,30.8,2025-11-14 16:32:00,0,2025-11-25,6734.10986328125,0.03968253968253968,2511,0.045,out,6744.103250580426,0.007631039595558775,0.13448975340202077,0.0007177576892911252,0.016309782440753835
6860.0,20.5,2025-11-14 20:57:18,0,2025-11-25,6734.10986328125,0.03968253968253968,2511,0.045,out,6744.103250580426,0.007631039595558775,0.11354694163853724,0.0005116233315660865,0.017038911164269862
6870.0,15.47,2025-11-14 14:46:02,0,2025-11-25,6734.10986328125,0.03968253968253968,2511,0.045,out,6744.103250580426,0.007631039595558775,0.10604234695665868,0.00044622933920938007,0.018495575660733964
6875.0,17.32,2025-11-14 18:43:00,0,2025-11-25,6734.10986328125,0.03968253968253968,2511,0.045,out,6744.103250580426,0.007631039595558775,0.11353536950500755,0.0005115190527237538,0.019223112979111084
6880.0,16.84,2025-11-14 20:39:25,0,2025-11-25,6734.10986328125,0.03968253968253968,2511,0.045,out,6744.103250580426,0.007631039595558775,0.11484494634944832,0.0005233873691272882,0.01995012137172827
6890.0,13.1,2025-11-14 20:47:41,0,2025-11-25,6734.10986328125,0.03968253968253968,2511,0.045,out,6744.103250580426,0.007631039595558775,0.10933153495026562,0.0004743406561341727,0.021402554452043168
6900.0,11.14,2025-11-14 20:52:57,0,2025-11-25,6734.10986328125,0.03968253968253968,2511,0.045,out,6744.103250580426,0.007631039595558775,0.10803791897954708,0.0004631822197393325,0.02285288102968965
6910.0,14.6,2025-11-14 18:13:27,0,2025-11-25,6734.10986328125,0.03968253968253968,2511,0.045,out,6744.103250580426,0.007631039595558775,0.12339963055621209,0.0006042646357702234,0.024301107206054464
6920.0,7.89,2025-11-14 20:52:57,0,2025-11-25,6734.10986328125,0.03968253968253968,2511,0.045,out,6744.103250580426,0.007631039595558775,0.10559140208746468,0.0004424422299522476,0.02574723905605412
6925.0,7.6,2025-11-14 20:55:54,0,2025-11-25,6734.10986328125,0.03968253968253968,2511,0.045,out,6744.103250580426,0.007631039595558775,0.10657983903374144,0.00045076436858961243,0.02646952149987822
6930.0,8.8,2025-11-14 18:39:11,0,2025-11-25,6734.10986328125,0.03968253968253968,2511,0.045,out,6744.103250580426,0.007631039595558775,0.11331294505967542,0.0005095168062736912,0.027191282628287773
6940.0,9.1,2025-11-14 20:05:54,0,2025-11-25,6734.10986328125,0.03968253968253968,2511,0.045,out,6744.103250580426,0.007631039595558775,0.11871812397310257,0.0005592854349084504,0.028633243945189246
6950.0,4.62,2025-11-14 18:43:33,0,2025-11-25,6734.10986328125,0.03968253968253968,2511,0.045,out,6744.103250580426,0.007631039595558775,0.10314712604634756,0.00042219561950877424,0.030073129003176862
6960.0,5.6,2025-11-14 19:57:50,0,2025-11-25,6734.10986328125,0.03968253968253968,2511,0.045,out,6744.103250580426,0.007631039595558775,0.11194808636301527,0.0004973164301722669,0.03151094377280436
6970.0,4.5,2025-11-14 19:57:49,0,2025-11-25,6734.10986328125,0.03968253968253968,2511,0.045,out,6744.103250580426,0.007631039595558775,0.11000335824581207,0.0004801880486252568,0.03294669419890858
6975.0,4.0,2025-11-14 19:57:49,0,2025-11-25,6734.10986328125,0.03968253968253968,2511,0.045,out,6744.103250580426,0.007631039595558775,0.10895304788039274,0.0004710621683502838,0.03366379713390528
6980.0,3.7,2025-11-14 19:57:49,0,2025-11-25,6734.10986328125,0.03968253968253968,2511,0.045,out,6744.103250580426,0.007631039595558775,0.10891392463515753,0.0004707239277552688,0.03438038620075716
6990.0,3.0,2025-11-14 19:57:49,0,2025-11-25,6734.10986328125,0.03968253968253968,2511,0.045,out,6744.103250580426,0.007631039595558775,0.1077152647376022,0.00046041977212268767,0.03581202567219493
7000.0,1.51,2025-11-14 21:02:06,0,2025-11-25,6734.10986328125,0.03968253968253968,2511,0.045,out,6744.103250580426,0.007631039595558775,0.09799212689258015,0.0003810498782909337,0.037241618481789335
7010.0,1.35,2025-11-14 21:08:12,0,2025-11-25,6734.10986328125,0.03968253968253968,2511,0.045,out,6744.103250580426,0.007631039595558775,0.09925714475976725,0.00039095161848656313,0.03866917047297474
7020.0,1.0,2025-11-14 19:57:49,0,2025-11-25,6734.10986328125,0.03968253968253968,2511,0.045,out,6744.103250580426,0.007631039595558775,0.09760279748284505,0.0003780280189078279,0.040094687464195755
7025.0,0.9,2025-11-14 20:55:19,0,2025-11-25,6734.10986328125,0.03968253968253968,2511,0.045,out,6744.103250580426,0.007631039595558775,0.09752101051000417,0.00037739474170207706,0.04080668464628556
7050.0,0.65,2025-11-14 19:57:49,0,2025-11-25,6734.10986328125,0.03968253968253968,2511,0.045,out,6744.103250580426,0.007631039595558775,0.1000348588085751,0.0003971021022560141,0.04435908625065325
7075.0,0.4,2025-11-14 19:57:49,0,2025-11-25,6734.10986328125,0.03968253968253968,2511,0.045,out,6744.103250580426,0.007631039595558775,0.10044013241742367,0.000400326198413873,0.047898912955777355
7100.0,0.27,2025-11-14 20:20:13,0,2025-11-25,6734.10986328125,0.03968253968253968,2511,0.045,out,6744.103250580426,0.007631039595558775,0.10210187337579968,0.00041368224392253296,0.05142625347374584
6450.0,393.34,2025-11-12 16:12:41,0,2025-11-24,6734.10986328125,0.04365079365079365,2511,0.045,in,6744.103250580426,0.011028217814144342,0.3879392556498765,0.0065693076460951695,-0.04458839976584284
6620.0,214.9,2025-11-13 14:56:03,0,2025-11-25,6734.10986328125,0.04365079365079365,2511,0.045,in,6744.103250580426,0.011028217814144342,0.2561882138518417,0.0028649063892165344,-0.018573160624607142
6620.0,146.0,2025-11-14 14:57:35,0,2025-11-26,6734.10986328125,0.04365079365079365,2511,0.045,in,6744.103250580426,0.011028217814144342,0.11351186200133398,0.0005624379800202729,-0.018573160624607142
6625.0,125.4,2025-11-14 14:32:02,0,2025-11-26,6734.10986328125,0.04365079365079365,2511,0.045,in,6744.103250580426,0.011028217814144342,0.06299749471524338,0.00017323622120781067,-0.017818158701238086
6630.0,132.6,2025-11-13 14:56:03,0,2025-11-25,6734.10986328125,0.04365079365079365,2511,0.045,in,6744.103250580426,0.011028217814144342,0.09963873707643088,0.0004333597507462196,-0.01706372637575286
6635.0,158.9,2025-11-14 18:38:49,0,2025-11-26,6734.10986328125,0.04365079365079365,2511,0.045,in,6744.103250580426,0.011028217814144342,0.16563800437223788,0.0011976009262563193,-0.016309862789353174
6640.0,154.0,2025-11-14 18:45:16,0,2025-11-26,6734.10986328125,0.04365079365079365,2511,0.045,in,6744.103250580426,0.011028217814144342,0.16258047233881132,0.0011537956739881782,-0.01555656708518153
6650.0,133.2,2025-11-14 15:29:09,0,2025-11-26,6734.10986328125,0.04365079365079365,2511,0.045,in,6744.103250580426,0.011028217814144342,0.13423197942981455,0.0007865097909448718,-0.014051675905761257
6660.0,126.7,2025-11-14 15:18:00,0,2025-11-26,6734.10986328125,0.04365079365079365,2511,0.045,in,6744.103250580426,0.011028217814144342,0.13487289083203624,0.0007940383472035478,-0.012549046021226161
6670.0,133.0,2025-11-14 18:38:48,0,2025-11-26,6734.10986328125,0.04365079365079365,2511,0.045,in,6744.103250580426,0.011028217814144342,0.15972369917581783,0.0011136042097717406,-0.011048670645991595
6680.0,125.2,2025-11-14 18:38:37,0,2025-11-26,6734.10986328125,0.04365079365079365,2511,0.045,in,6744.103250580426,0.011028217814144342,0.1567067242702447,0.0010719324275659345,-0.009550543024969601
6695.0,131.97,2025-11-14 17:38:07,0,2025-11-26,6734.10986328125,0.04365079365079365,2511,0.045,in,6744.103250580426,0.011028217814144342,0.18559181949196685,0.0015035220558957414,-0.007307551430388151
6700.0,128.32,2025-11-14 17:38:07,0,2025-11-26,6734.10986328125,0.04365079365079365,2511,0.045,in,6744.103250580426,0.011028217814144342,0.18411097293886802,0.001479624420323264,-0.006561004176603612
6705.0,89.0,2025-11-14 15:07:27,0,2025-11-26,6734.10986328125,0.04365079365079365,2511,0.045,in,6744.103250580426,0.011028217814144342,0.11745005119224512,0.0006021415070463135,-0.005815013839882149
6715.0,98.0,2025-11-14 21:07:50,0,2025-11-26,6734.10986328125,0.04365079365079365,2511,0.045,in,6744.103250580426,0.011028217814144342,0.14436387051913563,0.0009097230088250924,-0.004324700598323112
6720.0,98.4,2025-11-14 18:38:40,0,2025-11-26,6734.10986328125,0.04365079365079365,2511,0.045,in,6744.103250580426,0.011028217814144342,0.15004984494387988,0.0009827956970020093,-0.003580376038465841
6725.0,65.11,2025-11-13 19:54:10,0,2025-11-25,6734.10986328125,0.04365079365079365,2511,0.045,in,6744.103250580426,0.011028217814144342,0.09496622148080829,0.0003936683152609574,-0.0028366050856212205
6725.0,91.6,2025-11-14 21:07:50,0,2025-11-26,6734.10986328125,0.04365079365079365,2511,0.045,in,6744.103250580426,0.011028217814144342,0.1426851523131617,0.000888688807924332,-0.0028366050856212205
6730.0,89.5,2025-11-14 18:45:16,0,2025-11-26,6734.10986328125,0.04365079365079365,2511,0.045,in,6744.103250580426,0.011028217814144342,0.14369150507283696,0.0009012687894090015,-0.002093386916887594
6740.0,81.84,2025-11-14 20:44:49,0,2025-11-26,6734.10986328125,0.04365079365079365,2511,0.045,out,6744.103250580426,0.011028217814144342,0.1392553161126251,0.0008464780703249943,-0.000608605649308268
6750.0,74.7,2025-11-14 21:02:45,0,2025-11-26,6734.10986328125,0.04365079365079365,2511,0.045,out,6744.103250580426,0.011028217814144342,0.13540696495537133,0.0008003393164391934,0.0008739743109143962
6760.0,72.46,2025-11-14 20:38:12,0,2025-11-26,6734.10986328125,0.04365079365079365,2511,0.045,out,6744.103250580426,0.011028217814144342,0.1399283641343429,0.0008546802300890708,0.0023543594813486496
6765.0,50.7,2025-11-14 13:15:19,0,2025-11-26,6734.10986328125,0.04365079365079365,2511,0.045,out,6744.103250580426,0.011028217814144342,0.10514029338935883,0.0004825368818809721,0.0030937310492273923
6770.0,63.7,2025-11-14 21:02:45,0,2025-11-26,6734.10986328125,0.04365079365079365,2511,0.045,out,6744.103250580426,0.011028217814144342,0.13243577530695713,0.0007656015094948539,0.003832556350659538
6775.0,74.8,2025-11-14 19:47:34,0,2025-11-26,6734.10986328125,0.04365079365079365,2511,0.045,out,6744.103250580426,0.011028217814144342,0.15630712481781855,0.001066472579194223,0.004570836192240613
6780.0,72.8,2025-11-14 20:02:22,0,2025-11-26,6734.10986328125,0.04365079365079365,2511,0.045,out,6744.103250580426,0.011028217814144342,0.15665213578279688,0.0010711857464223418,0.005308571378780321
6785.0,60.42,2025-11-14 18:39:18,0,2025-11-26,6734.10986328125,0.04365079365079365,2511,0.045,out,6744.103250580426,0.011028217814144342,0.13817125958754728,0.000833350264825806,0.006045762713308466
6790.0,54.28,2025-11-14 20:53:49,0,2025-11-26,6734.10986328125,0.04365079365079365,2511,0.045,out,6744.103250580426,0.011028217814144342,0.13074101665786622,0.0007461323325557816,0.006782410997080864
6795.0,51.78,2025-11-14 20:53:49,0,2025-11-26,6734.10986328125,0.04365079365079365,2511,0.045,out,6744.103250580426,0.011028217814144342,0.12980011640167916,0.0007354316364951747,0.007518517029583022
6800.0,52.5,2025-11-14 18:29:33,0,2025-11-26,6734.10986328125,0.04365079365079365,2511,0.045,out,6744.103250580426,0.011028217814144342,0.13469755456229882,0.0007919751716495958,0.008254081608537106
6805.0,52.3,2025-11-13 21:12:21,0,2025-11-25,6734.10986328125,0.04365079365079365,2511,0.045,out,6744.103250580426,0.011028217814144342,0.13785218400141697,0.0008295058371966893,0.008989105529905369
6805.0,60.45,2025-11-14 17:23:24,0,2025-11-26,6734.10986328125,0.04365079365079365,2511,0.045,out,6744.103250580426,0.011028217814144342,0.15289249173469066,0.0010203859298304244,0.008989105529905369
6810.0,55.91,2025-11-14 17:05:18,0,2025-11-26,6734.10986328125,0.04365079365079365,2511,0.045,out,6744.103250580426,0.011028217814144342,0.1480375591751316,0.000956612334094589,0.009723589587897074
6815.0,43.26,2025-11-14 20:39:01,0,2025-11-26,6734.10986328125,0.04365079365079365,2511,0.045,out,6744.103250580426,0.011028217814144342,0.12771352843879283,0.000711976979401388,0.010457534574971896
6820.0,43.59,2025-11-14 18:39:47,0,2025-11-26,6734.10986328125,0.04365079365079365,2511,0.045,out,6744.103250580426,0.011028217814144342,0.13163767496333598,0.0007564017943146103,0.011190941281846794
6825.0,36.41,2025-11-14 20:50:13,0,2025-11-26,6734.10986328125,0.04365079365079365,2511,0.045,out,6744.103250580426,0.011028217814144342,0.12094973686757153,0.0006385604259193758,0.011923810497499375
6830.0,36.93,2025-11-14 20:39:01,0,2025-11-26,6734.10986328125,0.04365079365079365,2511,0.045,out,6744.103250580426,0.011028217814144342,0.12510065722949404,0.0006831425350466863,0.012656143009174744
6840.0,34.0,2025-11-14 21:11:38,0,2025-11-26,6734.10986328125,0.04365079365079365,2511,0.045,out,6744.103250580426,0.011028217814144342,0.12535498206833084,0.0006859229635828055,0.014119201060935128
6850.0,28.35,2025-11-14 21:02:26,0,2025-11-26,6734.10986328125,0.04365079365079365,2511,0.045,out,6744.103250580426,0.011028217814144342,0.1194946859800776,0.0006232888085406781,0.015580121700609942
6860.0,28.1,2025-11-14 20:34:08,0,2025-11-26,6734.10986328125,0.04365079365079365,2511,0.045,out,6744.103250580426,0.011028217814144342,0.12458974237593821,0.0006775739799933699,0.017038911164269862
6870.0,28.72,2025-11-14 17:49:30,0,2025-11-26,6734.10986328125,0.04365079365079365,2511,0.045,out,6744.103250580426,0.011028217814144342,0.13147377889194992,0.0007545194440373915,0.018495575660733964
6875.0,19.69,2025-11-14 20:19:16,0,2025-11-26,6734.10986328125,0.04365079365079365,2511,0.045,out,6744.103250580426,0.011028217814144342,0.11345803153657115,0.0005619046592130527,0.019223112979111084
6880.0,19.3,2025-11-14 21:03:48,0,2025-11-26,6734.10986328125,0.04365079365079365,2511,0.045,out,6744.103250580426,0.011028217814144342,0.11503703617840919,0.0005776536373803129,0.01995012137172827
6890.0,21.3,2025-11-14 18:01:29,0,2025-11-26,6734.10986328125,0.04365079365079365,2511,0.045,out,6744.103250580426,0.011028217814144342,0.12494917751983078,0.0006814891531416827,0.021402554452043168
6900.0,20.21,2025-11-14 20:07:24,0,2025-11-26,6734.10986328125,0.04365079365079365,2511,0.045,out,6744.103250580426,0.011028217814144342,0.1272351100349002,0.0007066527995298602,0.02285288102968965
6910.0,15.46,2025-11-14 18:04:31,0,2025-11-26,6734.10986328125,0.04365079365079365,2511,0.045,out,6744.103250580426,0.011028217814144342,0.11950196577932884,0.0006233647542712805,0.024301107206054464
6920.0,11.63,2025-11-14 21:14:26,0,2025-11-26,6734.10986328125,0.04365079365079365,2511,0.045,out,6744.103250580426,0.011028217814144342,0.11273581668662364,0.0005547738412857146,0.02574723905605412
6925.0,10.0,2025-11-14 20:40:29,0,2025-11-26,6734.10986328125,0.04365079365079365,2511,0.045,out,6744.103250580426,0.011028217814144342,0.10960204923987153,0.0005243599252911566,0.02646952149987822
6930.0,14.04,2025-11-14 16:58:03,0,2025-11-26,6734.10986328125,0.04365079365079365,2511,0.045,out,6744.103250580426,0.011028217814144342,0.12447469556639602,0.0006763232071421297,0.027191282628287773
6940.0,7.5,2025-11-14 21:04:49,0,2025-11-26,6734.10986328125,0.04365079365079365,2511,0.045,out,6744.103250580426,0.011028217814144342,0.10671052429829435,0.0004970575236356569,0.028633243945189246
6950.0,6.55,2025-11-14 20:53:42,0,2025-11-26,6734.10986328125,0.04365079365079365,2511,0.045,out,6744.103250580426,0.011028217814144342,0.10673594233717529,0.000497294346240686,0.030073129003176862
6960.0,6.98,2025-11-14 20:13:11,0,2025-11-26,6734.10986328125,0.04365079365079365,2511,0.045,out,6744.103250580426,0.011028217814144342,0.11237253188132784,0.0005512041473635733,0.03151094377280436
6970.0,6.07,2025-11-14 19:10:37,0,2025-11-26,6734.10986328125,0.04365079365079365,2511,0.045,out,6744.103250580426,0.011028217814144342,0.11215096094763667,0.0005490326129216729,0.03294669419890858
6975.0,3.71,2025-11-14 20:21:27,0,2025-11-26,6734.10986328125,0.04365079365079365,2511,0.045,out,6744.103250580426,0.011028217814144342,0.10176693670644138,0.0004520698550505607,0.03366379713390528
6980.0,4.87,2025-11-14 20:13:11,0,2025-11-26,6734.10986328125,0.04365079365079365,2511,0.045,out,6744.103250580426,0.011028217814144342,0.10993730202539084,0.0005275726751700081,0.03438038620075716
6990.0,4.25,2025-11-14 19:07:37,0,2025-11-26,6734.10986328125,0.04365079365079365,2511,0.045,out,6744.103250580426,0.011028217814144342,0.11007118060718471,0.0005288583841383104,0.03581202567219493
7000.0,2.42,2025-11-14 20:51:54,0,2025-11-26,6734.10986328125,0.04365079365079365,2511,0.045,out,6744.103250580426,0.011028217814144342,0.10125954791081164,0.00044757323997667275,0.037241618481789335
7010.0,2.26,2025-11-14 20:35:21,0,2025-11-26,6734.10986328125,0.04365079365079365,2511,0.045,out,6744.103250580426,0.011028217814144342,0.10310646530808276,0.0004640491074269667,0.03866917047297474
7020.0,1.82,2025-11-14 20:35:21,0,2025-11-26,6734.10986328125,0.04365079365079365,2511,0.045,out,6744.103250580426,0.011028217814144342,0.10220222174602749,0.0004559453786828012,0.040094687464195755
7025.0,1.42,2025-11-14 20:51:54,0,2025-11-26,6734.10986328125,0.04365079365079365,2511,0.045,out,6744.103250580426,0.011028217814144342,0.09946647670051387,0.0004318626184894942,0.04080668464628556
7050.0,0.77,2025-11-14 20:57:14,0,2025-11-26,6734.10986328125,0.04365079365079365,2511,0.045,out,6744.103250580426,0.011028217814144342,0.09731524626224095,0.00041338424089637537,0.04435908625065325
7075.0,0.47,2025-11-14 20:57:14,0,2025-11-26,6734.10986328125,0.04365079365079365,2511,0.045,out,6744.103250580426,0.011028217814144342,0.09739519691472055,0.0004140637627088457,0.047898912955777355
7100.0,0.58,2025-11-14 18:55:33,0,2025-11-26,6734.10986328125,0.04365079365079365,2511,0.045,out,6744.103250580426,0.011028217814144342,0.1064952438629905,0.0004950539945230792,0.05142625347374584
7125.0,0.75,2025-11-13 18:00:42,0,2025-11-25,6734.10986328125,0.04365079365079365,2511,0.045,out,6744.103250580426,0.011028217814144342,0.11672229105218047,0.000594702482195116,0.054941195581190184
7125.0,0.37,2025-11-14 18:55:33,0,2025-11-26,6734.10986328125,0.04365079365079365,2511,0.045,out,6744.103250580426,0.011028217814144342,0.10675447401987533,0.0004974670434756452,0.054941195581190184
5950.0,848.63,2025-11-06 14:38:11,0,2025-11-19,6734.10986328125,0.047619047619047616,2511,0.045,in,6744.103250580426,0.013859199662965647,0.5317962580343012,0.013467012383775479,-0.12527731101598563
5975.0,824.13,2025-11-06 14:38:11,0,2025-11-19,6734.10986328125,0.047619047619047616,2511,0.045,in,6744.103250580426,0.013859199662965647,0.5207860396463756,0.012915147575740775,-0.12108443275594959
6480.0,315.46,2025-11-04 21:11:49,0,2025-11-17,6734.10986328125,0.047619047619047616,2511,0.045,in,6744.103250580426,0.013859199662965647,0.2495595208814098,0.002965712117264706,-0.039948020209340684
6540.0,262.08,2025-11-13 15:55:36,0,2025-11-26,6734.10986328125,0.047619047619047616,2511,0.045,in,6744.103250580426,0.013859199662965647,0.23030634863319507,0.0025257625819407044,-0.03073136510441665
6580.0,209.53,2025-11-13 18:28:56,0,2025-11-26,6734.10986328125,0.047619047619047616,2511,0.045,in,6744.103250580426,0.013859199662965647,0.18074184271821675,0.0015556006528179335,-0.024633785236298094
6645.0,208.12,2025-11-13 15:13:18,0,2025-11-26,6734.10986328125,0.047619047619047616,2511,0.045,in,6744.103250580426,0.013859199662965647,0.2593528870954115,0.0032030438116535834,-0.014803838408315369
6690.0,204.04,2025-11-12 14:30:04,0,2025-11-25,6734.10986328125,0.047619047619047616,2511,0.045,in,6744.103250580426,0.013859199662965647,0.29688108014980646,0.0041970655119483715,-0.008054656433386891
6690.0,134.1,2025-11-13 16:58:11,0,2025-11-26,6734.10986328125,0.047619047619047616,2511,0.045,in,6744.103250580426,0.013859199662965647,0.17516742424840295,0.0014611250722771421,-0.008054656433386891
6710.0,79.96,2025-11-13 17:03:42,0,2025-11-26,6734.10986328125,0.047619047619047616,2511,0.045,in,6744.103250580426,0.013859199662965647,0.1004675233173137,0.0004806534876911892,-0.005069579589933577
6735.0,95.57,2025-11-13 20:38:44,0,2025-11-26,6734.10986328125,0.047619047619047616,2511,0.045,out,6744.103250580426,0.013859199662965647,0.15136230997496297,0.0010909785181407988,-0.0013507207111967308
6745.0,66.2,2025-11-13 19:54:56,0,2025-11-26,6734.10986328125,0.047619047619047616,2511,0.045,out,6744.103250580426,0.013859199662965647,0.10990075662932557,0.0005751512527475356,0.00013295908619526283
6835.0,52.4,2025-11-13 17:35:12,0,2025-11-26,6734.10986328125,0.047619047619047616,2511,0.045,out,6744.103250580426,0.013859199662965647,0.15077993234406495,0.0010825994284609905,0.013387939602388814
5610.0,1158.59,2025-11-14 16:37:34,0,2025-11-28,6734.10986328125,0.051587301587301584,2511,0.045,in,6744.103250580426,0.01625464584273752,0.539065691548605,0.014990847847071763,-0.18411781103891905
6000.0,771.6,2025-11-14 17:57:04,0,2025-11-28,6734.10986328125,0.051587301587301584,2511,0.045,in,6744.103250580426,0.01625464584273752,0.3880645928988194,0.007768744711914459,-0.116909061345469
6075.0,782.17,2025-11-03 15:12:53,0,2025-11-17,6734.10986328125,0.051587301587301584,2511,0.045,in,6744.103250580426,0.01625464584273752,0.5985287256674479,0.01848046135253289,-0.10448654134691183
6100.0,656.63,2025-11-14 20:23:44,0,2025-11-28,6734.10986328125,0.051587301587301584,2511,0.045,in,6744.103250580426,0.01625464584273752,0.27191539491183886,0.0038142609756777646,-0.10037975939425846
6125.0,732.54,2025-11-03 15:12:53,0,2025-11-17,6734.10986328125,0.051587301587301584,2511,0.045,in,6744.103250580426,0.01625464584273752,0.5710765381825453,0.016824084769893975,-0.09628977414273326
6130.0,627.84,2025-11-14 19:08:32,0,2025-11-28,6734.10986328125,0.051587301587301584,2511,0.045,in,6744.103250580426,0.01625464584273752,0.2683215780475633,0.0037141035722109117,-0.09547378062540392
6140.0,616.92,2025-11-14 20:23:44,0,2025-11-28,6734.10986328125,0.051587301587301584,2511,0.045,in,6744.103250580426,0.01625464584273752,0.2589356293998469,0.0034588078660517186,-0.09384378841447287
6300.0,463.54,2025-11-14 20:33:54,0,2025-11-28,6734.10986328125,0.051587301587301584,2511,0.045,in,6744.103250580426,0.01625464584273752,0.22999788690969777,0.0027289181102303156,-0.06811889717603697
6320.0,440.53,2025-11-14 18:40:22,0,2025-11-28,6734.10986328125,0.051587301587301584,2511,0.045,in,6744.103250580426,0.01625464584273752,0.20930312800373796,0.002259926159118804,-0.06494932241475795
6330.0,431.18,2025-11-14 18:40:22,0,2025-11-28,6734.10986328125,0.051587301587301584,2511,0.045,in,6744.103250580426,0.01625464584273752,0.20817320748290685,0.0022355916511046744,-0.0633682944174392
6335.0,423.63,2025-11-14 16:12:49,0,2025-11-28,6734.10986328125,0.051587301587301584,2511,0.045,in,6744.103250580426,0.01625464584273752,0.19480853135217188,0.001957756867216951,-0.06257871680042165
6340.0,423.35,2025-11-14 20:23:44,0,2025-11-28,6734.10986328125,0.051587301587301584,2511,0.045,in,6744.103250580426,0.01625464584273752,0.21299965110410954,0.00234045661831802,-0.061789762124389476
6400.0,374.75,2025-11-14 18:34:57,0,2025-11-28,6734.10986328125,0.051587301587301584,2511,0.045,in,6744.103250580426,0.01625464584273752,0.22502476919476236,0.0026121821736707494,-0.05237054020789783
6445.0,326.99,2025-11-14 20:24:45,0,2025-11-28,6734.10986328125,0.051587301587301584,2511,0.045,in,6744.103250580426,0.01625464584273752,0.19669588605146152,0.0019958751216841426,-0.04536389418237324
6455.0,304.91,2025-11-14 15:44:34,0,2025-11-28,6734.10986328125,0.051587301587301584,2511,0.045,in,6744.103250580426,0.01625464584273752,0.15329206607571788,0.001212222015011545,-0.043813506274918146
6460.0,298.25,2025-11-14 15:42:15,0,2025-11-28,6734.10986328125,0.051587301587301584,2511,0.045,in,6744.103250580426,0.01625464584273752,0.14476924326967794,0.0010811735688864186,-0.0430392127790135
6465.0,309.5,2025-11-14 20:26:39,0,2025-11-28,6734.10986328125,0.051587301587301584,2511,0.045,in,6744.103250580426,0.01625464584273752,0.19451117907294999,0.001951784857922777,-0.042265518349703185
6470.0,291.79,2025-11-14 20:57:48,0,2025-11-28,6734.10986328125,0.051587301587301584,2511,0.045,in,6744.103250580426,0.01625464584273752,0.1540360782600166,0.0012240177550572916,-0.041492422060714795
6475.0,288.06,2025-11-14 20:50:22,0,2025-11-28,6734.10986328125,0.051587301587301584,2511,0.045,in,6744.103250580426,0.01625464584273752,0.15627075515799266,0.0012597902219422252,-0.040719922987922555
6480.0,354.52,2025-11-05 20:33:47,0,2025-11-19,6734.10986328125,0.051587301587301584,2511,0.045,in,6744.103250580426,0.01625464584273752,0.318622783342723,0.005237167519229481,-0.039948020209340684
6480.0,282.96,2025-11-14 20:57:48,0,2025-11-28,6734.10986328125,0.051587301587301584,2511,0.045,in,6744.103250580426,0.01625464584273752,0.15383842467947292,0.0012208785388976358,-0.039948020209340684
6485.0,294.74,2025-11-14 18:09:11,0,2025-11-28,6734.10986328125,0.051587301587301584,2511,0.045,in,6744.103250580426,0.01625464584273752,0.19855512440787007,0.0020337848673496898,-0.03917671280511681
6490.0,301.4,2025-11-14 16:24:34,0,2025-11-28,6734.10986328125,0.051587301587301584,2511,0.045,in,6744.103250580426,0.01625464584273752,0.2235210109305783,0.002577386310541905,-0.038405999857525394
6495.0,270.42,2025-11-14 20:59:42,0,2025-11-28,6734.10986328125,0.051587301587301584,2511,0.045,in,6744.103250580426,0.01625464584273752,0.15520463116613123,0.0012426595553983843,-0.03763588045096117
6500.0,277.53,2025-11-14 20:33:54,0,2025-11-28,6734.10986328125,0.051587301587301584,2511,0.045,in,6744.103250580426,0.01625464584273752,0.18581930515293954,0.0017812483499118111,-0.03686635367193261
6510.0,263.12,2025-11-06 19:04:45,0,2025-11-20,6734.10986328125,0.051587301587301584,2511,0.045,in,6744.103250580426,0.01625464584273752,0.16987515445940224,0.001488684068785218,-0.03532907435304606
6515.0,266.96,2025-11-14 19:12:41,0,2025-11-28,6734.10986328125,0.051587301587301584,2511,0.045,in,6744.103250580426,0.01625464584273752,0.1891563645552596,0.0018458003701305931,-0.0345613199967155
6530.0,265.9,2025-11-05 14:35:17,0,2025-11-19,6734.10986328125,0.051587301587301584,2511,0.045,in,6744.103250580426,0.01625464584273752,0.21222937566652414,0.0023235595343072783,-0.03226158728518427
6540.0,257.19,2025-11-05 14:35:17,0,2025-11-19,6734.10986328125,0.051587301587301584,2511,0.045,in,6744.103250580426,0.01625464584273752,0.20950503919445884,0.0022642884873902086,-0.03073136510441665
6540.0,240.5,2025-11-14 18:38:16,0,2025-11-28,6734.10986328125,0.051587301587301584,2511,0.045,in,6744.103250580426,0.01625464584273752,0.17325163259557053,0.0015484510577833221,-0.03073136510441665
6545.0,234.69,2025-11-14 15:53:44,0,2025-11-28,6734.10986328125,0.051587301587301584,2511,0.045,in,6744.103250580426,0.01625464584273752,0.1688795564280901,0.001471285553696548,-0.02996713121166074
6560.0,219.53,2025-11-14 15:37:24,0,2025-11-28,6734.10986328125,0.051587301587301584,2511,0.045,in,6744.103250580426,0.01625464584273752,0.1609509526977996,0.0013363798383582589,-0.027677927617526337
6565.0,211.64,2025-11-14 16:04:36,0,2025-11-28,6734.10986328125,0.051587301587301584,2511,0.045,in,6744.103250580426,0.01625464584273752,0.15186052086225915,0.0011896866323620491,-0.02691602281876451
6570.0,315.62,2025-11-12 14:39:52,0,2025-11-26,6734.10986328125,0.051587301587301584,2511,0.045,in,6744.103250580426,0.01625464584273752,0.3557362537577994,0.006528284401147755,-0.026154698077004882
6570.0,223.12,2025-11-14 18:18:09,0,2025-11-28,6734.10986328125,0.051587301587301584,2511,0.045,in,6744.103250580426,0.01625464584273752,0.18470939853639426,0.0017600329555547414,-0.026154698077004882
6575.0,218.54,2025-11-14 19:15:31,0,2025-11-28,6734.10986328125,0.051587301587301584,2511,0.045,in,6744.103250580426,0.01625464584273752,0.1828122338329028,0.0017240637575662186,-0.025393952509695786
6580.0,208.19,2025-11-14 20:28:36,0,2025-11-28,6734.10986328125,0.051587301587301584,2511,0.045,in,6744.103250580426,0.01625464584273752,0.16912647555099425,0.0014755910377774353,-0.024633785236298094
6585.0,192.66,2025-11-14 20:54:00,0,2025-11-28,6734.10986328125,0.051587301587301584,2511,0.045,in,6744.103250580426,0.01625464584273752,0.144051767430076,0.0010704835400653697,-0.023874195378279568
6590.0,191.21,2025-11-14 20:56:41,0,2025-11-28,6734.10986328125,0.051587301587301584,2511,0.045,in,6744.103250580426,0.01625464584273752,0.14915221218931501,0.0011476308381450945,-0.02311518205910809
6595.0,186.79,2025-11-14 20:56:31,0,2025-11-28,6734.10986328125,0.051587301587301584,2511,0.045,in,6744.103250580426,0.01625464584273752,0.147741116970889,0.001126018608609035,-0.022356744404246027
6600.0,275.21,2025-11-12 20:39:31,0,2025-11-26,6734.10986328125,0.051587301587301584,2511,0.045,in,6744.103250580426,0.01625464584273752,0.31709473510585806,0.005187055251643277,-0.021598881541144095
6600.0,186.19,2025-11-14 20:51:28,0,2025-11-28,6734.10986328125,0.051587301587301584,2511,0.045,in,6744.103250580426,0.01625464584273752,0.15415502612845272,0.001225908877177108,-0.021598881541144095
6605.0,182.96,2025-11-14 20:47:34,0,2025-11-28,6734.10986328125,0.051587301587301584,2511,0.045,in,6744.103250580426,0.01625464584273752,0.15497913631520924,0.0012390512897186771,-0.02084159259923532
6610.0,175.95,2025-11-14 20:56:17,0,2025-11-28,6734.10986328125,0.051587301587301584,2511,0.045,in,6744.103250580426,0.01625464584273752,0.14818404255664241,0.001132780301942756,-0.02008487670992905
6615.0,168.94,2025-11-14 20:59:00,0,2025-11-28,6734.10986328125,0.051587301587301584,2511,0.045,in,6744.103250580426,0.01625464584273752,0.14138877262164426,0.001031270655971886,-0.01932873300660497
6620.0,170.18,2025-11-14 20:51:23,0,2025-11-28,6734.10986328125,0.051587301587301584,2511,0.045,in,6744.103250580426,0.01625464584273752,0.15093471244982137,0.0011752251448017199,-0.018573160624607142
6625.0,163.75,2025-11-14 20:56:44,0,2025-11-28,6734.10986328125,0.051587301587301584,2511,0.045,in,6744.103250580426,0.01625464584273752,0.14531114558417987,0.0010892828468366165,-0.017818158701238086
6630.0,173.67,2025-11-14 19:15:45,0,2025-11-28,6734.10986328125,0.051587301587301584,2511,0.045,in,6744.103250580426,0.01625464584273752,0.17049557400485296,0.0014995778961038723,-0.01706372637575286
6635.0,162.05,2025-11-14 20:37:45,0,2025-11-28,6734.10986328125,0.051587301587301584,2511,0.045,in,6744.103250580426,0.01625464584273752,0.1552322534456226,0.0012431019151884052,-0.016309862789353174
6640.0,152.37,2025-11-14 16:09:15,0,2025-11-28,6734.10986328125,0.051587301587301584,2511,0.045,in,6744.103250580426,0.01625464584273752,0.14352014355301923,0.0010625968685366277,-0.01555656708518153
6645.0,150.03,2025-11-14 20:51:14,0,2025-11-28,6734.10986328125,0.051587301587301584,2511,0.045,in,6744.103250580426,0.01625464584273752,0.14549160421512197,0.0010919900383419287,-0.014803838408315369
6650.0,166.69,2025-11-14 17:33:35,0,2025-11-28,6734.10986328125,0.051587301587301584,2511,0.045,in,6744.103250580426,0.01625464584273752,0.18134185177667445,0.001696441562203626,-0.014051675905761257
6655.0,161.68,2025-11-14 16:30:10,0,2025-11-28,6734.10986328125,0.051587301587301584,2511,0.045,in,6744.103250580426,0.01625464584273752,0.178068466240066,0.001635749693246682,-0.013300078726449081
6660.0,187.56,2025-11-11 15:15:48,0,2025-11-25,6734.10986328125,0.051587301587301584,2511,0.045,in,6744.103250580426,0.01625464584273752,0.22801884317912383,0.002682157567387683,-0.012549046021226161
6660.0,140.16,2025-11-14 20:51:35,0,2025-11-28,6734.10986328125,0.051587301587301584,2511,0.045,in,6744.103250580426,0.01625464584273752,0.14560383999916726,0.0010936754638592868,-0.012549046021226161
6665.0,219.25,2025-11-12 17:58:02,0,2025-11-26,6734.10986328125,0.051587301587301584,2511,0.045,in,6744.103250580426,0.01625464584273752,0.2865240453896294,0.00423511258580833,-0.011798576942851946
6665.0,132.32,2025-11-14 20:49:26,0,2025-11-28,6734.10986328125,0.051587301587301584,2511,0.045,in,6744.103250580426,0.01625464584273752,0.13738269507831102,0.0009736589832965968,-0.011798576942851946
6670.0,133.89,2025-11-14 20:47:19,0,2025-11-28,6734.10986328125,0.051587301587301584,2511,0.045,in,6744.103250580426,0.01625464584273752,0.14585292074202333,0.001097420509352088,-0.011048670645991595
6675.0,132.04,2025-11-14 20:16:59,0,2025-11-28,6734.10986328125,0.051587301587301584,2511,0.045,in,6744.103250580426,0.01625464584273752,0.14810257594367388,0.0011315351151387773,-0.010299326287210725
6680.0,125.0,2025-11-14 20:54:19,0,2025-11-28,6734.10986328125,0.051587301587301584,2511,0.045,in,6744.103250580426,0.01625464584273752,0.14125804235532857,0.0010293644797253073,-0.009550543024969601
6685.0,197.25,2025-11-11 19:32:52,0,2025-11-25,6734.10986328125,0.051587301587301584,2511,0.045,in,6744.103250580426,0.01625464584273752,0.26831471407901386,0.003713913552725946,-0.008802320019617466
6685.0,131.93,2025-11-14 20:17:24,0,2025-11-28,6734.10986328125,0.051587301587301584,2511,0.045,in,6744.103250580426,0.01625464584273752,0.1584131306155301,0.001294568886382417,-0.008802320019617466
6690.0,116.4,2025-11-14 20:59:48,0,2025-11-28,6734.10986328125,0.051587301587301584,2511,0.045,in,6744.103250580426,0.01625464584273752,0.1369850647459314,0.0009680309663682982,-0.008054656433386891
6695.0,122.0,2025-11-14 19:08:00,0,2025-11-28,6734.10986328125,0.051587301587301584,2511,0.045,in,6744.103250580426,0.01625464584273752,0.15158805039055723,0.0011854213542687759,-0.007307551430388151
6700.0,107.9,2025-11-14 20:49:50,0,2025-11-28,6734.10986328125,0.051587301587301584,2511,0.045,in,6744.103250580426,0.01625464584273752,0.13268043874601657,0.0009081479553010353,-0.006561004176603612
6705.0,117.5,2025-11-14 18:19:39,0,2025-11-28,6734.10986328125,0.051587301587301584,2511,0.045,in,6744.103250580426,0.01625464584273752,0.1537156911598617,0.0012189312627531815,-0.005815013839882149
6710.0,103.68,2025-11-14 20:49:25,0,2025-11-28,6734.10986328125,0.051587301587301584,2511,0.045,in,6744.103250580426,0.01625464584273752,0.13532952340325155,0.0009447739633300226,-0.005069579589933577
6715.0,101.04,2025-11-14 20:48:38,0,2025-11-28,6734.10986328125,0.051587301587301584,2511,0.045,in,6744.103250580426,0.01625464584273752,0.135630405793437,0.0009489797249365119,-0.004324700598323112
6720.0,95.0,2025-11-14 20:49:25,0,2025-11-28,6734.10986328125,0.051587301587301584,2511,0.045,in,6744.103250580426,0.01625464584273752,0.1302045918178343,0.0008745716845072816,-0.003580376038465841
6725.0,95.86,2025-11-14 20:45:20,0,2025-11-28,6734.10986328125,0.051587301587301584,2511,0.045,in,6744.103250580426,0.01625464584273752,0.13615399864480085,0.0009563208234547205,-0.0028366050856212205
6730.0,88.9,2025-11-14 20:49:27,0,2025-11-28,6734.10986328125,0.051587301587301584,2511,0.045,in,6744.103250580426,0.01625464584273752,0.1290882807678354,0.0008596396627410379,-0.002093386916887594
6735.0,90.22,2025-11-14 21:08:11,0,2025-11-28,6734.10986328125,0.051587301587301584,2511,0.045,out,6744.103250580426,0.01625464584273752,0.13560107680957612,0.0009485693508528383,-0.0013507207111967308
6740.0,87.43,2025-11-14 21:10:43,0,2025-11-28,6734.10986328125,0.051587301587301584,2511,0.045,out,6744.103250580426,0.01625464584273752,0.13525790327539214,0.0009437742269044418,-0.000608605649308268
6745.0,81.41,2025-11-14 20:56:13,0,2025-11-28,6734.10986328125,0.051587301587301584,2511,0.045,out,6744.103250580426,0.01625464584273752,0.1295395879062215,0.0008656609637058649,0.00013295908619526283
6750.0,82.8,2025-11-14 21:12:03,0,2025-11-28,6734.10986328125,0.051587301587301584,2511,0.045,out,6744.103250580426,0.01625464584273752,0.13589497326977143,0.0009526855907932325,0.0008739743109143962
6755.0,81.9,2025-11-14 20:21:29,0,2025-11-28,6734.10986328125,0.051587301587301584,2511,0.045,out,6744.103250580426,0.01625464584273752,0.13841454847205348,0.000988339817354729,0.0016144408386382242
6760.0,72.95,2025-11-14 21:03:34,0,2025-11-28,6734.10986328125,0.051587301587301584,2511,0.045,out,6744.103250580426,0.01625464584273752,0.12765779077554174,0.0008406930559285549,0.0023543594813486496
6765.0,83.96,2025-11-14 19:58:37,0,2025-11-28,6734.10986328125,0.051587301587301584,2511,0.045,out,6744.103250580426,0.01625464584273752,0.14956456047926375,0.001153985122093728,0.0030937310492273923
6770.0,65.6,2025-11-14 20:59:27,0,2025-11-28,6734.10986328125,0.051587301587301584,2511,0.045,out,6744.103250580426,0.01625464584273752,0.1231680210178522,0.0007825980088051708,0.003832556350659538
6775.0,63.2,2025-11-14 20:59:29,0,2025-11-28,6734.10986328125,0.051587301587301584,2511,0.045,out,6744.103250580426,0.01625464584273752,0.12288398710430454,0.0007789927211367519,0.004570836192240613
6780.0,62.2,2025-11-14 21:03:34,0,2025-11-28,6734.10986328125,0.051587301587301584,2511,0.045,out,6744.103250580426,0.01625464584273752,0.12483058091080684,0.0008038680995908072,0.005308571378780321
6785.0,58.7,2025-11-14 21:06:47,0,2025-11-28,6734.10986328125,0.051587301587301584,2511,0.045,out,6744.103250580426,0.01625464584273752,0.12254960121568252,0.0007747589756174468,0.006045762713308466
6790.0,56.2,2025-11-14 21:06:47,0,2025-11-28,6734.10986328125,0.051587301587301584,2511,0.045,out,6744.103250580426,0.01625464584273752,0.12183248855976742,0.0007657183273518101,0.006782410997080864
6795.0,67.79,2025-11-14 20:03:49,0,2025-11-28,6734.10986328125,0.051587301587301584,2511,0.045,out,6744.103250580426,0.01625464584273752,0.14461345424894462,0.001078847876775995,0.007518517029583022
6800.0,52.34,2025-11-14 21:00:58,0,2025-11-28,6734.10986328125,0.051587301587301584,2511,0.045,out,6744.103250580426,0.01625464584273752,0.12204163087300642,0.00076834950658675,0.008254081608537106
6805.0,51.28,2025-11-14 21:08:00,0,2025-11-28,6734.10986328125,0.051587301587301584,2511,0.045,out,6744.103250580426,0.01625464584273752,0.12350028544967645,0.0007868260578570252,0.008989105529905369
6810.0,49.66,2025-11-14 20:39:05,0,2025-11-28,6734.10986328125,0.051587301587301584,2511,0.045,out,6744.103250580426,0.01625464584273752,0.12393336977932584,0.0007923541344570179,0.009723589587897074
6815.0,43.87,2025-11-14 20:59:00,0,2025-11-28,6734.10986328125,0.051587301587301584,2511,0.045,out,6744.103250580426,0.01625464584273752,0.1170539003838886,0.0007068293759367345,0.010457534574971896
6820.0,46.18,2025-11-14 21:12:59,0,2025-11-28,6734.10986328125,0.051587301587301584,2511,0.045,out,6744.103250580426,0.01625464584273752,0.12414578022044571,0.000795072506766118,0.011190941281846794
6825.0,41.46,2025-11-14 20:54:38,0,2025-11-28,6734.10986328125,0.051587301587301584,2511,0.045,out,6744.103250580426,0.01625464584273752,0.11886172164191386,0.0007288310132215777,0.011923810497499375
6830.0,39.2,2025-11-14 21:00:58,0,2025-11-28,6734.10986328125,0.051587301587301584,2511,0.045,out,6744.103250580426,0.01625464584273752,0.11776734822147822,0.0007154719364783564,0.012656143009174744
6835.0,36.58,2025-11-14 20:07:58,0,2025-11-28,6734.10986328125,0.051587301587301584,2511,0.045,out,6744.103250580426,0.01625464584273752,0.11589896756561845,0.0006929500749051253,0.013387939602388814
6840.0,34.9,2025-11-14 19:59:07,0,2025-11-28,6734.10986328125,0.051587301587301584,2511,0.045,out,6744.103250580426,0.01625464584273752,0.1156261447303048,0.0006896915455853734,0.014119201060935128
6845.0,34.8,2025-11-14 20:39:17,0,2025-11-28,6734.10986328125,0.051587301587301584,2511,0.045,out,6744.103250580426,0.01625464584273752,0.11821158841640272,0.00072087990185348,0.014849928166888128
6850.0,33.5,2025-11-14 21:11:13,0,2025-11-28,6734.10986328125,0.051587301587301584,2511,0.045,out,6744.103250580426,0.01625464584273752,0.1185034904918897,0.0007244444617615003,0.015580121700609942
6855.0,30.81,2025-11-14 21:08:00,0,2025-11-28,6734.10986328125,0.051587301587301584,2511,0.045,out,6744.103250580426,0.01625464584273752,0.11604007390535422,0.0006946384276804796,0.016309782440753835
6860.0,29.57,2025-11-14 20:39:28,0,2025-11-28,6734.10986328125,0.051587301587301584,2511,0.045,out,6744.103250580426,0.01625464584273752,0.11624602465129669,0.0006971063381507476,0.017038911164269862
6865.0,26.03,2025-11-14 20:59:42,0,2025-11-28,6734.10986328125,0.051587301587301584,2511,0.045,out,6744.103250580426,0.01625464584273752,0.11174071100303505,0.0006441183509564658,0.01776750864641048
6870.0,24.87,2025-11-14 21:01:47,0,2025-11-28,6734.10986328125,0.051587301587301584,2511,0.045,out,6744.103250580426,0.01625464584273752,0.11185720537024539,0.0006454620917148266,0.018495575660733964
6875.0,25.0,2025-11-14 21:11:11,0,2025-11-28,6734.10986328125,0.051587301587301584,2511,0.045,out,6744.103250580426,0.01625464584273752,0.11458949333722865,0.0006773800626296666,0.019223112979111084
6880.0,23.49,2025-11-14 21:13:48,0,2025-11-28,6734.10986328125,0.051587301587301584,2511,0.045,out,6744.103250580426,0.01625464584273752,0.11383498514466422,0.000668489087133004,0.01995012137172827
6885.0,20.5,2025-11-14 20:56:44,0,2025-11-28,6734.10986328125,0.051587301587301584,2511,0.045,out,6744.103250580426,0.01625464584273752,0.10968628020036844,0.000620650955692534,0.02067660160709425
6890.0,20.66,2025-11-14 21:13:48,0,2025-11-28,6734.10986328125,0.051587301587301584,2511,0.045,out,6744.103250580426,0.01625464584273752,0.1123635197930372,0.0006513186013636643,0.021402554452043168
6895.0,18.0,2025-11-14 20:55:43,0,2025-11-28,6734.10986328125,0.051587301587301584,2511,0.045,out,6744.103250580426,0.01625464584273752,0.10852796338288236,0.0006076116859859972,0.0221279806717412
6900.0,16.3,2025-11-14 20:59:27,0,2025-11-28,6734.10986328125,0.051587301587301584,2511,0.045,out,6744.103250580426,0.01625464584273752,0.10665651707050007,0.0005868371596703506,0.02285288102968965
6905.0,16.72,2025-11-14 21:11:10,0,2025-11-28,6734.10986328125,0.051587301587301584,2511,0.045,out,6744.103250580426,0.01625464584273752,0.10986595202540246,0.0006226859380469224,0.023577256287731493
6910.0,14.2,2025-11-14 20:46:56,0,2025-11-28,6734.10986328125,0.051587301587301584,2511,0.045,out,6744.103250580426,0.01625464584273752,0.10562912082683364,0.0005755858935176494,0.024301107206054464
6915.0,14.52,2025-11-14 21:11:10,0,2025-11-28,6734.10986328125,0.051587301587301584,2511,0.045,out,6744.103250580426,0.01625464584273752,0.10856374273523889,0.0006080123852257172,0.025024434543197572
6920.0,13.08,2025-11-14 21:08:31,0,2025-11-28,6734.10986328125,0.051587301587301584,2511,0.045,out,6744.103250580426,0.01625464584273752,0.10677457540544734,0.0005881370213856201,0.02574723905605412
6925.0,12.58,2025-11-14 21:11:14,0,2025-11-28,6734.10986328125,0.051587301587301584,2511,0.045,out,6744.103250580426,0.01625464584273752,0.10741711516278828,0.0005952368102723982,0.02646952149987822
6930.0,11.66,2025-11-14 21:11:14,0,2025-11-28,6734.10986328125,0.051587301587301584,2511,0.045,out,6744.103250580426,0.01625464584273752,0.10678155513999424,0.0005882139156170761,0.027191282628287773
6935.0,14.05,2025-11-14 19:58:12,0,2025-11-28,6734.10986328125,0.051587301587301584,2511,0.045,out,6744.103250580426,0.01625464584273752,0.11555567210584483,0.0006888510858168088,0.02791252319327092
6940.0,8.85,2025-11-14 20:49:27,0,2025-11-28,6734.10986328125,0.051587301587301584,2511,0.045,out,6744.103250580426,0.01625464584273752,0.10190308065520844,0.0005356948095685908,0.028633243945189246
6945.0,8.8,2025-11-14 20:50:59,0,2025-11-28,6734.10986328125,0.051587301587301584,2511,0.045,out,6744.103250580426,0.01625464584273752,0.10359837888694645,0.0005536671166827106,0.029353445632783085
6950.0,8.05,2025-11-14 21:02:29,0,2025-11-28,6734.10986328125,0.051587301587301584,2511,0.045,out,6744.103250580426,0.01625464584273752,0.10285067802927686,0.000545703990571689,0.030073129003176862
6955.0,10.6,2025-11-14 19:57:50,0,2025-11-28,6734.10986328125,0.051587301587301584,2511,0.045,out,6744.103250580426,0.01625464584273752,0.11323762396035261,0.0006614915604857973,0.030792294801882215
6960.0,6.35,2025-11-14 20:57:27,0,2025-11-28,6734.10986328125,0.051587301587301584,2511,0.045,out,6744.103250580426,0.01625464584273752,0.10001768378885573,0.0005160554837949918,0.03151094377280436
6965.0,7.15,2025-11-14 20:28:47,0,2025-11-28,6734.10986328125,0.051587301587301584,2511,0.045,out,6744.103250580426,0.01625464584273752,0.10490753384311167,0.0005677487243712979,0.03222907665824499
6970.0,5.34,2025-11-14 20:59:09,0,2025-11-28,6734.10986328125,0.051587301587301584,2511,0.045,out,6744.103250580426,0.01625464584273752,0.09916207026600889,0.0005072639298917916,0.03294669419890858
6975.0,5.2,2025-11-14 21:07:10,0,2025-11-28,6734.10986328125,0.051587301587301584,2511,0.045,out,6744.103250580426,0.01625464584273752,0.10019936024175319,0.0005179319575680007,0.03366379713390528
6980.0,4.63,2025-11-14 20:56:21,0,2025-11-28,6734.10986328125,0.051587301587301584,2511,0.045,out,6744.103250580426,0.01625464584273752,0.09915357964090249,0.0005071770659637393,0.03438038620075716
6985.0,4.35,2025-11-14 21:07:10,0,2025-11-28,6734.10986328125,0.051587301587301584,2511,0.045,out,6744.103250580426,0.01625464584273752,0.09937203797744713,0.0005094143853701807,0.03509646213540108
6990.0,3.9,2025-11-14 20:30:00,0,2025-11-28,6734.10986328125,0.051587301587301584,2511,0.045,out,6744.103250580426,0.01625464584273752,0.09858999692989336,0.0005014279263106069,0.03581202567219493
6995.0,3.5,2025-11-14 20:59:50,0,2025-11-28,6734.10986328125,0.051587301587301584,2511,0.045,out,6744.103250580426,0.01625464584273752,0.09789312859511934,0.0004943644449993152,0.03652707754392043
7000.0,3.31,2025-11-14 20:53:32,0,2025-11-28,6734.10986328125,0.051587301587301584,2511,0.045,out,6744.103250580426,0.01625464584273752,0.09829657354018959,0.0004984476698676377,0.037241618481789335
7005.0,3.1,2025-11-14 21:07:49,0,2025-11-28,6734.10986328125,0.051587301587301584,2511,0.045,out,6744.103250580426,0.01625464584273752,0.09850691183885055,0.0005005831422236188,0.03795564921544624
7010.0,2.65,2025-11-14 20:45:17,0,2025-11-28,6734.10986328125,0.051587301587301584,2511,0.045,out,6744.103250580426,0.01625464584273752,0.09698863931060463,0.000485271230234894,0.03866917047297474
7015.0,2.75,2025-11-14 20:30:55,0,2025-11-28,6734.10986328125,0.051587301587301584,2511,0.045,out,6744.103250580426,0.01625464584273752,0.09915974215255387,0.0005072401112257642,0.039382182980900377
7020.0,2.5,2025-11-14 20:30:55,0,2025-11-28,6734.10986328125,0.051587301587301584,2511,0.045,out,6744.103250580426,0.01625464584273752,0.09882682178405587,0.0005038397982190001,0.040094687464195755
7025.0,1.88,2025-11-14 20:56:08,0,2025-11-28,6734.10986328125,0.051587301587301584,2511,0.045,out,6744.103250580426,0.01625464584273752,0.09524125807734132,0.00046794311159528386,0.04080668464628556
7030.0,1.67,2025-11-14 20:32:34,0,2025-11-28,6734.10986328125,0.051587301587301584,2511,0.045,out,6744.103250580426,0.01625464584273752,0.09468679676677277,0.0004625105685134035,0.04151817524904952
7035.0,1.66,2025-11-14 20:40:37,0,2025-11-28,6734.10986328125,0.051587301587301584,2511,0.045,out,6744.103250580426,0.01625464584273752,0.09595675989888039,0.0004750003849753489,0.04222915999282847
7040.0,2.4,2025-11-14 20:06:32,0,2025-11-28,6734.10986328125,0.051587301587301584,2511,0.045,out,6744.103250580426,0.01625464584273752,0.10380989593696145,0.0005559302715387141,0.04293963959642701
7045.0,1.69,2025-11-14 20:20:09,0,2025-11-28,6734.10986328125,0.051587301587301584,2511,0.045,out,6744.103250580426,0.01625464584273752,0.09897401529946927,0.0005053417625337082,0.043649614777119615
7050.0,1.19,2025-11-14 20:56:08,0,2025-11-28,6734.10986328125,0.051587301587301584,2511,0.045,out,6744.103250580426,0.01625464584273752,0.09482002972510487,0.00046381307334090083,0.04435908625065325
7055.0,1.25,2025-11-14 21:12:03,0,2025-11-28,6734.10986328125,0.051587301587301584,2511,0.045,out,6744.103250580426,0.01625464584273752,0.09685592782835777,0.00048394412627538337,0.04506805473125339
7060.0,1.1,2025-11-14 21:11:54,0,2025-11-28,6734.10986328125,0.051587301587301584,2511,0.045,out,6744.103250580426,0.01625464584273752,0.09625087708508417,0.0004779166960929514,0.04577652093162665
7065.0,1.0,2025-11-14 21:11:54,0,2025-11-28,6734.10986328125,0.051587301587301584,2511,0.045,out,6744.103250580426,0.01625464584273752,0.09615142174967932,0.00047692955062817924,0.04648448556296681
7070.0,0.85,2025-11-14 21:08:53,0,2025-11-28,6734.10986328125,0.051587301587301584,2511,0.045,out,6744.103250580426,0.01625464584273752,0.09514397805429917,0.0004669876796823829,0.04719194933495732
7075.0,0.75,2025-11-14 21:10:16,0,2025-11-28,6734.10986328125,0.051587301587301584,2511,0.045,out,6744.103250580426,0.01625464584273752,0.09470105445548273,0.000462649866248984,0.047898912955777355
7080.0,0.75,2025-11-14 21:11:54,0,2025-11-28,6734.10986328125,0.051587301587301584,2511,0.045,out,6744.103250580426,0.01625464584273752,0.09591965963020922,0.00047463315216856136,0.04860537713210431
7085.0,1.47,2025-11-14 16:33:50,0,2025-11-28,6734.10986328125,0.051587301587301584,2511,0.045,out,6744.103250580426,0.01625464584273752,0.10729617476125654,0.000593897216425299,0.04931134256911978
7090.0,0.62,2025-11-14 20:48:59,0,2025-11-28,6734.10986328125,0.051587301587301584,2511,0.045,out,6744.103250580426,0.01625464584273752,0.09585102087893382,0.00047395411367436306,0.05001680997051225
7095.0,0.6,2025-11-14 21:14:19,0,2025-11-28,6734.10986328125,0.051587301587301584,2511,0.045,out,6744.103250580426,0.01625464584273752,0.0966186542079366,0.0004815759382237568,0.05072178003848199
7100.0,0.55,2025-11-14 20:52:53,0,2025-11-28,6734.10986328125,0.051587301587301584,2511,0.045,out,6744.103250580426,0.01625464584273752,0.09669796784628555,0.0004823669079873673,0.05142625347374584
7110.0,0.4,2025-11-14 20:56:51,0,2025-11-28,6734.10986328125,0.051587301587301584,2511,0.045,out,6744.103250580426,0.01625464584273752,0.09517536549075126,0.00046729584345982185,0.0528337132416256
7120.0,0.65,2025-11-14 19:12:30,0,2025-11-28,6734.10986328125,0.051587301587301584,2511,0.045,out,6744.103250580426,0.01625464584273752,0.10356981447333476,0.0005533618417084633,0.054239194850360474
7125.0,0.41,2025-11-14 20:02:16,0,2025-11-28,6734.10986328125,0.051587301587301584,2511,0.045,out,6744.103250580426,0.01625464584273752,0.09884056401486148,0.0005039799294924091,0.054941195581190184
7130.0,0.55,2025-11-14 18:52:44,0,2025-11-28,6734.10986328125,0.051587301587301584,2511,0.045,out,6744.103250580426,0.01625464584273752,0.10366170245951073,0.0005543441715811656,0.05564270385268063
6205.0,550.58,2025-11-06 15:37:59,0,2025-11-21,6734.10986328125,0.05555555555555555,2511,0.045,in,6744.103250580426,0.018307885425399125,0.21130494550314113,0.002480543333004747,-0.08331311191695341
6250.0,515.18,2025-11-13 18:58:46,0,2025-11-28,6734.10986328125,0.05555555555555555,2511,0.045,in,6744.103250580426,0.018307885425399125,0.24367270360444968,0.003298688137883443,-0.07608706682521388
6300.0,560.8,2025-11-11 20:44:47,0,2025-11-26,6734.10986328125,0.05555555555555555,2511,0.045,in,6744.103250580426,0.018307885425399125,0.45839105846321615,0.011673464582168202,-0.06811889717603697
6325.0,452.51,2025-11-13 18:10:26,0,2025-11-28,6734.10986328125,0.05555555555555555,2511,0.045,in,6744.103250580426,0.018307885425399125,0.2546816358549165,0.003603485313429793,-0.06415849595994008
6375.0,405.01,2025-11-13 18:10:26,0,2025-11-28,6734.10986328125,0.05555555555555555,2511,0.045,in,6744.103250580426,0.018307885425399125,0.23973390803794445,0.0031929081479525334,-0.05628443952903413
6450.0,322.66,2025-11-13 20:49:04,0,2025-11-28,6734.10986328125,0.05555555555555555,2511,0.045,in,6744.103250580426,0.018307885425399125,0.18653633775683773,0.0019331002946518358,-0.04458839976584284
6495.0,275.34,2025-11-06 15:44:44,0,2025-11-21,6734.10986328125,0.05555555555555555,2511,0.045,in,6744.103250580426,0.018307885425399125,0.16062111384374775,0.0014332856784670096,-0.03763588045096117
6525.0,261.31,2025-11-13 17:29:45,0,2025-11-28,6734.10986328125,0.05555555555555555,2511,0.045,in,6744.103250580426,0.018307885425399125,0.1850400792628221,0.001902212829643971,-0.03302757736476685
6575.0,276.06,2025-11-10 19:33:15,0,2025-11-25,6734.10986328125,0.05555555555555555,2511,0.045,in,6744.103250580426,0.018307885425399125,0.2791635081439001,0.004329570237733855,-0.025393952509695786
6590.0,248.07,2025-11-10 15:08:55,0,2025-11-25,6734.10986328125,0.05555555555555555,2511,0.045,in,6744.103250580426,0.018307885425399125,0.24732366719534202,0.0033982775752751278,-0.02311518205910809
5860.0,975.64,2025-11-05 19:38:00,0,2025-11-21,6734.10986328125,0.05952380952380952,2511,0.045,in,6744.103250580426,0.020087359730372515,0.6122594895623317,0.02231319539042422,-0.14051892698460278
5890.0,945.28,2025-11-05 19:38:00,0,2025-11-21,6734.10986328125,0.05952380952380952,2511,0.045,in,6744.103250580426,0.020087359730372515,0.5964146156632554,0.021173237724806466,-0.1354125329100286
5975.0,809.6,2025-11-05 14:40:16,0,2025-11-21,6734.10986328125,0.05952380952380952,2511,0.045,in,6744.103250580426,0.020087359730372515,0.412019535676653,0.010104767724952661,-0.12108443275594959
6420.0,450.33,2025-11-12 18:09:59,0,2025-11-28,6734.10986328125,0.05952380952380952,2511,0.045,in,6744.103250580426,0.020087359730372515,0.3922533570394383,0.009158493815994586,-0.04925041287165423
6525.0,355.2,2025-11-03 18:50:43,0,2025-11-19,6734.10986328125,0.05952380952380952,2511,0.045,in,6744.103250580426,0.020087359730372515,0.347613227308522,0.0071925568928479875,-0.03302757736476685
6550.0,265.07,2025-11-10 16:33:44,0,2025-11-26,6734.10986328125,0.05952380952380952,2511,0.045,in,6744.103250580426,0.020087359730372515,0.22009480018756528,0.0028834357779526356,-0.029203480926363445
6675.0,100.46,2025-11-10 15:05:25,0,2025-11-26,6734.10986328125,0.05952380952380952,2511,0.045,in,6744.103250580426,0.020087359730372515,0.08191513016588449,0.0003994100327436785,-0.010299326287210725
5990.0,813.01,2025-11-04 17:29:04,0,2025-11-21,6734.10986328125,0.06349206349206349,2511,0.045,in,6744.103250580426,0.021644399747224232,0.4452113532886352,0.01258496184743479,-0.11857711844616599
6180.0,612.8,2025-11-04 18:18:17,0,2025-11-21,6734.10986328125,0.06349206349206349,2511,0.045,in,6744.103250580426,0.021644399747224232,0.3350421794990657,0.007127191240856135,-0.08735025910392462
6550.0,219.3,2025-11-11 15:25:38,0,2025-11-28,6734.10986328125,0.06349206349206349,2511,0.045,in,6744.103250580426,0.021644399747224232,0.12037888229516192,0.0009200682731830124,-0.029203480926363445
6560.0,200.42,2025-11-07 15:49:15,0,2025-11-24,6734.10986328125,0.06349206349206349,2511,0.045,in,6744.103250580426,0.021644399747224232,0.09154981320899742,0.0005321503681652266,-0.027677927617526337
6605.0,148.49,2025-11-07 18:58:41,0,2025-11-24,6734.10986328125,0.06349206349206349,2511,0.045,in,6744.103250580426,0.021644399747224232,0.0430109982529785,0.00011745688702969649,-0.02084159259923532
6620.0,150.54,2025-11-14 14:49:51,0,2025-12-01,6734.10986328125,0.06349206349206349,2512,0.045,in,6747.865867571911,0.012859734049692602,0.0938532940523553,0.0005592660828239918,-0.01913091717683138
6625.0,151.6,2025-11-14 14:58:40,0,2025-12-01,6734.10986328125,0.06349206349206349,2512,0.045,in,6747.865867571911,0.012859734049692602,0.10391707053620175,0.0006856353999254558,-0.018375915253462285
6640.0,136.57,2025-11-14 14:49:51,0,2025-12-01,6734.10986328125,0.06349206349206349,2512,0.045,in,6747.865867571911,0.012859734049692602,0.09682663093092286,0.0005952632671386125,-0.01611432363740573
6650.0,159.84,2025-11-14 18:25:32,0,2025-12-01,6734.10986328125,0.06349206349206349,2512,0.045,in,6747.865867571911,0.012859734049692602,0.14880966368864362,0.0014059883179128392,-0.01460943245798538
6660.0,142.64,2025-11-14 21:02:19,0,2025-12-01,6734.10986328125,0.06349206349206349,2512,0.045,in,6747.865867571911,0.012859734049692602,0.13149315154700678,0.0010978062796040693,-0.013106802573450435
6670.0,161.8,2025-11-14 17:11:55,0,2025-12-01,6734.10986328125,0.06349206349206349,2512,0.045,in,6747.865867571911,0.012859734049692602,0.17169643493756842,0.0018717248108108357,-0.011606427198215905
6675.0,133.6,2025-11-14 20:51:10,0,2025-12-01,6734.10986328125,0.06349206349206349,2512,0.045,in,6747.865867571911,0.012859734049692602,0.1324335046229497,0.0011135640093153547,-0.010857082839434998
6680.0,96.11,2025-11-14 14:32:49,0,2025-12-01,6734.10986328125,0.06349206349206349,2512,0.045,in,6747.865867571911,0.012859734049692602,0.07643939857814831,0.0003709829622215252,-0.010108299577193836
6690.0,129.36,2025-11-14 20:33:02,0,2025-12-01,6734.10986328125,0.06349206349206349,2512,0.045,in,6747.865867571911,0.012859734049692602,0.14013947799652215,0.0012469252884531885,-0.008612412985611164
6700.0,112.65,2025-11-14 20:58:43,0,2025-12-01,6734.10986328125,0.06349206349206349,2512,0.045,in,6747.865867571911,0.012859734049692602,0.12361740390790107,0.0009702388919955019,-0.007118760728827809
6710.0,126.66,2025-11-14 17:47:11,0,2025-12-01,6734.10986328125,0.06349206349206349,2512,0.045,in,6747.865867571911,0.012859734049692602,0.15354378639536567,0.0014968694819444876,-0.005627336142157811
6720.0,103.61,2025-11-14 20:43:13,0,2025-12-01,6734.10986328125,0.06349206349206349,2512,0.045,in,6747.865867571911,0.012859734049692602,0.1272815514170245,0.0010286091003888665,-0.00413813259069
6725.0,99.9,2025-11-14 20:51:10,0,2025-12-01,6734.10986328125,0.06349206349206349,2512,0.045,in,6747.865867571911,0.012859734049692602,0.1258395722859997,0.001005434790674498,-0.0033943616378454525
6730.0,93.22,2025-11-14 20:42:02,0,2025-12-01,6734.10986328125,0.06349206349206349,2512,0.045,in,6747.865867571911,0.012859734049692602,0.11991481692299003,0.0009129881471539184,-0.0026511434691117892
6740.0,92.28,2025-11-14 21:10:43,0,2025-12-01,6734.10986328125,0.06349206349206349,2512,0.045,out,6747.865867571911,0.012859734049692602,0.12635234815449087,0.0010136454529621377,-0.0011663622015324995
6750.0,85.0,2025-11-14 20:47:30,0,2025-12-01,6734.10986328125,0.06349206349206349,2512,0.045,out,6747.865867571911,0.012859734049692602,0.1230971052096454,0.0009620887181583814,0.0003162177586903504
6760.0,77.97,2025-11-14 21:04:19,0,2025-12-01,6734.10986328125,0.06349206349206349,2512,0.045,out,6747.865867571911,0.012859734049692602,0.11994020025565273,0.0009133747071343542,0.0017966029291244564
6770.0,78.95,2025-11-14 18:26:42,0,2025-12-01,6734.10986328125,0.06349206349206349,2512,0.045,out,6747.865867571911,0.012859734049692602,0.1283469510846451,0.0010459009430301134,0.003274799798435419
6775.0,70.45,2025-11-14 20:51:10,0,2025-12-01,6734.10986328125,0.06349206349206349,2512,0.045,out,6747.865867571911,0.012859734049692602,0.1191343328518796,0.0009011421754960279,0.004013079640016421
6780.0,67.07,2025-11-14 21:04:19,0,2025-12-01,6734.10986328125,0.06349206349206349,2512,0.045,out,6747.865867571911,0.012859734049692602,0.117420200621206,0.000875397048503128,0.004750814826556055
6790.0,65.5,2025-11-14 20:22:51,0,2025-12-01,6734.10986328125,0.06349206349206349,2512,0.045,out,6747.865867571911,0.012859734049692602,0.12151148558312039,0.0009374629288010713,0.0062246544448564525
6800.0,57.89,2025-11-14 21:10:15,0,2025-12-01,6734.10986328125,0.06349206349206349,2512,0.045,out,6747.865867571911,0.012859734049692602,0.11625572819162358,0.0008581202753882325,0.007696325056312768
6810.0,45.9,2025-11-14 15:11:14,0,2025-12-01,6734.10986328125,0.06349206349206349,2512,0.045,out,6747.865867571911,0.012859734049692602,0.10381056736222863,0.0006842307235598608,0.009165833035672812
6825.0,45.0,2025-11-14 20:05:42,0,2025-12-01,6734.10986328125,0.06349206349206349,2512,0.045,out,6747.865867571911,0.012859734049692602,0.11078340222543304,0.0007792356957867988,0.011366053945275331
6830.0,46.08,2025-11-14 21:12:59,0,2025-12-01,6734.10986328125,0.06349206349206349,2512,0.045,out,6747.865867571911,0.012859734049692602,0.11521510545640319,0.0008428267000209592,0.012098386456950407
6840.0,40.75,2025-11-14 20:39:17,0,2025-12-01,6734.10986328125,0.06349206349206349,2512,0.045,out,6747.865867571911,0.012859734049692602,0.11197744009750088,0.0007961236248120253,0.013561444508710866
6850.0,35.8,2025-11-14 20:52:12,0,2025-12-01,6734.10986328125,0.06349206349206349,2512,0.045,out,6747.865867571911,0.012859734049692602,0.10889583052617534,0.0007529080575228888,0.015022365148385754
6860.0,30.8,2025-11-14 20:59:25,0,2025-12-01,6734.10986328125,0.06349206349206349,2512,0.045,out,6747.865867571911,0.012859734049692602,0.10521058089243115,0.0007028105607443047,0.01648115461204575
6870.0,30.53,2025-11-14 21:14:26,0,2025-12-01,6734.10986328125,0.06349206349206349,2512,0.045,out,6747.865867571911,0.012859734049692602,0.10943649903381442,0.0007604030044938453,0.017937819108509705
6875.0,27.3,2025-11-14 20:47:47,0,2025-12-01,6734.10986328125,0.06349206349206349,2512,0.045,out,6747.865867571911,0.012859734049692602,0.10590757739831537,0.0007121533301828674,0.018665356426886753
6880.0,31.5,2025-11-14 20:11:09,0,2025-12-01,6734.10986328125,0.06349206349206349,2512,0.045,out,6747.865867571911,0.012859734049692602,0.1157952557390475,0.0008513359524870739,0.019392364819504085
6890.0,23.2,2025-11-14 20:40:23,0,2025-12-01,6734.10986328125,0.06349206349206349,2512,0.045,out,6747.865867571911,0.012859734049692602,0.10476682780451232,0.000696894489410815,0.020844797899819054
6900.0,19.41,2025-11-14 20:56:57,0,2025-12-01,6734.10986328125,0.06349206349206349,2512,0.045,out,6747.865867571911,0.012859734049692602,0.10131890409324044,0.0006517790683590638,0.02229512447746539
6910.0,18.5,2025-11-14 20:37:32,0,2025-12-01,6734.10986328125,0.06349206349206349,2512,0.045,out,6747.865867571911,0.012859734049692602,0.1034275084876611,0.0006791904452041401,0.02374335065383028
6920.0,17.1,2025-11-14 20:25:39,0,2025-12-01,6734.10986328125,0.06349206349206349,2512,0.045,out,6747.865867571911,0.012859734049692602,0.1042871544620835,0.0006905276562411722,0.025189482503830008
6925.0,17.29,2025-11-14 20:17:35,0,2025-12-01,6734.10986328125,0.06349206349206349,2512,0.045,out,6747.865867571911,0.012859734049692602,0.10665089279998514,0.0007221849482561221,0.025911764947654035
6930.0,13.4,2025-11-14 20:54:40,0,2025-12-01,6734.10986328125,0.06349206349206349,2512,0.045,out,6747.865867571911,0.012859734049692602,0.09935107823918823,0.0006267070950659874,0.026633526076063733
6940.0,14.11,2025-11-14 20:17:35,0,2025-12-01,6734.10986328125,0.06349206349206349,2512,0.045,out,6747.865867571911,0.012859734049692602,0.10477963901864035,0.0006970649366905764,0.028075487392964844
6950.0,10.74,2025-11-14 21:11:40,0,2025-12-01,6734.10986328125,0.06349206349206349,2512,0.045,out,6747.865867571911,0.012859734049692602,0.09946965605242028,0.0006282039666785263,0.029515372450952534
6960.0,8.48,2025-11-14 21:05:06,0,2025-12-01,6734.10986328125,0.06349206349206349,2512,0.045,out,6747.865867571911,0.012859734049692602,0.0961329153005695,0.000586764279630887,0.030953187220580106
6970.0,7.27,2025-11-14 21:05:06,0,2025-12-01,6734.10986328125,0.06349206349206349,2512,0.045,out,6747.865867571911,0.012859734049692602,0.09537954194446112,0.0005776036204149344,0.0323889376466844
6975.0,7.4,2025-11-14 21:11:40,0,2025-12-01,6734.10986328125,0.06349206349206349,2512,0.045,out,6747.865867571911,0.012859734049692602,0.09741560618749132,0.0006025270050080251,0.033106040581681026
6980.0,6.37,2025-11-14 20:54:19,0,2025-12-01,6734.10986328125,0.06349206349206349,2512,0.045,out,6747.865867571911,0.012859734049692602,0.09528259566262436,0.0005764300340448991,0.03382262964853284
7000.0,4.3,2025-11-14 20:56:57,0,2025-12-01,6734.10986328125,0.06349206349206349,2512,0.045,out,6747.865867571911,0.012859734049692602,0.09257839772708985,0.0005441752206803323,0.03668386192956515
7025.0,2.76,2025-11-14 20:34:37,0,2025-12-01,6734.10986328125,0.06349206349206349,2512,0.045,out,6747.865867571911,0.012859734049692602,0.09109814105567943,0.0005269124637333628,0.04024892809406124
7050.0,1.91,2025-11-14 20:46:58,0,2025-12-01,6734.10986328125,0.06349206349206349,2512,0.045,out,6747.865867571911,0.012859734049692602,0.09139695887597007,0.0005303748629698899,0.043801329698428995
7075.0,1.22,2025-11-14 20:46:58,0,2025-12-01,6734.10986328125,0.06349206349206349,2512,0.045,out,6747.865867571911,0.012859734049692602,0.09076006855881763,0.0005230088917334144,0.04734115640355318
7100.0,0.6,2025-11-14 20:59:29,0,2025-12-01,6734.10986328125,0.06349206349206349,2512,0.045,out,6747.865867571911,0.012859734049692602,0.08734576780666392,0.0004843989303959141,0.050868496921521525
7125.0,0.6,2025-11-14 16:38:43,0,2025-12-01,6734.10986328125,0.06349206349206349,2512,0.045,out,6747.865867571911,0.012859734049692602,0.09263405132133232,0.0005448296802668716,0.054383439028965946
5925.0,935.79,2025-11-03 16:38:44,0,2025-11-21,6734.10986328125,0.06746031746031746,2511,0.045,in,6744.103250580426,0.023018258585622807,0.5979146332067292,0.02411719224701007,-0.12948784355232912
5950.0,897.97,2025-11-03 15:39:48,0,2025-11-21,6734.10986328125,0.06746031746031746,2511,0.045,in,6744.103250580426,0.023018258585622807,0.5573508661183378,0.02095587220384382,-0.12527731101598563
6020.0,799.5,2025-11-10 14:41:01,0,2025-11-28,6734.10986328125,0.06746031746031746,2511,0.045,in,6744.103250580426,0.023018258585622807,0.45862641400015797,0.014189480910781559,-0.11358127125279435
6025.0,794.01,2025-11-10 14:41:01,0,2025-11-28,6734.10986328125,0.06746031746031746,2511,0.045,in,6744.103250580426,0.023018258585622807,0.45519867159332744,0.013978171113276226,-0.11275105119680534
6275.0,562.64,2025-11-10 19:05:31,0,2025-11-28,6734.10986328125,0.06746031746031746,2511,0.045,in,6744.103250580426,0.023018258585622807,0.3799769961727587,0.009740090474396966,-0.07209504555567635
6405.0,468.23,2025-11-03 16:47:11,0,2025-11-21,6734.10986328125,0.06746031746031746,2511,0.045,in,6744.103250580426,0.023018258585622807,0.37876181391002006,0.009677891660710107,-0.051589595224826444
6440.0,365.68,2025-11-06 14:51:17,0,2025-11-24,6734.10986328125,0.06746031746031746,2511,0.045,in,6744.103250580426,0.023018258585622807,0.2393896926375546,0.0038659770793601136,-0.0461399904572617
6550.0,256.55,2025-11-13 17:14:15,0,2025-12-01,6734.10986328125,0.06746031746031746,2512,0.045,in,6747.865867571911,0.014750337929122448,0.18903317403619874,0.0024105960121642723,-0.02976123747858765
6600.0,214.45,2025-11-13 17:14:15,0,2025-12-01,6734.10986328125,0.06746031746031746,2512,0.045,in,6747.865867571911,0.014750337929122448,0.17725073583451803,0.002119456337364792,-0.02215663809336837
6630.0,173.0,2025-11-13 20:52:16,0,2025-12-01,6734.10986328125,0.06746031746031746,2512,0.045,in,6747.865867571911,0.014750337929122448,0.14280098979281336,0.001375659070074294,-0.017621482927977022
6650.0,156.02,2025-11-14 21:10:15,0,2025-12-02,6734.10986328125,0.06746031746031746,2512,0.045,in,6747.865867571911,0.014750337929122448,0.13709675997627216,0.0012679518536978444,-0.01460943245798538
6680.0,147.97,2025-11-14 20:08:56,0,2025-12-02,6734.10986328125,0.06746031746031746,2512,0.045,in,6747.865867571911,0.014750337929122448,0.1537665520431073,0.001595042035566808,-0.010108299577193836
6700.0,133.0,2025-11-14 19:22:39,0,2025-12-02,6734.10986328125,0.06746031746031746,2512,0.045,in,6747.865867571911,0.014750337929122448,0.14897357618239412,0.0014971553524195118,-0.007118760728827809
6710.0,103.61,2025-11-14 14:56:59,0,2025-12-02,6734.10986328125,0.06746031746031746,2512,0.045,in,6747.865867571911,0.014750337929122448,0.11419221551340202,0.0008796732358159018,-0.005627336142157811
6720.0,112.32,2025-11-14 20:25:58,0,2025-12-02,6734.10986328125,0.06746031746031746,2512,0.045,in,6747.865867571911,0.014750337929122448,0.13517747146334055,0.001232698926391977,-0.00413813259069
6725.0,109.13,2025-11-14 20:25:58,0,2025-12-02,6734.10986328125,0.06746031746031746,2512,0.045,in,6747.865867571911,0.014750337929122448,0.1345066171087643,0.0012204940904077114,-0.0033943616378454525
6740.0,91.74,2025-11-14 08:25:51,0,2025-12-02,6734.10986328125,0.06746031746031746,2512,0.045,out,6747.865867571911,0.014750337929122448,0.12090635758221842,0.0009861583498594743,-0.0011663622015324995
6750.0,99.4,2025-11-14 20:08:49,0,2025-12-02,6734.10986328125,0.06746031746031746,2512,0.045,out,6747.865867571911,0.014750337929122448,0.13920879662769334,0.001307319499980231,0.0003162177586903504
6760.0,81.7,2025-11-14 21:04:54,0,2025-12-02,6734.10986328125,0.06746031746031746,2512,0.045,out,6747.865867571911,0.014750337929122448,0.12087313545274916,0.0009856164796072896,0.0017966029291244564
6770.0,75.49,2025-11-14 08:25:51,0,2025-12-02,6734.10986328125,0.06746031746031746,2512,0.045,out,6747.865867571911,0.014750337929122448,0.11874485164320847,0.0009512133986509881,0.003274799798435419
6775.0,83.67,2025-11-14 19:36:15,0,2025-12-02,6734.10986328125,0.06746031746031746,2512,0.045,out,6747.865867571911,0.014750337929122448,0.13379479142522482,0.0012076102603683731,0.004013079640016421
6780.0,70.7,2025-11-14 21:04:54,0,2025-12-02,6734.10986328125,0.06746031746031746,2512,0.045,out,6747.865867571911,0.014750337929122448,0.11837779113127984,0.0009453417633454586,0.004750814826556055
6790.0,80.0,2025-11-14 16:59:09,0,2025-12-02,6734.10986328125,0.06746031746031746,2512,0.045,out,6747.865867571911,0.014750337929122448,0.13812831145036045,0.0012871044333736992,0.0062246544448564525
6800.0,68.75,2025-11-14 18:19:52,0,2025-12-02,6734.10986328125,0.06746031746031746,2512,0.045,out,6747.865867571911,0.014750337929122448,0.12794754348824683,0.0011043641112678801,0.007696325056312768
6810.0,56.97,2025-11-14 20:40:26,0,2025-12-02,6734.10986328125,0.06746031746031746,2512,0.045,out,6747.865867571911,0.014750337929122448,0.11652311741545879,0.0009159516951098631,0.009165833035672812
6820.0,42.19,2025-11-13 20:50:50,0,2025-12-01,6734.10986328125,0.06746031746031746,2512,0.045,out,6747.865867571911,0.014750337929122448,0.09986757599577582,0.0006728176845223213,0.010633184729622604
6820.0,52.24,2025-11-14 20:40:26,0,2025-12-02,6734.10986328125,0.06746031746031746,2512,0.045,out,6747.865867571911,0.014750337929122448,0.11508747381720394,0.0008935204472366478,0.010633184729622604
6825.0,57.9,2025-11-14 17:59:31,0,2025-12-02,6734.10986328125,0.06746031746031746,2512,0.045,out,6747.865867571911,0.014750337929122448,0.12634068752667754,0.0010767995179370268,0.011366053945275331
6830.0,53.95,2025-11-14 18:19:52,0,2025-12-02,6734.10986328125,0.06746031746031746,2512,0.045,out,6747.865867571911,0.014750337929122448,0.12312443593341586,0.0010226732313756788,0.012098386456950407
6840.0,51.7,2025-11-14 17:56:50,0,2025-12-02,6734.10986328125,0.06746031746031746,2512,0.045,out,6747.865867571911,0.014750337929122448,0.1250251178055121,0.0010544911166618929,0.013561444508710866
6850.0,38.0,2025-11-14 21:06:36,0,2025-12-02,6734.10986328125,0.06746031746031746,2512,0.045,out,6747.865867571911,0.014750337929122448,0.10861125914845417,0.0007957892675984736,0.015022365148385754
6860.0,36.85,2025-11-14 20:37:28,0,2025-12-02,6734.10986328125,0.06746031746031746,2512,0.045,out,6747.865867571911,0.014750337929122448,0.11157048248999192,0.000839744180840647,0.01648115461204575
6875.0,20.93,2025-11-14 14:33:41,0,2025-12-02,6734.10986328125,0.06746031746031746,2512,0.045,out,6747.865867571911,0.014750337929122448,0.0905891197544871,0.0005536055813657843,0.018665356426886753
6900.0,27.79,2025-11-14 20:09:23,0,2025-12-02,6734.10986328125,0.06746031746031746,2512,0.045,out,6747.865867571911,0.014750337929122448,0.11387200898209522,0.00087474676707743,0.02229512447746539
6930.0,19.7,2025-11-14 19:44:58,0,2025-12-02,6734.10986328125,0.06746031746031746,2512,0.045,out,6747.865867571911,0.014750337929122448,0.11007424670662222,0.0008173721285576018,0.026633526076063733
6940.0,14.01,2025-11-14 20:39:25,0,2025-12-02,6734.10986328125,0.06746031746031746,2512,0.045,out,6747.865867571911,0.014750337929122448,0.10097003090611364,0.0006877543706352629,0.028075487392964844
6950.0,12.24,2025-11-14 20:39:25,0,2025-12-02,6734.10986328125,0.06746031746031746,2512,0.045,out,6747.865867571911,0.014750337929122448,0.10005115589529921,0.0006752935497291783,0.029515372450952534
6975.0,11.14,2025-11-14 19:53:14,0,2025-12-02,6734.10986328125,0.06746031746031746,2512,0.045,out,6747.865867571911,0.014750337929122448,0.10549752552374965,0.0007508149768165934,0.033106040581681026
7000.0,7.25,2025-11-14 20:11:43,0,2025-12-02,6734.10986328125,0.06746031746031746,2512,0.045,out,6747.865867571911,0.014750337929122448,0.10121466594218745,0.0006910910564698658,0.03668386192956515
7025.0,5.23,2025-11-14 19:26:48,0,2025-12-02,6734.10986328125,0.06746031746031746,2512,0.045,out,6747.865867571911,0.014750337929122448,0.10059603347260636,0.0006826688617347998,0.04024892809406124
7050.0,2.5,2025-11-14 21:06:54,0,2025-12-02,6734.10986328125,0.06746031746031746,2512,0.045,out,6747.865867571911,0.014750337929122448,0.09270398344997151,0.0005797558940768812,0.043801329698428995
7075.0,1.65,2025-11-14 21:06:54,0,2025-12-02,6734.10986328125,0.06746031746031746,2512,0.045,out,6747.865867571911,0.014750337929122448,0.09207701529203315,0.0005719404947084055,0.04734115640355318
7100.0,1.33,2025-11-14 17:33:30,0,2025-12-02,6734.10986328125,0.06746031746031746,2512,0.045,out,6747.865867571911,0.014750337929122448,0.09460831438764766,0.0006038192998873954,0.050868496921521525
5400.0,1383.71,2025-11-13 16:07:52,0,2025-12-02,6734.10986328125,0.07142857142857142,2512,0.045,in,6747.865867571911,0.016430874710837866,0.586031489149871,0.024530921876801098,-0.22282733355551956
6530.0,344.04,2025-11-12 19:47:37,0,2025-12-01,6734.10986328125,0.07142857142857142,2512,0.045,in,6747.865867571911,0.016430874710837866,0.30158850737198534,0.0064968305556330035,-0.03281934383740852
6595.0,165.92,2025-11-07 18:42:07,0,2025-11-26,6734.10986328125,0.07142857142857142,2511,0.045,in,6744.103250580426,0.024239466441977095,0.06943928855090965,0.000344415342461178,-0.022356744404246027
6650.0,176.46,2025-11-14 19:54:17,0,2025-12-03,6734.10986328125,0.07142857142857142,2512,0.045,in,6747.865867571911,0.016430874710837866,0.1631336242497151,0.0019008985257748022,-0.01460943245798538
6675.0,147.2,2025-11-13 20:48:27,0,2025-12-02,6734.10986328125,0.07142857142857142,2512,0.045,in,6747.865867571911,0.016430874710837866,0.14280260612890755,0.0014566131655148501,-0.010857082839434998
6700.0,139.46,2025-11-14 19:54:17,0,2025-12-03,6734.10986328125,0.07142857142857142,2512,0.045,in,6747.865867571911,0.016430874710837866,0.1530283726192127,0.0016726916304631862,-0.007118760728827809
6710.0,107.39,2025-11-14 14:56:59,0,2025-12-03,6734.10986328125,0.07142857142857142,2512,0.045,in,6747.865867571911,0.016430874710837866,0.11539381976779561,0.000951123831471607,-0.005627336142157811
6720.0,98.0,2025-11-14 15:26:27,0,2025-12-03,6734.10986328125,0.07142857142857142,2512,0.045,in,6747.865867571911,0.016430874710837866,0.1101589872519978,0.0008667858908847009,-0.00413813259069
6730.0,120.67,2025-11-13 16:55:38,0,2025-12-02,6734.10986328125,0.07142857142857142,2512,0.045,in,6747.865867571911,0.016430874710837866,0.14977555755311894,0.0016023369743105459,-0.0026511434691117892
6750.0,94.5,2025-11-14 20:38:02,0,2025-12-03,6734.10986328125,0.07142857142857142,2512,0.045,out,6747.865867571911,0.016430874710837866,0.12761651691897763,0.00116328395646655,0.0003162177586903504
6760.0,100.0,2025-11-14 19:24:13,0,2025-12-03,6734.10986328125,0.07142857142857142,2512,0.045,out,6747.865867571911,0.016430874710837866,0.14214264088668843,0.0014431807398744335,0.0017966029291244564
6770.0,93.83,2025-11-14 14:12:56,0,2025-12-03,6734.10986328125,0.07142857142857142,2512,0.045,out,6747.865867571911,0.016430874710837866,0.14018581536160077,0.0014037187734712013,0.003274799798435419
6780.0,66.17,2025-11-14 15:11:11,0,2025-12-03,6734.10986328125,0.07142857142857142,2512,0.045,out,6747.865867571911,0.016430874710837866,0.10794370562411204,0.0008322745417046397,0.004750814826556055
6790.0,69.4,2025-11-14 21:00:06,0,2025-12-03,6734.10986328125,0.07142857142857142,2512,0.045,out,6747.865867571911,0.016430874710837866,0.11860198877713261,0.001004745124420792,0.0062246544448564525
6800.0,68.8,2025-11-14 20:23:47,0,2025-12-03,6734.10986328125,0.07142857142857142,2512,0.045,out,6747.865867571911,0.016430874710837866,0.12370291485976932,0.0010930293674859526,0.007696325056312768
6810.0,58.47,2025-11-14 20:50:27,0,2025-12-03,6734.10986328125,0.07142857142857142,2512,0.045,out,6747.865867571911,0.016430874710837866,0.11471702757058398,0.0009399997439021517,0.009165833035672812
6820.0,64.48,2025-11-14 19:48:46,0,2025-12-03,6734.10986328125,0.07142857142857142,2512,0.045,out,6747.865867571911,0.016430874710837866,0.12891854685955503,0.0011871422660270918,0.010633184729622604
6825.0,64.56,2025-11-14 16:54:13,0,2025-12-03,6734.10986328125,0.07142857142857142,2512,0.045,out,6747.865867571911,0.016430874710837866,0.1317822210025783,0.0012404681265980278,0.011366053945275331
6830.0,49.42,2025-11-14 20:50:27,0,2025-12-03,6734.10986328125,0.07142857142857142,2512,0.045,out,6747.865867571911,0.016430874710837866,0.11233353017082465,0.0009013444286171122,0.012098386456950407
6840.0,57.8,2025-11-14 17:30:02,0,2025-12-03,6734.10986328125,0.07142857142857142,2512,0.045,out,6747.865867571911,0.016430874710837866,0.1299202991938843,0.0012056631530448865,0.013561444508710866
6850.0,40.5,2025-11-14 20:58:51,0,2025-12-03,6734.10986328125,0.07142857142857142,2512,0.045,out,6747.865867571911,0.016430874710837866,0.10885850198499775,0.0008464409610298399,0.015022365148385754
6870.0,40.19,2025-11-13 21:13:00,0,2025-12-02,6734.10986328125,0.07142857142857142,2512,0.045,out,6747.865867571911,0.016430874710837866,0.11781135406884458,0.0009913939391096185,0.017937819108509705
6870.0,42.34,2025-11-14 19:54:53,0,2025-12-03,6734.10986328125,0.07142857142857142,2512,0.045,out,6747.865867571911,0.016430874710837866,0.12121976336057366,0.0010495879306566768,0.017937819108509705
6875.0,39.57,2025-11-14 19:50:11,0,2025-12-03,6734.10986328125,0.07142857142857142,2512,0.045,out,6747.865867571911,0.016430874710837866,0.11912155333538788,0.0010135674620739756,0.018665356426886753
6880.0,37.57,2025-11-13 18:57:42,0,2025-12-02,6734.10986328125,0.07142857142857142,2512,0.045,out,6747.865867571911,0.016430874710837866,0.11815408932071933,0.00099717063022918,0.019392364819504085
6880.0,32.1,2025-11-14 20:38:01,0,2025-12-03,6734.10986328125,0.07142857142857142,2512,0.045,out,6747.865867571911,0.016430874710837866,0.10911323186042078,0.0008504069547875674,0.019392364819504085
6890.0,17.71,2025-11-13 17:02:03,0,2025-12-02,6734.10986328125,0.07142857142857142,2512,0.045,out,6747.865867571911,0.016430874710837866,0.08738617130138236,0.0005454530667653245,0.020844797899819054
6890.0,34.08,2025-11-14 19:50:11,0,2025-12-03,6734.10986328125,0.07142857142857142,2512,0.045,out,6747.865867571911,0.016430874710837866,0.1167977475177809,0.000974408130373378,0.020844797899819054
6900.0,30.73,2025-11-14 19:50:11,0,2025-12-03,6734.10986328125,0.07142857142857142,2512,0.045,out,6747.865867571911,0.016430874710837866,0.11533713658944757,0.0009501896483323489,0.02229512447746539
6910.0,24.8,2025-11-14 18:38:11,0,2025-12-03,6734.10986328125,0.07142857142857142,2512,0.045,out,6747.865867571911,0.016430874710837866,0.10876318615447186,0.0008449593330337356,0.02374335065383028
6920.0,31.4,2025-11-13 16:02:37,0,2025-12-02,6734.10986328125,0.07142857142857142,2512,0.045,out,6747.865867571911,0.016430874710837866,0.12481751365783281,0.0011128151225516627,0.025189482503830008
6920.0,25.6,2025-11-14 19:51:37,0,2025-12-03,6734.10986328125,0.07142857142857142,2512,0.045,out,6747.865867571911,0.016430874710837866,0.11422300780187436,0.0009319211079505036,0.025189482503830008
6925.0,27.83,2025-11-13 16:22:09,0,2025-12-02,6734.10986328125,0.07142857142857142,2512,0.045,out,6747.865867571911,0.016430874710837866,0.12035910424461402,0.0010347367124689903,0.025911764947654035
6925.0,22.3,2025-11-14 18:05:03,0,2025-12-03,6734.10986328125,0.07142857142857142,2512,0.045,out,6747.865867571911,0.016430874710837866,0.10984092612797788,0.0008617877894751353,0.025911764947654035
6930.0,16.9,2025-11-14 20:19:16,0,2025-12-03,6734.10986328125,0.07142857142857142,2512,0.045,out,6747.865867571911,0.016430874710837866,0.10063363870680962,0.0007233663742409065,0.026633526076063733
6940.0,16.05,2025-11-14 20:38:07,0,2025-12-03,6734.10986328125,0.07142857142857142,2512,0.045,out,6747.865867571911,0.016430874710837866,0.10234971014664265,0.0007482473690786975,0.028075487392964844
6950.0,13.49,2025-11-14 20:59:46,0,2025-12-03,6734.10986328125,0.07142857142857142,2512,0.045,out,6747.865867571911,0.016430874710837866,0.09988816912782629,0.0007126890236935163,0.029515372450952534
6975.0,9.7,2025-11-14 20:59:46,0,2025-12-03,6734.10986328125,0.07142857142857142,2512,0.045,out,6747.865867571911,0.016430874710837866,0.09810195149515344,0.0006874280633683884,0.033106040581681026
7000.0,8.99,2025-11-14 20:09:23,0,2025-12-03,6734.10986328125,0.07142857142857142,2512,0.045,out,6747.865867571911,0.016430874710837866,0.1036717617448914,0.0007677024416635377,0.03668386192956515
7025.0,5.41,2025-11-14 20:26:49,0,2025-12-03,6734.10986328125,0.07142857142857142,2512,0.045,out,6747.865867571911,0.016430874710837866,0.09817103034786293,0.0006883965142543588,0.04024892809406124
7050.0,3.3,2025-11-14 20:38:18,0,2025-12-03,6734.10986328125,0.07142857142857142,2512,0.045,out,6747.865867571911,0.016430874710837866,0.09465401854892803,0.0006399559448186294,0.043801329698428995
7125.0,1.1,2025-11-14 20:29:13,0,2025-12-03,6734.10986328125,0.07142857142857142,2512,0.045,out,6747.865867571911,0.016430874710837866,0.09439167074999827,0.0006364133933554341,0.054383439028965946
6500.0,286.98,2025-11-06 15:55:48,0,2025-11-26,6734.10986328125,0.07539682539682539,2511,0.045,in,6744.103250580426,0.02533212610292567,0.16157688480512186,0.0019683916839810505,-0.03686635367193261
6530.0,329.48,2025-10-31 17:07:15,0,2025-11-20,6734.10986328125,0.07539682539682539,2511,0.045,in,6744.103250580426,0.02533212610292567,0.27024429024940766,0.005506379173951253,-0.03226158728518427
6600.0,231.89,2025-11-13 16:34:32,0,2025-12-03,6734.10986328125,0.07539682539682539,2512,0.045,in,6747.865867571911,0.01793451288395166,0.19199839413146857,0.002779382077905524,-0.02215663809336837
6670.0,165.2,2025-11-14 16:50:00,0,2025-12-04,6734.10986328125,0.07539682539682539,2512,0.045,in,6747.865867571911,0.01793451288395166,0.1593250123600174,0.0019139076655034688,-0.011606427198215905
6680.0,146.0,2025-11-14 15:55:04,0,2025-12-04,6734.10986328125,0.07539682539682539,2512,0.045,in,6747.865867571911,0.01793451288395166,0.1406029535881586,0.001490534208716523,-0.010108299577193836
6700.0,116.83,2025-11-14 15:23:13,0,2025-12-04,6734.10986328125,0.07539682539682539,2512,0.045,in,6747.865867571911,0.01793451288395166,0.11631982940869155,0.0010201418712685515,-0.007118760728827809
6720.0,134.8,2025-11-14 17:12:39,0,2025-12-04,6734.10986328125,0.07539682539682539,2512,0.045,in,6747.865867571911,0.01793451288395166,0.15691742502870962,0.00185650193363164,-0.00413813259069
6725.0,108.25,2025-11-14 20:49:49,0,2025-12-04,6734.10986328125,0.07539682539682539,2512,0.045,in,6747.865867571911,0.01793451288395166,0.12423283208732577,0.0011636592650806187,-0.0033943616378454525
6730.0,124.42,2025-11-13 17:09:56,0,2025-12-03,6734.10986328125,0.07539682539682539,2512,0.045,in,6747.865867571911,0.01793451288395166,0.1500320686430397,0.0016971540111304988,-0.0026511434691117892
6730.0,120.0,2025-11-14 16:48:57,0,2025-12-04,6734.10986328125,0.07539682539682539,2512,0.045,in,6747.865867571911,0.01793451288395166,0.14399745045244108,0.0015633732103145289,-0.0026511434691117892
6740.0,105.5,2025-11-14 20:27:52,0,2025-12-04,6734.10986328125,0.07539682539682539,2512,0.045,out,6747.865867571911,0.01793451288395166,0.13138785019990884,0.0013015578429480953,-0.0011663622015324995
6750.0,103.5,2025-11-14 19:11:11,0,2025-12-04,6734.10986328125,0.07539682539682539,2512,0.045,out,6747.865867571911,0.01793451288395166,0.13560450969191376,0.0013864407854242155,0.0003162177586903504
6760.0,98.87,2025-11-14 18:01:55,0,2025-12-04,6734.10986328125,0.07539682539682539,2512,0.045,out,6747.865867571911,0.01793451288395166,0.13602558627458528,0.001395064453593445,0.0017966029291244564
6770.0,97.63,2025-11-14 14:48:17,0,2025-12-04,6734.10986328125,0.07539682539682539,2512,0.045,out,6747.865867571911,0.01793451288395166,0.14083077031711558,0.0014953682995798852,0.003274799798435419
6775.0,86.32,2025-11-13 19:08:50,0,2025-12-03,6734.10986328125,0.07539682539682539,2512,0.045,out,6747.865867571911,0.01793451288395166,0.12864737467709264,0.0012478285445034004,0.004013079640016421
6780.0,80.2,2025-11-14 16:10:19,0,2025-12-04,6734.10986328125,0.07539682539682539,2512,0.045,out,6747.865867571911,0.01793451288395166,0.12343332496719099,0.0011487298751455051,0.004750814826556055
6790.0,80.66,2025-11-14 20:17:59,0,2025-12-04,6734.10986328125,0.07539682539682539,2512,0.045,out,6747.865867571911,0.01793451288395166,0.13011546992957954,0.0012764709316861547,0.0062246544448564525
6800.0,76.01,2025-11-14 18:01:55,0,2025-12-04,6734.10986328125,0.07539682539682539,2512,0.045,out,6747.865867571911,0.01793451288395166,0.1296231959696648,0.0012668304989460807,0.007696325056312768
6825.0,59.66,2025-11-14 20:34:37,0,2025-12-04,6734.10986328125,0.07539682539682539,2512,0.045,out,6747.865867571911,0.01793451288395166,0.12071637273899243,0.0010987159138806655,0.011366053945275331
6830.0,65.12,2025-11-14 20:02:33,0,2025-12-04,6734.10986328125,0.07539682539682539,2512,0.045,out,6747.865867571911,0.01793451288395166,0.13105990923522054,0.001295068636373574,0.012098386456950407
6840.0,61.92,2025-11-14 16:38:09,0,2025-12-04,6734.10986328125,0.07539682539682539,2512,0.045,out,6747.865867571911,0.01793451288395166,0.1317283620810083,0.001308312960929997,0.013561444508710866
6850.0,43.8,2025-11-14 18:02:09,0,2025-12-04,6734.10986328125,0.07539682539682539,2512,0.045,out,6747.865867571911,0.01793451288395166,0.11032431967726487,0.0009176891060824417,0.015022365148385754
6860.0,46.23,2025-11-13 20:33:36,0,2025-12-03,6734.10986328125,0.07539682539682539,2512,0.045,out,6747.865867571911,0.01793451288395166,0.11869254191880368,0.0010621844072848906,0.01648115461204575
6860.0,40.0,2025-11-14 18:02:09,0,2025-12-04,6734.10986328125,0.07539682539682539,2512,0.045,out,6747.865867571911,0.01793451288395166,0.10926909277142913,0.0009002180875663988,0.01648115461204575
6880.0,39.75,2025-11-14 18:01:55,0,2025-12-04,6734.10986328125,0.07539682539682539,2512,0.045,out,6747.865867571911,0.01793451288395166,0.11790159388388792,0.001048075122884379,0.019392364819504085
6890.0,33.0,2025-11-14 07:17:51,0,2025-12-04,6734.10986328125,0.07539682539682539,2512,0.045,out,6747.865867571911,0.01793451288395166,0.11139072133146681,0.0009355157268894658,0.020844797899819054
6900.0,35.27,2025-11-14 20:02:33,0,2025-12-04,6734.10986328125,0.07539682539682539,2512,0.045,out,6747.865867571911,0.01793451288395166,0.11933208959105959,0.0010736619226873205,0.02229512447746539
6910.0,56.24,2025-11-12 20:59:27,0,2025-12-02,6734.10986328125,0.07539682539682539,2512,0.045,out,6747.865867571911,0.01793451288395166,0.15687161610670985,0.0018554181542011431,0.02374335065383028
6910.0,32.09,2025-11-14 16:30:10,0,2025-12-04,6734.10986328125,0.07539682539682539,2512,0.045,out,6747.865867571911,0.01793451288395166,0.11814697542702596,0.001052442254954489,0.02374335065383028
6920.0,25.54,2025-11-14 14:55:01,0,2025-12-04,6734.10986328125,0.07539682539682539,2512,0.045,out,6747.865867571911,0.01793451288395166,0.11059174615631334,0.0009221434604767718,0.025189482503830008
6925.0,25.1,2025-11-14 18:57:31,0,2025-12-04,6734.10986328125,0.07539682539682539,2512,0.045,out,6747.865867571911,0.01793451288395166,0.11169956054684181,0.0009407104948444207,0.025911764947654035
6950.0,19.29,2025-11-14 18:01:55,0,2025-12-04,6734.10986328125,0.07539682539682539,2512,0.045,out,6747.865867571911,0.01793451288395166,0.10953769860787181,0.0009046493686899614,0.029515372450952534
6975.0,13.7,2025-11-14 20:17:59,0,2025-12-04,6734.10986328125,0.07539682539682539,2512,0.045,out,6747.865867571911,0.01793451288395166,0.10549147019562724,0.0008390498230026321,0.033106040581681026
7000.0,9.0,2025-11-14 21:12:32,0,2025-12-04,6734.10986328125,0.07539682539682539,2512,0.045,out,6747.865867571911,0.01793451288395166,0.10056859401026351,0.0007625666663604086,0.03668386192956515
7025.0,5.48,2025-11-14 14:37:36,0,2025-12-04,6734.10986328125,0.07539682539682539,2512,0.045,out,6747.865867571911,0.01793451288395166,0.09549800566944933,0.0006876091771825449,0.04024892809406124
7050.0,4.05,2025-11-14 20:38:49,0,2025-12-04,6734.10986328125,0.07539682539682539,2512,0.045,out,6747.865867571911,0.01793451288395166,0.09569698075088459,0.000690477501475668,0.043801329698428995
7075.0,3.17,2025-11-13 17:05:11,0,2025-12-03,6734.10986328125,0.07539682539682539,2512,0.045,out,6747.865867571911,0.01793451288395166,0.09715118419148706,0.0007116218222474471,0.04734115640355318
7075.0,3.8,2025-11-14 19:46:10,0,2025-12-04,6734.10986328125,0.07539682539682539,2512,0.045,out,6747.865867571911,0.01793451288395166,0.10065276335558561,0.0007638436375047413,0.04734115640355318
7100.0,2.27,2025-11-13 18:25:28,0,2025-12-03,6734.10986328125,0.07539682539682539,2512,0.045,out,6747.865867571911,0.01793451288395166,0.0970844784800013,0.0007106449336227892,0.050868496921521525
7100.0,2.15,2025-11-14 20:30:05,0,2025-12-04,6734.10986328125,0.07539682539682539,2512,0.045,out,6747.865867571911,0.01793451288395166,0.09617909223048343,0.0006974521343782417,0.050868496921521525
7125.0,1.33,2025-11-12 15:36:53,0,2025-12-02,6734.10986328125,0.07539682539682539,2512,0.045,out,6747.865867571911,0.01793451288395166,0.09424367279348819,0.0006696647911528383,0.054383439028965946
7125.0,1.5,2025-11-14 20:28:12,0,2025-12-04,6734.10986328125,0.07539682539682539,2512,0.045,out,6747.865867571911,0.01793451288395166,0.09600638798585204,0.0006949496196337664,0.054383439028965946
5650.0,1227.44,2025-10-31 14:48:02,0,2025-11-21,6734.10986328125,0.07936507936507936,2511,0.045,in,6744.103250580426,0.026315519797779387,0.7074766499716252,0.03972406430595821,-0.17701298541517435
5870.0,981.99,2025-10-31 18:18:41,0,2025-11-21,6734.10986328125,0.07936507936507936,2511,0.045,in,6744.103250580426,0.026315519797779387,0.5524325245788758,0.024220769381951605,-0.13881389673351896
6300.0,472.42,2025-11-14 15:48:52,0,2025-12-05,6734.10986328125,0.07936507936507936,2512,0.045,in,6747.865867571911,0.01928778723975408,0.19127923082735532,0.002903789217928942,-0.06867665372826115
6365.0,484.57,2025-10-31 16:59:09,0,2025-11-21,6734.10986328125,0.07936507936507936,2511,0.045,in,6744.103250580426,0.026315519797779387,0.32597171265313507,0.008433139480160163,-0.05785429856415411
6450.0,361.75,2025-11-14 17:12:10,0,2025-12-05,6734.10986328125,0.07936507936507936,2512,0.045,in,6747.865867571911,0.01928778723975408,0.22262586000846568,0.003933513773373727,-0.04514615631806713
6490.0,273.46,2025-11-14 14:57:23,0,2025-12-05,6734.10986328125,0.07936507936507936,2512,0.045,in,6747.865867571911,0.01928778723975408,0.09976815209817684,0.0007899749343718213,-0.038963756409749604
6500.0,326.72,2025-11-10 17:06:13,0,2025-12-01,6734.10986328125,0.07936507936507936,2512,0.045,in,6747.865867571911,0.01928778723975408,0.22581906745520947,0.004047162795741304,-0.037424110224156745
6500.0,288.48,2025-11-14 20:54:19,0,2025-12-05,6734.10986328125,0.07936507936507936,2512,0.045,in,6747.865867571911,0.01928778723975408,0.15861338686517432,0.0019966830549874165,-0.037424110224156745
6500.0,349.79,2025-11-04 15:25:36,0,2025-11-25,6734.10986328125,0.07936507936507936,2511,0.045,in,6744.103250580426,0.026315519797779387,0.2623613485991949,0.005462974384030815,-0.03686635367193261
6530.0,251.0,2025-11-14 15:37:10,0,2025-12-05,6734.10986328125,0.07936507936507936,2512,0.045,in,6747.865867571911,0.01928778723975408,0.1318917642602014,0.0013805902761641698,-0.03281934383740852
6570.0,225.75,2025-11-14 20:59:22,0,2025-12-05,6734.10986328125,0.07936507936507936,2512,0.045,in,6747.865867571911,0.01928778723975408,0.1431260159671472,0.0016257981306847676,-0.026712454629229047
6575.0,213.6,2025-11-14 15:35:03,0,2025-12-05,6734.10986328125,0.07936507936507936,2512,0.045,in,6747.865867571911,0.01928778723975408,0.12851773229868943,0.001310857739301397,-0.025951709061919914
6575.0,271.91,2025-11-05 15:07:38,0,2025-11-26,6734.10986328125,0.07936507936507936,2511,0.045,in,6744.103250580426,0.026315519797779387,0.22078880482327687,0.003868864788515162,-0.025393952509695786
6590.0,234.99,2025-11-14 20:05:29,0,2025-12-05,6734.10986328125,0.07936507936507936,2512,0.045,in,6747.865867571911,0.01928778723975408,0.18058909685066077,0.0025882874524870898,-0.02367293861133233
6600.0,210.22,2025-11-14 21:14:51,0,2025-12-05,6734.10986328125,0.07936507936507936,2512,0.045,in,6747.865867571911,0.01928778723975408,0.15317659153761332,0.0018621482694508595,-0.02215663809336837
6605.0,200.78,2025-11-14 21:00:40,0,2025-12-05,6734.10986328125,0.07936507936507936,2512,0.045,in,6747.865867571911,0.01928778723975408,0.1439134448684605,0.0016437364772942395,-0.02139934915145956
6610.0,221.33,2025-11-14 17:25:09,0,2025-12-05,6734.10986328125,0.07936507936507936,2512,0.045,in,6747.865867571911,0.01928778723975408,0.1801387045303343,0.0025753930849100855,-0.020642633262153254
6625.0,187.3,2025-11-14 20:53:49,0,2025-12-05,6734.10986328125,0.07936507936507936,2512,0.045,in,6747.865867571911,0.01928778723975408,0.14444794733635996,0.0016559690071180808,-0.018375915253462285
6630.0,191.1,2025-11-14 16:21:06,0,2025-12-05,6734.10986328125,0.07936507936507936,2512,0.045,in,6747.865867571911,0.01928778723975408,0.15505944724530987,0.0019082089031762727,-0.017621482927977022
6635.0,183.27,2025-11-14 21:14:51,0,2025-12-05,6734.10986328125,0.07936507936507936,2512,0.045,in,6747.865867571911,0.01928778723975408,0.1484013945934133,0.0017478550727992033,-0.016867619341577413
6640.0,177.45,2025-11-14 18:46:44,0,2025-12-05,6734.10986328125,0.07936507936507936,2512,0.045,in,6747.865867571911,0.01928778723975408,0.1446968439031332,0.0016616806853593407,-0.01611432363740573
6650.0,166.13,2025-11-13 20:58:45,0,2025-12-04,6734.10986328125,0.07936507936507936,2512,0.045,in,6747.865867571911,0.01928778723975408,0.1377369627195848,0.0015056722935885946,-0.01460943245798538
6650.0,170.17,2025-11-14 20:38:52,0,2025-12-05,6734.10986328125,0.07936507936507936,2512,0.045,in,6747.865867571911,0.01928778723975408,0.14358493754394536,0.0016362408166268798,-0.01460943245798538
6660.0,237.63,2025-11-12 14:48:32,0,2025-12-03,6734.10986328125,0.07936507936507936,2512,0.045,in,6747.865867571911,0.01928778723975408,0.24573470319036814,0.004792503520004629,-0.013106802573450435
6660.0,159.03,2025-11-13 20:58:45,0,2025-12-04,6734.10986328125,0.07936507936507936,2512,0.045,in,6747.865867571911,0.01928778723975408,0.13680262675557645,0.0014853141815258381,-0.013106802573450435
6660.0,166.25,2025-11-14 15:50:15,0,2025-12-05,6734.10986328125,0.07936507936507936,2512,0.045,in,6747.865867571911,0.01928778723975408,0.14708114835195876,0.0017168939841691192,-0.013106802573450435
6665.0,162.74,2025-11-14 15:50:15,0,2025-12-05,6734.10986328125,0.07936507936507936,2512,0.045,in,6747.865867571911,0.01928778723975408,0.14653627881469514,0.0017041969054649262,-0.012356333495076182
6670.0,162.22,2025-11-14 19:11:06,0,2025-12-05,6734.10986328125,0.07936507936507936,2512,0.045,in,6747.865867571911,0.01928778723975408,0.15012998532063684,0.001788810515267828,-0.011606427198215905
6675.0,141.6,2025-11-13 19:30:09,0,2025-12-04,6734.10986328125,0.07936507936507936,2512,0.045,in,6747.865867571911,0.01928778723975408,0.12552511863120375,0.0012505202704268072,-0.010857082839434998
6675.0,162.29,2025-11-14 20:14:06,0,2025-12-05,6734.10986328125,0.07936507936507936,2512,0.045,in,6747.865867571911,0.01928778723975408,0.15444392708579446,0.001893089413784301,-0.010857082839434998
6680.0,161.37,2025-11-14 19:30:04,0,2025-12-05,6734.10986328125,0.07936507936507936,2512,0.045,in,6747.865867571911,0.01928778723975408,0.1572956949449945,0.0019636456863673627,-0.010108299577193836
6690.0,145.1,2025-11-13 19:22:05,0,2025-12-04,6734.10986328125,0.07936507936507936,2512,0.045,in,6747.865867571911,0.01928778723975408,0.14306915518510566,0.0016245066004269718,-0.008612412985611164
6690.0,140.2,2025-11-14 20:41:51,0,2025-12-05,6734.10986328125,0.07936507936507936,2512,0.045,in,6747.865867571911,0.01928778723975408,0.13634080220446373,0.0014753027258537065,-0.008612412985611164
6695.0,129.8,2025-11-14 15:30:20,0,2025-12-05,6734.10986328125,0.07936507936507936,2512,0.045,in,6747.865867571911,0.01928778723975408,0.1261298101288304,0.0012625975399313339,-0.007865307982612386
6700.0,148.0,2025-11-14 19:56:48,0,2025-12-05,6734.10986328125,0.07936507936507936,2512,0.045,in,6747.865867571911,0.01928778723975408,0.15489523279809053,0.0019041692971091002,-0.007118760728827809
6705.0,132.8,2025-11-14 18:45:03,0,2025-12-05,6734.10986328125,0.07936507936507936,2512,0.045,in,6747.865867571911,0.01928778723975408,0.13816893513589096,0.0015151313203639715,-0.006372770392106308
6710.0,127.8,2025-11-13 19:57:08,0,2025-12-04,6734.10986328125,0.07936507936507936,2512,0.045,in,6747.865867571911,0.01928778723975408,0.13524781763647115,0.0014517438234466788,-0.005627336142157811
6710.0,132.3,2025-11-14 15:47:44,0,2025-12-05,6734.10986328125,0.07936507936507936,2512,0.045,in,6747.865867571911,0.01928778723975408,0.14131768450278295,0.0015849752343831825,-0.005627336142157811
6715.0,124.38,2025-11-14 20:40:33,0,2025-12-05,6734.10986328125,0.07936507936507936,2512,0.045,in,6747.865867571911,0.01928778723975408,0.13442193311879289,0.001434067944713748,-0.004882457150547308
6720.0,118.87,2025-11-14 21:00:50,0,2025-12-05,6734.10986328125,0.07936507936507936,2512,0.045,in,6747.865867571911,0.01928778723975408,0.1307481081281634,0.001356751411039199,-0.00413813259069
6725.0,173.9,2025-11-12 16:23:57,0,2025-12-03,6734.10986328125,0.07936507936507936,2512,0.045,in,6747.865867571911,0.01928778723975408,0.20772015485192868,0.00342441767711978,-0.0033943616378454525
6725.0,113.79,2025-11-14 20:57:48,0,2025-12-05,6734.10986328125,0.07936507936507936,2512,0.045,in,6747.865867571911,0.01928778723975408,0.1276191935457353,0.0012925919493066548,-0.0033943616378454525
6730.0,111.3,2025-11-14 20:59:42,0,2025-12-05,6734.10986328125,0.07936507936507936,2512,0.045,in,6747.865867571911,0.01928778723975408,0.12790805555250395,0.0012984500535890822,-0.0026511434691117892
6735.0,111.82,2025-11-14 21:08:11,0,2025-12-05,6734.10986328125,0.07936507936507936,2512,0.045,out,6747.865867571911,0.01928778723975408,0.13214322727977637,0.0013858597234852883,-0.0019084772634208882
6740.0,108.77,2025-11-14 21:08:11,0,2025-12-05,6734.10986328125,0.07936507936507936,2512,0.045,out,6747.865867571911,0.01928778723975408,0.1315698110005443,0.0013738583465649956,-0.0011663622015324995
6745.0,109.5,2025-11-14 20:25:56,0,2025-12-05,6734.10986328125,0.07936507936507936,2512,0.045,out,6747.865867571911,0.01928778723975408,0.13595283831468052,0.00146691859093791,-0.00042479746602904227
6750.0,104.69,2025-11-14 21:11:58,0,2025-12-05,6734.10986328125,0.07936507936507936,2512,0.045,out,6747.865867571911,0.01928778723975408,0.1329433762822441,0.0014026937537557414,0.0003162177586903504
6755.0,97.75,2025-11-14 20:05:49,0,2025-12-05,6734.10986328125,0.07936507936507936,2512,0.045,out,6747.865867571911,0.01928778723975408,0.12707226950868236,0.001281536641118032,0.0010566842864138829
6760.0,95.55,2025-11-14 20:41:51,0,2025-12-05,6734.10986328125,0.07936507936507936,2512,0.045,out,6747.865867571911,0.01928778723975408,0.12741752794565603,0.001288510033950955,0.0017966029291244564
6765.0,102.8,2025-11-14 18:12:13,0,2025-12-05,6734.10986328125,0.07936507936507936,2512,0.045,out,6747.865867571911,0.01928778723975408,0.14019502787020324,0.0015598925269465923,0.0025359744970031256
6770.0,89.85,2025-11-14 20:41:25,0,2025-12-05,6734.10986328125,0.07936507936507936,2512,0.045,out,6747.865867571911,0.01928778723975408,0.1262272732144687,0.001264549563742867,0.003274799798435419
6775.0,102.29,2025-11-13 17:17:00,0,2025-12-04,6734.10986328125,0.07936507936507936,2512,0.045,out,6747.865867571911,0.01928778723975408,0.14577343364688497,0.0016864995204129184,0.004013079640016421
6775.0,89.94,2025-11-14 21:11:58,0,2025-12-05,6734.10986328125,0.07936507936507936,2512,0.045,out,6747.865867571911,0.01928778723975408,0.1294392246547202,0.0013297232443821526,0.004013079640016421
6780.0,89.06,2025-11-14 20:35:13,0,2025-12-05,6734.10986328125,0.07936507936507936,2512,0.045,out,6747.865867571911,0.01928778723975408,0.13131960727597472,0.0013686380361203358,0.004750814826556055
6785.0,81.6,2025-11-14 20:40:48,0,2025-12-05,6734.10986328125,0.07936507936507936,2512,0.045,out,6747.865867571911,0.01928778723975408,0.12442257487448431,0.0012286489792378296,0.005488006161084347
6790.0,82.7,2025-11-14 20:36:30,0,2025-12-05,6734.10986328125,0.07936507936507936,2512,0.045,out,6747.865867571911,0.01928778723975408,0.12882693892380856,0.001317173031149103,0.0062246544448564525
6795.0,80.12,2025-11-14 16:36:38,0,2025-12-05,6734.10986328125,0.07936507936507936,2512,0.045,out,6747.865867571911,0.01928778723975408,0.12829260916145283,0.0013062693305915308,0.006960760477358757
6800.0,74.84,2025-11-14 21:10:38,0,2025-12-05,6734.10986328125,0.07936507936507936,2512,0.045,out,6747.865867571911,0.01928778723975408,0.12409080727841187,0.001222105432619679,0.007696325056312768
6805.0,70.1,2025-11-14 21:02:20,0,2025-12-05,6734.10986328125,0.07936507936507936,2512,0.045,out,6747.865867571911,0.01928778723975408,0.12052718377867232,0.0011529207960014167,0.008431348977681177
6810.0,68.8,2025-11-13 20:20:41,0,2025-12-04,6734.10986328125,0.07936507936507936,2512,0.045,out,6747.865867571911,0.01928778723975408,0.12152063797941426,0.0011720051948352268,0.009165833035672812
6810.0,69.35,2025-11-14 21:07:39,0,2025-12-05,6734.10986328125,0.07936507936507936,2512,0.045,out,6747.865867571911,0.01928778723975408,0.12226280021485372,0.0011863644695537488,0.009165833035672812
6815.0,73.78,2025-11-14 18:33:22,0,2025-12-05,6734.10986328125,0.07936507936507936,2512,0.045,out,6747.865867571911,0.01928778723975408,0.13096120052047389,0.001361177463632045,0.009899778022747779
6820.0,69.35,2025-11-13 18:53:10,0,2025-12-04,6734.10986328125,0.07936507936507936,2512,0.045,out,6747.865867571911,0.01928778723975408,0.12764857683286077,0.0012931872355122823,0.010633184729622604
6820.0,72.7,2025-11-14 19:28:57,0,2025-12-05,6734.10986328125,0.07936507936507936,2512,0.045,out,6747.865867571911,0.01928778723975408,0.13219395522006763,0.0013869239521210512,0.010633184729622604
6825.0,59.87,2025-11-14 20:53:04,0,2025-12-05,6734.10986328125,0.07936507936507936,2512,0.045,out,6747.865867571911,0.01928778723975408,0.11732076518596618,0.001092393805065128,0.011366053945275331
6830.0,58.9,2025-11-14 20:41:51,0,2025-12-05,6734.10986328125,0.07936507936507936,2512,0.045,out,6747.865867571911,0.01928778723975408,0.11854581725870039,0.0011153262531375546,0.012098386456950407
6835.0,56.21,2025-11-14 20:59:59,0,2025-12-05,6734.10986328125,0.07936507936507936,2512,0.045,out,6747.865867571911,0.01928778723975408,0.11733520007508684,0.0010926626330683062,0.012830183050164626
6840.0,61.65,2025-11-14 20:12:27,0,2025-12-05,6734.10986328125,0.07936507936507936,2512,0.045,out,6747.865867571911,0.01928778723975408,0.12740599400111138,0.0012882767704294627,0.013561444508710866
6845.0,52.23,2025-11-14 20:45:02,0,2025-12-05,6734.10986328125,0.07936507936507936,2512,0.045,out,6747.865867571911,0.01928778723975408,0.11666369436652185,0.0010801918716861288,0.014292171614664013
6850.0,52.2,2025-11-14 21:14:51,0,2025-12-05,6734.10986328125,0.07936507936507936,2512,0.045,out,6747.865867571911,0.01928778723975408,0.11902704198705143,0.0011243997400148652,0.015022365148385754
6855.0,58.69,2025-11-14 20:05:49,0,2025-12-05,6734.10986328125,0.07936507936507936,2512,0.045,out,6747.865867571911,0.01928778723975408,0.1306368311624801,0.0013544429885852642,0.015752025888529576
6860.0,44.31,2025-11-14 20:58:51,0,2025-12-05,6734.10986328125,0.07936507936507936,2512,0.045,out,6747.865867571911,0.01928778723975408,0.11231603990618343,0.0010011819698577291,0.01648115461204575
6865.0,44.9,2025-11-14 20:37:51,0,2025-12-05,6734.10986328125,0.07936507936507936,2512,0.045,out,6747.865867571911,0.01928778723975408,0.11545932224653989,0.0010580043725103444,0.017209752094186074
6870.0,46.85,2025-11-13 20:38:02,0,2025-12-04,6734.10986328125,0.07936507936507936,2512,0.045,out,6747.865867571911,0.01928778723975408,0.12059728737487875,0.0011542623589031022,0.017937819108509705
6870.0,41.25,2025-11-14 20:59:42,0,2025-12-05,6734.10986328125,0.07936507936507936,2512,0.045,out,6747.865867571911,0.01928778723975408,0.11227836549815978,0.001000510425312568,0.017937819108509705
6875.0,44.84,2025-11-13 20:35:24,0,2025-12-04,6734.10986328125,0.07936507936507936,2512,0.045,out,6747.865867571911,0.01928778723975408,0.11986561580207403,0.0011402988771119379,0.018665356426886753
6875.0,41.0,2025-11-14 21:10:26,0,2025-12-05,6734.10986328125,0.07936507936507936,2512,0.045,out,6747.865867571911,0.01928778723975408,0.11410601419416902,0.001033347815498405,0.018665356426886753
6880.0,46.52,2025-11-14 19:55:02,0,2025-12-05,6734.10986328125,0.07936507936507936,2512,0.045,out,6747.865867571911,0.01928778723975408,0.12459492608031424,0.0012320552067427754,0.019392364819504085
6885.0,36.66,2025-11-14 21:00:50,0,2025-12-05,6734.10986328125,0.07936507936507936,2512,0.045,out,6747.865867571911,0.01928778723975408,0.11175743929626225,0.0009912480347664873,0.02011884505486999
6890.0,34.9,2025-11-14 19:20:24,0,2025-12-05,6734.10986328125,0.07936507936507936,2512,0.045,out,6747.865867571911,0.01928778723975408,0.11108882662216457,0.0009794228095467731,0.020844797899819054
6895.0,32.81,2025-11-14 20:53:04,0,2025-12-05,6734.10986328125,0.07936507936507936,2512,0.045,out,6747.865867571911,0.01928778723975408,0.10980696745907194,0.0009569500081394985,0.021570224119517013
6900.0,31.65,2025-11-14 21:06:51,0,2025-12-05,6734.10986328125,0.07936507936507936,2512,0.045,out,6747.865867571911,0.01928778723975408,0.10994582223030919,0.0009593717322141864,0.02229512447746539
6905.0,33.7,2025-11-14 20:19:26,0,2025-12-05,6734.10986328125,0.07936507936507936,2512,0.045,out,6747.865867571911,0.01928778723975408,0.11530576850282553,0.0010551920833354914,0.023019499735507164
6910.0,29.29,2025-11-14 20:03:54,0,2025-12-05,6734.10986328125,0.07936507936507936,2512,0.045,out,6747.865867571911,0.01928778723975408,0.1099838491429396,0.000960035481928325,0.02374335065383028
6915.0,27.33,2025-11-14 19:58:18,0,2025-12-05,6734.10986328125,0.07936507936507936,2512,0.045,out,6747.865867571911,0.01928778723975408,0.10856659187900329,0.0009354527676366717,0.024466677990973313
6920.0,25.35,2025-11-14 20:59:22,0,2025-12-05,6734.10986328125,0.07936507936507936,2512,0.045,out,6747.865867571911,0.01928778723975408,0.10699034008998484,0.000908486735918303,0.025189482503830008
6925.0,28.65,2025-11-14 20:15:59,0,2025-12-05,6734.10986328125,0.07936507936507936,2512,0.045,out,6747.865867571911,0.01928778723975408,0.114674619513579,0.0010436720921098504,0.025911764947654035
6930.0,23.49,2025-11-14 20:45:04,0,2025-12-05,6734.10986328125,0.07936507936507936,2512,0.045,out,6747.865867571911,0.01928778723975408,0.10732725880471641,0.0009142174986138553,0.026633526076063733
6935.0,22.47,2025-11-14 20:59:59,0,2025-12-05,6734.10986328125,0.07936507936507936,2512,0.045,out,6747.865867571911,0.01928778723975408,0.10724227626450006,0.0009127703030469326,0.02735476664104681
6940.0,21.61,2025-11-14 21:08:48,0,2025-12-05,6734.10986328125,0.07936507936507936,2512,0.045,out,6747.865867571911,0.01928778723975408,0.10739830394565159,0.0009154282293970286,0.028075487392964844
6945.0,24.7,2025-11-14 17:51:11,0,2025-12-05,6734.10986328125,0.07936507936507936,2512,0.045,out,6747.865867571911,0.01928778723975408,0.11501786727276754,0.0010499293485695213,0.02879568908055883
6950.0,18.75,2025-11-14 21:06:51,0,2025-12-05,6734.10986328125,0.07936507936507936,2512,0.045,out,6747.865867571911,0.01928778723975408,0.10524392368078907,0.0008790701168037899,0.029515372450952534
6955.0,23.2,2025-11-14 20:02:15,0,2025-12-05,6734.10986328125,0.07936507936507936,2512,0.045,out,6747.865867571911,0.01928778723975408,0.11576450452821127,0.0010636048022747817,0.030234538249658032
6960.0,16.6,2025-11-14 20:53:04,0,2025-12-05,6734.10986328125,0.07936507936507936,2512,0.045,out,6747.865867571911,0.01928778723975408,0.10411430795861439,0.0008603007239445392,0.030953187220580106
6970.0,15.16,2025-11-14 20:40:33,0,2025-12-05,6734.10986328125,0.07936507936507936,2512,0.045,out,6747.865867571911,0.01928778723975408,0.10420790776793011,0.0008618482572515419,0.0323889376466844
6975.0,14.25,2025-11-14 20:52:01,0,2025-12-05,6734.10986328125,0.07936507936507936,2512,0.045,out,6747.865867571911,0.01928778723975408,0.10371970232655488,0.0008537917976753296,0.033106040581681026
6980.0,13.32,2025-11-14 20:41:25,0,2025-12-05,6734.10986328125,0.07936507936507936,2512,0.045,out,6747.865867571911,0.01928778723975408,0.10308959888422704,0.0008434496347707004,0.03382262964853284
6990.0,13.15,2025-11-14 20:25:56,0,2025-12-05,6734.10986328125,0.07936507936507936,2512,0.045,out,6747.865867571911,0.01928778723975408,0.10578216920477125,0.000888084708068798,0.03525426911997068
7000.0,10.26,2025-11-14 20:59:53,0,2025-12-05,6734.10986328125,0.07936507936507936,2512,0.045,out,6747.865867571911,0.01928778723975408,0.10125710011642637,0.0008137301844434914,0.03668386192956515
7010.0,11.5,2025-11-14 19:19:06,0,2025-12-05,6734.10986328125,0.07936507936507936,2512,0.045,out,6747.865867571911,0.01928778723975408,0.10759547439906322,0.0009187925485047197,0.03811141392075042
7020.0,9.9,2025-11-14 20:13:55,0,2025-12-05,6734.10986328125,0.07936507936507936,2512,0.045,out,6747.865867571911,0.01928778723975408,0.10604445139138044,0.0008924941008649879,0.0395369309119715
7025.0,9.93,2025-11-14 19:26:38,0,2025-12-05,6734.10986328125,0.07936507936507936,2512,0.045,out,6747.865867571911,0.01928778723975408,0.10756647333810784,0.0009182973163807829,0.04024892809406124
7030.0,6.8,2025-11-14 20:49:23,0,2025-12-05,6734.10986328125,0.07936507936507936,2512,0.045,out,6747.865867571911,0.01928778723975408,0.09895263661000497,0.0007771130390533093,0.040960418696825346
7040.0,6.55,2025-11-14 20:37:16,0,2025-12-05,6734.10986328125,0.07936507936507936,2512,0.045,out,6747.865867571911,0.01928778723975408,0.10072779941142186,0.0008052452043069555,0.0423818830442029
7050.0,5.36,2025-11-14 20:59:53,0,2025-12-05,6734.10986328125,0.07936507936507936,2512,0.045,out,6747.865867571911,0.01928778723975408,0.09873654585072396,0.000773722657661279,0.043801329698428995
7060.0,6.38,2025-11-14 19:52:27,0,2025-12-05,6734.10986328125,0.07936507936507936,2512,0.045,out,6747.865867571911,0.01928778723975408,0.1053555512515268,0.0008809358872629437,0.045218764379402476
7070.0,5.62,2025-11-14 19:22:45,0,2025-12-05,6734.10986328125,0.07936507936507936,2512,0.045,out,6747.865867571911,0.01928778723975408,0.10491175466986671,0.0008735298625325636,0.046634192782733216
7075.0,4.3,2025-11-14 20:21:21,0,2025-12-05,6734.10986328125,0.07936507936507936,2512,0.045,out,6747.865867571911,0.01928778723975408,0.10028637913737388,0.0007982030032131031,0.04734115640355318
7080.0,4.47,2025-11-14 20:14:46,0,2025-12-05,6734.10986328125,0.07936507936507936,2512,0.045,out,6747.865867571911,0.01928778723975408,0.1023209047363868,0.0008309180592121224,0.048047620579880275
7090.0,3.5,2025-11-14 20:23:43,0,2025-12-05,6734.10986328125,0.07936507936507936,2512,0.045,out,6747.865867571911,0.01928778723975408,0.0997678679708058,0.0007899704348762015,0.04945905341828786
7100.0,3.85,2025-11-14 20:05:54,0,2025-12-05,6734.10986328125,0.07936507936507936,2512,0.045,out,6747.865867571911,0.01928778723975408,0.10402631339162557,0.0008588471331629125,0.050868496921521525
7110.0,2.87,2025-11-14 15:19:22,0,2025-12-05,6734.10986328125,0.07936507936507936,2512,0.045,out,6747.865867571911,0.01928778723975408,0.10065382501348158,0.0008040628960194103,0.052275956689401354
7120.0,2.9,2025-11-14 16:30:51,0,2025-12-05,6734.10986328125,0.07936507936507936,2512,0.045,out,6747.865867571911,0.01928778723975408,0.1031107838672806,0.0008437963293432582,0.05368143829813609
7125.0,2.6,2025-11-14 19:10:08,0,2025-12-05,6734.10986328125,0.07936507936507936,2512,0.045,out,6747.865867571911,0.01928778723975408,0.10222635010863672,0.0008293830679788548,0.054383439028965946
7130.0,3.1,2025-11-14 17:14:36,0,2025-12-05,6734.10986328125,0.07936507936507936,2512,0.045,out,6747.865867571911,0.01928778723975408,0.10664964058835666,0.0009027099871131469,0.055084947300456315
6150.0,614.44,2025-11-06 19:04:36,0,2025-11-28,6734.10986328125,0.08333333333333333,2511,0.045,in,6744.103250580426,0.02720525695026608,0.19688463906541742,0.0032302967583266408,-0.09221644875509748
6160.0,604.82,2025-11-06 19:04:36,0,2025-11-28,6734.10986328125,0.08333333333333333,2511,0.045,in,6744.103250580426,0.02720525695026608,0.19594431779855942,0.0031995146397952373,-0.09059175302809559
6250.0,526.34,2025-11-13 18:58:46,0,2025-12-05,6734.10986328125,0.08333333333333333,2512,0.045,in,6747.865867571911,0.020512178323575315,0.21209738803286143,0.0037487751675301826,-0.07664482337743811
6280.0,494.51,2025-11-06 19:08:45,0,2025-11-28,6734.10986328125,0.08333333333333333,2511,0.045,in,6744.103250580426,0.02720525695026608,0.19657638118915954,0.003220189470118813,-0.07129855009341664
6290.0,484.88,2025-11-06 19:08:45,0,2025-11-28,6734.10986328125,0.08333333333333333,2511,0.045,in,6744.103250580426,0.02720525695026608,0.19442679072815774,0.0031501480794042373,-0.0697074598611748
6425.0,461.12,2025-10-30 15:40:29,0,2025-11-21,6734.10986328125,0.08333333333333333,2511,0.045,in,6744.103250580426,0.02720525695026608,0.3459170144715257,0.009971548408407808,-0.04847189979224043
6435.0,459.9,2025-10-30 13:54:42,0,2025-11-21,6734.10986328125,0.08333333333333333,2511,0.045,in,6744.103250580426,0.02720525695026608,0.35409933712279035,0.010448861712566627,-0.04691668952543396
6470.0,318.35,2025-11-13 20:50:24,0,2025-12-05,6734.10986328125,0.08333333333333333,2512,0.045,in,6747.865867571911,0.020512178323575315,0.16414981207333743,0.002245430066975999,-0.04205017861293905
6550.0,251.03,2025-11-13 20:50:17,0,2025-12-05,6734.10986328125,0.08333333333333333,2512,0.045,in,6747.865867571911,0.020512178323575315,0.15545101528751676,0.0020137515128266473,-0.02976123747858765
6555.0,258.05,2025-11-06 15:02:05,0,2025-11-28,6734.10986328125,0.08333333333333333,2511,0.045,in,6744.103250580426,0.02720525695026608,0.1728288335698185,0.002489150476092002,-0.02844041335786084
6625.0,270.47,2025-11-12 20:46:17,0,2025-12-04,6734.10986328125,0.08333333333333333,2512,0.045,in,6747.865867571911,0.020512178323575315,0.25571425026152306,0.00544914814890107,-0.018375915253462285
6655.0,144.5,2025-11-13 15:36:36,0,2025-12-05,6734.10986328125,0.08333333333333333,2512,0.045,in,6747.865867571911,0.020512178323575315,0.10687099201566835,0.0009517840778677541,-0.01385783527867328
6660.0,211.5,2025-11-10 18:32:52,0,2025-12-02,6734.10986328125,0.08333333333333333,2512,0.045,in,6747.865867571911,0.020512178323575315,0.20402212489588897,0.0034687522872528095,-0.013106802573450435
6675.0,195.81,2025-11-11 16:02:47,0,2025-12-03,6734.10986328125,0.08333333333333333,2512,0.045,in,6747.865867571911,0.020512178323575315,0.19469463398948522,0.0031588333753583006,-0.010857082839434998
6685.0,136.04,2025-11-13 21:00:25,0,2025-12-05,6734.10986328125,0.08333333333333333,2512,0.045,in,6747.865867571911,0.020512178323575315,0.12237573345621347,0.0012479850115788504,-0.009360076571841663
5780.0,1141.57,2025-10-29 15:27:38,0,2025-11-21,6734.10986328125,0.0873015873015873,2511,0.045,in,6744.103250580426,0.02801410890707217,0.6974853941894976,0.04247098909670212,-0.15426484788923792
5880.0,906.57,2025-11-05 14:36:17,0,2025-11-28,6734.10986328125,0.0873015873015873,2511,0.045,in,6744.103250580426,0.02801410890707217,0.35932642742754406,0.011271986475605263,-0.13711176866298838
6125.0,697.02,2025-11-05 21:05:40,0,2025-11-28,6734.10986328125,0.0873015873015873,2511,0.045,in,6744.103250580426,0.02801410890707217,0.35785395022121363,0.011179793226811074,-0.09628977414273326
6175.0,648.17,2025-11-05 21:05:40,0,2025-11-28,6734.10986328125,0.0873015873015873,2511,0.045,in,6744.103250580426,0.02801410890707217,0.3403828143525743,0.0101148020902569,-0.08815964805948312
6200.0,623.92,2025-11-05 21:05:40,0,2025-11-28,6734.10986328125,0.0873015873015873,2511,0.045,in,6744.103250580426,0.02801410890707217,0.3318965321031145,0.009616733240022306,-0.08411923852247806
6310.0,617.05,2025-10-29 15:05:35,0,2025-11-21,6734.10986328125,0.0873015873015873,2511,0.045,in,6744.103250580426,0.02801410890707217,0.4533635236196394,0.01794383595267435,-0.0665328540204022
6425.0,452.66,2025-11-12 15:31:45,0,2025-12-05,6734.10986328125,0.0873015873015873,2512,0.045,in,6747.865867571911,0.021625261127049163,0.3242838235191857,0.009180634763162271,-0.049029656344464684
6510.0,342.4,2025-11-05 20:48:51,0,2025-11-28,6734.10986328125,0.0873015873015873,2511,0.045,in,6744.103250580426,0.02801410890707217,0.24699897374242097,0.005326138280380165,-0.03532907435304606
6530.0,324.55,2025-11-05 20:48:51,0,2025-11-28,6734.10986328125,0.0873015873015873,2511,0.045,in,6744.103250580426,0.02801410890707217,0.2407214754506173,0.005058850128367807,-0.03226158728518427
6680.0,135.4,2025-11-10 17:58:08,0,2025-12-03,6734.10986328125,0.0873015873015873,2512,0.045,in,6747.865867571911,0.021625261127049163,0.11353757107206974,0.0011253855594793504,-0.010108299577193836
5475.0,1312.25,2025-11-04 14:38:27,0,2025-11-28,6734.10986328125,0.09126984126984126,2511,0.045,in,6744.103250580426,0.02875262591111251,0.48889334534345974,0.02181501655470534,-0.2084762548709595
5750.0,1040.73,2025-11-04 14:38:27,0,2025-11-28,6734.10986328125,0.09126984126984126,2511,0.045,in,6744.103250580426,0.02875262591111251,0.40591969770234265,0.015038604851601224,-0.15946867576426488
5760.0,1031.51,2025-11-04 14:38:27,0,2025-11-28,6734.10986328125,0.09126984126984126,2511,0.045,in,6744.103250580426,0.02875262591111251,0.40495220153845024,0.014967002250830417,-0.1577310558657241
6300.0,465.18,2025-11-14 16:43:44,0,2025-12-08,6734.10986328125,0.09126984126984126,2512,0.045,in,6747.865867571911,0.022641554121525288,0.13935376079410414,0.001772412003538052,-0.06867665372826115
6460.0,417.2,2025-11-11 18:01:18,0,2025-12-05,6734.10986328125,0.09126984126984126,2512,0.045,in,6747.865867571911,0.022641554121525288,0.29911301466004636,0.008165784513482084,-0.04359696933123771
6575.0,188.4,2025-11-07 14:43:19,0,2025-12-01,6734.10986328125,0.09126984126984126,2512,0.045,in,6747.865867571911,0.022641554121525288,0.05627590782764639,0.0002890495612777472,-0.025951709061919914
6590.0,173.6,2025-11-07 19:00:25,0,2025-12-01,6734.10986328125,0.09126984126984126,2512,0.045,in,6747.865867571911,0.022641554121525288,0.05322235960131249,0.00025853273775882003,-0.02367293861133233
6600.0,214.22,2025-11-14 15:49:48,0,2025-12-08,6734.10986328125,0.09126984126984126,2512,0.045,in,6747.865867571911,0.022641554121525288,0.14505698319233665,0.0019204569546659612,-0.02215663809336837
6670.0,163.0,2025-11-14 15:52:58,0,2025-12-08,6734.10986328125,0.09126984126984126,2512,0.045,in,6747.865867571911,0.022641554121525288,0.1381473041861232,0.0017418555001569237,-0.011606427198215905
6690.0,141.0,2025-11-14 15:18:55,0,2025-12-08,6734.10986328125,0.09126984126984126,2512,0.045,in,6747.865867571911,0.022641554121525288,0.12541190140438102,0.001435505298884247,-0.008612412985611164
6700.0,140.0,2025-11-14 20:15:51,0,2025-12-08,6734.10986328125,0.09126984126984126,2512,0.045,in,6747.865867571911,0.022641554121525288,0.1316964092347247,0.001582979034612547,-0.007118760728827809
6720.0,124.35,2025-11-14 16:32:43,0,2025-12-08,6734.10986328125,0.09126984126984126,2512,0.045,in,6747.865867571911,0.022641554121525288,0.1262885498987744,0.0014556442468940882,-0.00413813259069
6725.0,126.6,2025-11-14 16:18:25,0,2025-12-08,6734.10986328125,0.09126984126984126,2512,0.045,in,6747.865867571911,0.022641554121525288,0.1325336129850066,0.0016031692346419393,-0.0033943616378454525
6740.0,117.47,2025-11-14 20:20:09,0,2025-12-08,6734.10986328125,0.09126984126984126,2512,0.045,out,6747.865867571911,0.022641554121525288,0.13112941474900788,0.0015693779304984067,-0.0011663622015324995
6750.0,119.17,2025-11-14 20:06:55,0,2025-12-08,6734.10986328125,0.09126984126984126,2512,0.045,out,6747.865867571911,0.022641554121525288,0.13958696079472885,0.001778349013293297,0.0003162177586903504
6770.0,103.79,2025-11-14 18:12:13,0,2025-12-08,6734.10986328125,0.09126984126984126,2512,0.045,out,6747.865867571911,0.022641554121525288,0.1327638376358737,0.0016087438151885184,0.003274799798435419
6780.0,93.53,2025-11-14 20:18:54,0,2025-12-08,6734.10986328125,0.09126984126984126,2512,0.045,out,6747.865867571911,0.022641554121525288,0.12591400077258277,0.0014470226927890215,0.004750814826556055
6790.0,80.0,2025-11-14 20:49:21,0,2025-12-08,6734.10986328125,0.09126984126984126,2512,0.045,out,6747.865867571911,0.022641554121525288,0.11479515690245642,0.001202747401230042,0.0062246544448564525
6800.0,90.7,2025-11-14 20:03:31,0,2025-12-08,6734.10986328125,0.09126984126984126,2512,0.045,out,6747.865867571911,0.022641554121525288,0.13350334787035242,0.001626715514006443,0.007696325056312768
6810.0,83.4,2025-11-14 19:25:13,0,2025-12-08,6734.10986328125,0.09126984126984126,2512,0.045,out,6747.865867571911,0.022641554121525288,0.1297304691909628,0.0015360709390463052,0.009165833035672812
6820.0,74.88,2025-11-14 18:33:22,0,2025-12-08,6734.10986328125,0.09126984126984126,2512,0.045,out,6747.865867571911,0.022641554121525288,0.12418815701589757,0.001407627229718731,0.010633184729622604
6825.0,62.92,2025-11-14 20:50:13,0,2025-12-08,6734.10986328125,0.09126984126984126,2512,0.045,out,6747.865867571911,0.022641554121525288,0.11152736761890011,0.001135246570412816,0.011366053945275331
6840.0,47.23,2025-11-14 14:45:10,0,2025-12-08,6734.10986328125,0.09126984126984126,2512,0.045,out,6747.865867571911,0.022641554121525288,0.0982738843850864,0.0008814618892820101,0.013561444508710866
6850.0,64.51,2025-11-14 20:05:49,0,2025-12-08,6734.10986328125,0.09126984126984126,2512,0.045,out,6747.865867571911,0.022641554121525288,0.1254656103587242,0.0014367351023881173,0.015022365148385754
6870.0,53.51,2025-11-14 19:48:46,0,2025-12-08,6734.10986328125,0.09126984126984126,2512,0.045,out,6747.865867571911,0.022641554121525288,0.11993099334726746,0.0013127745746072746,0.017937819108509705
6875.0,46.57,2025-11-14 20:29:59,0,2025-12-08,6734.10986328125,0.09126984126984126,2512,0.045,out,6747.865867571911,0.022641554121525288,0.1126281654510165,0.001157767396888157,0.018665356426886753
6880.0,49.8,2025-11-14 19:54:57,0,2025-12-08,6734.10986328125,0.09126984126984126,2512,0.045,out,6747.865867571911,0.022641554121525288,0.11917254297315055,0.001296222956229407,0.019392364819504085
6890.0,38.5,2025-11-14 15:23:21,0,2025-12-08,6734.10986328125,0.09126984126984126,2512,0.045,out,6747.865867571911,0.022641554121525288,0.10739719833192782,0.0010527207889666312,0.020844797899819054
6900.0,41.25,2025-11-14 18:12:13,0,2025-12-08,6734.10986328125,0.09126984126984126,2512,0.045,out,6747.865867571911,0.022641554121525288,0.11532664004773592,0.0012139102373337344,0.02229512447746539
6910.0,32.13,2025-11-14 20:53:50,0,2025-12-08,6734.10986328125,0.09126984126984126,2512,0.045,out,6747.865867571911,0.022641554121525288,0.10561348799269718,0.0010180428708635816,0.02374335065383028
6920.0,29.0,2025-11-14 20:59:59,0,2025-12-08,6734.10986328125,0.09126984126984126,2512,0.045,out,6747.865867571911,0.022641554121525288,0.10438102328574318,0.000994421248056007,0.025189482503830008
6925.0,33.8,2025-11-14 20:01:32,0,2025-12-08,6734.10986328125,0.09126984126984126,2512,0.045,out,6747.865867571911,0.022641554121525288,0.11374010785701177,0.001180740790128839,0.025911764947654035
6950.0,23.7,2025-11-14 20:26:25,0,2025-12-08,6734.10986328125,0.09126984126984126,2512,0.045,out,6747.865867571911,0.022641554121525288,0.10594029882889702,0.0010243530915356666,0.029515372450952534
6975.0,17.4,2025-11-14 20:23:09,0,2025-12-08,6734.10986328125,0.09126984126984126,2512,0.045,out,6747.865867571911,0.022641554121525288,0.10216929497357859,0.0009527261556117323,0.033106040581681026
7000.0,12.1,2025-11-14 21:01:33,0,2025-12-08,6734.10986328125,0.09126984126984126,2512,0.045,out,6747.865867571911,0.022641554121525288,0.09796005655916493,0.0008758411573996834,0.03668386192956515
7025.0,10.43,2025-11-14 18:16:01,0,2025-12-08,6734.10986328125,0.09126984126984126,2512,0.045,out,6747.865867571911,0.022641554121525288,0.1006441319600782,0.0009244942454521648,0.04024892809406124
7050.0,7.68,2025-11-14 19:56:50,0,2025-12-08,6734.10986328125,0.09126984126984126,2512,0.045,out,6747.865867571911,0.022641554121525288,0.09920060480489698,0.0008981646025957104,0.043801329698428995
7075.0,6.43,2025-11-14 19:52:27,0,2025-12-08,6734.10986328125,0.09126984126984126,2512,0.045,out,6747.865867571911,0.022641554121525288,0.1011425932796677,0.0009336744287013272,0.04734115640355318
7100.0,4.66,2025-11-14 19:56:50,0,2025-12-08,6734.10986328125,0.09126984126984126,2512,0.045,out,6747.865867571911,0.022641554121525288,0.09994733514921823,0.0009117373233289426,0.050868496921521525
7125.0,3.44,2025-11-14 18:10:47,0,2025-12-08,6734.10986328125,0.09126984126984126,2512,0.045,out,6747.865867571911,0.022641554121525288,0.09949456160293628,0.0009034954727654409,0.054383439028965946
5300.0,1504.32,2025-11-10 14:30:05,0,2025-12-05,6734.10986328125,0.09523809523809523,2512,0.045,in,6747.865867571911,0.0235731560331284,0.597282976771223,0.03397590041339936,-0.24151946656767204
5800.0,1055.0,2025-11-03 15:18:28,0,2025-11-28,6734.10986328125,0.09523809523809523,2511,0.045,in,6744.103250580426,0.02942959983148282,0.5320133238037053,0.02695601682901582,-0.1508106130211504
5875.0,993.42,2025-10-31 15:38:28,0,2025-11-25,6734.10986328125,0.09523809523809523,2511,0.045,in,6744.103250580426,0.02942959983148282,0.527464106519448,0.026496988920605667,-0.13796247054330138
6000.0,839.68,2025-11-10 18:45:51,0,2025-12-05,6734.10986328125,0.09523809523809523,2512,0.045,in,6747.865867571911,0.0235731560331284,0.421876642785708,0.016950466831251416,-0.11746681789769318
6350.0,470.45,2025-11-10 17:03:00,0,2025-12-05,6734.10986328125,0.09523809523809523,2512,0.045,in,6747.865867571911,0.0235731560331284,0.25080561555844544,0.005990805409109593,-0.060771474221147904
6400.0,450.23,2025-11-10 18:32:08,0,2025-12-05,6734.10986328125,0.09523809523809523,2512,0.045,in,6747.865867571911,0.0235731560331284,0.2787152818438564,0.007398305555552411,-0.05292829676012205
6430.0,457.65,2025-10-27 16:17:18,0,2025-11-21,6734.10986328125,0.09523809523809523,2511,0.045,in,6744.103250580426,0.02942959983148282,0.320162724234633,0.009762301903746823,-0.04769399232399592
6465.0,428.89,2025-10-27 18:05:03,0,2025-11-21,6734.10986328125,0.09523809523809523,2511,0.045,in,6744.103250580426,0.02942959983148282,0.3126286887054936,0.009308256857306324,-0.042265518349703185
6580.0,279.7,2025-11-10 15:30:36,0,2025-12-05,6734.10986328125,0.09523809523809523,2512,0.045,in,6747.865867571911,0.0235731560331284,0.21227047864656481,0.004291310105223022,-0.025191541788522412
6620.0,242.55,2025-11-10 14:35:18,0,2025-12-05,6734.10986328125,0.09523809523809523,2512,0.045,in,6747.865867571911,0.0235731560331284,0.19684548646189523,0.0036902995752781122,-0.01913091717683138
6625.0,142.91,2025-11-07 17:15:48,0,2025-12-02,6734.10986328125,0.09523809523809523,2512,0.045,in,6747.865867571911,0.0235731560331284,0.05320469134464337,0.0002695942077217875,-0.018375915253462285
6650.0,219.0,2025-11-13 14:50:15,0,2025-12-08,6734.10986328125,0.09523809523809523,2512,0.045,in,6747.865867571911,0.0235731560331284,0.19016870256156332,0.003444203374661747,-0.01460943245798538
6650.0,176.53,2025-11-14 20:45:23,0,2025-12-09,6734.10986328125,0.09523809523809523,2512,0.045,in,6747.865867571911,0.0235731560331284,0.13541561240770705,0.0017464179127385088,-0.01460943245798538
6670.0,123.3,2025-11-07 18:24:51,0,2025-12-02,6734.10986328125,0.09523809523809523,2512,0.045,in,6747.865867571911,0.0235731560331284,0.08143446173915349,0.0006315782436900622,-0.011606427198215905
6690.0,169.74,2025-11-14 17:39:02,0,2025-12-09,6734.10986328125,0.09523809523809523,2512,0.045,in,6747.865867571911,0.0235731560331284,0.15786332535889808,0.0023734123327018393,-0.008612412985611164
6710.0,134.53,2025-11-13 20:20:05,0,2025-12-08,6734.10986328125,0.09523809523809523,2512,0.045,in,6747.865867571911,0.0235731560331284,0.1284154800137878,0.0015705271911591937,-0.005627336142157811
6730.0,122.03,2025-11-13 20:20:05,0,2025-12-08,6734.10986328125,0.09523809523809523,2512,0.045,in,6747.865867571911,0.0235731560331284,0.12667945604535205,0.0015283509127567887,-0.0026511434691117892
6750.0,94.9,2025-11-14 15:01:38,0,2025-12-09,6734.10986328125,0.09523809523809523,2512,0.045,out,6747.865867571911,0.0235731560331284,0.10656299483428656,0.0010814925588621127,0.0003162177586903504
6775.0,96.4,2025-11-13 20:44:31,0,2025-12-08,6734.10986328125,0.09523809523809523,2512,0.045,out,6747.865867571911,0.0235731560331284,0.12322546160826399,0.0014461442274828324,0.004013079640016421
6780.0,104.33,2025-11-14 19:46:46,0,2025-12-09,6734.10986328125,0.09523809523809523,2512,0.045,out,6747.865867571911,0.0235731560331284,0.13562419183671123,0.0017518020391772428,0.004750814826556055
6800.0,81.2,2025-11-14 20:54:05,0,2025-12-09,6734.10986328125,0.09523809523809523,2512,0.045,out,6747.865867571911,0.0235731560331284,0.11850451316595927,0.0013374590134000964,0.007696325056312768
6825.0,71.6,2025-11-14 20:36:30,0,2025-12-09,6734.10986328125,0.09523809523809523,2512,0.045,out,6747.865867571911,0.0235731560331284,0.11937632294917445,0.0013572101410348186,0.011366053945275331
6840.0,59.6,2025-11-14 20:59:21,0,2025-12-09,6734.10986328125,0.09523809523809523,2512,0.045,out,6747.865867571911,0.0235731560331284,0.11146663602936255,0.001183315328352608,0.013561444508710866
6850.0,55.35,2025-11-14 20:59:21,0,2025-12-09,6734.10986328125,0.09523809523809523,2512,0.045,out,6747.865867571911,0.0235731560331284,0.11056896841356807,0.0011643330262895823,0.015022365148385754
6860.0,55.08,2025-11-13 20:58:33,0,2025-12-08,6734.10986328125,0.09523809523809523,2512,0.045,out,6747.865867571911,0.0235731560331284,0.11462549532308794,0.0012513337312441194,0.01648115461204575
6900.0,38.2,2025-11-14 20:54:05,0,2025-12-09,6734.10986328125,0.09523809523809523,2512,0.045,out,6747.865867571911,0.0235731560331284,0.10808769578186878,0.0011126619028032202,0.02229512447746539
6925.0,35.53,2025-11-14 19:37:01,0,2025-12-09,6734.10986328125,0.09523809523809523,2512,0.045,out,6747.865867571911,0.0235731560331284,0.11350466362898691,0.0012269817776694727,0.025911764947654035
6950.0,28.44,2025-11-14 19:40:05,0,2025-12-09,6734.10986328125,0.09523809523809523,2512,0.045,out,6747.865867571911,0.0235731560331284,0.11122560180294297,0.0011782032853739838,0.029515372450952534
6975.0,18.3,2025-11-14 21:04:21,0,2025-12-09,6734.10986328125,0.09523809523809523,2512,0.045,out,6747.865867571911,0.0235731560331284,0.10139623619552562,0.000979161591868459,0.033106040581681026
7000.0,16.76,2025-11-14 20:11:42,0,2025-12-09,6734.10986328125,0.09523809523809523,2512,0.045,out,6747.865867571911,0.0235731560331284,0.10577620260590774,0.0010655814321643851,0.03668386192956515
7025.0,10.6,2025-11-14 21:02:50,0,2025-12-09,6734.10986328125,0.09523809523809523,2512,0.045,out,6747.865867571911,0.0235731560331284,0.09863377673550876,0.0009265354202962084,0.04024892809406124
7050.0,9.9,2025-11-14 19:45:14,0,2025-12-09,6734.10986328125,0.09523809523809523,2512,0.045,out,6747.865867571911,0.0235731560331284,0.10329208260747098,0.0010161194599417724,0.043801329698428995
7100.0,5.45,2025-11-14 19:45:14,0,2025-12-09,6734.10986328125,0.09523809523809523,2512,0.045,out,6747.865867571911,0.0235731560331284,0.10084403339047933,0.0009685256257581056,0.050868496921521525
7125.0,3.94,2025-11-14 19:08:40,0,2025-12-09,6734.10986328125,0.09523809523809523,2512,0.045,out,6747.865867571911,0.0235731560331284,0.0996963741949712,0.0009466063835832112,0.054383439028965946
6475.0,359.38,2025-11-05 15:05:13,0,2025-12-01,6734.10986328125,0.0992063492063492,2512,0.045,in,6747.865867571911,0.024430229791803263,0.21736127381561332,0.004687095570907344,-0.041277679540146765
6550.0,341.47,2025-11-12 15:21:40,0,2025-12-08,6734.10986328125,0.0992063492063492,2512,0.045,in,6747.865867571911,0.024430229791803263,0.2624288151040614,0.006832230456043814,-0.02976123747858765
6575.0,220.98,2025-11-06 18:16:47,0,2025-12-02,6734.10986328125,0.0992063492063492,2512,0.045,in,6747.865867571911,0.024430229791803263,0.11954404731223912,0.001417736036487189,-0.025951709061919914
6680.0,126.43,2025-11-14 14:32:24,0,2025-12-10,6734.10986328125,0.0992063492063492,2512,0.045,in,6747.865867571911,0.024430229791803263,0.09201794005255676,0.0008400100487615009,-0.010108299577193836
6700.0,168.67,2025-11-13 15:47:43,0,2025-12-09,6734.10986328125,0.0992063492063492,2512,0.045,in,6747.865867571911,0.024430229791803263,0.15946142732328605,0.0025226137702360754,-0.007118760728827809
6700.0,163.33,2025-11-14 17:44:27,0,2025-12-10,6734.10986328125,0.0992063492063492,2512,0.045,in,6747.865867571911,0.024430229791803263,0.15299812981480412,0.0023222646554392516,-0.007118760728827809
6710.0,143.04,2025-11-13 19:12:05,0,2025-12-09,6734.10986328125,0.0992063492063492,2512,0.045,in,6747.865867571911,0.024430229791803263,0.13529104672462614,0.0018158400122862074,-0.005627336142157811
6725.0,116.59,2025-11-14 15:26:36,0,2025-12-10,6734.10986328125,0.0992063492063492,2512,0.045,in,6747.865867571911,0.024430229791803263,0.11354208670131459,0.0012789489536199244,-0.0033943616378454525
6730.0,120.0,2025-11-13 20:47:53,0,2025-12-09,6734.10986328125,0.0992063492063492,2512,0.045,in,6747.865867571911,0.024430229791803263,0.12091693659282778,0.001450486662201779,-0.0026511434691117892
6760.0,127.82,2025-11-13 15:47:43,0,2025-12-09,6734.10986328125,0.0992063492063492,2512,0.045,out,6747.865867571911,0.024430229791803263,0.14860883450892431,0.002190931120446513,0.0017966029291244564
6760.0,123.77,2025-11-14 16:52:28,0,2025-12-10,6734.10986328125,0.0992063492063492,2512,0.045,out,6747.865867571911,0.024430229791803263,0.14381937400732522,0.0020519853511764773,0.0017966029291244564
6770.0,111.15,2025-11-13 18:23:59,0,2025-12-09,6734.10986328125,0.0992063492063492,2512,0.045,out,6747.865867571911,0.024430229791803263,0.13466986668901348,0.0017992036700433195,0.003274799798435419
6775.0,114.59,2025-11-13 16:51:20,0,2025-12-09,6734.10986328125,0.0992063492063492,2512,0.045,out,6747.865867571911,0.024430229791803263,0.14156004903148153,0.001988020583511454,0.004013079640016421
6775.0,108.07,2025-11-14 16:19:55,0,2025-12-10,6734.10986328125,0.0992063492063492,2512,0.045,out,6747.865867571911,0.024430229791803263,0.13385391705232633,0.0017774673720487156,0.004013079640016421
6790.0,93.5,2025-11-13 20:51:18,0,2025-12-09,6734.10986328125,0.0992063492063492,2512,0.045,out,6747.865867571911,0.024430229791803263,0.12483741119284837,0.0015460693683861412,0.0062246544448564525
6790.0,106.91,2025-11-14 17:36:54,0,2025-12-10,6734.10986328125,0.0992063492063492,2512,0.045,out,6747.865867571911,0.024430229791803263,0.14072428950330163,0.001964615640496929,0.0062246544448564525
6800.0,86.15,2025-11-14 20:52:01,0,2025-12-10,6734.10986328125,0.0992063492063492,2512,0.045,out,6747.865867571911,0.024430229791803263,0.12137854261878461,0.0014615824016131064,0.007696325056312768
6810.0,85.94,2025-11-13 20:47:31,0,2025-12-09,6734.10986328125,0.0992063492063492,2512,0.045,out,6747.865867571911,0.024430229791803263,0.12624698223412673,0.0015811806074626893,0.009165833035672812
6810.0,88.9,2025-11-14 16:22:48,0,2025-12-10,6734.10986328125,0.0992063492063492,2512,0.045,out,6747.865867571911,0.024430229791803263,0.12978311510299698,0.0016709977148648572,0.009165833035672812
6825.0,85.46,2025-11-14 17:47:24,0,2025-12-10,6734.10986328125,0.0992063492063492,2512,0.045,out,6747.865867571911,0.024430229791803263,0.13312141951642203,0.0017580666998082567,0.011366053945275331
6830.0,96.18,2025-11-13 14:47:22,0,2025-12-09,6734.10986328125,0.0992063492063492,2512,0.045,out,6747.865867571911,0.024430229791803263,0.14845972014094933,0.002186536557969146,0.012098386456950407
6850.0,69.7,2025-11-14 19:02:13,0,2025-12-10,6734.10986328125,0.0992063492063492,2512,0.045,out,6747.865867571911,0.024430229791803263,0.12568088817980713,0.0015670323069112285,0.015022365148385754
6860.0,67.57,2025-11-14 16:24:59,0,2025-12-10,6734.10986328125,0.0992063492063492,2512,0.045,out,6747.865867571911,0.024430229791803263,0.1275061710467735,0.0016128793308540735,0.01648115461204575
6875.0,40.5,2025-11-13 18:44:33,0,2025-12-09,6734.10986328125,0.0992063492063492,2512,0.045,out,6747.865867571911,0.024430229791803263,0.09896867653537808,0.0009717062435678864,0.018665356426886753
6875.0,54.0,2025-11-14 20:32:21,0,2025-12-10,6734.10986328125,0.0992063492063492,2512,0.045,out,6747.865867571911,0.024430229791803263,0.11672552256814481,0.0013516713907546112,0.018665356426886753
6900.0,44.6,2025-11-14 20:32:00,0,2025-12-10,6734.10986328125,0.0992063492063492,2512,0.045,out,6747.865867571911,0.024430229791803263,0.11427654366305036,0.0012955484555131997,0.02229512447746539
6925.0,42.17,2025-11-14 17:47:24,0,2025-12-10,6734.10986328125,0.0992063492063492,2512,0.045,out,6747.865867571911,0.024430229791803263,0.12032559301077002,0.0014363341600588755,0.025911764947654035
6950.0,31.2,2025-11-14 18:22:12,0,2025-12-10,6734.10986328125,0.0992063492063492,2512,0.045,out,6747.865867571911,0.024430229791803263,0.11291804250887508,0.0012649290004004086,0.029515372450952534
7000.0,23.5,2025-11-14 17:38:56,0,2025-12-10,6734.10986328125,0.0992063492063492,2512,0.045,out,6747.865867571911,0.024430229791803263,0.11609945209145404,0.001337210592850777,0.03668386192956515
7025.0,15.54,2025-11-14 18:23:18,0,2025-12-10,6734.10986328125,0.0992063492063492,2512,0.045,out,6747.865867571911,0.024430229791803263,0.10777941704968372,0.0011524209067033386,0.04024892809406124
7050.0,14.32,2025-11-14 12:20:47,0,2025-12-10,6734.10986328125,0.0992063492063492,2512,0.045,out,6747.865867571911,0.024430229791803263,0.11186855562999522,0.00124152517249418,0.043801329698428995
7075.0,9.03,2025-11-13 20:16:55,0,2025-12-09,6734.10986328125,0.0992063492063492,2512,0.045,out,6747.865867571911,0.024430229791803263,0.10464827612330395,0.0010864346920217527,0.04734115640355318
7100.0,5.43,2025-11-14 14:38:25,0,2025-12-10,6734.10986328125,0.0992063492063492,2512,0.045,out,6747.865867571911,0.024430229791803263,0.09844564077276625,0.0009614627169802119,0.050868496921521525
6450.0,386.75,2025-11-04 17:13:11,0,2025-12-01,6734.10986328125,0.10317460317460317,2512,0.045,in,6747.865867571911,0.02522137479981083,0.22537700525286963,0.005240732765537907,-0.04514615631806713
6550.0,344.02,2025-11-12 15:21:40,0,2025-12-09,6734.10986328125,0.10317460317460317,2512,0.045,in,6747.865867571911,0.02522137479981083,0.2596331865446464,0.006954937223962326,-0.02976123747858765
6575.0,204.6,2025-11-07 15:18:19,0,2025-12-04,6734.10986328125,0.10317460317460317,2512,0.045,in,6747.865867571911,0.02522137479981083,0.08741348655743568,0.0007883692795051654,-0.025951709061919914
6600.0,169.89,2025-11-07 16:20:53,0,2025-12-04,6734.10986328125,0.10317460317460317,2512,0.045,in,6747.865867571911,0.02522137479981083,0.05773120668933018,0.00034386983282127067,-0.02215663809336837
6650.0,209.29,2025-11-14 17:39:02,0,2025-12-11,6734.10986328125,0.10317460317460317,2512,0.045,in,6747.865867571911,0.02522137479981083,0.16906774026374208,0.002949132622004333,-0.01460943245798538
6675.0,166.12,2025-11-13 20:06:03,0,2025-12-10,6734.10986328125,0.10317460317460317,2512,0.045,in,6747.865867571911,0.02522137479981083,0.13483965335811537,0.0018758929962744229,-0.010857082839434998
6680.0,123.16,2025-11-11 17:09:56,0,2025-12-08,6734.10986328125,0.10317460317460317,2512,0.045,in,6747.865867571911,0.02522137479981083,0.08499005163823127,0.0007452620270404749,-0.010108299577193836
6690.0,205.23,2025-11-05 18:01:49,0,2025-12-02,6734.10986328125,0.10317460317460317,2512,0.045,in,6747.865867571911,0.02522137479981083,0.1922755287427795,0.003814352590421433,-0.008612412985611164
6700.0,167.53,2025-11-14 17:44:27,0,2025-12-11,6734.10986328125,0.10317460317460317,2512,0.045,in,6747.865867571911,0.02522137479981083,0.15421087166251915,0.002453594509570487,-0.007118760728827809
6720.0,154.98,2025-11-14 17:45:10,0,2025-12-11,6734.10986328125,0.10317460317460317,2512,0.045,in,6747.865867571911,0.02522137479981083,0.15247634809324076,0.002398710138587814,-0.00413813259069
6730.0,132.4,2025-11-14 20:47:17,0,2025-12-11,6734.10986328125,0.10317460317460317,2512,0.045,in,6747.865867571911,0.02522137479981083,0.1323363555298023,0.0018068876423320084,-0.0026511434691117892
6740.0,182.81,2025-11-12 15:34:28,0,2025-12-09,6734.10986328125,0.10317460317460317,2512,0.045,out,6747.865867571911,0.02522137479981083,0.19722646875981847,0.004013314601056186,-0.0011663622015324995
6740.0,142.39,2025-11-14 16:38:42,0,2025-12-11,6734.10986328125,0.10317460317460317,2512,0.045,out,6747.865867571911,0.02522137479981083,0.15017023151795333,0.00232670063209543,-0.0011663622015324995
6750.0,119.65,2025-11-13 20:27:21,0,2025-12-10,6734.10986328125,0.10317460317460317,2512,0.045,out,6747.865867571911,0.02522137479981083,0.1297082324909477,0.001735832797516148,0.0003162177586903504
6760.0,123.1,2025-11-14 18:48:23,0,2025-12-11,6734.10986328125,0.10317460317460317,2512,0.045,out,6747.865867571911,0.02522137479981083,0.13955640971380068,0.002009427693640322,0.0017966029291244564
6800.0,89.2,2025-11-14 20:53:00,0,2025-12-11,6734.10986328125,0.10317460317460317,2512,0.045,out,6747.865867571911,0.02522137479981083,0.12196010101572266,0.001534646516801179,0.007696325056312768
6820.0,68.08,2025-11-13 15:14:29,0,2025-12-10,6734.10986328125,0.10317460317460317,2512,0.045,out,6747.865867571911,0.02522137479981083,0.10701082817912835,0.0011814851231633182,0.010633184729622604
6840.0,82.4,2025-11-13 17:45:13,0,2025-12-10,6734.10986328125,0.10317460317460317,2512,0.045,out,6747.865867571911,0.02522137479981083,0.13339796933551057,0.0018359939436261238,0.013561444508710866
6850.0,49.41,2025-11-14 14:34:08,0,2025-12-11,6734.10986328125,0.10317460317460317,2512,0.045,out,6747.865867571911,0.02522137479981083,0.09782514304930158,0.0009873560473334295,0.015022365148385754
6875.0,57.9,2025-11-14 20:32:24,0,2025-12-11,6734.10986328125,0.10317460317460317,2512,0.045,out,6747.865867571911,0.02522137479981083,0.1188760779534729,0.0014580141652762073,0.018665356426886753
6900.0,48.2,2025-11-14 20:31:46,0,2025-12-11,6734.10986328125,0.10317460317460317,2512,0.045,out,6747.865867571911,0.02522137479981083,0.11636589536242872,0.0013970895305198113,0.02229512447746539
6925.0,28.68,2025-11-14 14:32:12,0,2025-12-11,6734.10986328125,0.10317460317460317,2512,0.045,out,6747.865867571911,0.02522137479981083,0.09813032758768753,0.0009935261547783275,0.025911764947654035
6950.0,30.0,2025-11-14 14:34:16,0,2025-12-11,6734.10986328125,0.10317460317460317,2512,0.045,out,6747.865867571911,0.02522137479981083,0.10847362898267378,0.00121400687619619,0.029515372450952534
6975.0,30.66,2025-11-13 19:26:19,0,2025-12-10,6734.10986328125,0.10317460317460317,2512,0.045,out,6747.865867571911,0.02522137479981083,0.11764069531518899,0.0014278677105169417,0.033106040581681026
7025.0,21.12,2025-11-14 16:40:19,0,2025-12-11,6734.10986328125,0.10317460317460317,2512,0.045,out,6747.865867571911,0.02522137479981083,0.11644943125951614,0.0013990961153066829,0.04024892809406124
7050.0,16.82,2025-11-14 16:40:19,0,2025-12-11,6734.10986328125,0.10317460317460317,2512,0.045,out,6747.865867571911,0.02522137479981083,0.11482886520683105,0.0013604260928646943,0.043801329698428995
5110.0,1757.4,2025-10-31 14:09:01,0,2025-11-28,6734.10986328125,0.10714285714285714,2511,0.045,in,6744.103250580426,0.031159644294651397,0.7959967063195119,0.06788686676480478,-0.2774691263579109
5170.0,1706.23,2025-10-31 19:46:54,0,2025-11-28,6734.10986328125,0.10714285714285714,2511,0.045,in,6744.103250580426,0.031159644294651397,0.7913809492628994,0.06710183644888368,-0.2657958420531863
5175.0,1639.26,2025-10-24 18:50:49,0,2025-11-21,6734.10986328125,0.10714285714285714,2511,0.045,in,6744.103250580426,0.031159644294651397,0.6306731151229156,0.042615919086304535,-0.26482919142209127
5360.0,1504.9,2025-10-31 14:13:12,0,2025-11-28,6734.10986328125,0.10714285714285714,2511,0.045,in,6744.103250580426,0.031159644294651397,0.6885376881818079,0.05079473014786592,-0.22970455549081334
5510.0,1358.07,2025-10-31 14:16:17,0,2025-11-28,6734.10986328125,0.10714285714285714,2511,0.045,in,6744.103250580426,0.031159644294651397,0.6355117843371403,0.04327234586050455,-0.20210390740870082
5550.0,1323.48,2025-10-31 14:35:29,0,2025-11-28,6734.10986328125,0.10714285714285714,2511,0.045,in,6744.103250580426,0.031159644294651397,0.6305779649323034,0.042603061056231996,-0.19487060281518087
5775.0,1107.7,2025-10-31 19:32:24,0,2025-11-28,6734.10986328125,0.10714285714285714,2511,0.045,in,6744.103250580426,0.031159644294651397,0.5581227930724083,0.03337511273002996,-0.15513027416566677
5850.0,1004.39,2025-10-31 16:14:22,0,2025-11-28,6734.10986328125,0.10714285714285714,2511,0.045,in,6744.103250580426,0.031159644294651397,0.47664420531712953,0.02434175340668549,-0.14222686932975886
5860.0,1021.98,2025-10-31 15:27:20,0,2025-11-28,6734.10986328125,0.10714285714285714,2511,0.045,in,6744.103250580426,0.031159644294651397,0.5228316259335666,0.029287811686750383,-0.14051892698460278
5870.0,990.48,2025-10-31 16:28:15,0,2025-11-28,6734.10986328125,0.10714285714285714,2511,0.045,in,6744.103250580426,0.031159644294651397,0.48039069025118714,0.02472591592285843,-0.13881389673351896
5900.0,979.76,2025-10-31 19:49:57,0,2025-11-28,6734.10986328125,0.10714285714285714,2511,0.045,in,6744.103250580426,0.031159644294651397,0.5030240596745581,0.027110700494086433,-0.13371617966185018
5940.0,944.76,2025-10-31 14:42:42,0,2025-11-28,6734.10986328125,0.10714285714285714,2511,0.045,in,6744.103250580426,0.031159644294651397,0.4955573803227514,0.02631183398489443,-0.12695939719897045
5950.0,923.46,2025-10-31 13:43:03,0,2025-11-28,6734.10986328125,0.10714285714285714,2511,0.045,in,6744.103250580426,0.031159644294651397,0.4723750792277445,0.023907665943794773,-0.12527731101598563
6000.0,786.15,2025-11-14 19:45:02,0,2025-12-12,6734.10986328125,0.10714285714285714,2512,0.045,in,6747.865867571911,0.02595391647389191,0.2724129250827725,0.007950943044873452,-0.11746681789769318
6040.0,787.27,2025-10-24 19:03:21,0,2025-11-21,6734.10986328125,0.10714285714285714,2511,0.045,in,6744.103250580426,0.031159644294651397,0.3548335080122639,0.013490016258030998,-0.11026451862680035
6070.0,817.9,2025-10-31 15:16:30,0,2025-11-28,6734.10986328125,0.10714285714285714,2511,0.045,in,6744.103250580426,0.031159644294651397,0.4482673810069964,0.021529676236593395,-0.10530992550211708
6120.0,706.39,2025-10-24 15:48:11,0,2025-11-21,6734.10986328125,0.10714285714285714,2511,0.045,in,6744.103250580426,0.031159644294651397,0.32470859785417194,0.011296679305759536,-0.09710643404928922
6155.0,726.45,2025-10-31 14:32:35,0,2025-11-28,6734.10986328125,0.10714285714285714,2511,0.045,in,6744.103250580426,0.031159644294651397,0.4038078542801755,0.01747079819768137,-0.09140377093710715
6300.0,478.03,2025-11-14 16:43:44,0,2025-12-12,6734.10986328125,0.10714285714285714,2512,0.045,in,6747.865867571911,0.02595391647389191,0.16039513922881918,0.002756421502310602,-0.06867665372826115
6350.0,425.76,2025-10-23 16:52:34,0,2025-11-20,6734.10986328125,0.10714285714285714,2511,0.045,in,6744.103250580426,0.031159644294651397,0.1394639244397927,0.0020839485235873076,-0.06021371766892365
6400.0,485.9,2025-11-03 20:43:28,0,2025-12-01,6734.10986328125,0.10714285714285714,2512,0.045,in,6747.865867571911,0.02595391647389191,0.30920314167996094,0.010243562445509785,-0.05292829676012205
6400.0,447.4,2025-11-13 15:33:02,0,2025-12-11,6734.10986328125,0.10714285714285714,2512,0.045,in,6747.865867571911,0.02595391647389191,0.25506361868828786,0.006970441026253318,-0.05292829676012205
6400.0,406.08,2025-11-14 18:32:35,0,2025-12-12,6734.10986328125,0.10714285714285714,2512,0.045,in,6747.865867571911,0.02595391647389191,0.18995544304902512,0.0038660432511376523,-0.05292829676012205
6400.0,500.3,2025-10-27 19:44:48,0,2025-11-24,6734.10986328125,0.10714285714285714,2511,0.045,in,6744.103250580426,0.031159644294651397,0.328646495555978,0.011572341325845587,-0.05237054020789783
6450.0,369.53,2025-11-14 19:51:24,0,2025-12-12,6734.10986328125,0.10714285714285714,2512,0.045,in,6747.865867571911,0.02595391647389191,0.19415079047137318,0.004038699582927755,-0.04514615631806713
6460.0,360.87,2025-11-14 16:26:55,0,2025-12-12,6734.10986328125,0.10714285714285714,2512,0.045,in,6747.865867571911,0.02595391647389191,0.19249871376330063,0.0039702594429134085,-0.04359696933123771
6480.0,343.72,2025-11-14 16:26:55,0,2025-12-12,6734.10986328125,0.10714285714285714,2512,0.045,in,6747.865867571911,0.02595391647389191,0.18926510992465337,0.0038379944822990487,-0.04050577676156485
6500.0,332.1,2025-11-04 18:30:28,0,2025-12-02,6734.10986328125,0.10714285714285714,2512,0.045,in,6747.865867571911,0.02595391647389191,0.19369331487336441,0.004019689309996317,-0.037424110224156745
6500.0,319.75,2025-11-14 18:59:56,0,2025-12-12,6734.10986328125,0.10714285714285714,2512,0.045,in,6747.865867571911,0.02595391647389191,0.17580383465842384,0.003311463030064974,-0.037424110224156745
6505.0,388.93,2025-10-31 19:06:16,0,2025-11-28,6734.10986328125,0.10714285714285714,2511,0.045,in,6744.103250580426,0.031159644294651397,0.2740851481159807,0.008048857330474187,-0.03609741860905533
6530.0,283.5,2025-11-14 16:03:11,0,2025-12-12,6734.10986328125,0.10714285714285714,2512,0.045,in,6747.865867571911,0.02595391647389191,0.15525465341624192,0.00258257222222115,-0.03281934383740852
6550.0,282.1,2025-11-14 19:34:15,0,2025-12-12,6734.10986328125,0.10714285714285714,2512,0.045,in,6747.865867571911,0.02595391647389191,0.17377690685916541,0.003235544288307755,-0.02976123747858765
6580.0,197.52,2025-11-14 14:33:35,0,2025-12-12,6734.10986328125,0.10714285714285714,2512,0.045,in,6747.865867571911,0.02595391647389191,0.07805576930412254,0.0006527896201776855,-0.025191541788522412
6590.0,204.0,2025-11-14 14:38:26,0,2025-12-12,6734.10986328125,0.10714285714285714,2512,0.045,in,6747.865867571911,0.02595391647389191,0.10382217027022429,0.0011548974685306548,-0.02367293861133233
6595.0,174.4,2025-11-07 16:17:17,0,2025-12-05,6734.10986328125,0.10714285714285714,2512,0.045,in,6747.865867571911,0.02595391647389191,0.05314226106624548,0.00030258213334639173,-0.02291450095647023
6600.0,229.48,2025-11-14 20:38:52,0,2025-12-12,6734.10986328125,0.10714285714285714,2512,0.045,in,6747.865867571911,0.02595391647389191,0.1497887391591895,0.0024039285405963976,-0.02215663809336837
6615.0,166.9,2025-11-07 17:23:17,0,2025-12-05,6734.10986328125,0.10714285714285714,2512,0.045,in,6747.865867571911,0.02595391647389191,0.07543565085152228,0.0006097004377920829,-0.019886489558829247
6645.0,163.24,2025-11-07 18:41:48,0,2025-12-05,6734.10986328125,0.10714285714285714,2512,0.045,in,6747.865867571911,0.02595391647389191,0.10334310543429583,0.0011442640115147124,-0.01536159496053953
6650.0,202.62,2025-11-14 20:13:22,0,2025-12-12,6734.10986328125,0.10714285714285714,2512,0.045,in,6747.865867571911,0.02595391647389191,0.1569471401192336,0.0026391862276721086,-0.01460943245798538
6670.0,173.4,2025-11-14 15:44:32,0,2025-12-12,6734.10986328125,0.10714285714285714,2512,0.045,in,6747.865867571911,0.02595391647389191,0.13651617093573556,0.0019967855278880324,-0.011606427198215905
6675.0,155.2,2025-11-14 14:49:03,0,2025-12-12,6734.10986328125,0.10714285714285714,2512,0.045,in,6747.865867571911,0.02595391647389191,0.11821752892034416,0.0014973625868606151,-0.010857082839434998
6700.0,151.55,2025-11-14 20:59:14,0,2025-12-12,6734.10986328125,0.10714285714285714,2512,0.045,in,6747.865867571911,0.02595391647389191,0.1318452828522637,0.0018624834225421524,-0.007118760728827809
6710.0,158.4,2025-11-14 19:15:06,0,2025-12-12,6734.10986328125,0.10714285714285714,2512,0.045,in,6747.865867571911,0.02595391647389191,0.14646001429406172,0.0022982716914660816,-0.005627336142157811
6720.0,199.63,2025-11-11 20:46:45,0,2025-12-09,6734.10986328125,0.10714285714285714,2512,0.045,in,6747.865867571911,0.02595391647389191,0.20022980528109324,0.004295568741739769,-0.00413813259069
6720.0,138.54,2025-11-14 20:57:21,0,2025-12-12,6734.10986328125,0.10714285714285714,2512,0.045,in,6747.865867571911,0.02595391647389191,0.1298916436136982,0.0018076970443572842,-0.00413813259069
6725.0,169.71,2025-11-11 15:19:27,0,2025-12-09,6734.10986328125,0.10714285714285714,2512,0.045,in,6747.865867571911,0.02595391647389191,0.16891155370626842,0.0030569049616570284,-0.0033943616378454525
6725.0,152.2,2025-11-14 19:17:22,0,2025-12-12,6734.10986328125,0.10714285714285714,2512,0.045,in,6747.865867571911,0.02595391647389191,0.14878927513809154,0.0023719551852984322,-0.0033943616378454525
6730.0,144.81,2025-11-14 20:16:20,0,2025-12-12,6734.10986328125,0.10714285714285714,2512,0.045,in,6747.865867571911,0.02595391647389191,0.14337757623204456,0.0022025495749474016,-0.0026511434691117892
6740.0,131.81,2025-11-14 20:37:41,0,2025-12-12,6734.10986328125,0.10714285714285714,2512,0.045,out,6747.865867571911,0.02595391647389191,0.1345447890961836,0.0019395321721003417,-0.0011663622015324995
6750.0,125.71,2025-11-13 20:49:45,0,2025-12-11,6734.10986328125,0.10714285714285714,2512,0.045,out,6747.865867571911,0.02595391647389191,0.13349244872386395,0.0019093107713885837,0.0003162177586903504
6750.0,125.9,2025-11-14 20:40:29,0,2025-12-12,6734.10986328125,0.10714285714285714,2512,0.045,out,6747.865867571911,0.02595391647389191,0.13370917441837474,0.0019155153561046454,0.0003162177586903504
6760.0,161.8,2025-11-10 20:50:39,0,2025-12-08,6734.10986328125,0.10714285714285714,2512,0.045,out,6747.865867571911,0.02595391647389191,0.18031857936458365,0.0034837275068637483,0.0017966029291244564
6760.0,116.2,2025-11-14 20:56:23,0,2025-12-12,6734.10986328125,0.10714285714285714,2512,0.045,out,6747.865867571911,0.02595391647389191,0.12841093015379892,0.0017667178910318385,0.0017966029291244564
6770.0,110.15,2025-11-14 21:00:31,0,2025-12-12,6734.10986328125,0.10714285714285714,2512,0.045,out,6747.865867571911,0.02595391647389191,0.12712091870060113,0.0017313994254948045,0.003274799798435419
6775.0,124.29,2025-11-13 16:50:04,0,2025-12-11,6734.10986328125,0.10714285714285714,2512,0.045,out,6747.865867571911,0.02595391647389191,0.14593640284867623,0.002281867893901191,0.004013079640016421
6775.0,107.15,2025-11-14 21:00:31,0,2025-12-12,6734.10986328125,0.10714285714285714,2512,0.045,out,6747.865867571911,0.02595391647389191,0.12644486053624013,0.0017130324381459876,0.004013079640016421
6780.0,157.21,2025-11-12 20:07:53,0,2025-12-10,6734.10986328125,0.10714285714285714,2512,0.045,out,6747.865867571911,0.02595391647389191,0.1860741495144624,0.0037096702625925545,0.004750814826556055
6780.0,105.0,2025-11-14 20:57:40,0,2025-12-12,6734.10986328125,0.10714285714285714,2512,0.045,out,6747.865867571911,0.02595391647389191,0.12669531941557202,0.0017198254244800521,0.004750814826556055
6790.0,117.4,2025-11-14 17:39:42,0,2025-12-12,6734.10986328125,0.10714285714285714,2512,0.045,out,6747.865867571911,0.02595391647389191,0.14609643818737236,0.0022868752768967905,0.0062246544448564525
6800.0,92.23,2025-11-14 20:59:14,0,2025-12-12,6734.10986328125,0.10714285714285714,2512,0.045,out,6747.865867571911,0.02595391647389191,0.12253469498065886,0.0016087233722146181,0.007696325056312768
6810.0,91.42,2025-11-14 20:37:41,0,2025-12-12,6734.10986328125,0.10714285714285714,2512,0.045,out,6747.865867571911,0.02595391647389191,0.12658612064288402,0.0017168620649372984,0.009165833035672812
6820.0,96.79,2025-11-14 20:06:08,0,2025-12-12,6734.10986328125,0.10714285714285714,2512,0.045,out,6747.865867571911,0.02595391647389191,0.13762815196171355,0.0020294473084710553,0.010633184729622604
6825.0,80.6,2025-11-14 20:56:57,0,2025-12-12,6734.10986328125,0.10714285714285714,2512,0.045,out,6747.865867571911,0.02595391647389191,0.1213196618210136,0.0015769778940391184,0.011366053945275331
6830.0,78.2,2025-11-14 20:56:31,0,2025-12-12,6734.10986328125,0.10714285714285714,2512,0.045,out,6747.865867571911,0.02595391647389191,0.12086103023677731,0.001565077353203057,0.012098386456950407
6840.0,73.5,2025-11-14 20:56:31,0,2025-12-12,6734.10986328125,0.10714285714285714,2512,0.045,out,6747.865867571911,0.02595391647389191,0.11992429947131551,0.0015409111718234748,0.013561444508710866
6850.0,70.76,2025-11-14 21:12:44,0,2025-12-12,6734.10986328125,0.10714285714285714,2512,0.045,out,6747.865867571911,0.02595391647389191,0.12112688416416617,0.0015719702214984995,0.015022365148385754
6860.0,76.37,2025-11-14 16:58:16,0,2025-12-12,6734.10986328125,0.10714285714285714,2512,0.045,out,6747.865867571911,0.02595391647389191,0.13214671821710747,0.0018710094788091,0.01648115461204575
6870.0,67.93,2025-11-14 20:16:52,0,2025-12-12,6734.10986328125,0.10714285714285714,2512,0.045,out,6747.865867571911,0.02595391647389191,0.12631451800084742,0.0017095025847628292,0.017937819108509705
6875.0,61.8,2025-11-14 20:32:24,0,2025-12-12,6734.10986328125,0.10714285714285714,2512,0.045,out,6747.865867571911,0.02595391647389191,0.1209417387049175,0.0015671683029609151,0.018665356426886753
6880.0,56.9,2025-11-14 21:00:31,0,2025-12-12,6734.10986328125,0.10714285714285714,2512,0.045,out,6747.865867571911,0.02595391647389191,0.11693814122278184,0.0014651280934970645,0.019392364819504085
6890.0,53.2,2025-11-14 21:01:56,0,2025-12-12,6734.10986328125,0.10714285714285714,2512,0.045,out,6747.865867571911,0.02595391647389191,0.11626876913752862,0.0014484028582238493,0.020844797899819054
6900.0,48.6,2025-11-14 20:43:57,0,2025-12-12,6734.10986328125,0.10714285714285714,2512,0.045,out,6747.865867571911,0.02595391647389191,0.11424234917783174,0.0013983551084646034,0.02229512447746539
6910.0,48.79,2025-11-14 20:36:46,0,2025-12-12,6734.10986328125,0.10714285714285714,2512,0.045,out,6747.865867571911,0.02595391647389191,0.11824313786922305,0.0014980113914100095,0.02374335065383028
6920.0,49.7,2025-11-14 17:49:48,0,2025-12-12,6734.10986328125,0.10714285714285714,2512,0.045,out,6747.865867571911,0.02595391647389191,0.12314095424370194,0.0016246815655767317,0.025189482503830008
6925.0,40.46,2025-11-14 20:59:41,0,2025-12-12,6734.10986328125,0.10714285714285714,2512,0.045,out,6747.865867571911,0.02595391647389191,0.1125731347792976,0.001357790429361204,0.025911764947654035
6930.0,38.8,2025-11-14 20:57:12,0,2025-12-12,6734.10986328125,0.10714285714285714,2512,0.045,out,6747.865867571911,0.02595391647389191,0.11203696071575525,0.0013448872035453946,0.026633526076063733
6940.0,35.9,2025-11-14 20:57:12,0,2025-12-12,6734.10986328125,0.10714285714285714,2512,0.045,out,6747.865867571911,0.02595391647389191,0.11138677539105343,0.0013293228998589627,0.028075487392964844
6950.0,32.88,2025-11-14 20:59:30,0,2025-12-12,6734.10986328125,0.10714285714285714,2512,0.045,out,6747.865867571911,0.02595391647389191,0.11034241060193295,0.0013045122404405961,0.029515372450952534
6960.0,37.28,2025-11-14 19:52:43,0,2025-12-12,6734.10986328125,0.10714285714285714,2512,0.045,out,6747.865867571911,0.02595391647389191,0.12008867606786902,0.0015451382271143117,0.030953187220580106
6970.0,28.0,2025-11-14 20:50:10,0,2025-12-12,6734.10986328125,0.10714285714285714,2512,0.045,out,6747.865867571911,0.02595391647389191,0.10931854043420725,0.0012804153517141505,0.0323889376466844
6975.0,29.59,2025-11-13 20:22:07,0,2025-12-11,6734.10986328125,0.10714285714285714,2512,0.045,out,6747.865867571911,0.02595391647389191,0.11338262274360805,0.0013773877650235012,0.033106040581681026
6975.0,32.9,2025-11-14 20:00:57,0,2025-12-12,6734.10986328125,0.10714285714285714,2512,0.045,out,6747.865867571911,0.02595391647389191,0.1184861449686898,0.0015041749874508614,0.033106040581681026
6980.0,28.8,2025-11-14 20:21:12,0,2025-12-12,6734.10986328125,0.10714285714285714,2512,0.045,out,6747.865867571911,0.02595391647389191,0.11370019048578492,0.0013851142839111186,0.03382262964853284
6990.0,24.2,2025-11-14 21:03:12,0,2025-12-12,6734.10986328125,0.10714285714285714,2512,0.045,out,6747.865867571911,0.02595391647389191,0.1092216527966295,0.0012781467256743732,0.03525426911997068
7000.0,24.51,2025-11-13 20:49:51,0,2025-12-11,6734.10986328125,0.10714285714285714,2512,0.045,out,6747.865867571911,0.02595391647389191,0.1127175237636032,0.001361275731792691,0.03668386192956515
7000.0,22.0,2025-11-14 21:03:45,0,2025-12-12,6734.10986328125,0.10714285714285714,2512,0.045,out,6747.865867571911,0.02595391647389191,0.10836331618340643,0.001258136602956955,0.03668386192956515
7010.0,20.0,2025-11-14 21:02:36,0,2025-12-12,6734.10986328125,0.10714285714285714,2512,0.045,out,6747.865867571911,0.02595391647389191,0.10761632743804078,0.0012408507783483868,0.03811141392075042
7020.0,17.9,2025-11-14 20:57:04,0,2025-12-12,6734.10986328125,0.10714285714285714,2512,0.045,out,6747.865867571911,0.02595391647389191,0.10642113278334286,0.0012134418753096314,0.0395369309119715
7025.0,17.3,2025-11-14 21:01:07,0,2025-12-12,6734.10986328125,0.10714285714285714,2512,0.045,out,6747.865867571911,0.02595391647389191,0.10660787191068939,0.0012177041092849238,0.04024892809406124
7030.0,16.3,2025-11-14 18:23:53,0,2025-12-12,6734.10986328125,0.10714285714285714,2512,0.045,out,6747.865867571911,0.02595391647389191,0.10594273292190631,0.001202556713460254,0.040960418696825346
7040.0,15.31,2025-11-14 21:00:31,0,2025-12-12,6734.10986328125,0.10714285714285714,2512,0.045,out,6747.865867571911,0.02595391647389191,0.10653543889797557,0.0012160499722697448,0.0423818830442029
7050.0,14.3,2025-11-14 21:09:51,0,2025-12-12,6734.10986328125,0.10714285714285714,2512,0.045,out,6747.865867571911,0.02595391647389191,0.10695170214241297,0.0012255714204813665,0.043801329698428995
7060.0,12.5,2025-11-14 21:05:32,0,2025-12-12,6734.10986328125,0.10714285714285714,2512,0.045,out,6747.865867571911,0.02595391647389191,0.10537220401731685,0.0011896394335143264,0.045218764379402476
7070.0,11.4,2025-11-14 21:05:32,0,2025-12-12,6734.10986328125,0.10714285714285714,2512,0.045,out,6747.865867571911,0.02595391647389191,0.10516943510809666,0.0011850653658167308,0.046634192782733216
7075.0,11.22,2025-11-12 19:40:30,0,2025-12-10,6734.10986328125,0.10714285714285714,2512,0.045,out,6747.865867571911,0.02595391647389191,0.10593731955519448,0.0012024338222720774,0.04734115640355318
7075.0,12.46,2025-11-13 21:00:06,0,2025-12-11,6734.10986328125,0.10714285714285714,2512,0.045,out,6747.865867571911,0.02595391647389191,0.10901388929874087,0.0012732887207183709,0.04734115640355318
7075.0,10.81,2025-11-14 20:48:51,0,2025-12-12,6734.10986328125,0.10714285714285714,2512,0.045,out,6747.865867571911,0.02595391647389191,0.10488736870154124,0.0011787171549785412,0.04734115640355318
7080.0,12.59,2025-11-14 19:45:08,0,2025-12-12,6734.10986328125,0.10714285714285714,2512,0.045,out,6747.865867571911,0.02595391647389191,0.11056746801774656,0.0013098391054130792,0.048047620579880275
7090.0,11.12,2025-11-14 19:06:21,0,2025-12-12,6734.10986328125,0.10714285714285714,2512,0.045,out,6747.865867571911,0.02595391647389191,0.10931377566606311,0.0012803037375396825,0.04945905341828786
7100.0,8.8,2025-11-14 21:09:51,0,2025-12-12,6734.10986328125,0.10714285714285714,2512,0.045,out,6747.865867571911,0.02595391647389191,0.10526914213012396,0.0011873134590870255,0.050868496921521525
7125.0,7.81,2025-11-13 21:00:06,0,2025-12-11,6734.10986328125,0.10714285714285714,2512,0.045,out,6747.865867571911,0.02595391647389191,0.10789712811060344,0.001247334670126711,0.054383439028965946
7125.0,8.17,2025-11-14 19:15:52,0,2025-12-12,6734.10986328125,0.10714285714285714,2512,0.045,out,6747.865867571911,0.02595391647389191,0.10904442937708264,0.001274002240518596,0.054383439028965946
5250.0,1617.08,2025-10-30 15:55:29,0,2025-11-28,6734.10986328125,0.1111111111111111,2511,0.045,in,6744.103250580426,0.03165394271269956,0.7227763379056034,0.05804507051513721,-0.25044045396999165
5500.0,1362.04,2025-11-03 16:18:23,0,2025-12-02,6734.10986328125,0.1111111111111111,2512,0.045,in,6747.865867571911,0.026634133742681483,0.6139167022384389,0.04187707969859111,-0.20447819488732297
6170.0,712.73,2025-10-30 18:12:20,0,2025-11-28,6734.10986328125,0.1111111111111111,2511,0.045,in,6744.103250580426,0.03165394271269956,0.3912890986604213,0.01701190652560943,-0.08896969265622756
6200.0,633.08,2025-11-04 16:54:46,0,2025-12-03,6734.10986328125,0.1111111111111111,2512,0.045,in,6747.865867571911,0.026634133742681483,0.30088148077071303,0.010058851718975217,-0.08467699507470233
6200.0,616.73,2025-11-05 14:52:55,0,2025-12-04,6734.10986328125,0.1111111111111111,2512,0.045,in,6747.865867571911,0.026634133742681483,0.27174669268319174,0.008205140553805893,-0.08467699507470233
6225.0,608.77,2025-11-04 16:54:46,0,2025-12-03,6734.10986328125,0.1111111111111111,2512,0.045,in,6747.865867571911,0.026634133742681483,0.29308804707371583,0.009544511481942741,-0.08065284477497685
6225.0,641.7,2025-10-30 19:30:57,0,2025-11-28,6734.10986328125,0.1111111111111111,2511,0.045,in,6744.103250580426,0.03165394271269956,0.345454121426351,0.01325983889005023,-0.08009508822275266
6285.0,582.59,2025-10-30 19:28:38,0,2025-11-28,6734.10986328125,0.1111111111111111,2511,0.045,in,6744.103250580426,0.03165394271269956,0.323375149554696,0.011619054149946888,-0.07050268853131321
6350.0,469.0,2025-11-04 18:30:30,0,2025-12-03,6734.10986328125,0.1111111111111111,2512,0.045,in,6747.865867571911,0.026634133742681483,0.22403390688096836,0.005576799048038933,-0.060771474221147904
6350.0,509.69,2025-11-10 19:40:34,0,2025-12-09,6734.10986328125,0.1111111111111111,2512,0.045,in,6747.865867571911,0.026634133742681483,0.2864084649232002,0.009114423197740446,-0.060771474221147904
6425.0,364.56,2025-10-20 19:26:16,0,2025-11-18,6734.10986328125,0.1111111111111111,2511,0.045,in,6744.103250580426,0.03165394271269956,0.1461789424410176,0.0023742536903527036,-0.04847189979224043
6525.0,372.85,2025-11-03 20:58:06,0,2025-12-02,6734.10986328125,0.1111111111111111,2512,0.045,in,6747.865867571911,0.026634133742681483,0.26426166577074744,0.007759358666214469,-0.03358533391699114
6560.0,263.57,2025-11-13 19:53:39,0,2025-12-12,6734.10986328125,0.1111111111111111,2512,0.045,in,6747.865867571911,0.026634133742681483,0.15408446195602238,0.002638002379586323,-0.02823568416975058
6570.0,255.77,2025-11-13 19:53:39,0,2025-12-12,6734.10986328125,0.1111111111111111,2512,0.045,in,6747.865867571911,0.026634133742681483,0.15315945570959222,0.0026064243192509486,-0.026712454629229047
6610.0,241.2,2025-11-13 16:55:59,0,2025-12-12,6734.10986328125,0.1111111111111111,2512,0.045,in,6747.865867571911,0.026634133742681483,0.16921236765922185,0.003181425040982185,-0.020642633262153254
6620.0,241.93,2025-11-13 16:24:02,0,2025-12-12,6734.10986328125,0.1111111111111111,2512,0.045,in,6747.865867571911,0.026634133742681483,0.17791951880156884,0.0035172616856202006,-0.01913091717683138
6625.0,266.66,2025-11-10 19:51:28,0,2025-12-09,6734.10986328125,0.1111111111111111,2512,0.045,in,6747.865867571911,0.026634133742681483,0.21115851709043446,0.004954213259981255,-0.018375915253462285
6625.0,218.53,2025-11-13 18:49:13,0,2025-12-12,6734.10986328125,0.1111111111111111,2512,0.045,in,6747.865867571911,0.026634133742681483,0.15326362430526252,0.0026099709483538504,-0.018375915253462285
6640.0,198.3,2025-11-13 20:55:21,0,2025-12-12,6734.10986328125,0.1111111111111111,2512,0.045,in,6747.865867571911,0.026634133742681483,0.14034734853747022,0.0021885975823886824,-0.01611432363740573
6690.0,229.0,2025-11-12 16:35:32,0,2025-12-11,6734.10986328125,0.1111111111111111,2512,0.045,in,6747.865867571911,0.026634133742681483,0.2108862305118086,0.004941444691053297,-0.008612412985611164
6690.0,140.45,2025-11-13 20:17:12,0,2025-12-12,6734.10986328125,0.1111111111111111,2512,0.045,in,6747.865867571911,0.026634133742681483,0.1087498687615904,0.001314059328407015,-0.008612412985611164
7100.0,21.2,2025-11-12 21:01:46,0,2025-12-11,6734.10986328125,0.1111111111111111,2512,0.045,out,6747.865867571911,0.026634133742681483,0.13183214726643702,0.0019310794503199485,0.050868496921521525
5100.0,1712.93,2025-11-05 15:06:49,0,2025-12-05,6734.10986328125,0.11507936507936507,2512,0.045,in,6747.865867571911,0.02726743947569247,0.6261451888085978,0.04511776240704954,-0.2799857473954681
5500.0,1354.64,2025-11-03 15:20:37,0,2025-12-03,6734.10986328125,0.11507936507936507,2512,0.045,in,6747.865867571911,0.02726743947569247,0.586200696097509,0.03954486677401158,-0.20447819488732297
5600.0,1255.64,2025-11-03 15:20:37,0,2025-12-03,6734.10986328125,0.11507936507936507,2512,0.045,in,6747.865867571911,0.02726743947569247,0.5511072858093232,0.034951817355918464,-0.1864596893846446
5600.0,1325.84,2025-10-29 12:49:59,0,2025-11-28,6734.10986328125,0.11507936507936507,2511,0.045,in,6744.103250580426,0.03211415158467544,0.6801168330381272,0.05323098528124025,-0.18590193283242043
5900.0,979.56,2025-11-12 15:01:57,0,2025-12-12,6734.10986328125,0.11507936507936507,2512,0.045,in,6747.865867571911,0.02726743947569247,0.482317837650583,0.02677096983715115,-0.13427393621407446
6220.0,711.17,2025-10-29 17:50:43,0,2025-11-28,6734.10986328125,0.11507936507936507,2511,0.045,in,6744.103250580426,0.03211415158467544,0.43148146199347276,0.021425044878082205,-0.08089862382243589
6225.0,556.31,2025-10-20 18:11:26,0,2025-11-19,6734.10986328125,0.11507936507936507,2511,0.045,in,6744.103250580426,0.03211415158467544,0.1790711518986769,0.003690189864393854,-0.08009508822275266
6260.0,672.0,2025-10-29 17:50:43,0,2025-11-28,6734.10986328125,0.11507936507936507,2511,0.045,in,6744.103250580426,0.03211415158467544,0.41570055807862094,0.01988651454610885,-0.07448834546151688
6430.0,499.35,2025-10-29 19:56:58,0,2025-11-28,6734.10986328125,0.11507936507936507,2511,0.045,in,6744.103250580426,0.03211415158467544,0.339144058187686,0.013236278071096681,-0.04769399232399592
6540.0,343.01,2025-11-05 17:37:12,0,2025-12-05,6734.10986328125,0.11507936507936507,2512,0.045,in,6747.865867571911,0.02726743947569247,0.23409199303431044,0.006306241170160689,-0.03128912165664093
6560.0,325.64,2025-11-05 17:37:12,0,2025-12-05,6734.10986328125,0.11507936507936507,2512,0.045,in,6747.865867571911,0.02726743947569247,0.22863476588059858,0.006015642178210347,-0.02823568416975058
6575.0,334.78,2025-11-03 19:15:02,0,2025-12-03,6734.10986328125,0.11507936507936507,2512,0.045,in,6747.865867571911,0.02726743947569247,0.2507900994002761,0.007237994225233375,-0.025951709061919914
6600.0,277.6,2025-11-10 17:53:41,0,2025-12-10,6734.10986328125,0.11507936507936507,2512,0.045,in,6747.865867571911,0.02726743947569247,0.2014068206124428,0.004668160770980828,-0.02215663809336837
6625.0,242.98,2025-11-10 14:30:15,0,2025-12-10,6734.10986328125,0.11507936507936507,2512,0.045,in,6747.865867571911,0.02726743947569247,0.17890925628694032,0.0036835203871795107,-0.018375915253462285
6670.0,199.36,2025-11-10 16:34:09,0,2025-12-10,6734.10986328125,0.11507936507936507,2512,0.045,in,6747.865867571911,0.02726743947569247,0.16004668582904977,0.00294775122103577,-0.011606427198215905
6680.0,144.07,2025-11-12 15:33:41,0,2025-12-12,6734.10986328125,0.11507936507936507,2512,0.045,in,6747.865867571911,0.02726743947569247,0.10287541446479417,0.0012179253021340963,-0.010108299577193836
5720.0,1050.45,2025-10-21 16:15:21,0,2025-11-21,6734.10986328125,0.11904761904761904,2511,0.045,in,6744.103250580426,0.032543679865186255,0.25506413240298254,0.007744965671248357,-0.16469972518181752
5725.0,1115.74,2025-11-11 14:42:08,0,2025-12-12,6734.10986328125,0.11904761904761904,2512,0.045,in,6747.865867571911,0.02785852482650272,0.4656378012666285,0.02581173356766907,-0.16438373768544484
5810.0,1113.98,2025-10-28 19:14:59,0,2025-11-28,6734.10986328125,0.11904761904761904,2511,0.045,in,6744.103250580426,0.032543679865186255,0.5793208455296499,0.03995388596014148,-0.14908795970970407
5850.0,992.0,2025-11-11 14:44:32,0,2025-12-12,6734.10986328125,0.11904761904761904,2512,0.045,in,6747.865867571911,0.02785852482650272,0.424528225323921,0.021455263582937836,-0.14278462588198307
5875.0,1007.73,2025-10-31 15:10:35,0,2025-12-01,6734.10986328125,0.11904761904761904,2512,0.045,in,6747.865867571911,0.02785852482650272,0.48754546571353413,0.028297688230693674,-0.1385202270955255
5900.0,980.46,2025-10-31 15:31:55,0,2025-12-01,6734.10986328125,0.11904761904761904,2512,0.045,in,6747.865867571911,0.02785852482650272,0.474354369890237,0.026787150980233782,-0.13427393621407446
5925.0,958.48,2025-10-31 15:10:35,0,2025-12-01,6734.10986328125,0.11904761904761904,2512,0.045,in,6747.865867571911,0.02785852482650272,0.4698573837852664,0.02628166203542085,-0.13004560010455332
6000.0,885.35,2025-10-31 19:46:33,0,2025-12-01,6734.10986328125,0.11904761904761904,2512,0.045,in,6747.865867571911,0.02785852482650272,0.44438763460859587,0.023509567832502725,-0.11746681789769318
6015.0,753.0,2025-10-21 13:41:14,0,2025-11-21,6734.10986328125,0.11904761904761904,2511,0.045,in,6744.103250580426,0.032543679865186255,0.1569159560113556,0.0029312639584473436,-0.11441218114688181
6075.0,811.95,2025-10-31 19:46:33,0,2025-12-01,6734.10986328125,0.11904761904761904,2512,0.045,in,6747.865867571911,0.02785852482650272,0.418255675383167,0.020825929760741567,-0.10504429789913602
6125.0,649.71,2025-10-21 19:40:27,0,2025-11-21,6734.10986328125,0.11904761904761904,2511,0.045,in,6744.103250580426,0.032543679865186255,0.1752910321305653,0.003657969755404628,-0.09628977414273326
6325.0,555.38,2025-11-11 18:16:35,0,2025-12-12,6734.10986328125,0.11904761904761904,2512,0.045,in,6747.865867571911,0.02785852482650272,0.3125541442144856,0.011629772984005885,-0.0647162525121643
6330.0,488.29,2025-11-04 20:58:51,0,2025-12-05,6734.10986328125,0.11904761904761904,2512,0.045,in,6747.865867571911,0.02785852482650272,0.21907663340600644,0.005713639441013063,-0.06392605096966338
6370.0,517.5,2025-11-11 20:33:56,0,2025-12-12,6734.10986328125,0.11904761904761904,2512,0.045,in,6747.865867571911,0.02785852482650272,0.3043580279573815,0.011027834426441214,-0.0576268175416762
6425.0,397.93,2025-11-14 20:02:27,0,2025-12-15,6734.10986328125,0.11904761904761904,2512,0.045,in,6747.865867571911,0.02785852482650272,0.1940503071383233,0.004482800202437811,-0.049029656344464684
6575.0,208.0,2025-11-07 15:09:57,0,2025-12-08,6734.10986328125,0.11904761904761904,2512,0.045,in,6747.865867571911,0.02785852482650272,0.08033516973817115,0.0007683023210548535,-0.025951709061919914
6575.0,299.81,2025-11-10 15:11:26,0,2025-12-11,6734.10986328125,0.11904761904761904,2512,0.045,in,6747.865867571911,0.02785852482650272,0.20458287273270886,0.004982637120900923,-0.025951709061919914
6600.0,238.37,2025-11-14 18:36:45,0,2025-12-15,6734.10986328125,0.11904761904761904,2512,0.045,in,6747.865867571911,0.02785852482650272,0.1501379517144082,0.0026835005410711862,-0.02215663809336837
6625.0,187.22,2025-11-07 16:40:06,0,2025-12-08,6734.10986328125,0.11904761904761904,2512,0.045,in,6747.865867571911,0.02785852482650272,0.10750716086065545,0.0013759273376570055,-0.018375915253462285
6640.0,178.46,2025-11-07 19:45:11,0,2025-12-08,6734.10986328125,0.11904761904761904,2512,0.045,in,6747.865867571911,0.02785852482650272,0.10967863430358328,0.0014320717646070422,-0.01611432363740573
6650.0,154.64,2025-11-14 14:35:21,0,2025-12-15,6734.10986328125,0.11904761904761904,2512,0.045,in,6747.865867571911,0.02785852482650272,0.08836909693262546,0.000929654439605685,-0.01460943245798538
6660.0,142.7,2025-11-07 18:22:05,0,2025-12-08,6734.10986328125,0.11904761904761904,2512,0.045,in,6747.865867571911,0.02785852482650272,0.08214315263188009,0.0008032735147981366,-0.013106802573450435
6660.0,254.29,2025-11-11 01:52:46,0,2025-12-12,6734.10986328125,0.11904761904761904,2512,0.045,in,6747.865867571911,0.02785852482650272,0.21165138535036018,0.0053328939191341265,-0.013106802573450435
6675.0,219.92,2025-11-10 15:11:26,0,2025-12-11,6734.10986328125,0.11904761904761904,2512,0.045,in,6747.865867571911,0.02785852482650272,0.1828903832516573,0.0039820109864212,-0.010857082839434998
6675.0,166.3,2025-11-14 15:32:43,0,2025-12-15,6734.10986328125,0.11904761904761904,2512,0.045,in,6747.865867571911,0.02785852482650272,0.12237550586073882,0.001782829099365681,-0.010857082839434998
6700.0,159.63,2025-11-14 20:45:23,0,2025-12-15,6734.10986328125,0.11904761904761904,2512,0.045,in,6747.865867571911,0.02785852482650272,0.1317618939277535,0.002066809129931972,-0.007118760728827809
6725.0,134.22,2025-11-10 15:11:26,0,2025-12-11,6734.10986328125,0.11904761904761904,2512,0.045,in,6747.865867571911,0.02785852482650272,0.11933572374997654,0.0016953589241584185,-0.0033943616378454525
6750.0,136.64,2025-11-14 16:49:07,0,2025-12-15,6734.10986328125,0.11904761904761904,2512,0.045,out,6747.865867571911,0.02785852482650272,0.1364686389360563,0.002217105882507107,0.0003162177586903504
6775.0,121.03,2025-11-14 19:00:03,0,2025-12-15,6734.10986328125,0.11904761904761904,2512,0.045,out,6747.865867571911,0.02785852482650272,0.13305091739925826,0.002107446026283838,0.004013079640016421
6800.0,97.0,2025-11-14 20:56:10,0,2025-12-15,6734.10986328125,0.11904761904761904,2512,0.045,out,6747.865867571911,0.02785852482650272,0.11966194364761071,0.0017046405663719,0.007696325056312768
6825.0,83.95,2025-11-14 21:07:33,0,2025-12-15,6734.10986328125,0.11904761904761904,2512,0.045,out,6747.865867571911,0.02785852482650272,0.11713477775317283,0.0016333995427720465,0.011366053945275331
6900.0,52.1,2025-11-14 20:59:49,0,2025-12-15,6734.10986328125,0.11904761904761904,2512,0.045,out,6747.865867571911,0.02785852482650272,0.11129761448955022,0.0014746617846505404,0.02229512447746539
6925.0,48.1,2025-11-14 14:31:53,0,2025-12-15,6734.10986328125,0.11904761904761904,2512,0.045,out,6747.865867571911,0.02785852482650272,0.11527256737832103,0.001581876760713043,0.025911764947654035
6950.0,43.92,2025-11-14 17:33:21,0,2025-12-15,6734.10986328125,0.11904761904761904,2512,0.045,out,6747.865867571911,0.02785852482650272,0.11838780253043511,0.0016685323557125355,0.029515372450952534
6975.0,30.3,2025-11-14 19:52:43,0,2025-12-15,6734.10986328125,0.11904761904761904,2512,0.045,out,6747.865867571911,0.02785852482650272,0.10749475157475556,0.001375609716204573,0.033106040581681026
7000.0,26.4,2025-11-14 20:03:08,0,2025-12-15,6734.10986328125,0.11904761904761904,2512,0.045,out,6747.865867571911,0.02785852482650272,0.10888783865436447,0.0014114954055736795,0.03668386192956515
7025.0,23.58,2025-11-14 19:54:33,0,2025-12-15,6734.10986328125,0.11904761904761904,2512,0.045,out,6747.865867571911,0.02785852482650272,0.11128088675933977,0.0014742185426124999,0.04024892809406124
7050.0,16.0,2025-11-14 21:09:17,0,2025-12-15,6734.10986328125,0.11904761904761904,2512,0.045,out,6747.865867571911,0.02785852482650272,0.10400900390208172,0.0012878420110361013,0.043801329698428995
7100.0,12.05,2025-11-14 19:54:33,0,2025-12-15,6734.10986328125,0.11904761904761904,2512,0.045,out,6747.865867571911,0.02785852482650272,0.10738998700781477,0.001372929679706979,0.050868496921521525
5300.0,1566.84,2025-10-27 13:30:04,0,2025-11-28,6734.10986328125,0.12301587301587301,2511,0.045,in,6744.103250580426,0.03294549664372864,0.6626218851427043,0.05401230413798494,-0.24096171001544783
5400.0,1437.86,2025-11-10 18:38:54,0,2025-12-12,6734.10986328125,0.12301587301587301,2512,0.045,in,6747.865867571911,0.02841147563855102,0.5626747092080902,0.038947173332756636,-0.22282733355551956
5450.0,1414.33,2025-10-27 13:42:35,0,2025-11-28,6734.10986328125,0.12301587301587301,2511,0.045,in,6744.103250580426,0.03294549664372864,0.6016139759677076,0.044524288327261415,-0.21305292189837127
5650.0,1216.14,2025-10-27 13:42:35,0,2025-11-28,6734.10986328125,0.12301587301587301,2511,0.045,in,6744.103250580426,0.03294549664372864,0.5319500634506471,0.03480990861174433,-0.17701298541517435
5700.0,1140.39,2025-11-10 18:35:21,0,2025-12-12,6734.10986328125,0.12301587301587301,2512,0.045,in,6747.865867571911,0.02841147563855102,0.4642429385602184,0.02651256621465805,-0.16876011228524376
5700.0,1178.0,2025-10-27 17:17:46,0,2025-11-28,6734.10986328125,0.12301587301587301,2511,0.045,in,6744.103250580426,0.03294549664372864,0.5351502230487185,0.03522999443691225,-0.16820235573301953
5910.0,963.71,2025-10-27 13:55:44,0,2025-11-28,6734.10986328125,0.12301587301587301,2511,0.045,in,6744.103250580426,0.03294549664372864,0.45057060899060103,0.024973928905837276,-0.13202269915551715
6010.0,865.04,2025-10-27 13:55:10,0,2025-11-28,6734.10986328125,0.12301587301587301,2511,0.045,in,6744.103250580426,0.03294549664372864,0.41610610436449463,0.02129949600306058,-0.1152437820264078
6120.0,757.9,2025-10-27 13:55:34,0,2025-11-28,6734.10986328125,0.12301587301587301,2511,0.045,in,6744.103250580426,0.03294549664372864,0.37993763952303367,0.017757662332207835,-0.09710643404928922
6170.0,602.76,2025-10-20 14:50:22,0,2025-11-21,6734.10986328125,0.12301587301587301,2511,0.045,in,6744.103250580426,0.03294549664372864,0.14648268419668578,0.002639573332751767,-0.08896969265622756
6185.0,695.8,2025-10-27 14:29:14,0,2025-11-28,6734.10986328125,0.12301587301587301,2511,0.045,in,6744.103250580426,0.03294549664372864,0.3599534357181463,0.01593873314461995,-0.08654152472907281
6195.0,686.1,2025-10-27 14:29:14,0,2025-11-28,6734.10986328125,0.12301587301587301,2511,0.045,in,6744.103250580426,0.03294549664372864,0.3566312458036123,0.01564587781740687,-0.08492601549241816
6200.0,697.99,2025-11-03 14:37:04,0,2025-12-05,6734.10986328125,0.12301587301587301,2512,0.045,in,6747.865867571911,0.02841147563855102,0.37850408885079756,0.01762391152214264,-0.08467699507470233
6200.0,573.4,2025-10-23 19:52:51,0,2025-11-24,6734.10986328125,0.12301587301587301,2511,0.045,in,6744.103250580426,0.03294549664372864,0.14268723507829337,0.002504559756678304,-0.08411923852247806
6250.0,604.17,2025-11-10 18:22:43,0,2025-12-12,6734.10986328125,0.12301587301587301,2512,0.045,in,6747.865867571911,0.02841147563855102,0.29721104788720437,0.010866534192748066,-0.07664482337743811
6470.0,395.82,2025-11-10 17:53:25,0,2025-12-12,6734.10986328125,0.12301587301587301,2512,0.045,in,6747.865867571911,0.02841147563855102,0.2315270510936544,0.006594238242189815,-0.04205017861293905
6525.0,274.08,2025-11-06 18:16:47,0,2025-12-08,6734.10986328125,0.12301587301587301,2512,0.045,in,6747.865867571911,0.02841147563855102,0.12004067586636903,0.0017726296814924397,-0.03358533391699114
6535.0,281.65,2025-10-20 18:29:32,0,2025-11-21,6734.10986328125,0.12301587301587301,2511,0.045,in,6744.103250580426,0.03294549664372864,0.1426745266939868,0.002504113641222015,-0.0314961834973387
6625.0,240.93,2025-11-13 16:24:02,0,2025-12-15,6734.10986328125,0.12301587301587301,2512,0.045,in,6747.865867571911,0.02841147563855102,0.1689939070307055,0.0035132030119785105,-0.018375915253462285
6725.0,151.4,2025-11-13 20:35:01,0,2025-12-15,6734.10986328125,0.12301587301587301,2512,0.045,in,6747.865867571911,0.02841147563855102,0.13520120871521715,0.002248652269760821,-0.0033943616378454525
6750.0,129.4,2025-11-14 21:03:14,0,2025-12-16,6734.10986328125,0.12301587301587301,2512,0.045,out,6747.865867571911,0.02841147563855102,0.12587257490037965,0.0019490518193396914,0.0003162177586903504
6800.0,118.7,2025-11-14 17:38:48,0,2025-12-16,6734.10986328125,0.12301587301587301,2512,0.045,out,6747.865867571911,0.02841147563855102,0.14022474754348893,0.0024188586290979815,0.007696325056312768
6875.0,62.11,2025-11-13 20:57:50,0,2025-12-15,6734.10986328125,0.12301587301587301,2512,0.045,out,6747.865867571911,0.02841147563855102,0.11133553605950527,0.0015248557511086482,0.018665356426886753
6900.0,57.3,2025-11-14 20:32:00,0,2025-12-16,6734.10986328125,0.12301587301587301,2512,0.045,out,6747.865867571911,0.02841147563855102,0.11517567321481942,0.0016318591536313213,0.02229512447746539
6950.0,46.6,2025-11-14 16:30:41,0,2025-12-16,6734.10986328125,0.12301587301587301,2512,0.045,out,6747.865867571911,0.02841147563855102,0.11948324289335537,0.001756204782943211,0.029515372450952534
6975.0,27.81,2025-11-14 14:51:44,0,2025-12-16,6734.10986328125,0.12301587301587301,2512,0.045,out,6747.865867571911,0.02841147563855102,0.1017478668428919,0.0012735376215057329,0.033106040581681026
7000.0,27.9,2025-11-14 20:32:53,0,2025-12-16,6734.10986328125,0.12301587301587301,2512,0.045,out,6747.865867571911,0.02841147563855102,0.10906632590677591,0.001463330820836884,0.03668386192956515
6025.0,824.03,2025-11-05 18:15:03,0,2025-12-08,6734.10986328125,0.12698412698412698,2512,0.045,in,6747.865867571911,0.0289298670248463,0.3610537485090458,0.016553626579356606,-0.11330880774902957
6050.0,799.73,2025-11-05 18:15:03,0,2025-12-08,6734.10986328125,0.12698412698412698,2512,0.045,in,6747.865867571911,0.0289298670248463,0.3536674519313748,0.01588325924515953,-0.10916801508299813
6125.0,804.78,2025-10-29 18:00:44,0,2025-12-01,6734.10986328125,0.12698412698412698,2512,0.045,in,6747.865867571911,0.0289298670248463,0.44366266204526866,0.024995118437218317,-0.09684753069495754
6150.0,780.31,2025-10-29 18:00:44,0,2025-12-01,6734.10986328125,0.12698412698412698,2512,0.045,in,6747.865867571911,0.0289298670248463,0.4344850946186113,0.023971720310570613,-0.09277420530732167
6375.0,399.52,2025-10-22 15:18:18,0,2025-11-24,6734.10986328125,0.12698412698412698,2511,0.045,in,6744.103250580426,0.03332219987361212,0.09912258088865221,0.0012476553704161776,-0.05628443952903413
6350.0,469.13,2025-11-14 16:38:14,0,2025-12-18,6734.10986328125,0.13095238095238096,2512,0.045,in,6747.865867571911,0.029416840751366108,0.19955390614745006,0.005214754476735219,-0.060771474221147904
6550.0,330.7,2025-11-11 16:43:04,0,2025-12-15,6734.10986328125,0.13095238095238096,2512,0.045,in,6747.865867571911,0.029416840751366108,0.209256516044933,0.00573418076880829,-0.02976123747858765
6680.0,144.1,2025-11-07 18:09:01,0,2025-12-11,6734.10986328125,0.13095238095238096,2512,0.045,in,6747.865867571911,0.029416840751366108,0.09302713098764694,0.001133268072591917,-0.010108299577193836
6700.0,181.34,2025-11-14 17:48:20,0,2025-12-18,6734.10986328125,0.13095238095238096,2512,0.045,in,6747.865867571911,0.029416840751366108,0.14644714249924615,0.0028085050120016616,-0.007118760728827809
6750.0,139.0,2025-11-14 18:41:41,0,2025-12-18,6734.10986328125,0.13095238095238096,2512,0.045,out,6747.865867571911,0.029416840751366108,0.130630766409941,0.0022346234340635033,0.0003162177586903504
6850.0,89.83,2025-11-14 19:04:10,0,2025-12-18,6734.10986328125,0.13095238095238096,2512,0.045,out,6747.865867571911,0.029416840751366108,0.12684566332071792,0.002107000539714312,0.015022365148385754
6900.0,63.9,2025-11-14 20:26:12,0,2025-12-18,6734.10986328125,0.13095238095238096,2512,0.045,out,6747.865867571911,0.029416840751366108,0.11818617338517651,0.0018291391354016793,0.02229512447746539
6925.0,53.3,2025-11-14 20:31:48,0,2025-12-18,6734.10986328125,0.13095238095238096,2512,0.045,out,6747.865867571911,0.029416840751366108,0.11481850292629843,0.0017263830328166716,0.025911764947654035
6950.0,43.3,2025-11-14 20:50:42,0,2025-12-18,6734.10986328125,0.13095238095238096,2512,0.045,out,6747.865867571911,0.029416840751366108,0.11093103410416795,0.0016114599714478668,0.029515372450952534
7000.0,29.67,2025-11-14 20:37:03,0,2025-12-18,6734.10986328125,0.13095238095238096,2512,0.045,out,6747.865867571911,0.029416840751366108,0.10759962371546268,0.0015161246340571518,0.03668386192956515
7050.0,20.6,2025-11-14 21:06:55,0,2025-12-18,6734.10986328125,0.13095238095238096,2512,0.045,out,6747.865867571911,0.029416840751366108,0.10656464386235083,0.0014870982921024562,0.043801329698428995
7075.0,20.65,2025-11-14 16:49:49,0,2025-12-18,6734.10986328125,0.13095238095238096,2512,0.045,out,6747.865867571911,0.029416840751366108,0.11283579488360153,0.0016672747937756687,0.04734115640355318
7100.0,14.73,2025-11-14 15:39:29,0,2025-12-18,6734.10986328125,0.13095238095238096,2512,0.045,out,6747.865867571911,0.029416840751366108,0.10739330472080588,0.0015103159629454113,0.050868496921521525
7125.0,12.5,2025-11-14 18:06:17,0,2025-12-18,6734.10986328125,0.13095238095238096,2512,0.045,out,6747.865867571911,0.029416840751366108,0.10806301892643075,0.001529211626838517,0.054383439028965946
5500.0,1373.33,2025-10-31 15:46:49,0,2025-12-05,6734.10986328125,0.1349206349206349,2512,0.045,in,6747.865867571911,0.029875168964561223,0.5693101103231785,0.043729666898216064,-0.20447819488732297
5500.0,1275.21,2025-11-14 18:56:25,0,2025-12-19,6734.10986328125,0.1349206349206349,2512,0.045,in,6747.865867571911,0.029875168964561223,0.3018361380758697,0.01229195176369399,-0.20447819488732297
5650.0,1218.6,2025-10-31 15:48:37,0,2025-12-05,6734.10986328125,0.1349206349206349,2512,0.045,in,6747.865867571911,0.029875168964561223,0.5079790016680205,0.034815280351633796,-0.1775707419673986
5675.0,1119.78,2025-11-14 17:21:59,0,2025-12-19,6734.10986328125,0.1349206349206349,2512,0.045,in,6747.865867571911,0.029875168964561223,0.3377996976054301,0.015395609578884447,-0.17315572375828178
5700.0,1186.4,2025-10-31 14:45:18,0,2025-12-05,6734.10986328125,0.1349206349206349,2512,0.045,in,6747.865867571911,0.029875168964561223,0.5210600223520714,0.03663143093008094,-0.16876011228524376
5750.0,1040.75,2025-11-14 16:53:50,0,2025-12-19,6734.10986328125,0.1349206349206349,2512,0.045,in,6747.865867571911,0.029875168964561223,0.3042891620588825,0.012492557146749576,-0.1600264323164892
5800.0,981.26,2025-11-14 18:56:25,0,2025-12-19,6734.10986328125,0.1349206349206349,2512,0.045,in,6747.865867571911,0.029875168964561223,0.2561579072974466,0.008853070230215261,-0.15136836957337452
5840.0,982.09,2025-10-24 14:47:21,0,2025-11-28,6734.10986328125,0.1349206349206349,2511,0.045,in,6744.103250580426,0.0340091292928114,0.35696871069880665,0.017192485929408422,-0.1439377337333883
5900.0,901.39,2025-11-14 17:19:32,0,2025-12-19,6734.10986328125,0.1349206349206349,2512,0.045,in,6747.865867571911,0.029875168964561223,0.2925462223676311,0.011546952125132659,-0.13427393621407446
6000.0,913.3,2025-10-29 19:59:29,0,2025-12-03,6734.10986328125,0.1349206349206349,2512,0.045,in,6747.865867571911,0.029875168964561223,0.4530629344308084,0.027694622090761387,-0.11746681789769318
6000.0,783.81,2025-11-13 19:32:18,0,2025-12-18,6734.10986328125,0.1349206349206349,2512,0.045,in,6747.865867571911,0.029875168964561223,0.21486540533759949,0.0062289001665487755,-0.11746681789769318
6025.0,752.37,2025-11-14 20:43:38,0,2025-12-19,6734.10986328125,0.1349206349206349,2512,0.045,in,6747.865867571911,0.029875168964561223,0.18207828426584727,0.0044729565652405524,-0.11330880774902957
6050.0,775.99,2025-10-24 15:14:52,0,2025-11-28,6734.10986328125,0.1349206349206349,2511,0.045,in,6744.103250580426,0.0340091292928114,0.2997459051891033,0.012122296273966614,-0.10861025853077386
6100.0,786.6,2025-10-27 16:15:49,0,2025-12-01,6734.10986328125,0.1349206349206349,2512,0.045,in,6747.865867571911,0.029875168964561223,0.3787979812827913,0.01935948000481432,-0.10093751594648269
6245.0,527.57,2025-11-14 15:34:44,0,2025-12-19,6734.10986328125,0.1349206349206349,2512,0.045,in,6747.865867571911,0.029875168964561223,0.0935471383507999,0.0011806995285047848,-0.07744514354820715
6275.0,545.88,2025-11-14 17:21:22,0,2025-12-19,6734.10986328125,0.1349206349206349,2512,0.045,in,6747.865867571911,0.029875168964561223,0.22126720201954225,0.006605602934305299,-0.07265280210790061
6280.0,501.78,2025-11-14 15:39:08,0,2025-12-19,6734.10986328125,0.1349206349206349,2512,0.045,in,6747.865867571911,0.029875168964561223,0.13788369074173035,0.0025650992613772956,-0.07185630664564086
6285.0,513.35,2025-11-14 15:51:05,0,2025-12-19,6734.10986328125,0.1349206349206349,2512,0.045,in,6747.865867571911,0.029875168964561223,0.17757258164819506,0.004254320395273677,-0.07106044508353751
6300.0,511.67,2025-11-14 18:55:33,0,2025-12-19,6734.10986328125,0.1349206349206349,2512,0.045,in,6747.865867571911,0.029875168964561223,0.19812636143372642,0.005296182036622611,-0.06867665372826115
6350.0,454.97,2025-11-14 15:48:52,0,2025-12-19,6734.10986328125,0.1349206349206349,2512,0.045,in,6747.865867571911,0.029875168964561223,0.17158212030464193,0.003972120699523987,-0.060771474221147904
6365.0,429.65,2025-11-14 15:44:11,0,2025-12-19,6734.10986328125,0.1349206349206349,2512,0.045,in,6747.865867571911,0.029875168964561223,0.14784013140269067,0.0029489204420936692,-0.05841205511637836
6370.0,462.46,2025-10-24 13:30:02,0,2025-11-28,6734.10986328125,0.1349206349206349,2511,0.045,in,6744.103250580426,0.0340091292928114,0.2088498650931495,0.005885004163017894,-0.05706906098945198
6375.0,428.57,2025-11-14 20:54:00,0,2025-12-19,6734.10986328125,0.1349206349206349,2512,0.045,in,6747.865867571911,0.029875168964561223,0.16180400650969765,0.0035322946101907517,-0.05684219608125842
6385.0,413.95,2025-11-14 20:59:19,0,2025-12-19,6734.10986328125,0.1349206349206349,2512,0.045,in,6747.865867571911,0.029875168964561223,0.1505680133801706,0.0030587488341688165,-0.055274797641245585
6400.0,422.79,2025-11-14 19:22:44,0,2025-12-19,6734.10986328125,0.1349206349206349,2512,0.045,in,6747.865867571911,0.029875168964561223,0.1850030604233947,0.0046178115097014125,-0.05292829676012205
6405.0,398.85,2025-11-14 20:56:41,0,2025-12-19,6734.10986328125,0.1349206349206349,2512,0.045,in,6747.865867571911,0.029875168964561223,0.1535122916031433,0.0031795428765494013,-0.05214735177705062
6425.0,375.27,2025-11-06 18:03:28,0,2025-12-11,6734.10986328125,0.1349206349206349,2512,0.045,in,6747.865867571911,0.029875168964561223,0.1414809522273896,0.0027006874391577083,-0.049029656344464684
6425.0,362.86,2025-11-07 20:06:42,0,2025-12-12,6734.10986328125,0.1349206349206349,2512,0.045,in,6747.865867571911,0.029875168964561223,0.1173159600613752,0.001856917351167278,-0.049029656344464684
6450.0,429.33,2025-10-30 19:55:22,0,2025-12-04,6734.10986328125,0.1349206349206349,2512,0.045,in,6747.865867571911,0.029875168964561223,0.24201489412078142,0.007902464703150648,-0.04514615631806713
6450.0,408.09,2025-11-04 16:23:53,0,2025-12-09,6734.10986328125,0.1349206349206349,2512,0.045,in,6747.865867571911,0.029875168964561223,0.2158038444575579,0.006283429268295645,-0.04514615631806713
6450.0,378.5,2025-11-14 17:58:40,0,2025-12-19,6734.10986328125,0.1349206349206349,2512,0.045,in,6747.865867571911,0.029875168964561223,0.17692982783481243,0.004223577679525066,-0.04514615631806713
6460.0,341.76,2025-11-14 15:34:30,0,2025-12-19,6734.10986328125,0.1349206349206349,2512,0.045,in,6747.865867571911,0.029875168964561223,0.13380869313756455,0.0024157224452865836,-0.04359696933123771
6485.0,345.58,2025-11-14 19:15:30,0,2025-12-19,6734.10986328125,0.1349206349206349,2512,0.045,in,6747.865867571911,0.029875168964561223,0.16805882502697453,0.0038106672014333576,-0.03973446935734106
6500.0,329.33,2025-11-13 20:39:04,0,2025-12-18,6734.10986328125,0.1349206349206349,2512,0.045,in,6747.865867571911,0.029875168964561223,0.16132972833615472,0.003511617310835692,-0.037424110224156745
6500.0,341.56,2025-11-14 16:36:43,0,2025-12-19,6734.10986328125,0.1349206349206349,2512,0.045,in,6747.865867571911,0.029875168964561223,0.17714787257217457,0.0042339941973524265,-0.037424110224156745
6515.0,325.55,2025-11-14 19:25:42,0,2025-12-19,6734.10986328125,0.1349206349206349,2512,0.045,in,6747.865867571911,0.029875168964561223,0.1705904522721974,0.003926339213566338,-0.03511907654893975
6520.0,266.38,2025-11-07 14:36:18,0,2025-12-12,6734.10986328125,0.1349206349206349,2512,0.045,in,6747.865867571911,0.029875168964561223,0.08906543112647498,0.0010702783124576397,-0.03435191118718658
6520.0,313.79,2025-11-14 18:21:40,0,2025-12-19,6734.10986328125,0.1349206349206349,2512,0.045,in,6747.865867571911,0.029875168964561223,0.1602755478079907,0.0034658751652982193,-0.03435191118718658
6525.0,262.58,2025-11-07 14:36:18,0,2025-12-12,6734.10986328125,0.1349206349206349,2512,0.045,in,6747.865867571911,0.029875168964561223,0.09014333279319557,0.0010963408539690614,-0.03358533391699114
6535.0,310.32,2025-11-14 17:48:11,0,2025-12-19,6734.10986328125,0.1349206349206349,2512,0.045,in,6747.865867571911,0.029875168964561223,0.16935753925758795,0.0038697904266472424,-0.03205394004956291
6540.0,248.65,2025-11-07 14:45:16,0,2025-12-12,6734.10986328125,0.1349206349206349,2512,0.045,in,6747.865867571911,0.029875168964561223,0.08812395697354884,0.0010477709561546832,-0.03128912165664093
6550.0,377.19,2025-10-30 15:02:14,0,2025-12-04,6734.10986328125,0.1349206349206349,2512,0.045,in,6747.865867571911,0.029875168964561223,0.257240704260048,0.00892807348237693,-0.02976123747858765
6550.0,290.25,2025-11-14 20:34:02,0,2025-12-19,6734.10986328125,0.1349206349206349,2512,0.045,in,6747.865867571911,0.029875168964561223,0.1577579183376811,0.0033578455045242366,-0.02976123747858765
6560.0,286.5,2025-11-14 15:41:22,0,2025-12-19,6734.10986328125,0.1349206349206349,2512,0.045,in,6747.865867571911,0.029875168964561223,0.1616709193279208,0.0035264862274420336,-0.02823568416975058
6575.0,279.95,2025-11-14 16:27:12,0,2025-12-19,6734.10986328125,0.1349206349206349,2512,0.045,in,6747.865867571911,0.029875168964561223,0.16601654326015858,0.0037186140858165534,-0.025951709061919914
6580.0,255.92,2025-11-14 21:03:42,0,2025-12-19,6734.10986328125,0.1349206349206349,2512,0.045,in,6747.865867571911,0.029875168964561223,0.14168920527052578,0.0027086438502641605,-0.025191541788522412
6585.0,273.18,2025-11-14 16:37:49,0,2025-12-19,6734.10986328125,0.1349206349206349,2512,0.045,in,6747.865867571911,0.029875168964561223,0.16592599231607463,0.003714558680502055,-0.024431951930503848
6590.0,269.14,2025-11-14 16:37:07,0,2025-12-19,6734.10986328125,0.1349206349206349,2512,0.045,in,6747.865867571911,0.029875168964561223,0.16509618287605243,0.0036774979619375405,-0.02367293861133233
6595.0,265.77,2025-11-14 16:37:52,0,2025-12-19,6734.10986328125,0.1349206349206349,2512,0.045,in,6747.865867571911,0.029875168964561223,0.1650102042553512,0.0036736686320847324,-0.02291450095647023
6600.0,242.25,2025-11-13 20:27:44,0,2025-12-18,6734.10986328125,0.1349206349206349,2512,0.045,in,6747.865867571911,0.029875168964561223,0.14182791138908774,0.002713949679625759,-0.02215663809336837
6600.0,259.24,2025-11-14 19:55:55,0,2025-12-19,6734.10986328125,0.1349206349206349,2512,0.045,in,6747.865867571911,0.029875168964561223,0.16132825263180672,0.0035115530686741655,-0.02215663809336837
6605.0,257.74,2025-11-14 17:04:41,0,2025-12-19,6734.10986328125,0.1349206349206349,2512,0.045,in,6747.865867571911,0.029875168964561223,0.16331656107843492,0.0035986435323989265,-0.02139934915145956
6610.0,255.5,2025-11-14 16:59:26,0,2025-12-19,6734.10986328125,0.1349206349206349,2512,0.045,in,6747.865867571911,0.029875168964561223,0.16442684525110682,0.003647739575134399,-0.020642633262153254
6615.0,212.5,2025-11-14 11:31:32,0,2025-12-19,6734.10986328125,0.1349206349206349,2512,0.045,in,6747.865867571911,0.029875168964561223,0.11893646681787363,0.0019085715346430607,-0.019886489558829247
6620.0,225.14,2025-11-14 20:56:38,0,2025-12-19,6734.10986328125,0.1349206349206349,2512,0.045,in,6747.865867571911,0.029875168964561223,0.1375851196663968,0.002554002441360987,-0.01913091717683138
6625.0,243.38,2025-11-14 16:38:11,0,2025-12-19,6734.10986328125,0.1349206349206349,2512,0.045,in,6747.865867571911,0.029875168964561223,0.16159849654790964,0.003523327456121119,-0.018375915253462285
6630.0,175.3,2025-11-07 18:07:01,0,2025-12-12,6734.10986328125,0.1349206349206349,2512,0.045,in,6747.865867571911,0.029875168964561223,0.08631761762451656,0.0010052573723041928,-0.017621482927977022
6630.0,237.62,2025-11-14 17:32:07,0,2025-12-19,6734.10986328125,0.1349206349206349,2512,0.045,in,6747.865867571911,0.029875168964561223,0.15873499713822936,0.003399568161746449,-0.017621482927977022
6635.0,224.34,2025-11-14 18:05:38,0,2025-12-19,6734.10986328125,0.1349206349206349,2512,0.045,in,6747.865867571911,0.029875168964561223,0.14760246063499083,0.0029394465758219705,-0.016867619341577413
6640.0,195.9,2025-11-14 14:54:15,0,2025-12-19,6734.10986328125,0.1349206349206349,2512,0.045,in,6747.865867571911,0.029875168964561223,0.11942154398298384,0.0019241713320932985,-0.01611432363740573
6650.0,249.27,2025-11-11 16:36:24,0,2025-12-16,6734.10986328125,0.1349206349206349,2512,0.045,in,6747.865867571911,0.029875168964561223,0.18446082082617582,0.0045907817868073904,-0.01460943245798538
6650.0,207.88,2025-11-14 20:39:39,0,2025-12-19,6734.10986328125,0.1349206349206349,2512,0.045,in,6747.865867571911,0.029875168964561223,0.1399405775236998,0.0026422000717486725,-0.01460943245798538
6660.0,217.4,2025-11-14 17:27:44,0,2025-12-19,6734.10986328125,0.1349206349206349,2512,0.045,in,6747.865867571911,0.029875168964561223,0.1568587778563146,0.003319678533649231,-0.013106802573450435
6670.0,209.1,2025-11-14 20:04:02,0,2025-12-19,6734.10986328125,0.1349206349206349,2512,0.045,in,6747.865867571911,0.029875168964561223,0.1543898201371055,0.0032159974726464475,-0.011606427198215905
6675.0,192.6,2025-11-14 20:45:44,0,2025-12-19,6734.10986328125,0.1349206349206349,2512,0.045,in,6747.865867571911,0.029875168964561223,0.14002314774680205,0.0026453189871721177,-0.010857082839434998
6680.0,183.8,2025-11-14 16:17:41,0,2025-12-19,6734.10986328125,0.1349206349206349,2512,0.045,in,6747.865867571911,0.029875168964561223,0.13385032363854596,0.0024172258360987253,-0.010108299577193836
6685.0,153.0,2025-11-14 14:39:54,0,2025-12-19,6734.10986328125,0.1349206349206349,2512,0.045,in,6747.865867571911,0.029875168964561223,0.1040819558922566,0.0014616024620641272,-0.009360076571841663
6690.0,192.53,2025-11-14 19:48:37,0,2025-12-19,6734.10986328125,0.1349206349206349,2512,0.045,in,6747.865867571911,0.029875168964561223,0.14926860315174287,0.003006182302197083,-0.008612412985611164
6695.0,191.2,2025-11-14 17:28:08,0,2025-12-19,6734.10986328125,0.1349206349206349,2512,0.045,in,6747.865867571911,0.029875168964561223,0.1508778838011722,0.0030713516582971455,-0.007865307982612386
6700.0,168.35,2025-11-14 20:59:47,0,2025-12-19,6734.10986328125,0.1349206349206349,2512,0.045,in,6747.865867571911,0.029875168964561223,0.12999557666064723,0.0022800035648625526,-0.007118760728827809
6705.0,181.7,2025-11-14 19:22:30,0,2025-12-19,6734.10986328125,0.1349206349206349,2512,0.045,in,6747.865867571911,0.029875168964561223,0.14688723292022868,0.002911028621542426,-0.006372770392106308
6710.0,174.13,2025-11-14 20:17:08,0,2025-12-19,6734.10986328125,0.1349206349206349,2512,0.045,in,6747.865867571911,0.029875168964561223,0.14194570222089847,0.0027184595273232353,-0.005627336142157811
6715.0,167.91,2025-11-14 19:07:59,0,2025-12-19,6734.10986328125,0.1349206349206349,2512,0.045,in,6747.865867571911,0.029875168964561223,0.1383953568659166,0.00258417199710123,-0.004882457150547308
6720.0,161.7,2025-11-14 15:36:35,0,2025-12-19,6734.10986328125,0.1349206349206349,2512,0.045,in,6747.865867571911,0.029875168964561223,0.13484379089068815,0.0024532413889691886,-0.00413813259069
6725.0,160.4,2025-11-13 18:35:59,0,2025-12-18,6734.10986328125,0.1349206349206349,2512,0.045,in,6747.865867571911,0.029875168964561223,0.13633261259154092,0.0025077133440682387,-0.0033943616378454525
6725.0,167.8,2025-11-14 19:21:22,0,2025-12-19,6734.10986328125,0.1349206349206349,2512,0.045,in,6747.865867571911,0.029875168964561223,0.14394078185447992,0.0027954137109122428,-0.0033943616378454525
6730.0,161.07,2025-11-14 18:34:56,0,2025-12-19,6734.10986328125,0.1349206349206349,2512,0.045,in,6747.865867571911,0.029875168964561223,0.1398044374909355,0.002637061687433866,-0.0026511434691117892
6735.0,161.9,2025-11-14 16:30:33,0,2025-12-19,6734.10986328125,0.1349206349206349,2512,0.045,out,6747.865867571911,0.029875168964561223,0.14339375258168402,0.002774206831355338,-0.0019084772634208882
6740.0,144.45,2025-11-14 16:30:33,0,2025-12-19,6734.10986328125,0.1349206349206349,2512,0.045,out,6747.865867571911,0.029875168964561223,0.1282619075823202,0.0022195951422471906,-0.0011663622015324995
6745.0,157.3,2025-11-14 19:53:19,0,2025-12-19,6734.10986328125,0.1349206349206349,2512,0.045,out,6747.865867571911,0.029875168964561223,0.1440629437953275,0.0028001606363062437,-0.00042479746602904227
6750.0,143.9,2025-11-14 21:12:12,0,2025-12-19,6734.10986328125,0.1349206349206349,2512,0.045,out,6747.865867571911,0.029875168964561223,0.13305044090825796,0.0023884217225396136,0.0003162177586903504
6755.0,139.0,2025-11-14 21:13:29,0,2025-12-19,6734.10986328125,0.1349206349206349,2512,0.045,out,6747.865867571911,0.029875168964561223,0.13068270289486242,0.0023041703984953725,0.0010566842864138829
6760.0,133.0,2025-11-14 21:44:29,0,2025-12-19,6734.10986328125,0.1349206349206349,2512,0.045,out,6747.865867571911,0.029875168964561223,0.1271725161750424,0.0021820510380551918,0.0017966029291244564
6765.0,132.0,2025-11-14 20:16:26,0,2025-12-19,6734.10986328125,0.1349206349206349,2512,0.045,out,6747.865867571911,0.029875168964561223,0.12871286258671313,0.0022352302930120924,0.0025359744970031256
6770.0,139.8,2025-11-14 19:50:23,0,2025-12-19,6734.10986328125,0.1349206349206349,2512,0.045,out,6747.865867571911,0.029875168964561223,0.1391439573609111,0.0026122039269121885,0.003274799798435419
6775.0,138.18,2025-11-13 16:45:59,0,2025-12-18,6734.10986328125,0.1349206349206349,2512,0.045,out,6747.865867571911,0.029875168964561223,0.1399845402511983,0.002643860441736262,0.004013079640016421
6775.0,125.49,2025-11-14 20:46:36,0,2025-12-19,6734.10986328125,0.1349206349206349,2512,0.045,out,6747.865867571911,0.029875168964561223,0.12712081417760424,0.0021802771726349896,0.004013079640016421
6780.0,129.0,2025-11-14 20:18:10,0,2025-12-19,6734.10986328125,0.1349206349206349,2512,0.045,out,6747.865867571911,0.029875168964561223,0.13313409427462347,0.0023914260316786795,0.004750814826556055
6785.0,121.1,2025-11-14 20:39:02,0,2025-12-19,6734.10986328125,0.1349206349206349,2512,0.045,out,6747.865867571911,0.029875168964561223,0.12755259074909991,0.0021951133167914705,0.005488006161084347
6790.0,127.3,2025-11-14 19:28:45,0,2025-12-19,6734.10986328125,0.1349206349206349,2512,0.045,out,6747.865867571911,0.029875168964561223,0.13623028960081843,0.0025039504815895916,0.0062246544448564525
6795.0,121.3,2025-11-14 18:56:17,0,2025-12-19,6734.10986328125,0.1349206349206349,2512,0.045,out,6747.865867571911,0.029875168964561223,0.13251291634564286,0.002369162229946546,0.006960760477358757
6800.0,114.92,2025-11-13 20:16:46,0,2025-12-18,6734.10986328125,0.1349206349206349,2512,0.045,out,6747.865867571911,0.029875168964561223,0.12837521142262937,0.0022235183605768365,0.007696325056312768
6800.0,111.2,2025-11-14 21:03:13,0,2025-12-19,6734.10986328125,0.1349206349206349,2512,0.045,out,6747.865867571911,0.029875168964561223,0.12459960555536434,0.0020946511823602414,0.007696325056312768
6805.0,117.6,2025-11-14 19:26:00,0,2025-12-19,6734.10986328125,0.1349206349206349,2512,0.045,out,6747.865867571911,0.029875168964561223,0.13340182966684414,0.002401054116617848,0.008431348977681177
6810.0,107.9,2025-11-14 20:28:53,0,2025-12-19,6734.10986328125,0.1349206349206349,2512,0.045,out,6747.865867571911,0.029875168964561223,0.12581929588294696,0.0021358604657156304,0.009165833035672812
6815.0,109.0,2025-11-14 18:31:40,0,2025-12-19,6734.10986328125,0.1349206349206349,2512,0.045,out,6747.865867571911,0.029875168964561223,0.1291848858321405,0.00225165468545138,0.009899778022747779
6820.0,110.5,2025-11-14 20:08:46,0,2025-12-19,6734.10986328125,0.1349206349206349,2512,0.045,out,6747.865867571911,0.029875168964561223,0.1329365214023747,0.0023843334784411775,0.010633184729622604
6825.0,116.5,2025-11-13 15:52:40,0,2025-12-18,6734.10986328125,0.1349206349206349,2512,0.045,out,6747.865867571911,0.029875168964561223,0.14126092472969182,0.0026922938932007158,0.011366053945275331
6825.0,104.5,2025-11-14 18:21:26,0,2025-12-19,6734.10986328125,0.1349206349206349,2512,0.045,out,6747.865867571911,0.029875168964561223,0.12900786148543505,0.002245487948617209,0.011366053945275331
6830.0,104.99,2025-11-14 19:48:37,0,2025-12-19,6734.10986328125,0.1349206349206349,2512,0.045,out,6747.865867571911,0.029875168964561223,0.1316782987296601,0.002339412413156661,0.012098386456950407
6835.0,92.56,2025-11-14 18:56:25,0,2025-12-19,6734.10986328125,0.1349206349206349,2512,0.045,out,6747.865867571911,0.029875168964561223,0.12105754169065988,0.0019772522444695202,0.012830183050164626
6840.0,92.13,2025-11-14 17:27:11,0,2025-12-19,6734.10986328125,0.1349206349206349,2512,0.045,out,6747.865867571911,0.029875168964561223,0.12271487309484518,0.0020317617566478355,0.013561444508710866
6845.0,86.9,2025-11-14 20:56:29,0,2025-12-19,6734.10986328125,0.1349206349206349,2512,0.045,out,6747.865867571911,0.029875168964561223,0.11937958295541908,0.0019228193813679865,0.014292171614664013
6850.0,86.37,2025-11-14 21:11:39,0,2025-12-19,6734.10986328125,0.1349206349206349,2512,0.045,out,6747.865867571911,0.029875168964561223,0.12087379471036172,0.0019712544619889315,0.015022365148385754
6855.0,90.9,2025-11-14 19:26:00,0,2025-12-19,6734.10986328125,0.1349206349206349,2512,0.045,out,6747.865867571911,0.029875168964561223,0.1276132971509605,0.002197203264806102,0.015752025888529576
6860.0,80.5,2025-11-14 21:07:30,0,2025-12-19,6734.10986328125,0.1349206349206349,2512,0.045,out,6747.865867571911,0.029875168964561223,0.11875615499507501,0.0019027889994971646,0.01648115461204575
6865.0,87.96,2025-11-14 19:44:19,0,2025-12-19,6734.10986328125,0.1349206349206349,2512,0.045,out,6747.865867571911,0.029875168964561223,0.1285552219163393,0.0022297584634389457,0.017209752094186074
6870.0,75.76,2025-11-14 20:47:37,0,2025-12-19,6734.10986328125,0.1349206349206349,2512,0.045,out,6747.865867571911,0.029875168964561223,0.1176620660374698,0.0018678900819960346,0.017937819108509705
6875.0,101.3,2025-11-13 14:41:14,0,2025-12-18,6734.10986328125,0.1349206349206349,2512,0.045,out,6747.865867571911,0.029875168964561223,0.14647162714097844,0.002894578876782054,0.018665356426886753
6875.0,83.4,2025-11-14 19:26:00,0,2025-12-19,6734.10986328125,0.1349206349206349,2512,0.045,out,6747.865867571911,0.029875168964561223,0.1276779003096136,0.002199428459262045,0.018665356426886753
6880.0,70.95,2025-11-14 20:48:35,0,2025-12-19,6734.10986328125,0.1349206349206349,2512,0.045,out,6747.865867571911,0.029875168964561223,0.11633436611608672,0.0018259733378868173,0.019392364819504085
6885.0,69.21,2025-11-14 20:41:46,0,2025-12-19,6734.10986328125,0.1349206349206349,2512,0.045,out,6747.865867571911,0.029875168964561223,0.11632571793997563,0.0018257018660497069,0.02011884505486999
6890.0,67.26,2025-11-14 20:47:37,0,2025-12-19,6734.10986328125,0.1349206349206349,2512,0.045,out,6747.865867571911,0.029875168964561223,0.116055037921631,0.0018172152464988136,0.020844797899819054
6895.0,76.93,2025-11-14 17:39:35,0,2025-12-19,6734.10986328125,0.1349206349206349,2512,0.045,out,6747.865867571911,0.029875168964561223,0.12835356916914548,0.002222768715982511,0.021570224119517013
6900.0,64.21,2025-11-14 21:02:45,0,2025-12-19,6734.10986328125,0.1349206349206349,2512,0.045,out,6747.865867571911,0.029875168964561223,0.11633670172603985,0.0018260466576538936,0.02229512447746539
6905.0,69.9,2025-11-14 19:49:59,0,2025-12-19,6734.10986328125,0.1349206349206349,2512,0.045,out,6747.865867571911,0.029875168964561223,0.12437412339520892,0.002087076854726612,0.023019499735507164
6910.0,67.1,2025-11-14 19:33:26,0,2025-12-19,6734.10986328125,0.1349206349206349,2512,0.045,out,6747.865867571911,0.029875168964561223,0.12308213366911099,0.0020439412514698043,0.02374335065383028
6915.0,59.7,2025-11-14 20:33:42,0,2025-12-19,6734.10986328125,0.1349206349206349,2512,0.045,out,6747.865867571911,0.029875168964561223,0.11659155124395357,0.0018340557695636084,0.024466677990973313
6920.0,53.84,2025-11-14 20:49:27,0,2025-12-19,6734.10986328125,0.1349206349206349,2512,0.045,out,6747.865867571911,0.029875168964561223,0.11164839503541546,0.0016818348407756437,0.025189482503830008
6925.0,53.58,2025-11-14 20:58:48,0,2025-12-19,6734.10986328125,0.1349206349206349,2512,0.045,out,6747.865867571911,0.029875168964561223,0.1130274435043114,0.001723638497992422,0.025911764947654035
6930.0,56.0,2025-11-14 20:33:05,0,2025-12-19,6734.10986328125,0.1349206349206349,2512,0.045,out,6747.865867571911,0.029875168964561223,0.11748410808771605,0.0018622441754271785,0.026633526076063733
6935.0,51.6,2025-11-14 20:37:12,0,2025-12-19,6734.10986328125,0.1349206349206349,2512,0.045,out,6747.865867571911,0.029875168964561223,0.11403787344101138,0.0017545938241437951,0.02735476664104681
6940.0,51.4,2025-11-14 20:36:12,0,2025-12-19,6734.10986328125,0.1349206349206349,2512,0.045,out,6747.865867571911,0.029875168964561223,0.11543515915433424,0.0017978546942283339,0.028075487392964844
6945.0,49.3,2025-11-14 20:33:30,0,2025-12-19,6734.10986328125,0.1349206349206349,2512,0.045,out,6747.865867571911,0.029875168964561223,0.11456531112645121,0.001770861735948489,0.02879568908055883
6950.0,45.7,2025-11-14 20:57:12,0,2025-12-19,6734.10986328125,0.1349206349206349,2512,0.045,out,6747.865867571911,0.029875168964561223,0.11182793964616969,0.0016872483924890895,0.029515372450952534
6955.0,44.2,2025-11-14 20:57:03,0,2025-12-19,6734.10986328125,0.1349206349206349,2512,0.045,out,6747.865867571911,0.029875168964561223,0.11156038095218039,0.0016791842553121063,0.030234538249658032
6960.0,41.4,2025-11-14 20:58:27,0,2025-12-19,6734.10986328125,0.1349206349206349,2512,0.045,out,6747.865867571911,0.029875168964561223,0.10963160011613257,0.0016216229495904855,0.030953187220580106
6965.0,45.1,2025-11-14 16:00:59,0,2025-12-19,6734.10986328125,0.1349206349206349,2512,0.045,out,6747.865867571911,0.029875168964561223,0.11576195258747186,0.0018080484471165827,0.03167132010602088
6970.0,45.45,2025-11-14 20:08:22,0,2025-12-19,6734.10986328125,0.1349206349206349,2512,0.045,out,6747.865867571911,0.029875168964561223,0.11773201059893848,0.0018701114875743297,0.0323889376466844
6975.0,39.19,2025-11-13 15:47:13,0,2025-12-18,6734.10986328125,0.1349206349206349,2512,0.045,out,6747.865867571911,0.029875168964561223,0.11134432098727662,0.0016726863720158787,0.033106040581681026
6975.0,38.5,2025-11-14 20:54:00,0,2025-12-19,6734.10986328125,0.1349206349206349,2512,0.045,out,6747.865867571911,0.029875168964561223,0.11045506878747326,0.0016460752202727986,0.033106040581681026
6980.0,38.39,2025-11-14 20:30:56,0,2025-12-19,6734.10986328125,0.1349206349206349,2512,0.045,out,6747.865867571911,0.029875168964561223,0.11178800454485163,0.0016860435343018735,0.03382262964853284
6985.0,39.43,2025-11-14 18:02:12,0,2025-12-19,6734.10986328125,0.1349206349206349,2512,0.045,out,6747.865867571911,0.029875168964561223,0.11460920966925621,0.0017722190952158415,0.0345387055831769
6990.0,40.07,2025-11-14 17:54:13,0,2025-12-19,6734.10986328125,0.1349206349206349,2512,0.045,out,6747.865867571911,0.029875168964561223,0.11690901800952784,0.0018440572568506808,0.03525426911997068
6995.0,32.62,2025-11-14 15:34:30,0,2025-12-19,6734.10986328125,0.1349206349206349,2512,0.045,out,6747.865867571911,0.029875168964561223,0.10839522617261768,0.0015852533807080953,0.035969320991696314
7000.0,32.45,2025-11-14 21:09:33,0,2025-12-19,6734.10986328125,0.1349206349206349,2512,0.045,out,6747.865867571911,0.029875168964561223,0.10956173157788666,0.0016195566781576436,0.03668386192956515
7005.0,33.0,2025-11-14 16:10:53,0,2025-12-19,6734.10986328125,0.1349206349206349,2512,0.045,out,6747.865867571911,0.029875168964561223,0.11172011587854164,0.0016839962933535802,0.0373978926632222
7010.0,34.65,2025-11-14 19:59:42,0,2025-12-19,6734.10986328125,0.1349206349206349,2512,0.045,out,6747.865867571911,0.029875168964561223,0.11539759108078551,0.0017966846703430094,0.03811141392075042
7015.0,28.85,2025-11-14 20:57:02,0,2025-12-19,6734.10986328125,0.1349206349206349,2512,0.045,out,6747.865867571911,0.029875168964561223,0.10856521187581278,0.0015902292770149367,0.038824426428675986
7020.0,28.22,2025-11-14 20:56:20,0,2025-12-19,6734.10986328125,0.1349206349206349,2512,0.045,out,6747.865867571911,0.029875168964561223,0.10898332657477633,0.0016025016905728089,0.0395369309119715
7025.0,30.1,2025-11-13 20:33:49,0,2025-12-18,6734.10986328125,0.1349206349206349,2512,0.045,out,6747.865867571911,0.029875168964561223,0.11307955109639603,0.0017252281182123927,0.04024892809406124
7025.0,26.5,2025-11-14 20:51:25,0,2025-12-19,6734.10986328125,0.1349206349206349,2512,0.045,out,6747.865867571911,0.029875168964561223,0.1077393279370722,0.0015661267248701883,0.04024892809406124
7040.0,25.5,2025-11-14 20:21:00,0,2025-12-19,6734.10986328125,0.1349206349206349,2512,0.045,out,6747.865867571911,0.029875168964561223,0.11010974697092993,0.0016357988763971236,0.0423818830442029
7045.0,24.9,2025-11-14 20:36:32,0,2025-12-19,6734.10986328125,0.1349206349206349,2512,0.045,out,6747.865867571911,0.029875168964561223,0.11045181770645623,0.0016459783221366988,0.04309185822489543
7050.0,22.05,2025-11-14 20:56:20,0,2025-12-19,6734.10986328125,0.1349206349206349,2512,0.045,out,6747.865867571911,0.029875168964561223,0.10710609831764677,0.0015477712463976194,0.043801329698428995
7055.0,21.0,2025-11-14 15:20:14,0,2025-12-19,6734.10986328125,0.1349206349206349,2512,0.045,out,6747.865867571911,0.029875168964561223,0.10658506932912432,0.0015327492783031905,0.044510298179029066
7060.0,20.75,2025-11-14 14:42:39,0,2025-12-19,6734.10986328125,0.1349206349206349,2512,0.045,out,6747.865867571911,0.029875168964561223,0.10738576057835345,0.001555864498213132,0.045218764379402476
7070.0,19.71,2025-11-14 20:46:42,0,2025-12-19,6734.10986328125,0.1349206349206349,2512,0.045,out,6747.865867571911,0.029875168964561223,0.1080028332716786,0.0015737968564291278,0.046634192782733216
7075.0,18.5,2025-11-14 20:32:44,0,2025-12-19,6734.10986328125,0.1349206349206349,2512,0.045,out,6747.865867571911,0.029875168964561223,0.10702802814186743,0.0015455157121818906,0.04734115640355318
7080.0,20.2,2025-11-14 19:07:51,0,2025-12-19,6734.10986328125,0.1349206349206349,2512,0.045,out,6747.865867571911,0.029875168964561223,0.11127107430263948,0.0016704863777768234,0.048047620579880275
7085.0,17.4,2025-11-14 20:51:08,0,2025-12-19,6734.10986328125,0.1349206349206349,2512,0.045,out,6747.865867571911,0.029875168964561223,0.10734036925584754,0.0015545494668546737,0.04875358601689546
7090.0,16.8,2025-11-14 20:46:42,0,2025-12-19,6734.10986328125,0.1349206349206349,2512,0.045,out,6747.865867571911,0.029875168964561223,0.10735658238812516,0.001555019113452311,0.04945905341828786
7095.0,18.4,2025-11-14 17:27:12,0,2025-12-19,6734.10986328125,0.1349206349206349,2512,0.045,out,6747.865867571911,0.029875168964561223,0.11154854431398335,0.0016788279488545081,0.05016402348625774
7100.0,14.84,2025-11-14 21:08:13,0,2025-12-19,6734.10986328125,0.1349206349206349,2512,0.045,out,6747.865867571911,0.029875168964561223,0.1057437714731971,0.0015086481626300592,0.050868496921521525
7105.0,15.26,2025-11-14 18:39:04,0,2025-12-19,6734.10986328125,0.1349206349206349,2512,0.045,out,6747.865867571911,0.029875168964561223,0.10772466217636673,0.001565700383311188,0.05157247442331578
7110.0,16.3,2025-11-14 18:20:27,0,2025-12-19,6734.10986328125,0.1349206349206349,2512,0.045,out,6747.865867571911,0.029875168964561223,0.11094829916629725,0.0016608089404301692,0.052275956689401354
7115.0,15.6,2025-11-14 19:30:02,0,2025-12-19,6734.10986328125,0.1349206349206349,2512,0.045,out,6747.865867571911,0.029875168964561223,0.11066205552852285,0.001652250310115586,0.05297894441606756
7120.0,12.43,2025-11-14 20:44:06,0,2025-12-19,6734.10986328125,0.1349206349206349,2512,0.045,out,6747.865867571911,0.029875168964561223,0.10495481425909677,0.0014862200128154407,0.05368143829813609
7125.0,11.8,2025-11-14 18:37:16,0,2025-12-19,6734.10986328125,0.1349206349206349,2512,0.045,out,6747.865867571911,0.029875168964561223,0.10457645003291437,0.001475523621629149,0.054383439028965946
7130.0,14.29,2025-11-14 19:54:36,0,2025-12-19,6734.10986328125,0.1349206349206349,2512,0.045,out,6747.865867571911,0.029875168964561223,0.11123450807666264,0.0016693886379362788,0.055084947300456315
5450.0,1381.28,2025-11-13 14:38:16,0,2025-12-19,6734.10986328125,0.1388888888888889,2512,0.045,in,6747.865867571911,0.03030730699414519,0.491360966509808,0.033532722140201754,-0.21361067845059548
5500.0,1406.73,2025-10-29 20:06:28,0,2025-12-04,6734.10986328125,0.1388888888888889,2512,0.045,in,6747.865867571911,0.03030730699414519,0.6182455887106464,0.053087167772246355,-0.20447819488732297
5650.0,1121.24,2025-11-13 19:45:18,0,2025-12-19,6734.10986328125,0.1388888888888889,2512,0.045,in,6747.865867571911,0.03030730699414519,0.21431296261530391,0.006379173047909536,-0.1775707419673986
5720.0,1112.86,2025-11-13 14:56:00,0,2025-12-19,6734.10986328125,0.1388888888888889,2512,0.045,in,6747.865867571911,0.03030730699414519,0.4090319822685849,0.023237105905356662,-0.16525748173404167
5890.0,958.49,2025-11-13 14:31:20,0,2025-12-19,6734.10986328125,0.1388888888888889,2512,0.045,in,6747.865867571911,0.03030730699414519,0.38397927147038097,0.020477789016517294,-0.13597028946225284
6125.0,693.88,2025-11-13 17:39:11,0,2025-12-19,6734.10986328125,0.1388888888888889,2512,0.045,in,6747.865867571911,0.03030730699414519,0.25826967353580327,0.009264336703929222,-0.09684753069495754
6200.0,590.58,2025-11-13 18:42:24,0,2025-12-19,6734.10986328125,0.1388888888888889,2512,0.045,in,6747.865867571911,0.03030730699414519,0.1779689756108084,0.004399021705550072,-0.08467699507470233
6290.0,564.1,2025-11-13 15:33:02,0,2025-12-19,6734.10986328125,0.1388888888888889,2512,0.045,in,6747.865867571911,0.03030730699414519,0.26141040636733526,0.009491027855157689,-0.07026521641339906
6310.0,517.92,2025-11-13 17:18:05,0,2025-12-19,6734.10986328125,0.1388888888888889,2512,0.045,in,6747.865867571911,0.03030730699414519,0.21691638345974623,0.006535099640729954,-0.06709061057262641
6380.0,456.32,2025-11-13 17:42:20,0,2025-12-19,6734.10986328125,0.1388888888888889,2512,0.045,in,6747.865867571911,0.03030730699414519,0.20680809943791337,0.0059402208323780376,-0.056058189769049714
6420.0,409.06,2025-11-13 17:58:10,0,2025-12-19,6734.10986328125,0.1388888888888889,2512,0.045,in,6747.865867571911,0.03030730699414519,0.18366708171991442,0.004685221792709683,-0.049808169423878404
6450.0,411.89,2025-11-04 16:23:53,0,2025-12-10,6734.10986328125,0.1388888888888889,2512,0.045,in,6747.865867571911,0.03030730699414519,0.21638791849182995,0.00650329600961484,-0.04514615631806713
6475.0,434.36,2025-10-27 18:13:44,0,2025-12-02,6734.10986328125,0.1388888888888889,2512,0.045,in,6747.865867571911,0.03030730699414519,0.2630842425445001,0.009612960927112965,-0.041277679540146765
6505.0,320.9,2025-11-13 20:56:31,0,2025-12-19,6734.10986328125,0.1388888888888889,2512,0.045,in,6747.865867571911,0.03030730699414519,0.15170701043652243,0.003196530141053768,-0.036655175161279654
6525.0,312.11,2025-11-13 19:22:41,0,2025-12-19,6734.10986328125,0.1388888888888889,2512,0.045,in,6747.865867571911,0.03030730699414519,0.15935390889337353,0.0035268983721663326,-0.03358533391699114
6565.0,323.22,2025-11-13 15:28:43,0,2025-12-19,6734.10986328125,0.1388888888888889,2512,0.045,in,6747.865867571911,0.03030730699414519,0.20400407541402324,0.005780230942434789,-0.027473779370988712
6665.0,207.55,2025-11-13 21:10:00,0,2025-12-19,6734.10986328125,0.1388888888888889,2512,0.045,in,6747.865867571911,0.03030730699414519,0.14664283222172633,0.002986683366945747,-0.012356333495076182
7030.0,29.1,2025-11-13 20:58:57,0,2025-12-19,6734.10986328125,0.1388888888888889,2512,0.045,out,6747.865867571911,0.03030730699414519,0.11099605547080572,0.0017111283791775252,0.040960418696825346
7035.0,30.8,2025-11-13 20:32:35,0,2025-12-19,6734.10986328125,0.1388888888888889,2512,0.045,out,6747.865867571911,0.03030730699414519,0.11477337875632132,0.001829573398769721,0.041671403440604216
7065.0,28.86,2025-11-13 15:53:18,0,2025-12-19,6734.10986328125,0.1388888888888889,2512,0.045,out,6747.865867571911,0.03030730699414519,0.11969088338535452,0.0019897093841064633,0.04592672901074256
5300.0,1563.22,2025-11-12 16:41:12,0,2025-12-19,6734.10986328125,0.14285714285714285,2512,0.045,in,6747.865867571911,0.030715437355418932,0.5999506007900997,0.05142010334120021,-0.24151946656767204
5925.0,949.02,2025-11-12 20:15:15,0,2025-12-19,6734.10986328125,0.14285714285714285,2512,0.045,in,6747.865867571911,0.030715437355418932,0.407169551554487,0.023683863387583146,-0.13004560010455332
6415.0,508.44,2025-11-12 09:22:29,0,2025-12-19,6734.10986328125,0.14285714285714285,2512,0.045,in,6747.865867571911,0.030715437355418932,0.2976049130233507,0.012652669179376588,-0.050587289058148494
6475.0,438.5,2025-11-12 20:32:14,0,2025-12-19,6734.10986328125,0.14285714285714285,2512,0.045,in,6747.865867571911,0.030715437355418932,0.2631993196579462,0.009896268838343675,-0.041277679540146765
6495.0,436.09,2025-11-12 09:22:29,0,2025-12-19,6734.10986328125,0.14285714285714285,2512,0.045,in,6747.865867571911,0.030715437355418932,0.27482173239030483,0.010789569227715474,-0.038193637003185336
6570.0,354.77,2025-11-12 14:48:35,0,2025-12-19,6734.10986328125,0.14285714285714285,2512,0.045,in,6747.865867571911,0.030715437355418932,0.23769320759493964,0.008071151562395866,-0.026712454629229047
6675.0,239.66,2025-11-11 14:46:08,0,2025-12-18,6734.10986328125,0.14285714285714285,2512,0.045,in,6747.865867571911,0.030715437355418932,0.18288042891863415,0.004777893040209085,-0.010857082839434998
5100.0,1760.98,2025-11-11 18:09:57,0,2025-12-19,6734.10986328125,0.14682539682539683,2512,0.045,in,6747.865867571911,0.031101506616083286,0.6543804751944903,0.06287266203842609,-0.2799857473954681
5700.0,1147.67,2025-11-11 14:49:22,0,2025-12-19,6734.10986328125,0.14682539682539683,2512,0.045,in,6747.865867571911,0.031101506616083286,0.4290415873761789,0.02702713213030175,-0.16876011228524376
5775.0,1102.85,2025-11-11 19:48:05,0,2025-12-19,6734.10986328125,0.14682539682539683,2512,0.045,in,6747.865867571911,0.031101506616083286,0.4564398321863357,0.030589209742193417,-0.15568803071789097
6025.0,885.74,2025-10-28 14:10:14,0,2025-12-05,6734.10986328125,0.14682539682539683,2512,0.045,in,6747.865867571911,0.031101506616083286,0.41875495798576035,0.025746672416639957,-0.11330880774902957
6150.0,701.34,2025-11-11 15:26:39,0,2025-12-19,6734.10986328125,0.14682539682539683,2512,0.045,in,6747.865867571911,0.031101506616083286,0.2930036304002663,0.012605125852485025,-0.09277420530732167
6175.0,663.8,2025-10-24 18:22:11,0,2025-12-01,6734.10986328125,0.14682539682539683,2512,0.045,in,6747.865867571911,0.031101506616083286,0.2661538540985642,0.010400798967881873,-0.08871740461170735
6175.0,710.85,2025-11-11 19:07:36,0,2025-12-19,6734.10986328125,0.14682539682539683,2512,0.045,in,6747.865867571911,0.031101506616083286,0.3330969317793604,0.016290801351390806,-0.08871740461170735
6225.0,667.68,2025-11-11 19:33:54,0,2025-12-19,6734.10986328125,0.14682539682539683,2512,0.045,in,6747.865867571911,0.031101506616083286,0.324743196221791,0.015483933766733142,-0.08065284477497685
6345.0,524.03,2025-11-11 16:53:07,0,2025-12-19,6734.10986328125,0.14682539682539683,2512,0.045,in,6747.865867571911,0.031101506616083286,0.2532378383325948,0.009415825008906828,-0.06155918595939724
6350.0,550.71,2025-11-03 20:55:17,0,2025-12-11,6734.10986328125,0.14682539682539683,2512,0.045,in,6747.865867571911,0.031101506616083286,0.2903826105747472,0.012380619997601568,-0.060771474221147904
6575.0,204.3,2025-11-07 17:42:12,0,2025-12-15,6734.10986328125,0.14682539682539683,2512,0.045,in,6747.865867571911,0.031101506616083286,0.0456059883820687,0.000305383049695632,-0.025951709061919914
6650.0,251.81,2025-11-10 15:33:19,0,2025-12-18,6734.10986328125,0.14682539682539683,2512,0.045,in,6747.865867571911,0.031101506616083286,0.17726092025657794,0.004613464493879876,-0.01460943245798538
5940.0,907.54,2025-11-10 17:55:58,0,2025-12-19,6734.10986328125,0.15079365079365079,2512,0.045,in,6747.865867571911,0.03146725644197583,0.34713393850363045,0.018170932174284154,-0.12751715375119466
6030.0,809.21,2025-11-10 14:50:14,0,2025-12-19,6734.10986328125,0.15079365079365079,2512,0.045,in,6747.865867571911,0.03146725644197583,0.30581584979543847,0.014102724966158869,-0.11247927638665416
6105.0,683.11,2025-10-20 18:11:26,0,2025-11-28,6734.10986328125,0.15079365079365079,2511,0.045,in,6744.103250580426,0.03516606305146283,0.17885913312077775,0.004823977781854015,-0.09956042301085603
6125.0,758.74,2025-10-27 13:44:19,0,2025-12-05,6734.10986328125,0.15079365079365079,2512,0.045,in,6747.865867571911,0.03146725644197583,0.3416019538229966,0.017596396843318134,-0.09684753069495754
6145.0,633.93,2025-10-20 16:31:20,0,2025-11-28,6734.10986328125,0.15079365079365079,2511,0.045,in,6744.103250580426,0.03516606305146283,0.1307151667098721,0.0025765288996174875,-0.09302978755552582
6295.0,503.24,2025-10-20 17:33:44,0,2025-11-28,6734.10986328125,0.15079365079365079,2511,0.045,in,6744.103250580426,0.03516606305146283,0.15730911486795957,0.0037315634507164843,-0.06891286307721348
6305.0,487.25,2025-10-20 16:32:31,0,2025-11-28,6734.10986328125,0.15079365079365079,2511,0.045,in,6744.103250580426,0.03516606305146283,0.14149375770417064,0.003018961792981622,-0.0673255611566411
6350.0,553.96,2025-11-03 20:55:17,0,2025-12-12,6734.10986328125,0.15079365079365079,2512,0.045,in,6747.865867571911,0.03146725644197583,0.28943175063402216,0.012632095454177943,-0.060771474221147904
6400.0,514.5,2025-10-31 19:41:00,0,2025-12-09,6734.10986328125,0.15079365079365079,2512,0.045,in,6747.865867571911,0.03146725644197583,0.28347934505297634,0.012117859066362095,-0.05292829676012205
6430.0,426.8,2025-11-10 14:30:05,0,2025-12-19,6734.10986328125,0.15079365079365079,2512,0.045,in,6747.865867571911,0.03146725644197583,0.20527683177976166,0.006354229965438054,-0.048251748876220246
6475.0,440.7,2025-11-03 19:42:07,0,2025-12-12,6734.10986328125,0.15079365079365079,2512,0.045,in,6747.865867571911,0.03146725644197583,0.25692783474377207,0.009954177246478872,-0.041277679540146765
6575.0,359.75,2025-10-31 19:41:00,0,2025-12-09,6734.10986328125,0.15079365079365079,2512,0.045,in,6747.865867571911,0.03146725644197583,0.23816734632462902,0.008553571525801586,-0.025951709061919914
6655.0,184.1,2025-11-10 17:35:37,0,2025-12-19,6734.10986328125,0.15079365079365079,2512,0.045,in,6747.865867571911,0.03146725644197583,0.10759033790936987,0.001745539169980916,-0.01385783527867328
6375.0,480.88,2025-10-24 19:37:27,0,2025-12-04,6734.10986328125,0.15873015873015872,2512,0.045,in,6747.865867571911,0.03214389361987704,0.2145241546791316,0.0073048591969517435,-0.05684219608125842
6525.0,257.93,2025-11-07 17:21:07,0,2025-12-18,6734.10986328125,0.15873015873015872,2512,0.045,in,6747.865867571911,0.03214389361987704,0.05556530653958233,0.0004900798874345637,-0.03358533391699114
6550.0,389.54,2025-10-31 19:37:33,0,2025-12-11,6734.10986328125,0.15873015873015872,2512,0.045,in,6747.865867571911,0.03214389361987704,0.24529626072980834,0.009550834210797795,-0.02976123747858765
6550.0,232.71,2025-11-07 17:13:10,0,2025-12-18,6734.10986328125,0.15873015873015872,2512,0.045,in,6747.865867571911,0.03214389361987704,0.049325239760730215,0.0003861871868973842,-0.02976123747858765
6025.0,855.07,2025-10-31 20:09:42,0,2025-12-12,6734.10986328125,0.1626984126984127,2512,0.045,in,6747.865867571911,0.03245745719012394,0.3525752317397698,0.02022492482337479,-0.11330880774902957
6435.0,365.38,2025-11-07 20:34:56,0,2025-12-19,6734.10986328125,0.1626984126984127,2512,0.045,in,6747.865867571911,0.03245745719012394,0.11490897268723234,0.0021482815562120614,-0.047474446077658244
6440.0,363.45,2025-11-07 20:37:24,0,2025-12-19,6734.10986328125,0.1626984126984127,2512,0.045,in,6747.865867571911,0.03245745719012394,0.11902422215761448,0.0023049102534493326,-0.04669774700948595
6490.0,302.27,2025-11-07 14:37:05,0,2025-12-19,6734.10986328125,0.1626984126984127,2512,0.045,in,6747.865867571911,0.03245745719012394,0.08570468218043037,0.0011950674383079038,-0.038963756409749604
6530.0,269.61,2025-11-07 19:03:51,0,2025-12-19,6734.10986328125,0.1626984126984127,2512,0.045,in,6747.865867571911,0.03245745719012394,0.08950736230695136,0.0013034693817185006,-0.03281934383740852
6535.0,249.4,2025-10-17 15:59:01,0,2025-11-28,6734.10986328125,0.1626984126984127,2511,0.045,in,6744.103250580426,0.03588561941355092,0.054306063685147656,0.00047982178838090414,-0.0314961834973387
6555.0,247.37,2025-11-07 18:56:17,0,2025-12-19,6734.10986328125,0.1626984126984127,2512,0.045,in,6747.865867571911,0.03245745719012394,0.08733515180345112,0.0012409705490547855,-0.028998169910085005
6645.0,218.03,2025-11-07 21:07:19,0,2025-12-19,6734.10986328125,0.1626984126984127,2512,0.045,in,6747.865867571911,0.03245745719012394,0.12915177131839362,0.0027138388151659695,-0.01536159496053953
6650.0,215.8,2025-11-14 16:07:12,0,2025-12-26,6734.10986328125,0.1626984126984127,2512,0.045,in,6747.865867571911,0.03245745719012394,0.13010903283548003,0.0027542173707966063,-0.01460943245798538
6680.0,199.0,2025-11-14 18:44:22,0,2025-12-26,6734.10986328125,0.1626984126984127,2512,0.045,in,6747.865867571911,0.03245745719012394,0.13177140009607904,0.0028250467349782483,-0.010108299577193836
6700.0,195.9,2025-11-14 19:28:23,0,2025-12-26,6734.10986328125,0.1626984126984127,2512,0.045,in,6747.865867571911,0.03245745719012394,0.14003374369722765,0.0031904262870170426,-0.007118760728827809
6725.0,179.1,2025-11-14 19:32:48,0,2025-12-26,6734.10986328125,0.1626984126984127,2512,0.045,in,6747.865867571911,0.03245745719012394,0.13737732579895207,0.0030705306166290804,-0.0033943616378454525
6730.0,175.5,2025-11-14 19:34:43,0,2025-12-26,6734.10986328125,0.1626984126984127,2512,0.045,in,6747.865867571911,0.03245745719012394,0.13655608565929409,0.0030339291498179643,-0.0026511434691117892
6740.0,170.3,2025-11-14 19:49:29,0,2025-12-26,6734.10986328125,0.1626984126984127,2512,0.045,out,6747.865867571911,0.03245745719012394,0.13671520728622713,0.0030410038255395165,-0.0011663622015324995
6750.0,163.6,2025-11-14 19:26:00,0,2025-12-26,6734.10986328125,0.1626984126984127,2512,0.045,out,6747.865867571911,0.03245745719012394,0.13538059721460327,0.002981921230910669,0.0003162177586903504
6760.0,160.1,2025-11-14 17:46:43,0,2025-12-26,6734.10986328125,0.1626984126984127,2512,0.045,out,6747.865867571911,0.03245745719012394,0.1369203649540401,0.0030501374599406707,0.0017966029291244564
6770.0,137.5,2025-11-14 20:49:18,0,2025-12-26,6734.10986328125,0.1626984126984127,2512,0.045,out,6747.865867571911,0.03245745719012394,0.12069187714444396,0.002369951180772348,0.003274799798435419
6775.0,135.52,2025-11-14 21:05:36,0,2025-12-26,6734.10986328125,0.1626984126984127,2512,0.045,out,6747.865867571911,0.03245745719012394,0.12117248396117328,0.0023888635144529865,0.004013079640016421
6780.0,144.9,2025-11-14 19:49:59,0,2025-12-26,6734.10986328125,0.1626984126984127,2512,0.045,out,6747.865867571911,0.03245745719012394,0.13211478891366565,0.0028397897438007928,0.004750814826556055
6800.0,125.74,2025-11-14 20:27:57,0,2025-12-26,6734.10986328125,0.1626984126984127,2512,0.045,out,6747.865867571911,0.03245745719012394,0.12326840524155189,0.002472218606994499,0.007696325056312768
6810.0,128.1,2025-11-14 19:30:23,0,2025-12-26,6734.10986328125,0.1626984126984127,2512,0.045,out,6747.865867571911,0.03245745719012394,0.12971298969184544,0.002737475585264559,0.009165833035672812
6820.0,121.6,2025-11-14 19:28:50,0,2025-12-26,6734.10986328125,0.1626984126984127,2512,0.045,out,6747.865867571911,0.03245745719012394,0.12787232150992517,0.00266033553548351,0.010633184729622604
6825.0,120.7,2025-11-14 19:54:23,0,2025-12-26,6734.10986328125,0.1626984126984127,2512,0.045,out,6747.865867571911,0.03245745719012394,0.12908812951826668,0.002711164890807605,0.011366053945275331
6840.0,111.1,2025-11-14 19:49:55,0,2025-12-26,6734.10986328125,0.1626984126984127,2512,0.045,out,6747.865867571911,0.03245745719012394,0.12617833909280374,0.0025903170774006397,0.013561444508710866
6850.0,107.3,2025-11-14 19:54:23,0,2025-12-26,6734.10986328125,0.1626984126984127,2512,0.045,out,6747.865867571911,0.03245745719012394,0.126521713883314,0.0026044345533445166,0.015022365148385754
6860.0,100.8,2025-11-14 19:30:00,0,2025-12-26,6734.10986328125,0.1626984126984127,2512,0.045,out,6747.865867571911,0.03245745719012394,0.12422434461817854,0.0025107111096367273,0.01648115461204575
6880.0,89.74,2025-11-14 18:34:12,0,2025-12-26,6734.10986328125,0.1626984126984127,2512,0.045,out,6747.865867571911,0.03245745719012394,0.12107021286968991,0.0023848327548285446,0.019392364819504085
6890.0,78.6,2025-11-14 20:47:34,0,2025-12-26,6734.10986328125,0.1626984126984127,2512,0.045,out,6747.865867571911,0.03245745719012394,0.11386461581404145,0.002109409444895435,0.020844797899819054
6900.0,74.4,2025-11-14 20:47:34,0,2025-12-26,6734.10986328125,0.1626984126984127,2512,0.045,out,6747.865867571911,0.03245745719012394,0.11318093308967288,0.0020841542389563863,0.02229512447746539
6910.0,77.6,2025-11-14 19:28:54,0,2025-12-26,6734.10986328125,0.1626984126984127,2512,0.045,out,6747.865867571911,0.03245745719012394,0.11968201002633894,0.002330456843181478,0.02374335065383028
6920.0,74.0,2025-11-14 16:43:44,0,2025-12-26,6734.10986328125,0.1626984126984127,2512,0.045,out,6747.865867571911,0.03245745719012394,0.11942543972375613,0.002320475641990924,0.025189482503830008
6925.0,67.25,2025-11-14 20:26:10,0,2025-12-26,6734.10986328125,0.1626984126984127,2512,0.045,out,6747.865867571911,0.03245745719012394,0.11427633107275878,0.002124691561831277,0.025911764947654035
6930.0,65.35,2025-11-14 20:26:10,0,2025-12-26,6734.10986328125,0.1626984126984127,2512,0.045,out,6747.865867571911,0.03245745719012394,0.11393998696704091,0.002112202959650903,0.026633526076063733
6940.0,65.3,2025-11-14 19:28:45,0,2025-12-26,6734.10986328125,0.1626984126984127,2512,0.045,out,6747.865867571911,0.03245745719012394,0.11702765979651897,0.002228231743870798,0.028075487392964844
6950.0,61.8,2025-11-14 19:49:18,0,2025-12-26,6734.10986328125,0.1626984126984127,2512,0.045,out,6747.865867571911,0.03245745719012394,0.1164939396343956,0.0022079537969572635,0.029515372450952534
6960.0,54.9,2025-11-14 20:33:58,0,2025-12-26,6734.10986328125,0.1626984126984127,2512,0.045,out,6747.865867571911,0.03245745719012394,0.11221123018315622,0.0020485943148726513,0.030953187220580106
6975.0,53.4,2025-11-14 19:50:50,0,2025-12-26,6734.10986328125,0.1626984126984127,2512,0.045,out,6747.865867571911,0.03245745719012394,0.11496628027603535,0.002150424879447716,0.033106040581681026
6980.0,40.4,2025-11-14 14:50:08,0,2025-12-26,6734.10986328125,0.1626984126984127,2512,0.045,out,6747.865867571911,0.03245745719012394,0.10179357688402625,0.0016858699368595665,0.03382262964853284
6990.0,48.4,2025-11-14 19:29:56,0,2025-12-26,6734.10986328125,0.1626984126984127,2512,0.045,out,6747.865867571911,0.03245745719012394,0.11368256558995539,0.002102669660649583,0.03525426911997068
7000.0,39.1,2025-11-14 20:58:54,0,2025-12-26,6734.10986328125,0.1626984126984127,2512,0.045,out,6747.865867571911,0.03245745719012394,0.10564439904280648,0.0018158345278323211,0.03668386192956515
7010.0,42.8,2025-11-14 19:29:23,0,2025-12-26,6734.10986328125,0.1626984126984127,2512,0.045,out,6747.865867571911,0.03245745719012394,0.11269090385011106,0.0020661461596537855,0.03811141392075042
7025.0,33.5,2025-11-14 20:57:57,0,2025-12-26,6734.10986328125,0.1626984126984127,2512,0.045,out,6747.865867571911,0.03245745719012394,0.10521025777316045,0.001800940999874959,0.04024892809406124
7030.0,37.6,2025-11-14 19:51:51,0,2025-12-26,6734.10986328125,0.1626984126984127,2512,0.045,out,6747.865867571911,0.03245745719012394,0.11163191999122724,0.002027496460309675,0.040960418696825346
7040.0,35.1,2025-11-14 19:50:45,0,2025-12-26,6734.10986328125,0.1626984126984127,2512,0.045,out,6747.865867571911,0.03245745719012394,0.1110149745976368,0.0020051480475455226,0.0423818830442029
7050.0,31.61,2025-11-14 20:15:28,0,2025-12-26,6734.10986328125,0.1626984126984127,2512,0.045,out,6747.865867571911,0.03245745719012394,0.10893753561370448,0.001930804973369335,0.043801329698428995
7060.0,28.7,2025-11-14 20:18:34,0,2025-12-26,6734.10986328125,0.1626984126984127,2512,0.045,out,6747.865867571911,0.03245745719012394,0.1073948539903162,0.0018765073063795824,0.045218764379402476
7075.0,23.6,2025-11-14 20:57:57,0,2025-12-26,6734.10986328125,0.1626984126984127,2512,0.045,out,6747.865867571911,0.03245745719012394,0.10353302451913701,0.0017439784674971798,0.04734115640355318
7100.0,22.32,2025-11-14 20:17:00,0,2025-12-26,6734.10986328125,0.1626984126984127,2512,0.045,out,6747.865867571911,0.03245745719012394,0.10714603311686591,0.0018678220988884984,0.050868496921521525
7125.0,18.0,2025-11-14 16:04:29,0,2025-12-26,6734.10986328125,0.1626984126984127,2512,0.045,out,6747.865867571911,0.03245745719012394,0.10533460757227177,0.0018052006414626357,0.054383439028965946
5600.0,1329.7,2025-10-29 15:47:48,0,2025-12-11,6734.10986328125,0.16666666666666666,2512,0.045,in,6747.865867571911,0.032756089161787655,0.5565613091326764,0.05162674847057977,-0.1864596893846446
6235.0,546.77,2025-11-06 18:13:59,0,2025-12-19,6734.10986328125,0.16666666666666666,2512,0.045,in,6747.865867571911,0.032756089161787655,0.09254138503324873,0.0014273179906453318,-0.07904770799374844
6470.0,362.35,2025-11-06 15:42:42,0,2025-12-19,6734.10986328125,0.16666666666666666,2512,0.045,in,6747.865867571911,0.032756089161787655,0.14925007217386257,0.003712597340650531,-0.04205017861293905
6545.0,304.9,2025-11-06 15:43:39,0,2025-12-19,6734.10986328125,0.16666666666666666,2512,0.045,in,6747.865867571911,0.032756089161787655,0.14689985598098992,0.0035965946145392635,-0.03052488776388498
6550.0,308.55,2025-11-13 19:32:42,0,2025-12-26,6734.10986328125,0.16666666666666666,2512,0.045,in,6747.865867571911,0.032756089161787655,0.1547631890413962,0.003991940780377155,-0.02976123747858765
6600.0,379.35,2025-10-29 15:47:48,0,2025-12-11,6734.10986328125,0.16666666666666666,2512,0.045,in,6747.865867571911,0.032756089161787655,0.2571656373669102,0.011022360840388195,-0.02215663809336837
6600.0,269.5,2025-11-13 18:25:06,0,2025-12-26,6734.10986328125,0.16666666666666666,2512,0.045,in,6747.865867571911,0.032756089161787655,0.14930379166232133,0.003715270367457642,-0.02215663809336837
6625.0,286.08,2025-11-13 14:55:45,0,2025-12-26,6734.10986328125,0.16666666666666666,2512,0.045,in,6747.865867571911,0.032756089161787655,0.18151633567223,0.0054913633526456115,-0.018375915253462285
6690.0,197.81,2025-11-13 19:53:25,0,2025-12-26,6734.10986328125,0.16666666666666666,2512,0.045,in,6747.865867571911,0.032756089161787655,0.13403769841955923,0.002994350766268785,-0.008612412985611164
6720.0,158.6,2025-11-13 20:59:17,0,2025-12-26,6734.10986328125,0.16666666666666666,2512,0.045,in,6747.865867571911,0.032756089161787655,0.11341992180358691,0.0021440131103219614,-0.00413813259069
6790.0,148.3,2025-11-13 16:19:17,0,2025-12-26,6734.10986328125,0.16666666666666666,2512,0.045,out,6747.865867571911,0.032756089161787655,0.13751853118916976,0.0031518910700711095,0.0062246544448564525
6830.0,95.57,2025-11-13 17:35:10,0,2025-12-26,6734.10986328125,0.16666666666666666,2512,0.045,out,6747.865867571911,0.032756089161787655,0.10599373380149979,0.001872445267530533,0.012098386456950407
6870.0,73.55,2025-11-13 19:51:37,0,2025-12-26,6734.10986328125,0.16666666666666666,2512,0.045,out,6747.865867571911,0.032756089161787655,0.10033857732118444,0.0016779716831398846,0.017937819108509705
6875.0,94.14,2025-11-13 19:27:47,0,2025-12-26,6734.10986328125,0.16666666666666666,2512,0.045,out,6747.865867571911,0.032756089161787655,0.1215433688483248,0.0024621317518333215,0.018665356426886753
6970.0,52.0,2025-11-13 19:51:37,0,2025-12-26,6734.10986328125,0.16666666666666666,2512,0.045,out,6747.865867571911,0.032756089161787655,0.11030078034332491,0.0020277103573910684,0.0323889376466844
7020.0,33.51,2025-11-13 20:42:22,0,2025-12-26,6734.10986328125,0.16666666666666666,2512,0.045,out,6747.865867571911,0.032756089161787655,0.10240351251267772,0.0017477465624890238,0.0395369309119715
5850.0,981.16,2025-11-05 15:29:54,0,2025-12-19,6734.10986328125,0.17063492063492064,2512,0.045,in,6747.865867571911,0.033040831274304225,0.3166554347811835,0.01710967685788808,-0.14278462588198307
6380.0,570.81,2025-10-29 20:03:08,0,2025-12-12,6734.10986328125,0.17063492063492064,2512,0.045,in,6747.865867571911,0.033040831274304225,0.3078472690066469,0.016171061367057878,-0.056058189769049714
6480.0,419.12,2025-11-05 17:29:17,0,2025-12-19,6734.10986328125,0.17063492063492064,2512,0.045,in,6747.865867571911,0.033040831274304225,0.21857446705901623,0.008152048805379833,-0.04050577676156485
6640.0,300.43,2025-11-12 17:15:11,0,2025-12-26,6734.10986328125,0.17063492063492064,2512,0.045,in,6747.865867571911,0.033040831274304225,0.20086893908230244,0.006884834204706898,-0.01611432363740573
5975.0,860.86,2025-11-04 06:12:29,0,2025-12-19,6734.10986328125,0.1746031746031746,2512,0.045,in,6747.865867571911,0.033312630563524584,0.2855248816054055,0.014234429177358556,-0.12164218930817387
5980.0,836.52,2025-11-04 19:49:17,0,2025-12-19,6734.10986328125,0.1746031746031746,2512,0.045,in,6747.865867571911,0.033312630563524584,0.24902196905979784,0.010827481774898541,-0.12080571916320783
6060.0,762.37,2025-11-04 20:03:43,0,2025-12-19,6734.10986328125,0.1746031746031746,2512,0.045,in,6747.865867571911,0.033312630563524584,0.23932424419429757,0.010000587816680786,-0.10751648704452507
6125.0,795.42,2025-10-28 14:06:02,0,2025-12-12,6734.10986328125,0.1746031746031746,2512,0.045,in,6747.865867571911,0.033312630563524584,0.356404353344518,0.022178804665272448,-0.09684753069495754
6270.0,568.14,2025-11-04 19:47:33,0,2025-12-19,6734.10986328125,0.1746031746031746,2512,0.045,in,6747.865867571911,0.033312630563524584,0.2076156012211933,0.00752613677102878,-0.0734499324809189
6340.0,508.75,2025-11-04 14:33:49,0,2025-12-19,6734.10986328125,0.1746031746031746,2512,0.045,in,6747.865867571911,0.033312630563524584,0.20186503208313863,0.007114990523130039,-0.06234751867661369
5530.0,1352.16,2025-11-03 20:43:42,0,2025-12-19,6734.10986328125,0.17857142857142858,2512,0.045,in,6747.865867571911,0.03357234988433515,0.48569884743743114,0.04212560185750875,-0.19903847159150484
5610.0,1270.01,2025-11-03 17:26:54,0,2025-12-19,6734.10986328125,0.17857142857142858,2512,0.045,in,6747.865867571911,0.03357234988433515,0.4576336979173031,0.03739796454811882,-0.18467556759114326
5640.0,1242.05,2025-11-03 16:52:24,0,2025-12-19,6734.10986328125,0.17857142857142858,2512,0.045,in,6747.865867571911,0.03357234988433515,0.45164346525160837,0.036425324947228714,-0.17934222161578073
5725.0,1169.74,2025-11-03 18:17:05,0,2025-12-19,6734.10986328125,0.17857142857142858,2512,0.045,in,6747.865867571911,0.03357234988433515,0.4444453623745221,0.03527351431003933,-0.16438373768544484
6155.0,644.35,2025-10-06 18:47:20,0,2025-11-21,6734.10986328125,0.17857142857142858,2511,0.045,in,6744.103250580426,0.03669578657679084,0.16442010666710738,0.004827494906504102,-0.09140377093710715
6290.0,521.27,2025-10-20 17:46:32,0,2025-12-05,6734.10986328125,0.17857142857142858,2512,0.045,in,6747.865867571911,0.03357234988433515,0.1571603421293592,0.004410602346110221,-0.07026521641339906
6500.0,369.71,2025-11-10 16:58:58,0,2025-12-26,6734.10986328125,0.17857142857142858,2512,0.045,in,6747.865867571911,0.03357234988433515,0.17465845249981443,0.0054474241124339165,-0.037424110224156745
5600.0,1180.77,2025-11-14 19:07:38,0,2025-12-31,6734.10986328125,0.18253968253968253,2512,0.045,in,6747.865867571911,0.03382077706076264,0.17818641801655358,0.0057957078572072164,-0.1864596893846446
5650.0,1132.27,2025-11-14 19:07:38,0,2025-12-31,6734.10986328125,0.18253968253968253,2512,0.045,in,6747.865867571911,0.03382077706076264,0.1888696235537008,0.0065115071280181175,-0.1775707419673986
5800.0,1002.09,2025-11-14 20:06:12,0,2025-12-31,6734.10986328125,0.18253968253968253,2512,0.045,in,6747.865867571911,0.03382077706076264,0.24980558497733008,0.01139099282995968,-0.15136836957337452
5850.0,941.98,2025-11-14 19:15:10,0,2025-12-31,6734.10986328125,0.18253968253968253,2512,0.045,in,6747.865867571911,0.03382077706076264,0.20510326924484817,0.007678960906851331,-0.14278462588198307
6000.0,806.42,2025-11-14 19:40:54,0,2025-12-31,6734.10986328125,0.18253968253968253,2512,0.045,in,6747.865867571911,0.03382077706076264,0.21327796098274235,0.008303271736047554,-0.11746681789769318
6250.0,563.58,2025-11-14 16:17:49,0,2025-12-31,6734.10986328125,0.18253968253968253,2512,0.045,in,6747.865867571911,0.03382077706076264,0.16759957657882127,0.0051274699650492375,-0.07664482337743811
6350.0,488.68,2025-11-14 19:46:34,0,2025-12-31,6734.10986328125,0.18253968253968253,2512,0.045,in,6747.865867571911,0.03382077706076264,0.179432202501863,0.005877032156963493,-0.060771474221147904
6395.0,445.83,2025-11-14 16:31:53,0,2025-12-31,6734.10986328125,0.18253968253968253,2512,0.045,in,6747.865867571911,0.03382077706076264,0.16973077051607383,0.005258700734758275,-0.05370985209494224
6400.0,432.18,2025-11-14 18:51:34,0,2025-12-31,6734.10986328125,0.18253968253968253,2512,0.045,in,6747.865867571911,0.03382077706076264,0.15718274614637273,0.004509901276036874,-0.05292829676012205
6430.0,416.03,2025-11-14 16:31:53,0,2025-12-31,6734.10986328125,0.18253968253968253,2512,0.045,in,6747.865867571911,0.03382077706076264,0.16622447299847873,0.005043676466216711,-0.048251748876220246
6450.0,390.18,2025-11-14 18:51:34,0,2025-12-31,6734.10986328125,0.18253968253968253,2512,0.045,in,6747.865867571911,0.03382077706076264,0.15345838034729564,0.004298713598990086,-0.04514615631806713
6470.0,343.19,2025-11-14 15:15:23,0,2025-12-31,6734.10986328125,0.18253968253968253,2512,0.045,in,6747.865867571911,0.03382077706076264,0.11249459009583321,0.0023100456699926926,-0.04205017861293905
6475.0,379.54,2025-11-14 19:22:34,0,2025-12-31,6734.10986328125,0.18253968253968253,2512,0.045,in,6747.865867571911,0.03382077706076264,0.16295334253673688,0.0048471207334094225,-0.041277679540146765
6500.0,361.25,2025-11-14 19:46:34,0,2025-12-31,6734.10986328125,0.18253968253968253,2512,0.045,in,6747.865867571911,0.03382077706076264,0.16280283401695636,0.004838170980721514,-0.037424110224156745
6550.0,265.72,2025-11-14 12:48:40,0,2025-12-31,6734.10986328125,0.18253968253968253,2512,0.045,in,6747.865867571911,0.03382077706076264,0.09544161955673353,0.001662772723040333,-0.02976123747858765
6570.0,245.4,2025-11-14 14:36:05,0,2025-12-31,6734.10986328125,0.18253968253968253,2512,0.045,in,6747.865867571911,0.03382077706076264,0.08974147098788957,0.0014700891043382155,-0.026712454629229047
6600.0,267.5,2025-11-14 20:27:24,0,2025-12-31,6734.10986328125,0.18253968253968253,2512,0.045,in,6747.865867571911,0.03382077706076264,0.1376075873362569,0.0034565436994256193,-0.02215663809336837
6615.0,268.8,2025-11-14 17:56:13,0,2025-12-31,6734.10986328125,0.18253968253968253,2512,0.045,in,6747.865867571911,0.03382077706076264,0.14847079957207832,0.004023827789588585,-0.019886489558829247
6620.0,263.77,2025-11-14 17:53:05,0,2025-12-31,6734.10986328125,0.18253968253968253,2512,0.045,in,6747.865867571911,0.03382077706076264,0.1467208662009748,0.0039295340421553965,-0.01913091717683138
6625.0,260.02,2025-11-14 17:53:05,0,2025-12-31,6734.10986328125,0.18253968253968253,2512,0.045,in,6747.865867571911,0.03382077706076264,0.1461856092813355,0.003900915430968028,-0.018375915253462285
6630.0,258.7,2025-11-14 17:00:44,0,2025-12-31,6734.10986328125,0.18253968253968253,2512,0.045,in,6747.865867571911,0.03382077706076264,0.1479377277242563,0.003994985234420417,-0.017621482927977022
6635.0,201.4,2025-11-14 14:36:05,0,2025-12-31,6734.10986328125,0.18253968253968253,2512,0.045,in,6747.865867571911,0.03382077706076264,0.09499981621669243,0.0016474142608549423,-0.016867619341577413
6650.0,225.9,2025-11-14 20:47:37,0,2025-12-31,6734.10986328125,0.18253968253968253,2512,0.045,in,6747.865867571911,0.03382077706076264,0.12883530392121964,0.0030298914074514266,-0.01460943245798538
6655.0,210.2,2025-11-14 15:18:41,0,2025-12-31,6734.10986328125,0.18253968253968253,2512,0.045,in,6747.865867571911,0.03382077706076264,0.11694731004522398,0.002496535607275525,-0.01385783527867328
6660.0,232.68,2025-11-14 16:23:25,0,2025-12-31,6734.10986328125,0.18253968253968253,2512,0.045,in,6747.865867571911,0.03382077706076264,0.14097761355800079,0.003627919151299263,-0.013106802573450435
6665.0,221.67,2025-11-14 15:48:46,0,2025-12-31,6734.10986328125,0.18253968253968253,2512,0.045,in,6747.865867571911,0.03382077706076264,0.13360127476719472,0.0032582056686241865,-0.012356333495076182
6670.0,225.58,2025-11-14 16:23:25,0,2025-12-31,6734.10986328125,0.18253968253968253,2512,0.045,in,6747.865867571911,0.03382077706076264,0.14000662956530913,0.003578116630249737,-0.011606427198215905
6675.0,214.77,2025-11-14 15:48:46,0,2025-12-31,6734.10986328125,0.18253968253968253,2512,0.045,in,6747.865867571911,0.03382077706076264,0.13283264897609312,0.0032208237347788682,-0.010857082839434998
6680.0,205.05,2025-11-14 14:43:21,0,2025-12-31,6734.10986328125,0.18253968253968253,2512,0.045,in,6747.865867571911,0.03382077706076264,0.1266656026327638,0.0029286985910903815,-0.010108299577193836
6685.0,177.58,2025-11-14 14:43:38,0,2025-12-31,6734.10986328125,0.18253968253968253,2512,0.045,in,6747.865867571911,0.03382077706076264,0.10407048568647984,0.0019770263316940912,-0.009360076571841663
6690.0,181.1,2025-11-14 15:13:24,0,2025-12-31,6734.10986328125,0.18253968253968253,2512,0.045,in,6747.865867571911,0.03382077706076264,0.11019347647596285,0.0022165067613551374,-0.008612412985611164
6695.0,208.7,2025-11-14 19:28:41,0,2025-12-31,6734.10986328125,0.18253968253968253,2512,0.045,in,6747.865867571911,0.03382077706076264,0.1380486517854856,0.003478737269644252,-0.007865307982612386
6700.0,190.0,2025-11-14 20:59:02,0,2025-12-31,6734.10986328125,0.18253968253968253,2512,0.045,in,6747.865867571911,0.03382077706076264,0.12376692517471685,0.0027961888146483416,-0.007118760728827809
6710.0,199.7,2025-11-14 19:49:54,0,2025-12-31,6734.10986328125,0.18253968253968253,2512,0.045,in,6747.865867571911,0.03382077706076264,0.13765230489377075,0.0034587905712623436,-0.005627336142157811
6715.0,179.3,2025-11-14 07:24:27,0,2025-12-31,6734.10986328125,0.18253968253968253,2512,0.045,in,6747.865867571911,0.03382077706076264,0.12192086725684984,0.0027133972307240885,-0.004882457150547308
6720.0,191.72,2025-11-14 15:37:49,0,2025-12-31,6734.10986328125,0.18253968253968253,2512,0.045,in,6747.865867571911,0.03382077706076264,0.13552009363016512,0.0033524682768504804,-0.00413813259069
6725.0,186.7,2025-11-14 14:36:51,0,2025-12-31,6734.10986328125,0.18253968253968253,2512,0.045,in,6747.865867571911,0.03382077706076264,0.13351408421337638,0.003253954331085245,-0.0033943616378454525
6730.0,189.0,2025-11-14 16:26:53,0,2025-12-31,6734.10986328125,0.18253968253968253,2512,0.045,in,6747.865867571911,0.03382077706076264,0.1379788776434365,0.0034752216312863146,-0.0026511434691117892
6740.0,169.66,2025-11-14 20:39:54,0,2025-12-31,6734.10986328125,0.18253968253968253,2512,0.045,out,6747.865867571911,0.03382077706076264,0.1256662461301672,0.002882667655383321,-0.0011663622015324995
6745.0,169.9,2025-11-14 20:36:13,0,2025-12-31,6734.10986328125,0.18253968253968253,2512,0.045,out,6747.865867571911,0.03382077706076264,0.1282410740035036,0.0030020061937790312,-0.00042479746602904227
6750.0,158.0,2025-11-14 20:59:02,0,2025-12-31,6734.10986328125,0.18253968253968253,2512,0.045,out,6747.865867571911,0.03382077706076264,0.12010627731752613,0.0026332294490056607,0.0003162177586903504
6755.0,172.5,2025-11-14 16:58:44,0,2025-12-31,6734.10986328125,0.18253968253968253,2512,0.045,out,6747.865867571911,0.03382077706076264,0.135149383621516,0.0033341522662328647,0.0010566842864138829
6760.0,168.6,2025-11-14 20:00:56,0,2025-12-31,6734.10986328125,0.18253968253968253,2512,0.045,out,6747.865867571911,0.03382077706076264,0.1339974219738089,0.0032775564222176277,0.0017966029291244564
6765.0,156.0,2025-11-14 20:22:12,0,2025-12-31,6734.10986328125,0.18253968253968253,2512,0.045,out,6747.865867571911,0.03382077706076264,0.12521326680400824,0.0028619232557605574,0.0025359744970031256
6770.0,160.0,2025-11-14 19:20:55,0,2025-12-31,6734.10986328125,0.18253968253968253,2512,0.045,out,6747.865867571911,0.03382077706076264,0.13093604519028532,0.003129505574537032,0.003274799798435419
6775.0,150.4,2025-11-14 20:36:20,0,2025-12-31,6734.10986328125,0.18253968253968253,2512,0.045,out,6747.865867571911,0.03382077706076264,0.12474842611155249,0.0028407135380803,0.004013079640016421
6790.0,144.3,2025-11-14 15:09:47,0,2025-12-31,6734.10986328125,0.18253968253968253,2512,0.045,out,6747.865867571911,0.03382077706076264,0.12587956078590554,0.002892462444000057,0.0062246544448564525
6795.0,145.4,2025-11-14 19:28:53,0,2025-12-31,6734.10986328125,0.18253968253968253,2512,0.045,out,6747.865867571911,0.03382077706076264,0.12893863783125062,0.003034753678515107,0.006960760477358757
6800.0,129.2,2025-11-14 20:59:12,0,2025-12-31,6734.10986328125,0.18253968253968253,2512,0.045,out,6747.865867571911,0.03382077706076264,0.11690137659326016,0.0024945748613982733,0.007696325056312768
6805.0,140.9,2025-11-14 16:31:11,0,2025-12-31,6734.10986328125,0.18253968253968253,2512,0.045,out,6747.865867571911,0.03382077706076264,0.1291485045763268,0.0030446407411820198,0.008431348977681177
6810.0,129.75,2025-11-14 05:19:19,0,2025-12-31,6734.10986328125,0.18253968253968253,2512,0.045,out,6747.865867571911,0.03382077706076264,0.12146187696404726,0.002693005664916469,0.009165833035672812
6815.0,103.17,2025-11-14 14:37:36,0,2025-12-31,6734.10986328125,0.18253968253968253,2512,0.045,out,6747.865867571911,0.03382077706076264,0.10027622784578555,0.001835495262162997,0.009899778022747779
6825.0,131.3,2025-11-14 16:59:03,0,2025-12-31,6734.10986328125,0.18253968253968253,2512,0.045,out,6747.865867571911,0.03382077706076264,0.12877019719371116,0.0030268298790640234,0.011366053945275331
6840.0,122.5,2025-11-14 16:58:14,0,2025-12-31,6734.10986328125,0.18253968253968253,2512,0.045,out,6747.865867571911,0.03382077706076264,0.12684196316050286,0.002936859708122527,0.013561444508710866
6845.0,120.5,2025-11-14 16:58:50,0,2025-12-31,6734.10986328125,0.18253968253968253,2512,0.045,out,6747.865867571911,0.03382077706076264,0.1269688210489842,0.002942737102595923,0.014292171614664013
6850.0,115.03,2025-11-14 19:29:44,0,2025-12-31,6734.10986328125,0.18253968253968253,2512,0.045,out,6747.865867571911,0.03382077706076264,0.12402088638641505,0.002807675761759187,0.015022365148385754
6860.0,109.5,2025-11-14 19:28:44,0,2025-12-31,6734.10986328125,0.18253968253968253,2512,0.045,out,6747.865867571911,0.03382077706076264,0.12279674542609176,0.0027525233000518165,0.01648115461204575
6865.0,91.22,2025-11-14 14:35:59,0,2025-12-31,6734.10986328125,0.18253968253968253,2512,0.045,out,6747.865867571911,0.03382077706076264,0.10835463361422028,0.0021431485110353496,0.017209752094186074
6870.0,102.65,2025-11-14 20:16:46,0,2025-12-31,6734.10986328125,0.18253968253968253,2512,0.045,out,6747.865867571911,0.03382077706076264,0.1202914435459249,0.0026413549363360003,0.017937819108509705
6875.0,100.25,2025-11-14 19:19:58,0,2025-12-31,6734.10986328125,0.18253968253968253,2512,0.045,out,6747.865867571911,0.03382077706076264,0.11990577301161626,0.0026244450098000358,0.018665356426886753
6880.0,97.85,2025-11-14 20:16:46,0,2025-12-31,6734.10986328125,0.18253968253968253,2512,0.045,out,6747.865867571911,0.03382077706076264,0.11949338357263044,0.002606423654806532,0.019392364819504085
6890.0,86.0,2025-11-14 21:00:25,0,2025-12-31,6734.10986328125,0.18253968253968253,2512,0.045,out,6747.865867571911,0.03382077706076264,0.11221127914152383,0.0022984248954862744,0.020844797899819054
6895.0,87.0,2025-11-14 18:42:05,0,2025-12-31,6734.10986328125,0.18253968253968253,2512,0.045,out,6747.865867571911,0.03382077706076264,0.11477993551225742,0.0024048569262901057,0.021570224119517013
6900.0,83.5,2025-11-14 20:46:05,0,2025-12-31,6734.10986328125,0.18253968253968253,2512,0.045,out,6747.865867571911,0.03382077706076264,0.11323548706072006,0.0023405741046603613,0.02229512447746539
6905.0,74.9,2025-11-14 15:16:23,0,2025-12-31,6734.10986328125,0.18253968253968253,2512,0.045,out,6747.865867571911,0.03382077706076264,0.10694509596833991,0.0020877526324490554,0.023019499735507164
6910.0,88.9,2025-11-14 16:52:59,0,2025-12-31,6734.10986328125,0.18253968253968253,2512,0.045,out,6747.865867571911,0.03382077706076264,0.1214291053814868,0.0026915526633032472,0.02374335065383028
6915.0,80.4,2025-11-14 05:19:19,0,2025-12-31,6734.10986328125,0.18253968253968253,2512,0.045,out,6747.865867571911,0.03382077706076264,0.11521548089778279,0.002423142554648167,0.024466677990973313
6925.0,71.04,2025-11-14 20:57:03,0,2025-12-31,6734.10986328125,0.18253968253968253,2512,0.045,out,6747.865867571911,0.03382077706076264,0.10959819252152367,0.0021926235515210652,0.025911764947654035
6935.0,59.9,2025-11-14 14:49:51,0,2025-12-31,6734.10986328125,0.18253968253968253,2512,0.045,out,6747.865867571911,0.03382077706076264,0.10195595625385453,0.0018975031060291404,0.02735476664104681
6940.0,73.4,2025-11-14 19:28:48,0,2025-12-31,6734.10986328125,0.18253968253968253,2512,0.045,out,6747.865867571911,0.03382077706076264,0.11640045100386648,0.0024732420226966745,0.028075487392964844
6950.0,62.8,2025-11-14 20:15:29,0,2025-12-31,6734.10986328125,0.18253968253968253,2512,0.045,out,6747.865867571911,0.03382077706076264,0.1091654700914265,0.002175343625289596,0.029515372450952534
6955.0,64.24,2025-11-14 18:39:43,0,2025-12-31,6734.10986328125,0.18253968253968253,2512,0.045,out,6747.865867571911,0.03382077706076264,0.11202345819282179,0.0022907370576667817,0.030234538249658032
6970.0,55.71,2025-11-14 18:41:57,0,2025-12-31,6734.10986328125,0.18253968253968253,2512,0.045,out,6747.865867571911,0.03382077706076264,0.10780785543407423,0.002121573610680696,0.0323889376466844
6975.0,53.73,2025-11-14 20:56:50,0,2025-12-31,6734.10986328125,0.18253968253968253,2512,0.045,out,6747.865867571911,0.03382077706076264,0.1071748795949304,0.0020967338156533334,0.033106040581681026
6980.0,60.01,2025-11-14 19:53:08,0,2025-12-31,6734.10986328125,0.18253968253968253,2512,0.045,out,6747.865867571911,0.03382077706076264,0.11492662415200147,0.0024110076634637646,0.03382262964853284
6990.0,52.2,2025-11-14 18:41:50,0,2025-12-31,6734.10986328125,0.18253968253968253,2512,0.045,out,6747.865867571911,0.03382077706076264,0.10966539958058442,0.002195313467451529,0.03525426911997068
6995.0,53.18,2025-11-14 18:28:53,0,2025-12-31,6734.10986328125,0.18253968253968253,2512,0.045,out,6747.865867571911,0.03382077706076264,0.11202627104873421,0.002290852097753513,0.035969320991696314
7000.0,46.5,2025-11-14 21:06:21,0,2025-12-31,6734.10986328125,0.18253968253968253,2512,0.045,out,6747.865867571911,0.03382077706076264,0.10627680731580329,0.0020617418633692756,0.03668386192956515
7005.0,51.91,2025-11-14 17:32:35,0,2025-12-31,6734.10986328125,0.18253968253968253,2512,0.045,out,6747.865867571911,0.03382077706076264,0.11335095306980021,0.0023453498962074377,0.0373978926632222
7010.0,43.55,2025-11-14 20:56:50,0,2025-12-31,6734.10986328125,0.18253968253968253,2512,0.045,out,6747.865867571911,0.03382077706076264,0.10563656201251516,0.0020369755109361197,0.03811141392075042
7015.0,48.1,2025-11-14 19:28:31,0,2025-12-31,6734.10986328125,0.18253968253968253,2512,0.045,out,6747.865867571911,0.03382077706076264,0.11188380113011119,0.0022850289997810493,0.038824426428675986
7025.0,44.07,2025-11-14 20:14:34,0,2025-12-31,6734.10986328125,0.18253968253968253,2512,0.045,out,6747.865867571911,0.03382077706076264,0.11000092969618568,0.002208767494306184,0.04024892809406124
7030.0,38.7,2025-11-14 21:06:09,0,2025-12-31,6734.10986328125,0.18253968253968253,2512,0.045,out,6747.865867571911,0.03382077706076264,0.10514733693512818,0.002018151878449488,0.040960418696825346
7035.0,43.71,2025-11-14 20:04:12,0,2025-12-31,6734.10986328125,0.18253968253968253,2512,0.045,out,6747.865867571911,0.03382077706076264,0.11209320723111912,0.002293590503724192,0.041671403440604216
7040.0,39.27,2025-11-14 15:58:47,0,2025-12-31,6734.10986328125,0.18253968253968253,2512,0.045,out,6747.865867571911,0.03382077706076264,0.10823921548689147,0.0021385852277143466,0.0423818830442029
7045.0,38.87,2025-11-14 20:14:34,0,2025-12-31,6734.10986328125,0.18253968253968253,2512,0.045,out,6747.865867571911,0.03382077706076264,0.10897997725753654,0.0021679572634144694,0.04309185822489543
7050.0,33.8,2025-11-14 21:06:42,0,2025-12-31,6734.10986328125,0.18253968253968253,2512,0.045,out,6747.865867571911,0.03382077706076264,0.1041011313680773,0.001978190854750911,0.043801329698428995
7055.0,33.47,2025-11-14 20:54:19,0,2025-12-31,6734.10986328125,0.18253968253968253,2512,0.045,out,6747.865867571911,0.03382077706076264,0.10486075791227113,0.002007165925781956,0.044510298179029066
7060.0,36.09,2025-11-14 17:50:40,0,2025-12-31,6734.10986328125,0.18253968253968253,2512,0.045,out,6747.865867571911,0.03382077706076264,0.10923072683858627,0.0021779451489744015,0.045218764379402476
7070.0,34.77,2025-11-14 18:13:13,0,2025-12-31,6734.10986328125,0.18253968253968253,2512,0.045,out,6747.865867571911,0.03382077706076264,0.10994027563968457,0.002206332355379253,0.046634192782733216
7075.0,28.83,2025-11-14 20:54:19,0,2025-12-31,6734.10986328125,0.18253968253968253,2512,0.045,out,6747.865867571911,0.03382077706076264,0.1035001372254083,0.001955415899449222,0.04734115640355318
7080.0,32.37,2025-11-14 16:04:32,0,2025-12-31,6734.10986328125,0.18253968253968253,2512,0.045,out,6747.865867571911,0.03382077706076264,0.10920928779632454,0.002177090289226588,0.048047620579880275
7085.0,30.82,2025-11-14 17:50:40,0,2025-12-31,6734.10986328125,0.18253968253968253,2512,0.045,out,6747.865867571911,0.03382077706076264,0.10833421597387902,0.002142340905281956,0.04875358601689546
7090.0,30.36,2025-11-14 17:56:53,0,2025-12-31,6734.10986328125,0.18253968253968253,2512,0.045,out,6747.865867571911,0.03382077706076264,0.10884475951443862,0.002162580781717361,0.04945905341828786
7100.0,24.92,2025-11-14 21:07:29,0,2025-12-31,6734.10986328125,0.18253968253968253,2512,0.045,out,6747.865867571911,0.03382077706076264,0.10359631759643975,0.001959051836900599,0.050868496921521525
7110.0,23.0,2025-11-14 20:48:04,0,2025-12-31,6734.10986328125,0.18253968253968253,2512,0.045,out,6747.865867571911,0.03382077706076264,0.10292244793832235,0.001933648386199869,0.052275956689401354
7115.0,23.05,2025-11-14 20:31:49,0,2025-12-31,6734.10986328125,0.18253968253968253,2512,0.045,out,6747.865867571911,0.03382077706076264,0.10403529237522122,0.001975689423577369,0.05297894441606756
7120.0,21.77,2025-11-14 21:07:29,0,2025-12-31,6734.10986328125,0.18253968253968253,2512,0.045,out,6747.865867571911,0.03382077706076264,0.10314379998827092,0.001941974602765635,0.05368143829813609
7125.0,20.95,2025-11-14 20:51:08,0,2025-12-31,6734.10986328125,0.18253968253968253,2512,0.045,out,6747.865867571911,0.03382077706076264,0.1029022307045417,0.001932888801042275,0.054383439028965946
7130.0,24.37,2025-11-14 17:16:11,0,2025-12-31,6734.10986328125,0.18253968253968253,2512,0.045,out,6747.865867571911,0.03382077706076264,0.10909735551663145,0.002172629829814383,0.055084947300456315
7135.0,15.3,2025-11-14 14:32:41,0,2025-12-31,6734.10986328125,0.18253968253968253,2512,0.045,out,6747.865867571911,0.03382077706076264,0.09551654695472502,0.0016653845005519551,0.055785963803051515
5400.0,1427.45,2025-11-13 14:48:24,0,2025-12-31,6734.10986328125,0.1865079365079365,2512,0.045,in,6747.865867571911,0.03405863286798046,0.40852632654258036,0.031127010696363592,-0.22282733355551956
5450.0,1387.68,2025-11-13 14:38:16,0,2025-12-31,6734.10986328125,0.1865079365079365,2512,0.045,in,6747.865867571911,0.03405863286798046,0.4167125661250463,0.03238698432550195,-0.21361067845059548
5700.0,1085.48,2025-11-13 18:28:43,0,2025-12-31,6734.10986328125,0.1865079365079365,2512,0.045,in,6747.865867571911,0.03405863286798046,0.1964214979748749,0.007195738209264317,-0.16876011228524376
5840.0,1005.79,2025-11-13 15:01:20,0,2025-12-31,6734.10986328125,0.1865079365079365,2512,0.045,in,6747.865867571911,0.03405863286798046,0.3246050577002723,0.019652050967365334,-0.14449549028561245
5900.0,939.88,2025-11-13 14:48:24,0,2025-12-31,6734.10986328125,0.1865079365079365,2512,0.045,in,6747.865867571911,0.03405863286798046,0.298503511191708,0.016618667742490368,-0.13427393621407446
5970.0,833.98,2025-11-13 18:19:56,0,2025-12-31,6734.10986328125,0.1865079365079365,2512,0.045,in,6747.865867571911,0.03405863286798046,0.20980790497757607,0.008209959438812463,-0.12247935972123755
6100.0,748.55,2025-11-13 14:46:16,0,2025-12-31,6734.10986328125,0.1865079365079365,2512,0.045,in,6747.865867571911,0.03405863286798046,0.2579535550087383,0.01241024491054512,-0.10093751594648269
6135.0,699.03,2025-11-13 17:35:15,0,2025-12-31,6734.10986328125,0.1865079365079365,2512,0.045,in,6747.865867571911,0.03405863286798046,0.22683921494860335,0.009596957871466022,-0.09521620896287339
6225.0,618.64,2025-11-13 16:34:41,0,2025-12-31,6734.10986328125,0.1865079365079365,2512,0.045,in,6747.865867571911,0.03405863286798046,0.21693644300916048,0.008777328390305305,-0.08065284477497685
6300.0,520.52,2025-11-13 20:45:58,0,2025-12-31,6734.10986328125,0.1865079365079365,2512,0.045,in,6747.865867571911,0.03405863286798046,0.16341702268569838,0.0049807174415179714,-0.06867665372826115
6375.0,477.6,2025-11-13 17:18:05,0,2025-12-31,6734.10986328125,0.1865079365079365,2512,0.045,in,6747.865867571911,0.03405863286798046,0.18690864939452936,0.006515625520908309,-0.05684219608125842
6460.0,376.07,2025-11-13 20:28:34,0,2025-12-31,6734.10986328125,0.1865079365079365,2512,0.045,in,6747.865867571911,0.03405863286798046,0.1429710654787895,0.0038123575456928357,-0.04359696933123771
6485.0,381.77,2025-11-13 17:22:18,0,2025-12-31,6734.10986328125,0.1865079365079365,2512,0.045,in,6747.865867571911,0.03405863286798046,0.1706556566663657,0.005431736500614044,-0.03973446935734106
6525.0,272.66,2025-11-13 16:16:13,0,2025-12-31,6734.10986328125,0.1865079365079365,2512,0.045,in,6747.865867571911,0.03405863286798046,0.07069155934009828,0.0009320354698846347,-0.03358533391699114
6540.0,318.39,2025-11-13 19:46:46,0,2025-12-31,6734.10986328125,0.1865079365079365,2512,0.045,in,6747.865867571911,0.03405863286798046,0.14495991328420185,0.003919161482500302,-0.03128912165664093
6560.0,329.9,2025-11-13 16:00:49,0,2025-12-31,6734.10986328125,0.1865079365079365,2512,0.045,in,6747.865867571911,0.03405863286798046,0.1704716274449893,0.005420028019428301,-0.02823568416975058
6610.0,287.19,2025-11-13 15:52:51,0,2025-12-31,6734.10986328125,0.1865079365079365,2512,0.045,in,6747.865867571911,0.03405863286798046,0.16055980011734705,0.004808071914464106,-0.020642633262153254
6705.0,193.4,2025-11-13 20:25:50,0,2025-12-31,6734.10986328125,0.1865079365079365,2512,0.045,in,6747.865867571911,0.03405863286798046,0.1274516225667472,0.0030296192716672194,-0.006372770392106308
6780.0,167.1,2025-11-13 17:35:38,0,2025-12-31,6734.10986328125,0.1865079365079365,2512,0.045,out,6747.865867571911,0.03405863286798046,0.1394646270594123,0.003627650648565813,0.004750814826556055
6785.0,167.1,2025-11-13 16:03:11,0,2025-12-31,6734.10986328125,0.1865079365079365,2512,0.045,out,6747.865867571911,0.03405863286798046,0.1415870495185345,0.0037389045706115293,0.005488006161084347
6820.0,128.22,2025-11-13 19:49:10,0,2025-12-31,6734.10986328125,0.1865079365079365,2512,0.045,out,6747.865867571911,0.03405863286798046,0.12231400982568598,0.002790292456281692,0.010633184729622604
6855.0,115.0,2025-11-13 20:41:15,0,2025-12-31,6734.10986328125,0.1865079365079365,2512,0.045,out,6747.865867571911,0.03405863286798046,0.12404339291752,0.00286975347755969,0.015752025888529576
6930.0,58.97,2025-11-13 20:43:46,0,2025-12-31,6734.10986328125,0.1865079365079365,2512,0.045,out,6747.865867571911,0.03405863286798046,0.09815266156826187,0.0017968071973328821,0.026633526076063733
6945.0,64.0,2025-11-13 18:02:24,0,2025-12-31,6734.10986328125,0.1865079365079365,2512,0.045,out,6747.865867571911,0.03405863286798046,0.10734767875711079,0.0021492287076324335,0.02879568908055883
6960.0,70.5,2025-11-13 19:31:45,0,2025-12-31,6734.10986328125,0.1865079365079365,2512,0.045,out,6747.865867571911,0.03405863286798046,0.11792920623390624,0.002593821393250325,0.030953187220580106
7020.0,42.26,2025-11-13 20:53:40,0,2025-12-31,6734.10986328125,0.1865079365079365,2512,0.045,out,6747.865867571911,0.03405863286798046,0.10527377654900659,0.002066986894277135,0.0395369309119715
7065.0,37.01,2025-11-13 20:45:20,0,2025-12-31,6734.10986328125,0.1865079365079365,2512,0.045,out,6747.865867571911,0.03405863286798046,0.11003196404790658,0.002258057762997107,0.04592672901074256
7095.0,29.3,2025-11-13 15:50:09,0,2025-12-31,6734.10986328125,0.1865079365079365,2512,0.045,out,6747.865867571911,0.03405863286798046,0.10710642252161381,0.0021395790874316977,0.05016402348625774
7105.0,28.1,2025-11-13 20:03:35,0,2025-12-31,6734.10986328125,0.1865079365079365,2512,0.045,out,6747.865867571911,0.03405863286798046,0.10766013068762278,0.002161758237161797,0.05157247442331578
5175.0,1712.97,2025-10-31 15:07:17,0,2025-12-19,6734.10986328125,0.19047619047619047,2512,0.045,in,6747.865867571911,0.0342865780165642,0.5849468329429849,0.06517386616571966,-0.2653869479743154
5960.0,942.12,2025-10-31 14:39:17,0,2025-12-19,6734.10986328125,0.19047619047619047,2512,0.045,in,6747.865867571911,0.0342865780165642,0.3660831410081359,0.025527022120072893,-0.12415580604848982
6220.0,675.92,2025-10-31 18:07:06,0,2025-12-19,6734.10986328125,0.19047619047619047,2512,0.045,in,6747.865867571911,0.0342865780165642,0.28009947624085096,0.014943946017218861,-0.08145638037466012
6250.0,666.14,2025-10-31 13:41:38,0,2025-12-19,6734.10986328125,0.19047619047619047,2512,0.045,in,6747.865867571911,0.0342865780165642,0.2936389688327211,0.01642358933659881,-0.07664482337743811
6255.0,657.42,2025-10-31 14:28:27,0,2025-12-19,6734.10986328125,0.19047619047619047,2512,0.045,in,6747.865867571911,0.0342865780165642,0.28797467531709864,0.015796078785521597,-0.07584514320687374
6360.0,494.38,2025-10-24 13:30:07,0,2025-12-12,6734.10986328125,0.19047619047619047,2512,0.045,in,6747.865867571911,0.0342865780165642,0.19026730422188762,0.006895551820164634,-0.059197909773717465
6390.0,418.13,2025-11-07 20:48:27,0,2025-12-26,6734.10986328125,0.19047619047619047,2512,0.045,in,6747.865867571911,0.0342865780165642,0.11804293529380823,0.002654120871005371,-0.05449201873630473
6520.0,274.19,2025-11-07 16:00:04,0,2025-12-26,6734.10986328125,0.19047619047619047,2512,0.045,in,6747.865867571911,0.0342865780165642,0.06010644277138809,0.0006881494214533621,-0.03435191118718658
6600.0,289.97,2025-11-14 16:37:52,0,2026-01-02,6734.10986328125,0.19047619047619047,2601,0.045,in,6780.581873099609,0.008894254057014307,0.15476769521833827,0.004562483711085037,-0.026993271228520705
6575.0,312.41,2025-10-24 13:35:17,0,2025-12-12,6734.10986328125,0.19047619047619047,2512,0.045,in,6747.865867571911,0.0342865780165642,0.16060654209481282,0.004913230735933882,-0.025951709061919914
6580.0,372.69,2025-11-12 14:30:44,0,2025-12-31,6734.10986328125,0.19047619047619047,2512,0.045,in,6747.865867571911,0.0342865780165642,0.22001384493557316,0.009220207993016082,-0.025191541788522412
6670.0,219.99,2025-11-14 20:56:04,0,2026-01-02,6734.10986328125,0.19047619047619047,2601,0.045,in,6780.581873099609,0.008894254057014307,0.13071344362704437,0.0032544770180648586,-0.01644306033336827
6675.0,228.1,2025-11-14 16:47:54,0,2026-01-02,6734.10986328125,0.19047619047619047,2601,0.045,in,6780.581873099609,0.008894254057014307,0.1407250357100058,0.0037721020334442685,-0.01569371597458735
6645.0,217.55,2025-11-12 19:00:31,0,2025-12-31,6734.10986328125,0.19047619047619047,2512,0.045,in,6747.865867571911,0.0342865780165642,0.11385018234818155,0.0024689264801360357,-0.01536159496053953
6680.0,227.0,2025-11-14 12:40:16,0,2026-01-02,6734.10986328125,0.19047619047619047,2601,0.045,in,6780.581873099609,0.008894254057014307,0.1423853214623641,0.003861634241512526,-0.014944932712346171
6690.0,226.24,2025-11-14 16:41:07,0,2026-01-02,6734.10986328125,0.19047619047619047,2601,0.045,in,6780.581873099609,0.008894254057014307,0.14687924932105537,0.004109240739260332,-0.013449046120763471
6670.0,201.35,2025-11-07 19:46:03,0,2025-12-26,6734.10986328125,0.19047619047619047,2512,0.045,in,6747.865867571911,0.0342865780165642,0.11370534310567519,0.0024626485811008224,-0.011606427198215905
6710.0,207.17,2025-11-14 19:27:58,0,2026-01-02,6734.10986328125,0.19047619047619047,2601,0.045,in,6780.581873099609,0.008894254057014307,0.14011468031340943,0.003739452121776938,-0.010463969277310177
6720.0,194.8,2025-11-14 18:21:21,0,2026-01-02,6734.10986328125,0.19047619047619047,2601,0.045,in,6780.581873099609,0.008894254057014307,0.13418984696543454,0.003429888576877474,-0.008974765725842337
6730.0,193.18,2025-11-14 19:29:40,0,2026-01-02,6734.10986328125,0.19047619047619047,2601,0.045,in,6780.581873099609,0.008894254057014307,0.13756451438713094,0.0036045705940127913,-0.0074877766042640995
6750.0,180.99,2025-11-14 19:29:15,0,2026-01-02,6734.10986328125,0.19047619047619047,2601,0.045,out,6780.581873099609,0.008894254057014307,0.1362737547413224,0.0035372449964377307,-0.004520415376462128
6760.0,176.5,2025-11-14 16:58:44,0,2026-01-02,6734.10986328125,0.19047619047619047,2601,0.045,out,6780.581873099609,0.008894254057014307,0.13688601245856627,0.0035691010298679543,-0.003040030206027883
6770.0,166.67,2025-11-14 16:46:00,0,2026-01-02,6734.10986328125,0.19047619047619047,2601,0.045,out,6780.581873099609,0.008894254057014307,0.13284046953596423,0.003361255304101989,-0.0015618333367168932
6800.0,141.64,2025-11-14 20:18:38,0,2026-01-02,6734.10986328125,0.19047619047619047,2601,0.045,out,6780.581873099609,0.008894254057014307,0.12406545944115083,0.0029318549002559694,0.0028596919211605373
6820.0,140.58,2025-11-14 20:03:57,0,2026-01-02,6734.10986328125,0.19047619047619047,2601,0.045,out,6780.581873099609,0.008894254057014307,0.13111444632478708,0.003274475816201042,0.005796551594470207
6825.0,137.44,2025-11-14 17:28:30,0,2026-01-02,6734.10986328125,0.19047619047619047,2601,0.045,out,6780.581873099609,0.008894254057014307,0.1303695825061263,0.0032373767700612705,0.006529420810122949
6830.0,136.1,2025-11-14 14:12:30,0,2026-01-02,6734.10986328125,0.19047619047619047,2601,0.045,out,6780.581873099609,0.008894254057014307,0.13114086510083547,0.0032757955236943858,0.007261753321798037
6850.0,111.54,2025-11-14 20:59:57,0,2026-01-02,6734.10986328125,0.19047619047619047,2601,0.045,out,6780.581873099609,0.008894254057014307,0.11751826618842583,0.0026305795977016586,0.010185732013233438
6835.0,176.0,2025-11-12 18:39:53,0,2025-12-31,6734.10986328125,0.19047619047619047,2512,0.045,out,6747.865867571911,0.0342865780165642,0.16713917886870633,0.005321048592934363,0.012830183050164626
6875.0,109.56,2025-11-14 19:31:01,0,2026-01-02,6734.10986328125,0.19047619047619047,2601,0.045,out,6780.581873099609,0.008894254057014307,0.12464985892046707,0.0029595404435985412,0.013828723291734502
6900.0,98.18,2025-11-14 18:14:12,0,2026-01-02,6734.10986328125,0.19047619047619047,2601,0.045,out,6780.581873099609,0.008894254057014307,0.12310083762898048,0.002886441185706022,0.01745849134231321
6885.0,144.28,2025-11-12 18:38:41,0,2025-12-31,6734.10986328125,0.19047619047619047,2512,0.045,out,6747.865867571911,0.0342865780165642,0.15821808129912523,0.004768183095233638,0.02011884505486999
6925.0,80.9,2025-11-14 15:48:40,0,2026-01-02,6734.10986328125,0.19047619047619047,2601,0.045,out,6780.581873099609,0.008894254057014307,0.1155714205056268,0.002544143473845412,0.021075131812501702
6950.0,75.84,2025-11-14 19:45:40,0,2026-01-02,6734.10986328125,0.19047619047619047,2601,0.045,out,6780.581873099609,0.008894254057014307,0.11843954883175414,0.002671986043327519,0.024678739315800266
6975.0,60.2,2025-11-14 20:37:32,0,2026-01-02,6734.10986328125,0.19047619047619047,2601,0.045,out,6780.581873099609,0.008894254057014307,0.11064494037798576,0.0023318672059520046,0.028269407446528824
7000.0,53.5,2025-11-14 18:40:23,0,2026-01-02,6734.10986328125,0.19047619047619047,2601,0.045,out,6780.581873099609,0.008894254057014307,0.11064895240529986,0.002332036317788631,0.031847228794412805
7025.0,46.74,2025-11-14 18:39:47,0,2026-01-02,6734.10986328125,0.19047619047619047,2601,0.045,out,6780.581873099609,0.008894254057014307,0.10995383775239036,0.0023028278926626633,0.035412294958908956
7050.0,41.55,2025-11-14 18:11:15,0,2026-01-02,6734.10986328125,0.19047619047619047,2601,0.045,out,6780.581873099609,0.008894254057014307,0.11032380161192439,0.0023183507051632857,0.03896469656327677
7100.0,27.2,2025-11-14 21:05:08,0,2026-01-02,6734.10986328125,0.19047619047619047,2601,0.045,out,6780.581873099609,0.008894254057014307,0.10399792699624645,0.0020601083465745917,0.04603186378636922
5470.0,1381.75,2025-10-30 20:00:03,0,2025-12-19,6734.10986328125,0.19444444444444445,2512,0.045,in,6747.865867571911,0.03450521928153227,0.42631691295706226,0.035339521442018774,-0.20994767069185832
5800.0,1003.61,2025-11-13 18:19:56,0,2026-01-02,6734.10986328125,0.19444444444444445,2601,0.045,in,6780.581873099609,0.009631106015034425,0.2383496996653907,0.011046501536502046,-0.15620500270852694
5920.0,942.15,2025-11-11 14:21:57,0,2025-12-31,6734.10986328125,0.19444444444444445,2512,0.045,in,6747.865867571911,0.03450521928153227,0.3187099859427911,0.019750899610488298,-0.1308898382298339
6110.0,771.33,2025-10-30 19:53:43,0,2025-12-19,6734.10986328125,0.19444444444444445,2512,0.045,in,6747.865867571911,0.03450521928153227,0.29106633778862795,0.016473258082105157,-0.09929951394224423
6125.0,774.54,2025-11-11 19:52:51,0,2025-12-31,6734.10986328125,0.19444444444444445,2512,0.045,in,6747.865867571911,0.03450521928153227,0.3088869221451056,0.0185521642973871,-0.09684753069495754
6150.0,646.67,2025-11-06 16:30:33,0,2025-12-26,6734.10986328125,0.19444444444444445,2512,0.045,in,6747.865867571911,0.03450521928153227,0.14012387628508466,0.003817858470447333,-0.09277420530732167
6250.0,597.47,2025-11-13 16:32:13,0,2026-01-02,6734.10986328125,0.19444444444444445,2601,0.045,in,6780.581873099609,0.009631106015034425,0.20853611971804206,0.00845586646081675,-0.0814814565125904
6230.0,691.0,2025-10-30 12:54:44,0,2025-12-19,6734.10986328125,0.19444444444444445,2512,0.045,in,6747.865867571911,0.03450521928153227,0.3012842025471576,0.017650144303648245,-0.07984995432638647
6260.0,645.9,2025-11-11 18:58:31,0,2025-12-31,6734.10986328125,0.19444444444444445,2512,0.045,in,6747.865867571911,0.03450521928153227,0.27543707036554277,0.01475164050335752,-0.07504610201374101
6270.0,636.65,2025-11-11 18:58:31,0,2025-12-31,6734.10986328125,0.19444444444444445,2512,0.045,in,6747.865867571911,0.03450521928153227,0.27320417649128903,0.01451343484349955,-0.0734499324809189
6410.0,492.87,2025-11-11 17:30:54,0,2025-12-31,6734.10986328125,0.19444444444444445,2512,0.045,in,6747.865867571911,0.03450521928153227,0.22591969163486295,0.009924387485520582,-0.05136701619316948
6450.0,376.14,2025-11-06 18:23:49,0,2025-12-26,6734.10986328125,0.19444444444444445,2512,0.045,in,6747.865867571911,0.03450521928153227,0.12788257724462115,0.0031799354149745964,-0.04514615631806713
6590.0,343.77,2025-11-11 02:02:32,0,2025-12-31,6734.10986328125,0.19444444444444445,2512,0.045,in,6747.865867571911,0.03450521928153227,0.1963566650562673,0.007496988316225945,-0.02367293861133233
6660.0,256.16,2025-11-13 15:57:57,0,2026-01-02,6734.10986328125,0.19444444444444445,2601,0.045,in,6780.581873099609,0.009631106015034425,0.15564732528087527,0.004710628585267615,-0.017943435708602826
6740.0,179.1,2025-11-13 19:14:09,0,2026-01-02,6734.10986328125,0.19444444444444445,2601,0.045,out,6780.581873099609,0.009631106015034425,0.12817047603775977,0.0031942693470617127,-0.006002995336684893
6780.0,158.77,2025-11-13 19:09:33,0,2026-01-02,6734.10986328125,0.19444444444444445,2601,0.045,out,6780.581873099609,0.009631106015034425,0.128528434349724,0.003212136362631644,-8.581830859634043e-05
6790.0,171.1,2025-11-13 16:03:06,0,2026-01-02,6734.10986328125,0.19444444444444445,2601,0.045,out,6780.581873099609,0.009631106015034425,0.14310842311087218,0.003982226259915637,0.001388021309704194
6810.0,142.0,2025-11-13 18:40:55,0,2026-01-02,6734.10986328125,0.19444444444444445,2601,0.045,out,6780.581873099609,0.009631106015034425,0.12659583305885294,0.003116264850973743,0.004329199900520386
6830.0,175.55,2025-11-11 20:45:05,0,2025-12-31,6734.10986328125,0.19444444444444445,2512,0.045,out,6747.865867571911,0.03450521928153227,0.16268191848587743,0.0051460512837699915,0.012098386456950407
6985.0,42.0,2025-11-11 20:00:46,0,2025-12-31,6734.10986328125,0.19444444444444445,2512,0.045,out,6747.865867571911,0.03450521928153227,0.09354982799468516,0.0017016942284679515,0.0345387055831769
5780.0,1049.63,2025-11-10 13:21:59,0,2025-12-31,6734.10986328125,0.1984126984126984,2512,0.045,in,6747.865867571911,0.03471511489590163,0.2973511845953735,0.017543199797672993,-0.1548226044414621
5810.0,1098.57,2025-10-29 19:37:56,0,2025-12-19,6734.10986328125,0.1984126984126984,2512,0.045,in,6747.865867571911,0.03471511489590163,0.40954345446745494,0.033278936725622286,-0.14964571626192838
5975.0,896.72,2025-11-05 18:51:41,0,2025-12-26,6734.10986328125,0.1984126984126984,2512,0.045,in,6747.865867571911,0.03471511489590163,0.31258141766004166,0.01938633783062726,-0.12164218930817387
6050.0,794.78,2025-11-10 17:28:45,0,2025-12-31,6734.10986328125,0.1984126984126984,2512,0.045,in,6747.865867571911,0.03471511489590163,0.25390015433272095,0.012790731819480063,-0.10916801508299813
6150.0,721.17,2025-11-10 18:18:37,0,2025-12-31,6734.10986328125,0.1984126984126984,2512,0.045,in,6747.865867571911,0.03471511489590163,0.26305978252116996,0.013730247853191515,-0.09277420530732167
6215.0,675.75,2025-11-10 20:06:57,0,2025-12-31,6734.10986328125,0.1984126984126984,2512,0.045,in,6747.865867571911,0.03471511489590163,0.2681050933814213,0.014261972439892983,-0.08226056216307379
6240.0,644.7,2025-11-10 19:36:53,0,2025-12-31,6734.10986328125,0.1984126984126984,2512,0.045,in,6747.865867571911,0.03471511489590163,0.25382295913733777,0.012782955274848143,-0.07824610474441189
6275.0,613.2,2025-11-10 19:32:22,0,2025-12-31,6734.10986328125,0.1984126984126984,2512,0.045,in,6747.865867571911,0.03471511489590163,0.24763327057675427,0.012167110455662697,-0.07265280210790061
6305.0,596.68,2025-11-10 20:13:42,0,2025-12-31,6734.10986328125,0.1984126984126984,2512,0.045,in,6747.865867571911,0.03471511489590163,0.2536043894736243,0.01276094967466066,-0.06788331770886535
6335.0,568.99,2025-11-10 20:15:35,0,2025-12-31,6734.10986328125,0.1984126984126984,2512,0.045,in,6747.865867571911,0.03471511489590163,0.24698783404689928,0.012103767890313226,-0.06313647335264579
6380.0,508.97,2025-11-10 18:27:08,0,2025-12-31,6734.10986328125,0.1984126984126984,2512,0.045,in,6747.865867571911,0.03471511489590163,0.21743640949358234,0.009380673050289846,-0.056058189769049714
6510.0,476.04,2025-10-29 16:41:33,0,2025-12-19,6734.10986328125,0.1984126984126984,2512,0.045,in,6747.865867571911,0.03471511489590163,0.26922158910096694,0.014381004769454342,-0.035886830905270346
6510.0,404.82,2025-11-05 20:22:15,0,2025-12-26,6734.10986328125,0.1984126984126984,2512,0.045,in,6747.865867571911,0.03471511489590163,0.2029811771674108,0.008174872675449961,-0.035886830905270346
6555.0,271.2,2025-11-10 19:16:44,0,2025-12-31,6734.10986328125,0.1984126984126984,2512,0.045,in,6747.865867571911,0.03471511489590163,0.09853725325388642,0.0019265060077024898,-0.028998169910085005
6650.0,307.63,2025-11-12 16:44:26,0,2026-01-02,6734.10986328125,0.1984126984126984,2601,0.045,in,6780.581873099609,0.010338483894733734,0.19342589028802618,0.007423328379705464,-0.019446065593137798
6700.0,279.33,2025-11-12 15:06:18,0,2026-01-02,6734.10986328125,0.1984126984126984,2601,0.045,in,6780.581873099609,0.010338483894733734,0.19315548336002406,0.007402587450802486,-0.011955393863980202
6920.0,58.5,2025-11-10 19:26:34,0,2025-12-31,6734.10986328125,0.1984126984126984,2512,0.045,out,6747.865867571911,0.03471511489590163,0.09079948595791083,0.0016358227480596915,0.025189482503830008
6965.0,94.4,2025-11-10 19:55:13,0,2025-12-31,6734.10986328125,0.1984126984126984,2512,0.045,out,6747.865867571911,0.03471511489590163,0.1364771737013532,0.0036956386788708994,0.03167132010602088
5400.0,1509.91,2025-10-28 16:23:18,0,2025-12-19,6734.10986328125,0.20238095238095238,2512,0.045,in,6747.865867571911,0.034916779309707484,0.5297191967739854,0.05678858650386782,-0.22282733355551956
6290.0,522.68,2025-10-21 14:27:24,0,2025-12-12,6734.10986328125,0.20238095238095238,2512,0.045,in,6747.865867571911,0.034916779309707484,0.13988798685948836,0.003960321794633412,-0.07026521641339906
6375.0,489.25,2025-11-04 20:31:13,0,2025-12-26,6734.10986328125,0.20238095238095238,2512,0.045,in,6747.865867571911,0.034916779309707484,0.1888299921724973,0.007216250250544186,-0.05684219608125842
5250.0,1639.77,2025-10-27 18:11:02,0,2025-12-19,6734.10986328125,0.20634920634920634,2512,0.045,in,6747.865867571911,0.035110687399905416,0.5373508925535677,0.05958250416611915,-0.25099821052221577
5680.0,1220.59,2025-10-27 19:27:38,0,2025-12-19,6734.10986328125,0.20634920634920634,2512,0.045,in,6747.865867571911,0.035110687399905416,0.4268589351493234,0.037598589789183894,-0.17227505439268825
5750.0,1121.31,2025-11-03 15:26:50,0,2025-12-26,6734.10986328125,0.20634920634920634,2512,0.045,in,6747.865867571911,0.035110687399905416,0.36516284158447815,0.0275154081168676,-0.1600264323164892
5920.0,982.75,2025-10-27 16:46:00,0,2025-12-19,6734.10986328125,0.20634920634920634,2512,0.045,in,6747.865867571911,0.035110687399905416,0.3600583396949512,0.02675152545699212,-0.1308898382298339
6370.0,573.74,2025-10-27 19:54:39,0,2025-12-19,6734.10986328125,0.20634920634920634,2512,0.045,in,6747.865867571911,0.035110687399905416,0.2697716969950377,0.015017428420548758,-0.0576268175416762
6465.0,488.04,2025-10-27 19:54:39,0,2025-12-19,6734.10986328125,0.20634920634920634,2512,0.045,in,6747.865867571911,0.035110687399905416,0.24787475724014488,0.012678486326971265,-0.042823274901927354
6325.0,503.53,2025-11-07 06:50:10,0,2025-12-31,6734.10986328125,0.21031746031746032,2512,0.045,in,6747.865867571911,0.03529727820368078,0.15138128893631292,0.004819696888575521,-0.0647162525121643
6480.0,333.02,2025-11-07 15:20:19,0,2025-12-31,6734.10986328125,0.21031746031746032,2512,0.045,in,6747.865867571911,0.03529727820368078,0.0922449506956996,0.0017896188064649154,-0.04050577676156485
6490.0,308.05,2025-11-07 17:32:12,0,2025-12-31,6734.10986328125,0.21031746031746032,2512,0.045,in,6747.865867571911,0.03529727820368078,0.05774566750094243,0.0007013166353248338,-0.038963756409749604
6495.0,302.37,2025-11-07 16:45:00,0,2025-12-31,6734.10986328125,0.21031746031746032,2512,0.045,in,6747.865867571911,0.03529727820368078,0.05394456841539928,0.0006120272716696658,-0.038193637003185336
6605.0,251.31,2025-11-07 11:16:04,0,2025-12-31,6734.10986328125,0.21031746031746032,2512,0.045,in,6747.865867571911,0.03529727820368078,0.1108105569221198,0.0025824837890701933,-0.02139934915145956
6640.0,211.1,2025-11-07 19:05:18,0,2025-12-31,6734.10986328125,0.21031746031746032,2512,0.045,in,6747.865867571911,0.03529727820368078,0.09558728516436385,0.001921655720277583,-0.01611432363740573
6735.0,154.4,2025-11-07 19:12:43,0,2025-12-31,6734.10986328125,0.21031746031746032,2512,0.045,out,6747.865867571911,0.03529727820368078,0.0983113979153856,0.002032745797159111,-0.0019084772634208882
5550.0,1244.15,2025-11-06 15:12:14,0,2025-12-31,6734.10986328125,0.21428571428571427,2512,0.045,in,6747.865867571911,0.03547695823694595,0.2286382502798611,0.011201882033793513,-0.1954283593674051
6280.0,550.75,2025-11-06 20:20:36,0,2025-12-31,6734.10986328125,0.21428571428571427,2512,0.045,in,6747.865867571911,0.03547695823694595,0.16249439588643544,0.005658091863106629,-0.07185630664564086
6290.0,541.7,2025-11-06 20:20:36,0,2025-12-31,6734.10986328125,0.21428571428571427,2512,0.045,in,6747.865867571911,0.03547695823694595,0.16149337060944297,0.0055885947323140485,-0.07026521641339906
5100.0,1768.78,2025-10-31 16:07:45,0,2025-12-26,6734.10986328125,0.21825396825396826,2512,0.045,in,6747.865867571911,0.03565010445081966,0.5259359115345081,0.06037092090194393,-0.2799857473954681
5150.0,1667.78,2025-10-24 14:59:31,0,2025-12-19,6734.10986328125,0.21825396825396826,2512,0.045,in,6747.865867571911,0.03565010445081966,0.4012135967872889,0.035132854220573925,-0.27022957245010343
6040.0,783.21,2025-11-05 03:37:16,0,2025-12-31,6734.10986328125,0.21825396825396826,2512,0.045,in,6747.865867571911,0.03565010445081966,0.2024137827815449,0.008942157421811089,-0.11082227517902458
6050.0,800.35,2025-10-24 19:57:20,0,2025-12-19,6734.10986328125,0.21825396825396826,2512,0.045,in,6747.865867571911,0.03565010445081966,0.24367069962255172,0.012958918817459962,-0.10916801508299813
6175.0,690.58,2025-11-05 21:05:47,0,2025-12-31,6734.10986328125,0.21825396825396826,2512,0.045,in,6747.865867571911,0.03565010445081966,0.2321083876733135,0.011758280553796767,-0.08871740461170735
6390.0,488.0,2025-10-24 13:37:35,0,2025-12-19,6734.10986328125,0.21825396825396826,2512,0.045,in,6747.865867571911,0.03565010445081966,0.18885717057962365,0.007784471025253009,-0.05449201873630473
6540.0,365.06,2025-10-24 16:16:16,0,2025-12-19,6734.10986328125,0.21825396825396826,2512,0.045,in,6747.865867571911,0.03565010445081966,0.17185546160060283,0.0064459781051888695,-0.03128912165664093
6585.0,314.43,2025-11-05 12:29:15,0,2025-12-31,6734.10986328125,0.21825396825396826,2512,0.045,in,6747.865867571911,0.03565010445081966,0.15290494030282806,0.00510276048530011,-0.024431951930503848
5680.0,1168.95,2025-11-04 15:00:41,0,2025-12-31,6734.10986328125,0.2222222222222222,2512,0.045,in,6747.865867571911,0.035817066871340744,0.3300170740865617,0.02420250426414559,-0.17227505439268825
6025.0,814.64,2025-11-04 20:15:22,0,2025-12-31,6734.10986328125,0.2222222222222222,2512,0.045,in,6747.865867571911,0.035817066871340744,0.23026258436675362,0.011782412835390294,-0.11330880774902957
6325.0,505.46,2025-10-23 19:37:45,0,2025-12-19,6734.10986328125,0.2222222222222222,2512,0.045,in,6747.865867571911,0.035817066871340744,0.14598920078250627,0.0047361881655810945,-0.0647162525121643
5660.0,1229.2,2025-11-03 20:37:38,0,2025-12-31,6734.10986328125,0.2261904761904762,2512,0.045,in,6747.865867571911,0.035978170961317224,0.39224835991282064,0.03480138977656733,-0.1758023949106567
5725.0,1162.46,2025-11-03 16:16:51,0,2025-12-31,6734.10986328125,0.2261904761904762,2512,0.045,in,6747.865867571911,0.035978170961317224,0.3722128492318253,0.031336972589669006,-0.16438373768544484
5875.0,1024.25,2025-11-03 20:47:59,0,2025-12-31,6734.10986328125,0.2261904761904762,2512,0.045,in,6747.865867571911,0.035978170961317224,0.3469634907093324,0.027229638259748747,-0.1385202270955255
5885.0,1023.18,2025-11-03 18:47:33,0,2025-12-31,6734.10986328125,0.2261904761904762,2512,0.045,in,6747.865867571911,0.035978170961317224,0.35525320742721544,0.028546333170942368,-0.1368195464135082
6240.0,570.37,2025-10-22 14:24:03,0,2025-12-19,6734.10986328125,0.2261904761904762,2512,0.045,in,6747.865867571911,0.035978170961317224,0.1263410283425768,0.003610464921554001,-0.07824610474441189
6395.0,416.11,2025-10-22 16:19:56,0,2025-12-19,6734.10986328125,0.2261904761904762,2512,0.045,in,6747.865867571911,0.035978170961317224,0.09634306825305479,0.0020994970143790796,-0.05370985209494224
6415.0,393.2,2025-10-01 18:20:33,0,2025-11-28,6734.10986328125,0.2261904761904762,2511,0.045,in,6744.103250580426,0.038444042034308554,0.08615214638857584,0.0016788292169025406,-0.050029532505924276
6315.0,518.1,2025-10-21 16:00:00,0,2025-12-19,6734.10986328125,0.23015873015873015,2512,0.045,in,6747.865867571911,0.03613371973784624,0.14678355021504977,0.0049588643476054526,-0.06629853132329375
6445.0,401.48,2025-10-21 17:34:54,0,2025-12-19,6734.10986328125,0.23015873015873015,2512,0.045,in,6747.865867571911,0.03613371973784624,0.1329905791580617,0.004070701033326219,-0.04592165073459746
6075.0,841.04,2025-10-27 18:00:04,0,2025-12-26,6734.10986328125,0.23412698412698413,2512,0.045,in,6747.865867571911,0.036283995674492905,0.304288867680584,0.021678218986768198,-0.10504429789913602
5200.0,1694.77,2025-10-31 15:07:17,0,2025-12-31,6734.10986328125,0.23809523809523808,2512,0.045,in,6747.865867571911,0.03642926241325136,0.512539097721015,0.06254674445063622,-0.2605676615383666
6015.0,866.31,2025-10-31 17:06:15,0,2025-12-31,6734.10986328125,0.23809523809523808,2512,0.045,in,6747.865867571911,0.03642926241325136,0.2764881866723257,0.018201361278416865,-0.11496993769910602
5250.0,1637.42,2025-10-30 15:55:29,0,2025-12-31,6734.10986328125,0.24206349206349206,2512,0.045,in,6747.865867571911,0.03656976630811609,0.48174073369462983,0.05617667541483753,-0.25099821052221577
5940.0,968.87,2025-10-30 17:21:29,0,2025-12-31,6734.10986328125,0.24206349206349206,2512,0.045,in,6747.865867571911,0.03656976630811609,0.3256688768321805,0.025673306577639565,-0.12751715375119466
6115.0,814.0,2025-10-30 14:04:56,0,2025-12-31,6734.10986328125,0.24206349206349206,2512,0.045,in,6747.865867571911,0.03656976630811609,0.30035161956341494,0.02183681276919185,-0.09848151798661248
6285.0,646.85,2025-10-30 17:10:40,0,2025-12-31,6734.10986328125,0.24206349206349206,2512,0.045,in,6747.865867571911,0.03656976630811609,0.25587921456711143,0.015848906822604734,-0.07106044508353751
6340.0,610.0,2025-10-30 12:33:33,0,2025-12-31,6734.10986328125,0.24206349206349206,2512,0.045,in,6747.865867571911,0.03656976630811609,0.25723454900083265,0.01601724763960067,-0.06234751867661369
5175.0,1773.36,2025-10-29 14:02:31,0,2025-12-31,6734.10986328125,0.24603174603174602,2512,0.045,in,6747.865867571911,0.03670573781927551,0.58646931409602,0.08462169799733285,-0.2653869479743154
5600.0,1220.22,2025-11-14 17:29:57,0,2026-01-16,6734.10986328125,0.24603174603174602,2601,0.045,in,6780.581873099609,0.01704716443123688,0.2656797446694455,0.017366329591716464,-0.191296322519797
5975.0,835.48,2025-11-14 18:46:40,0,2026-01-16,6734.10986328125,0.24603174603174602,2601,0.045,in,6780.581873099609,0.01704716443123688,0.16053098177085937,0.006340286344109488,-0.12647882244332626
6000.0,808.9,2025-11-14 20:49:49,0,2026-01-16,6734.10986328125,0.24603174603174602,2601,0.045,in,6780.581873099609,0.01704716443123688,0.1504562873221234,0.005569443859027602,-0.12230345103284561
6070.0,769.35,2025-11-14 16:44:15,0,2026-01-16,6734.10986328125,0.24603174603174602,2601,0.045,in,6780.581873099609,0.01704716443123688,0.19986091465983527,0.009827586837052735,-0.11070431518949365
6080.0,761.24,2025-11-14 16:50:02,0,2026-01-16,6734.10986328125,0.24603174603174602,2601,0.045,in,6780.581873099609,0.01704716443123688,0.20053227509965765,0.009893722175047524,-0.10905822428282493
6175.0,679.43,2025-11-14 19:47:38,0,2026-01-16,6734.10986328125,0.24603174603174602,2601,0.045,in,6780.581873099609,0.01704716443123688,0.1972544632885164,0.009572928745273497,-0.09355403774685962
6225.0,634.53,2025-11-14 19:47:38,0,2026-01-16,6734.10986328125,0.24603174603174602,2601,0.045,in,6780.581873099609,0.01704716443123688,0.19188206628975113,0.009058575779939347,-0.0854894779101292
6210.0,760.88,2025-10-29 15:14:04,0,2025-12-31,6734.10986328125,0.24603174603174602,2512,0.045,in,6747.865867571911,0.03670573781927551,0.31148735293477947,0.02387107541418882,-0.08306539118036087
6300.0,507.59,2025-11-14 12:29:01,0,2026-01-16,6734.10986328125,0.24603174603174602,2601,0.045,in,6780.581873099609,0.01704716443123688,0.08751792734640924,0.0018844525064869234,-0.07351328686341352
6370.0,504.65,2025-11-14 19:45:40,0,2026-01-16,6734.10986328125,0.24603174603174602,2601,0.045,in,6780.581873099609,0.01704716443123688,0.17348749148951614,0.007405041276214865,-0.062463450676828604
6400.0,430.67,2025-11-14 15:05:19,0,2026-01-16,6734.10986328125,0.24603174603174602,2601,0.045,in,6780.581873099609,0.01704716443123688,0.11477837772481048,0.003241240918946963,-0.05776492989527437
6420.0,459.83,2025-11-14 16:44:15,0,2026-01-16,6734.10986328125,0.24603174603174602,2601,0.045,in,6780.581873099609,0.01704716443123688,0.16602685200885042,0.0067818443113256376,-0.054644802559030786
6440.0,444.29,2025-11-14 16:50:02,0,2026-01-16,6734.10986328125,0.24603174603174602,2601,0.045,in,6780.581873099609,0.01704716443123688,0.16521762083623756,0.0067158946768126155,-0.05153438014463828
6450.0,385.51,2025-11-14 12:29:01,0,2026-01-16,6734.10986328125,0.24603174603174602,2601,0.045,in,6780.581873099609,0.01704716443123688,0.11024474618481325,0.002990246237317228,-0.04998278945321943
6460.0,427.28,2025-11-14 16:42:57,0,2026-01-16,6734.10986328125,0.24603174603174602,2601,0.045,in,6780.581873099609,0.01704716443123688,0.1628191141544979,0.006522317317108873,-0.04843360246639009
6500.0,337.87,2025-11-14 14:30:04,0,2026-01-16,6734.10986328125,0.24603174603174602,2601,0.045,in,6780.581873099609,0.01704716443123688,0.10184518244595275,0.0025519498159597737,-0.04226074335930913
6520.0,382.15,2025-11-14 16:51:46,0,2026-01-16,6734.10986328125,0.24603174603174602,2601,0.045,in,6780.581873099609,0.01704716443123688,0.1601583216128403,0.006310883551088108,-0.039188544322339015
6510.0,489.55,2025-10-29 20:01:29,0,2025-12-31,6734.10986328125,0.24603174603174602,2512,0.045,in,6747.865867571911,0.03670573781927551,0.24584273893647787,0.014869827150170361,-0.035886830905270346
6600.0,305.01,2025-11-14 20:45:29,0,2026-01-16,6734.10986328125,0.24603174603174602,2601,0.045,in,6780.581873099609,0.01704716443123688,0.13979436694337924,0.004808066792873849,-0.026993271228520705
6615.0,296.1,2025-11-14 16:00:36,0,2026-01-16,6734.10986328125,0.24603174603174602,2601,0.045,in,6780.581873099609,0.01704716443123688,0.1404639321582976,0.004854234947289649,-0.024723122693981536
6620.0,298.57,2025-11-14 20:15:11,0,2026-01-16,6734.10986328125,0.24603174603174602,2601,0.045,in,6780.581873099609,0.01704716443123688,0.14513297811037792,0.005182309693577861,-0.02396755031198377
6630.0,300.4,2025-11-14 17:09:56,0,2026-01-16,6734.10986328125,0.24603174603174602,2601,0.045,in,6780.581873099609,0.01704716443123688,0.1517218365931605,0.005663531640279782,-0.022458116063129384
6650.0,272.64,2025-11-14 15:34:09,0,2026-01-16,6734.10986328125,0.24603174603174602,2601,0.045,in,6780.581873099609,0.01704716443123688,0.13924200078869098,0.004770145859466447,-0.019446065593137798
6655.0,275.8,2025-11-14 17:49:59,0,2026-01-16,6734.10986328125,0.24603174603174602,2601,0.045,in,6780.581873099609,0.01704716443123688,0.14422349763772588,0.005117562979338355,-0.01869446841382557
6670.0,231.2,2025-11-14 15:05:49,0,2026-01-16,6734.10986328125,0.24603174603174602,2601,0.045,in,6780.581873099609,0.01704716443123688,0.11577024635823364,0.003297501969819281,-0.01644306033336827
6680.0,235.6,2025-11-14 15:35:18,0,2026-01-16,6734.10986328125,0.24603174603174602,2601,0.045,in,6780.581873099609,0.01704716443123688,0.12421370493277631,0.003796034756245487,-0.014944932712346171
6700.0,226.4,2025-11-14 20:37:20,0,2026-01-16,6734.10986328125,0.24603174603174602,2601,0.045,in,6780.581873099609,0.01704716443123688,0.12631544600585026,0.003925582134042563,-0.011955393863980202
6705.0,230.0,2025-11-14 15:36:48,0,2026-01-16,6734.10986328125,0.24603174603174602,2601,0.045,in,6780.581873099609,0.01704716443123688,0.1313815505522995,0.004246781480883486,-0.011209403527258686
6710.0,237.6,2025-11-14 16:17:51,0,2026-01-16,6734.10986328125,0.24603174603174602,2601,0.045,in,6780.581873099609,0.01704716443123688,0.13948461722928462,0.004786783426600011,-0.010463969277310177
6715.0,233.7,2025-11-14 19:28:28,0,2026-01-16,6734.10986328125,0.24603174603174602,2601,0.045,in,6780.581873099609,0.01704716443123688,0.138643425111164,0.004729222056533359,-0.00971909028569966
6720.0,213.0,2025-11-14 15:43:24,0,2026-01-16,6734.10986328125,0.24603174603174602,2601,0.045,in,6780.581873099609,0.01704716443123688,0.12482990867134351,0.0038337911830617047,-0.008974765725842337
6725.0,201.5,2025-11-14 15:18:49,0,2026-01-16,6734.10986328125,0.24603174603174602,2601,0.045,in,6780.581873099609,0.01704716443123688,0.11812948607330817,0.00343326857046239,-0.008230994772997777
6730.0,212.93,2025-11-14 20:39:41,0,2026-01-16,6734.10986328125,0.24603174603174602,2601,0.045,in,6780.581873099609,0.01704716443123688,0.1290874182597232,0.004099765143982399,-0.0074877766042640995
6735.0,204.8,2025-11-14 15:43:25,0,2026-01-16,6734.10986328125,0.24603174603174602,2601,0.045,out,6780.581873099609,0.01704716443123688,0.12496943030124487,0.003842365982574196,-0.006745110398573296
6740.0,195.4,2025-11-14 15:35:02,0,2026-01-16,6734.10986328125,0.24603174603174602,2601,0.045,out,6780.581873099609,0.01704716443123688,0.1198774481954749,0.003535624445727157,-0.006002995336684893
6745.0,202.05,2025-11-14 20:47:50,0,2026-01-16,6734.10986328125,0.24603174603174602,2601,0.045,out,6780.581873099609,0.01704716443123688,0.12704502527525016,0.0039710602528798215,-0.005261430601181311
6750.0,202.3,2025-11-14 21:12:03,0,2026-01-16,6734.10986328125,0.24603174603174602,2601,0.045,out,6780.581873099609,0.01704716443123688,0.12928623347163062,0.004112403453362781,-0.004520415376462128
6755.0,195.75,2025-11-14 20:47:50,0,2026-01-16,6734.10986328125,0.24603174603174602,2601,0.045,out,6780.581873099609,0.01704716443123688,0.12633486349353054,0.003926789125014276,-0.003779948848738359
6760.0,206.0,2025-11-14 19:23:45,0,2026-01-16,6734.10986328125,0.24603174603174602,2601,0.045,out,6780.581873099609,0.01704716443123688,0.13611589069818522,0.004558361958074361,-0.003040030206027883
6765.0,194.11,2025-11-14 18:22:16,0,2026-01-16,6734.10986328125,0.24603174603174602,2601,0.045,out,6780.581873099609,0.01704716443123688,0.1290884515973448,0.004099830781030166,-0.0023006586381492003
6770.0,186.7,2025-11-14 16:02:33,0,2026-01-16,6734.10986328125,0.24603174603174602,2601,0.045,out,6780.581873099609,0.01704716443123688,0.1254500044742721,0.0038719747007971554,-0.0015618333367168932
6775.0,195.2,2025-11-14 19:56:33,0,2026-01-16,6734.10986328125,0.24603174603174602,2601,0.045,out,6780.581873099609,0.01704716443123688,0.1338168749204874,0.00440567965411148,-0.0008235534951359884
6785.0,189.4,2025-11-14 16:24:39,0,2026-01-16,6734.10986328125,0.24603174603174602,2601,0.045,out,6780.581873099609,0.01704716443123688,0.13326579231436544,0.004369467566955897,0.000651373025931855
6795.0,170.78,2025-11-14 20:54:13,0,2026-01-16,6734.10986328125,0.24603174603174602,2601,0.045,out,6780.581873099609,0.01704716443123688,0.12301014356525504,0.0037228282382403516,0.0021241273422065127
6800.0,168.9,2025-11-14 21:08:15,0,2026-01-16,6734.10986328125,0.24603174603174602,2601,0.045,out,6780.581873099609,0.01704716443123688,0.12345150003915127,0.003749590942217568,0.0028596919211605373
6805.0,176.8,2025-11-14 19:53:29,0,2026-01-16,6734.10986328125,0.24603174603174602,2601,0.045,out,6780.581873099609,0.01704716443123688,0.13121998880496819,0.004236343248581391,0.003594715842528739
6810.0,164.4,2025-11-14 20:31:24,0,2026-01-16,6734.10986328125,0.24603174603174602,2601,0.045,out,6780.581873099609,0.01704716443123688,0.12372385808230377,0.0037661538477926295,0.004329199900520386
6815.0,160.88,2025-11-14 20:23:11,0,2026-01-16,6734.10986328125,0.24603174603174602,2601,0.045,out,6780.581873099609,0.01704716443123688,0.1228801200453531,0.00371496222994581,0.005063144887595368
6820.0,165.0,2025-11-14 20:12:25,0,2026-01-16,6734.10986328125,0.24603174603174602,2601,0.045,out,6780.581873099609,0.01704716443123688,0.12775232635881797,0.004015399711053874,0.005796551594470207
6825.0,151.54,2025-11-14 20:57:03,0,2026-01-16,6734.10986328125,0.24603174603174602,2601,0.045,out,6780.581873099609,0.01704716443123688,0.11941380019253182,0.0035083279838815816,0.006529420810122949
6830.0,163.6,2025-11-14 19:50:33,0,2026-01-16,6734.10986328125,0.24603174603174602,2601,0.045,out,6780.581873099609,0.01704716443123688,0.13021014025829128,0.0041713896778460356,0.007261753321798037
6835.0,160.1,2025-11-14 19:58:20,0,2026-01-16,6734.10986328125,0.24603174603174602,2601,0.045,out,6780.581873099609,0.01704716443123688,0.12931236769660817,0.004114066203320528,0.007993549915012268
6840.0,157.9,2025-11-14 20:02:10,0,2026-01-16,6734.10986328125,0.24603174603174602,2601,0.045,out,6780.581873099609,0.01704716443123688,0.12937350216816915,0.0041179571028648835,0.008724811373558523
6845.0,155.1,2025-11-14 20:01:48,0,2026-01-16,6734.10986328125,0.24603174603174602,2601,0.045,out,6780.581873099609,0.01704716443123688,0.12896706749305845,0.0040921241224645384,0.009455538479511683
6850.0,138.0,2025-11-14 20:56:29,0,2026-01-16,6734.10986328125,0.24603174603174602,2601,0.045,out,6780.581873099609,0.01704716443123688,0.11778748659074788,0.0034134178723677295,0.010185732013233438
6855.0,149.5,2025-11-14 20:02:10,0,2026-01-16,6734.10986328125,0.24603174603174602,2601,0.045,out,6780.581873099609,0.01704716443123688,0.1281021212410021,0.004037418709998225,0.010915392753377053
6860.0,146.3,2025-11-14 19:51:39,0,2026-01-16,6734.10986328125,0.24603174603174602,2601,0.045,out,6780.581873099609,0.01704716443123688,0.1273419568569093,0.003989644390956789,0.01164452147689324
6870.0,140.83,2025-11-14 16:33:52,0,2026-01-16,6734.10986328125,0.24603174603174602,2601,0.045,out,6780.581873099609,0.01704716443123688,0.12646782688217417,0.0039350591136927526,0.013101185973357441
6880.0,139.65,2025-11-14 17:12:08,0,2026-01-16,6734.10986328125,0.24603174603174602,2601,0.045,out,6780.581873099609,0.01704716443123688,0.1287686593990611,0.0040795428329077265,0.01455573168435163
6890.0,120.3,2025-11-14 16:04:24,0,2026-01-16,6734.10986328125,0.24603174603174602,2601,0.045,out,6780.581873099609,0.01704716443123688,0.11720085819491166,0.003379502190558234,0.016008164764666627
6900.0,125.3,2025-11-14 18:12:44,0,2026-01-16,6734.10986328125,0.24603174603174602,2601,0.045,out,6780.581873099609,0.01704716443123688,0.12407168675432485,0.003787359421237798,0.01745849134231321
6905.0,122.2,2025-11-14 19:28:49,0,2026-01-16,6734.10986328125,0.24603174603174602,2601,0.045,out,6780.581873099609,0.01704716443123688,0.12321480146575663,0.00373522624053667,0.018182866600354775
6920.0,115.7,2025-11-14 19:45:15,0,2026-01-16,6734.10986328125,0.24603174603174602,2601,0.045,out,6780.581873099609,0.01704716443123688,0.12267309207421598,0.003702454865797787,0.02035284936867766
6925.0,102.45,2025-11-14 20:56:20,0,2026-01-16,6734.10986328125,0.24603174603174602,2601,0.045,out,6780.581873099609,0.01704716443123688,0.11385485974116936,0.003189292076881919,0.021075131812501702
6930.0,108.95,2025-11-14 19:21:54,0,2026-01-16,6734.10986328125,0.24603174603174602,2601,0.045,out,6780.581873099609,0.01704716443123688,0.12034263022491813,0.0035631175248650214,0.021796892940911194
6945.0,86.88,2025-11-14 15:09:37,0,2026-01-16,6734.10986328125,0.24603174603174602,2601,0.045,out,6780.581873099609,0.01704716443123688,0.10718612268785832,0.002826625490496469,0.023959055945406548
6950.0,103.64,2025-11-14 20:04:21,0,2026-01-16,6734.10986328125,0.24603174603174602,2601,0.045,out,6780.581873099609,0.01704716443123688,0.12182487702607522,0.0036514311153568956,0.024678739315800266
6960.0,90.1,2025-11-14 20:41:06,0,2026-01-16,6734.10986328125,0.24603174603174602,2601,0.045,out,6780.581873099609,0.01704716443123688,0.11380695288585949,0.0031866087165086624,0.02611655408542765
6965.0,79.43,2025-11-14 15:09:37,0,2026-01-16,6734.10986328125,0.24603174603174602,2601,0.045,out,6780.581873099609,0.01704716443123688,0.10652096634838122,0.002791652416076047,0.026834686970868438
6975.0,84.83,2025-11-14 21:12:02,0,2026-01-16,6734.10986328125,0.24603174603174602,2601,0.045,out,6780.581873099609,0.01704716443123688,0.11352138665147256,0.00317063700036085,0.028269407446528824
6980.0,89.4,2025-11-14 19:29:22,0,2026-01-16,6734.10986328125,0.24603174603174602,2601,0.045,out,6780.581873099609,0.01704716443123688,0.11853521031641522,0.003456892687519527,0.028985996513380432
6985.0,66.5,2025-11-14 14:36:36,0,2026-01-16,6734.10986328125,0.24603174603174602,2601,0.045,out,6780.581873099609,0.01704716443123688,0.10090392885333273,0.0025049975285650113,0.02970207244802451
6990.0,88.26,2025-11-14 16:27:18,0,2026-01-16,6734.10986328125,0.24603174603174602,2601,0.045,out,6780.581873099609,0.01704716443123688,0.12020308925586949,0.0035548592275102407,0.0304176359848183
6995.0,63.45,2025-11-14 14:36:36,0,2026-01-16,6734.10986328125,0.24603174603174602,2601,0.045,out,6780.581873099609,0.01704716443123688,0.10076102052508733,0.0024979069918648344,0.031132687856543953
7000.0,75.48,2025-11-14 21:12:02,0,2026-01-16,6734.10986328125,0.24603174603174602,2601,0.045,out,6780.581873099609,0.01704716443123688,0.11217319128177247,0.00309577436597183,0.031847228794412805
7015.0,76.52,2025-11-14 17:27:40,0,2026-01-16,6734.10986328125,0.24603174603174602,2601,0.045,out,6780.581873099609,0.01704716443123688,0.11674835855570212,0.003353456793563288,0.03398779329352367
7020.0,65.6,2025-11-14 20:15:11,0,2026-01-16,6734.10986328125,0.24603174603174602,2601,0.045,out,6780.581873099609,0.01704716443123688,0.1086123083476842,0.002902346343357027,0.034700297776819204
7025.0,71.1,2025-11-14 20:09:51,0,2026-01-16,6734.10986328125,0.24603174603174602,2601,0.045,out,6780.581873099609,0.01704716443123688,0.114554302673215,0.0032285979054709766,0.035412294958908956
7030.0,72.25,2025-11-14 17:46:06,0,2026-01-16,6734.10986328125,0.24603174603174602,2601,0.045,out,6780.581873099609,0.01704716443123688,0.11673903130510496,0.0033529209867593853,0.036123785561673075
7035.0,68.97,2025-11-14 19:39:04,0,2026-01-16,6734.10986328125,0.24603174603174602,2601,0.045,out,6780.581873099609,0.01704716443123688,0.11508899490736989,0.0032588077715273566,0.03683477030545174
7045.0,61.31,2025-11-14 18:43:13,0,2026-01-16,6734.10986328125,0.24603174603174602,2601,0.045,out,6780.581873099609,0.01704716443123688,0.11065754968939381,0.003012681685722861,0.03825522508974299
7050.0,57.54,2025-11-14 20:53:37,0,2026-01-16,6734.10986328125,0.24603174603174602,2601,0.045,out,6780.581873099609,0.01704716443123688,0.10839193380007743,0.0028905805611153285,0.03896469656327677
7055.0,64.2,2025-11-14 17:33:17,0,2026-01-16,6734.10986328125,0.24603174603174602,2601,0.045,out,6780.581873099609,0.01704716443123688,0.11552729622752245,0.003283676518911852,0.03967366504387686
7060.0,56.5,2025-11-14 15:45:51,0,2026-01-16,6734.10986328125,0.24603174603174602,2601,0.045,out,6780.581873099609,0.01704716443123688,0.1096775554816603,0.002959556757693753,0.04038213124425007
7065.0,54.2,2025-11-14 16:09:00,0,2026-01-16,6734.10986328125,0.24603174603174602,2601,0.045,out,6780.581873099609,0.01704716443123688,0.10865334487757568,0.002904539920203551,0.04109009587559017
7075.0,56.2,2025-11-14 19:31:13,0,2026-01-16,6734.10986328125,0.24603174603174602,2601,0.045,out,6780.581873099609,0.01704716443123688,0.11270995796858033,0.00312547280463217,0.04250452326840081
7080.0,52.7,2025-11-14 15:57:59,0,2026-01-16,6734.10986328125,0.24603174603174602,2601,0.045,out,6780.581873099609,0.01704716443123688,0.11050764631502628,0.0030045248945769457,0.04321098744472792
7090.0,52.6,2025-11-14 19:28:38,0,2026-01-16,6734.10986328125,0.24603174603174602,2601,0.045,out,6780.581873099609,0.01704716443123688,0.11255928849767985,0.0031171221923827113,0.04462242028313553
7100.0,50.3,2025-11-14 19:53:25,0,2026-01-16,6734.10986328125,0.24603174603174602,2601,0.045,out,6780.581873099609,0.01704716443123688,0.11245993682149283,0.003111621897513642,0.04603186378636922
7110.0,47.7,2025-11-14 19:45:37,0,2026-01-16,6734.10986328125,0.24603174603174602,2601,0.045,out,6780.581873099609,0.01704716443123688,0.11198557042031203,0.003085427043279703,0.04743932355424887
7125.0,45.0,2025-11-14 20:04:01,0,2026-01-16,6734.10986328125,0.24603174603174602,2601,0.045,out,6780.581873099609,0.01704716443123688,0.1123288195151879,0.0031043704325709955,0.0495468058938137
7130.0,36.6,2025-11-14 14:59:41,0,2026-01-16,6734.10986328125,0.24603174603174602,2601,0.045,out,6780.581873099609,0.01704716443123688,0.10447023891517146,0.002685198058641136,0.05024831416530409
5300.0,1525.0,2025-11-13 15:48:02,0,2026-01-16,6734.10986328125,0.25,2601,0.045,in,6780.581873099609,0.01749086023391566,0.3408679278183364,0.02904773605379165,-0.24635609970282435
5800.0,1040.31,2025-11-13 17:39:11,0,2026-01-16,6734.10986328125,0.25,2601,0.045,in,6780.581873099609,0.01749086023391566,0.2586583476757085,0.016726035205581923,-0.15620500270852694
5975.0,961.15,2025-10-28 14:36:16,0,2025-12-31,6734.10986328125,0.25,2512,0.045,in,6747.865867571911,0.03683739277452511,0.3395304452018169,0.028820230804736,-0.12164218930817387
5980.0,956.31,2025-10-28 14:36:16,0,2025-12-31,6734.10986328125,0.25,2512,0.045,in,6747.865867571911,0.03683739277452511,0.3383340770518416,0.02861748692363037,-0.12080571916320783
6150.0,712.6,2025-11-13 17:41:03,0,2026-01-16,6734.10986328125,0.25,2601,0.045,in,6780.581873099609,0.01749086023391566,0.2107895533354649,0.0111080589488412,-0.09761083844247401
6220.0,738.15,2025-10-28 13:33:46,0,2025-12-31,6734.10986328125,0.25,2512,0.045,in,6747.865867571911,0.03683739277452511,0.29345320898720995,0.02152869646622278,-0.08145638037466012
6505.0,420.18,2025-11-13 14:48:24,0,2026-01-16,6734.10986328125,0.25,2601,0.045,in,6780.581873099609,0.01749086023391566,0.1825515183056139,0.00833126420892122,-0.04149180829643202
6550.0,292.27,2025-11-13 19:55:13,0,2026-01-16,6734.10986328125,0.25,2601,0.045,in,6780.581873099609,0.01749086023391566,0.09341977583036554,0.0021818136290489374,-0.034597870613740006
6570.0,334.38,2025-11-13 20:42:36,0,2026-01-16,6734.10986328125,0.25,2601,0.045,in,6780.581873099609,0.01749086023391566,0.14609866198828594,0.005336204758691857,-0.031549087764381464
6585.0,342.52,2025-11-13 17:29:27,0,2026-01-16,6734.10986328125,0.25,2601,0.045,in,6780.581873099609,0.01749086023391566,0.16117526249995107,0.006494366310482033,-0.029268585065656223
6565.0,429.75,2025-10-28 13:30:09,0,2025-12-31,6734.10986328125,0.25,2512,0.045,in,6747.865867571911,0.03683739277452511,0.22197612190286772,0.012318349673759199,-0.027473779370988712
6575.0,421.07,2025-10-28 13:30:04,0,2025-12-31,6734.10986328125,0.25,2512,0.045,in,6747.865867571911,0.03683739277452511,0.21982829293379494,0.01208111959354659,-0.025951709061919914
6610.0,322.63,2025-11-13 16:23:06,0,2026-01-16,6734.10986328125,0.25,2601,0.045,in,6780.581873099609,0.01749086023391566,0.15783826381162414,0.006228229380766964,-0.02547926639730567
6625.0,290.97,2025-11-13 20:12:51,0,2026-01-16,6734.10986328125,0.25,2601,0.045,in,6780.581873099609,0.01749086023391566,0.13974521181077884,0.00488218105600986,-0.02321254838861466
6640.0,298.1,2025-11-13 16:25:22,0,2026-01-16,6734.10986328125,0.25,2601,0.045,in,6780.581873099609,0.01749086023391566,0.15299539258307687,0.005851897537912453,-0.020950956772558062
6675.0,257.38,2025-11-13 20:37:58,0,2026-01-16,6734.10986328125,0.25,2601,0.045,in,6780.581873099609,0.01749086023391566,0.1374461877946006,0.0047228636348171545,-0.01569371597458735
6685.0,252.3,2025-11-13 20:36:02,0,2026-01-16,6734.10986328125,0.25,2601,0.045,in,6780.581873099609,0.01749086023391566,0.1380914211969527,0.004767310152048549,-0.014196709706994097
6690.0,215.67,2025-11-13 20:36:02,0,2026-01-16,6734.10986328125,0.25,2601,0.045,in,6780.581873099609,0.01749086023391566,0.11169383084704293,0.0031188779623219595,-0.013449046120763471
6695.0,247.8,2025-11-13 21:10:38,0,2026-01-16,6734.10986328125,0.25,2601,0.045,in,6780.581873099609,0.01749086023391566,0.13911274728198905,0.004838089114085638,-0.012701941117764792
6780.0,195.0,2025-11-13 19:30:15,0,2026-01-16,6734.10986328125,0.25,2601,0.045,out,6780.581873099609,0.01749086023391566,0.13404567437298345,0.004492060704526978,-8.581830859634043e-05
6790.0,185.9,2025-11-13 18:29:04,0,2026-01-16,6734.10986328125,0.25,2601,0.045,out,6780.581873099609,0.01749086023391566,0.13100712878671056,0.0042907169482344415,0.001388021309704194
6865.0,143.6,2025-11-13 18:31:45,0,2026-01-16,6734.10986328125,0.25,2601,0.045,out,6780.581873099609,0.01749086023391566,0.1255330850573821,0.0039396388610059814,0.012373118959033797
6875.0,138.4,2025-11-13 18:31:53,0,2026-01-16,6734.10986328125,0.25,2601,0.045,out,6780.581873099609,0.01749086023391566,0.12483947019485576,0.0038962233296330703,0.013828723291734502
6885.0,130.94,2025-11-13 19:40:22,0,2026-01-16,6734.10986328125,0.25,2601,0.045,out,6780.581873099609,0.01749086023391566,0.12237329440582687,0.0037438057959337944,0.015282211919717549
6895.0,128.9,2025-11-13 18:57:03,0,2026-01-16,6734.10986328125,0.25,2601,0.045,out,6780.581873099609,0.01749086023391566,0.12391429123375328,0.003838687892990856,0.0167335909843646
6910.0,124.11,2025-11-13 19:25:29,0,2026-01-16,6734.10986328125,0.25,2601,0.045,out,6780.581873099609,0.01749086023391566,0.12480599448553326,0.0038941340648807393,0.018906717518677906
6915.0,126.7,2025-11-13 16:19:25,0,2026-01-16,6734.10986328125,0.25,2601,0.045,out,6780.581873099609,0.01749086023391566,0.12825787143150177,0.0041125203960349094,0.01963004485582095
6970.0,114.7,2025-11-13 15:22:44,0,2026-01-16,6734.10986328125,0.25,2601,0.045,out,6780.581873099609,0.01749086023391566,0.1346259137054603,0.00453103416025751,0.027552304511531973
7005.0,80.0,2025-11-13 19:02:51,0,2026-01-16,6734.10986328125,0.25,2601,0.045,out,6780.581873099609,0.01749086023391566,0.11595191372934548,0.003361211574374394,0.03256125952806987
7010.0,74.01,2025-11-13 20:54:52,0,2026-01-16,6734.10986328125,0.25,2601,0.045,out,6780.581873099609,0.01749086023391566,0.1121946456970893,0.0031469096307738496,0.03327478078559809
7040.0,66.6,2025-11-13 20:31:39,0,2026-01-16,6734.10986328125,0.25,2601,0.045,out,6780.581873099609,0.01749086023391566,0.11298961716180098,0.0031916633965925873,0.03754524990905044
5775.0,1141.9,2025-10-27 19:38:53,0,2025-12-31,6734.10986328125,0.25396825396825395,2512,0.045,in,6747.865867571911,0.03696493351242315,0.36785412004474194,0.034366134256226394,-0.15568803071789097
5830.0,1088.9,2025-10-27 19:38:53,0,2025-12-31,6734.10986328125,0.25396825396825395,2512,0.045,in,6747.865867571911,0.03696493351242315,0.3556333599863341,0.032120656948614476,-0.1462092867633472
6125.0,800.9,2025-11-12 15:29:15,0,2026-01-16,6734.10986328125,0.25396825396825395,2601,0.045,in,6780.581873099609,0.017920690542760728,0.28490324568782327,0.020614567467544427,-0.10168416383010995
6330.0,612.13,2025-11-12 15:28:34,0,2026-01-16,6734.10986328125,0.25396825396825395,2601,0.045,in,6780.581873099609,0.017920690542760728,0.24469115351403428,0.015206034440134271,-0.06876268410481579
6525.0,446.76,2025-11-12 17:57:10,0,2026-01-16,6734.10986328125,0.25396825396825395,2601,0.045,in,6780.581873099609,0.017920690542760728,0.21354541266951974,0.01158136971992266,-0.03842196705214345
6955.0,136.2,2025-11-12 16:46:14,0,2026-01-16,6734.10986328125,0.25396825396825395,2601,0.045,out,6780.581873099609,0.017920690542760728,0.14559381162382645,0.005383506789372511,0.02539790511450556
7070.0,88.4,2025-11-12 17:52:11,0,2026-01-16,6734.10986328125,0.25396825396825395,2601,0.045,out,6780.581873099609,0.017920690542760728,0.13731602068243334,0.004788746548840243,0.041797559647580834
6665.0,311.0,2025-11-11 10:38:22,0,2026-01-16,6734.10986328125,0.25793650793650796,2601,0.045,in,6780.581873099609,0.018337295303641338,0.17097548694856976,0.0075401591822402214,-0.017192966630228557
6935.0,141.3,2025-11-11 17:50:18,0,2026-01-16,6734.10986328125,0.25793650793650796,2601,0.045,out,6780.581873099609,0.018337295303641338,0.14228037140332384,0.0052215903398151004,0.022518133505894287
5700.0,1176.17,2025-11-10 18:19:00,0,2026-01-16,6734.10986328125,0.2619047619047619,2601,0.045,in,6780.581873099609,0.018741275677828587,0.3269064363953841,0.02798919046961958,-0.1735967454203961
5710.0,1167.39,2025-11-10 19:15:38,0,2026-01-16,6734.10986328125,0.2619047619047619,2601,0.045,in,6780.581873099609,0.018741275677828587,0.32618370836541816,0.027865569705551853,-0.17184389659298174
5725.0,1153.24,2025-11-10 19:15:07,0,2026-01-16,6734.10986328125,0.2619047619047619,2601,0.045,in,6780.581873099609,0.018741275677828587,0.323709263995169,0.027444394370457963,-0.16922037082059724
5775.0,1088.78,2025-11-10 17:40:43,0,2026-01-16,6734.10986328125,0.2619047619047619,2601,0.045,in,6780.581873099609,0.018741275677828587,0.29116824968273575,0.02220401061562827,-0.16052466385304334
5790.0,1072.74,2025-11-10 17:40:15,0,2026-01-16,6734.10986328125,0.2619047619047619,2601,0.045,in,6780.581873099609,0.018741275677828587,0.2861242809872659,0.021441384425601877,-0.1579306286759967
5880.0,971.76,2025-11-10 16:14:11,0,2026-01-16,6734.10986328125,0.2619047619047619,2601,0.045,in,6780.581873099609,0.018741275677828587,0.248990900093053,0.016237170276681805,-0.14250615835036498
5900.0,944.68,2025-11-10 16:54:28,0,2026-01-16,6734.10986328125,0.2619047619047619,2601,0.045,in,6780.581873099609,0.018741275677828587,0.23338617354319985,0.014265718238392918,-0.13911056934922683
5940.0,943.41,2025-11-10 17:55:58,0,2026-01-16,6734.10986328125,0.2619047619047619,2601,0.045,in,6780.581873099609,0.018741275677828587,0.2782121327326626,0.020271949971338656,-0.13235378688634702
5950.0,934.04,2025-11-10 17:55:58,0,2026-01-16,6734.10986328125,0.2619047619047619,2601,0.045,in,6780.581873099609,0.018741275677828587,0.27656137216634136,0.020032098055233937,-0.1306717007033622
6020.0,851.28,2025-11-10 15:48:33,0,2026-01-16,6734.10986328125,0.2619047619047619,2601,0.045,in,6780.581873099609,0.018741275677828587,0.2438355540096624,0.015571751223599736,-0.11897566094017087
6025.0,846.58,2025-11-10 15:48:33,0,2026-01-16,6734.10986328125,0.2619047619047619,2601,0.045,in,6780.581873099609,0.018741275677828587,0.24303656534594084,0.01546986888206356,-0.11814544088418193
6030.0,842.05,2025-11-10 15:44:15,0,2026-01-16,6734.10986328125,0.2619047619047619,2601,0.045,in,6780.581873099609,0.018741275677828587,0.24244943789642157,0.015395214983314252,-0.1173159095218065
6240.0,675.0,2025-11-10 19:36:53,0,2026-01-16,6734.10986328125,0.2619047619047619,2601,0.045,in,6780.581873099609,0.018741275677828587,0.23794282016671015,0.014828205770422882,-0.08308273787956431
6270.0,648.42,2025-11-10 19:34:50,0,2026-01-16,6734.10986328125,0.2619047619047619,2601,0.045,in,6780.581873099609,0.018741275677828587,0.2334587495492414,0.014274592027429752,-0.07828656561607124
6380.0,549.06,2025-11-10 19:33:15,0,2026-01-16,6734.10986328125,0.2619047619047619,2601,0.045,in,6780.581873099609,0.018741275677828587,0.21408107942429044,0.012003280815289593,-0.060894822904202096
6425.0,480.0,2025-11-10 17:24:27,0,2026-01-16,6734.10986328125,0.2619047619047619,2601,0.045,in,6780.581873099609,0.018741275677828587,0.18018722323965383,0.00850337594302346,-0.053866289479617045
6430.0,515.86,2025-11-10 20:25:56,0,2026-01-16,6734.10986328125,0.2619047619047619,2601,0.045,in,6780.581873099609,0.018741275677828587,0.21506607376487313,0.012113989926928961,-0.053088382011372594
6555.0,409.2,2025-11-10 20:41:51,0,2026-01-16,6734.10986328125,0.2619047619047619,2601,0.045,in,6780.581873099609,0.018741275677828587,0.19403871586657717,0.009860982281110785,-0.03383480304523735
6595.0,347.6,2025-11-10 12:24:34,0,2026-01-16,6734.10986328125,0.2619047619047619,2601,0.045,in,6780.581873099609,0.018741275677828587,0.16483522310041515,0.007116122821909524,-0.02775113409162269
6660.0,299.7,2025-11-10 15:40:48,0,2026-01-16,6734.10986328125,0.2619047619047619,2601,0.045,in,6780.581873099609,0.018741275677828587,0.1583055290505523,0.006563501090660188,-0.017943435708602826
6940.0,114.84,2025-11-10 16:25:14,0,2026-01-16,6734.10986328125,0.2619047619047619,2601,0.045,out,6780.581873099609,0.018741275677828587,0.12247447115375733,0.003928570403055188,0.023238854257812552
6535.0,385.44,2025-10-24 19:20:51,0,2025-12-31,6734.10986328125,0.26587301587301587,2512,0.045,in,6747.865867571911,0.037324712608881816,0.16211348040594967,0.006987350378829861,-0.03205394004956291
6545.0,377.19,2025-10-24 19:20:45,0,2025-12-31,6734.10986328125,0.26587301587301587,2512,0.045,in,6747.865867571911,0.037324712608881816,0.16079493654332055,0.0068741499143016764,-0.03052488776388498
6305.0,527.8,2025-11-07 20:06:58,0,2026-01-16,6734.10986328125,0.27380952380952384,2601,0.045,in,6780.581873099609,0.019882959344009955,0.12110396401693571,0.004015737051358941,-0.07271995084401772
6485.0,359.11,2025-11-07 18:43:05,0,2026-01-16,6734.10986328125,0.27380952380952384,2601,0.045,in,6780.581873099609,0.019882959344009955,0.09938582049843231,0.002704564884183,-0.04457110249249337
6515.0,358.8,2025-11-07 20:36:19,0,2026-01-16,6734.10986328125,0.27380952380952384,2601,0.045,in,6780.581873099609,0.019882959344009955,0.12294315711760978,0.004138636396274304,-0.039955709684092094
6565.0,321.0,2025-11-07 20:36:19,0,2026-01-16,6734.10986328125,0.27380952380952384,2601,0.045,in,6780.581873099609,0.019882959344009955,0.12144711280996619,0.004038526521751941,-0.03231041250614103
6590.0,285.8,2025-11-07 15:28:43,0,2026-01-16,6734.10986328125,0.27380952380952384,2601,0.045,in,6780.581873099609,0.019882959344009955,0.10624062141427684,0.0030905071629203466,-0.02850957174648469
6605.0,258.9,2025-11-07 17:18:06,0,2026-01-16,6734.10986328125,0.27380952380952384,2601,0.045,in,6780.581873099609,0.019882959344009955,0.09199773049873629,0.0023174094712990075,-0.026235982286611878
6635.0,259.6,2025-11-07 19:35:02,0,2026-01-16,6734.10986328125,0.27380952380952384,2601,0.045,in,6780.581873099609,0.019882959344009955,0.11017952750714474,0.003323918458083885,-0.02170425247672976
6645.0,271.5,2025-11-07 20:59:13,0,2026-01-16,6734.10986328125,0.27380952380952384,2601,0.045,in,6780.581873099609,0.019882959344009955,0.12471644754081197,0.004258885983400029,-0.020198228095691963
6465.0,402.15,2025-10-21 17:31:57,0,2025-12-31,6734.10986328125,0.2777777777777778,2512,0.045,in,6747.865867571911,0.037653653497072594,0.12662110815168515,0.004453584730433541,-0.042823274901927354
6505.0,372.65,2025-10-21 14:55:31,0,2025-12-31,6734.10986328125,0.2777777777777778,2512,0.045,in,6747.865867571911,0.037653653497072594,0.12724406859609702,0.004497514720246735,-0.036655175161279654
6575.0,318.82,2025-11-06 16:58:11,0,2026-01-16,6734.10986328125,0.2777777777777778,2601,0.045,in,6780.581873099609,0.020241774210524095,0.12395727217650193,0.004268168145955383,-0.030788342197072313
6055.0,759.65,2025-10-20 16:32:31,0,2025-12-31,6734.10986328125,0.28174603174603174,2512,0.045,in,6747.865867571911,0.03775712316612791,0.11735968569185762,0.003880571442952795,-0.10834191012069261
6415.0,513.39,2025-11-05 16:41:33,0,2026-01-16,6734.10986328125,0.28174603174603174,2601,0.045,in,6780.581873099609,0.02059048161600967,0.19321982428868353,0.010518678314954887,-0.055423922193300765
6420.0,445.9,2025-10-20 18:28:32,0,2025-12-31,6734.10986328125,0.28174603174603174,2512,0.045,in,6747.865867571911,0.03775712316612791,0.13379867657056288,0.005043841648787383,-0.049808169423878404
6440.0,430.24,2025-10-20 18:21:44,0,2025-12-31,6734.10986328125,0.28174603174603174,2512,0.045,in,6747.865867571911,0.03775712316612791,0.133666364589161,0.00503387098649309,-0.04669774700948595
6455.0,418.0,2025-10-20 18:02:59,0,2025-12-31,6734.10986328125,0.28174603174603174,2512,0.045,in,6747.865867571911,0.03775712316612791,0.13292676623417804,0.004978318602717392,-0.0443712628271424
6595.0,298.7,2025-10-20 15:11:11,0,2025-12-31,6734.10986328125,0.28174603174603174,2512,0.045,in,6747.865867571911,0.03775712316612791,0.117140671328818,0.003866101263630943,-0.02291450095647023
7120.0,70.9,2025-11-05 18:38:19,0,2026-01-16,6734.10986328125,0.28174603174603174,2601,0.045,out,6780.581873099609,0.02059048161600967,0.12486539851934433,0.004392805992321516,0.04884480516298384
5150.0,1717.13,2025-11-04 15:40:25,0,2026-01-16,6734.10986328125,0.2857142857142857,2601,0.045,in,6780.581873099609,0.020929502704676202,0.42232543638512005,0.05095964977653773,-0.27506620558525585
5175.0,1692.68,2025-11-04 15:40:25,0,2026-01-16,6734.10986328125,0.2857142857142857,2601,0.045,in,6780.581873099609,0.020929502704676202,0.41716873528760834,0.04972278677184647,-0.27022358110946787
5980.0,877.02,2025-11-04 19:47:33,0,2026-01-16,6734.10986328125,0.2857142857142857,2601,0.045,in,6780.581873099609,0.020929502704676202,0.2166273627499802,0.013407832654860431,-0.12564235229836018
5990.0,867.21,2025-11-04 19:49:17,0,2026-01-16,6734.10986328125,0.2857142857142857,2601,0.045,in,6780.581873099609,0.020929502704676202,0.21474586482056335,0.01317593898786619,-0.1239715081335426
6325.0,577.7,2025-11-04 19:15:03,0,2026-01-16,6734.10986328125,0.2857142857142857,2601,0.045,in,6780.581873099609,0.020929502704676202,0.19050823621912233,0.010369539447805975,-0.0695528856473166
6320.0,645.8,2025-11-03 17:47:02,0,2026-01-16,6734.10986328125,0.2896825396825397,2601,0.045,in,6780.581873099609,0.021259235544338177,0.24597574693296542,0.017526972102316702,-0.07034371210213453
6515.0,306.6,2025-10-17 16:57:01,0,2025-12-31,6734.10986328125,0.29365079365079366,2512,0.045,in,6747.865867571911,0.03805075330804164,0.04576203747868222,0.0006149529424239024,-0.03511907654893975
6520.0,320.17,2025-10-17 16:47:55,0,2025-12-31,6734.10986328125,0.29365079365079366,2512,0.045,in,6747.865867571911,0.03805075330804164,0.0786237204440425,0.001815258003247056,-0.03435191118718658
6180.0,748.6,2025-10-31 16:56:49,0,2026-01-16,6734.10986328125,0.30158730158730157,2601,0.045,in,6780.581873099609,0.022196370983377456,0.24132946274453293,0.0175644171775037,-0.09274464879130118
6390.0,568.08,2025-10-31 17:48:11,0,2026-01-16,6734.10986328125,0.30158730158730157,2601,0.045,in,6780.581873099609,0.022196370983377456,0.21448757386094394,0.013874499483719424,-0.059328651871457076
6360.0,499.6,2025-10-03 15:09:27,0,2025-12-19,6734.10986328125,0.30158730158730157,2512,0.045,in,6747.865867571911,0.038233628220987914,0.13048424003082526,0.005134866683047911,-0.059197909773717465
6410.0,487.62,2025-11-14 18:11:41,0,2026-01-30,6734.10986328125,0.30158730158730157,2601,0.045,in,6780.581873099609,0.022196370983377456,0.157636401458869,0.0074942137497322646,-0.05620364932832189
6450.0,462.61,2025-11-14 20:07:13,0,2026-01-30,6734.10986328125,0.30158730158730157,2601,0.045,in,6780.581873099609,0.022196370983377456,0.16128521363474588,0.007845166390585821,-0.04998278945321943
6550.0,382.42,2025-11-14 16:49:33,0,2026-01-30,6734.10986328125,0.30158730158730157,2601,0.045,in,6780.581873099609,0.022196370983377456,0.15219129970889128,0.0069854228957865055,-0.034597870613740006
6575.0,363.68,2025-11-14 17:54:14,0,2026-01-30,6734.10986328125,0.30158730158730157,2601,0.045,in,6780.581873099609,0.022196370983377456,0.15042376573865432,0.006824109153665929,-0.030788342197072313
6600.0,326.0,2025-11-14 21:01:57,0,2026-01-30,6734.10986328125,0.30158730158730157,2601,0.045,in,6780.581873099609,0.022196370983377456,0.13405748367998774,0.005419948725104658,-0.026993271228520705
6620.0,326.91,2025-11-14 19:31:50,0,2026-01-30,6734.10986328125,0.30158730158730157,2601,0.045,in,6780.581873099609,0.022196370983377456,0.14439174373902863,0.00628778631015792,-0.02396755031198377
6630.0,276.1,2025-11-14 14:23:30,0,2026-01-30,6734.10986328125,0.30158730158730157,2601,0.045,in,6780.581873099609,0.022196370983377456,0.11089848870295702,0.003709063827545997,-0.022458116063129384
6650.0,307.89,2025-11-14 16:49:33,0,2026-01-30,6734.10986328125,0.30158730158730157,2601,0.045,in,6780.581873099609,0.022196370983377456,0.14401085171787129,0.006254656870438531,-0.019446065593137798
6660.0,276.2,2025-11-14 15:36:15,0,2026-01-30,6734.10986328125,0.30158730158730157,2601,0.045,in,6780.581873099609,0.022196370983377456,0.1253780704067214,0.004740850003799094,-0.017943435708602826
6670.0,238.44,2025-11-14 14:34:46,0,2026-01-30,6734.10986328125,0.30158730158730157,2601,0.045,in,6780.581873099609,0.022196370983377456,0.10213193730346551,0.0031458368211082725,-0.01644306033336827
6725.0,247.83,2025-11-14 19:08:54,0,2026-01-30,6734.10986328125,0.30158730158730157,2601,0.045,in,6780.581873099609,0.022196370983377456,0.13242381102094752,0.005288654742554299,-0.008230994772997777
6730.0,247.1,2025-11-14 18:02:20,0,2026-01-30,6734.10986328125,0.30158730158730157,2601,0.045,in,6780.581873099609,0.022196370983377456,0.13385567406673898,0.005403642668529526,-0.0074877766042640995
6735.0,245.0,2025-11-14 19:15:43,0,2026-01-30,6734.10986328125,0.30158730158730157,2601,0.045,out,6780.581873099609,0.022196370983377456,0.13431568308038624,0.005440846852470862,-0.006745110398573296
6750.0,238.77,2025-11-14 16:49:33,0,2026-01-30,6734.10986328125,0.30158730158730157,2601,0.045,out,6780.581873099609,0.022196370983377456,0.13565105939186395,0.005549571243945476,-0.004520415376462128
6775.0,216.04,2025-11-14 19:08:54,0,2026-01-30,6734.10986328125,0.30158730158730157,2601,0.045,out,6780.581873099609,0.022196370983377456,0.12912866461492178,0.0050287306107845405,-0.0008235534951359884
6800.0,191.99,2025-11-14 20:59:38,0,2026-01-30,6734.10986328125,0.30158730158730157,2601,0.045,out,6780.581873099609,0.022196370983377456,0.12145180675269215,0.004448575966767814,0.0028596919211605373
6805.0,189.06,2025-11-14 20:59:38,0,2026-01-30,6734.10986328125,0.30158730158730157,2601,0.045,out,6780.581873099609,0.022196370983377456,0.12116143388491417,0.004427329653332065,0.003594715842528739
6810.0,187.88,2025-11-14 20:54:49,0,2026-01-30,6734.10986328125,0.30158730158730157,2601,0.045,out,6780.581873099609,0.022196370983377456,0.12204577549933911,0.004492194524245501,0.004329199900520386
6820.0,185.67,2025-11-14 18:49:49,0,2026-01-30,6734.10986328125,0.30158730158730157,2601,0.045,out,6780.581873099609,0.022196370983377456,0.12386870176016684,0.004627391273638635,0.005796551594470207
6825.0,182.42,2025-11-14 18:48:55,0,2026-01-30,6734.10986328125,0.30158730158730157,2601,0.045,out,6780.581873099609,0.022196370983377456,0.12330218617067865,0.004585161161506431,0.006529420810122949
6830.0,185.66,2025-11-14 18:19:16,0,2026-01-30,6734.10986328125,0.30158730158730157,2601,0.045,out,6780.581873099609,0.022196370983377456,0.12712211946126817,0.004873660823336091,0.007261753321798037
6835.0,180.0,2025-11-14 20:35:33,0,2026-01-30,6734.10986328125,0.30158730158730157,2601,0.045,out,6780.581873099609,0.022196370983377456,0.12489277469201664,0.004704220606907076,0.007993549915012268
6850.0,166.5,2025-11-14 20:48:13,0,2026-01-30,6734.10986328125,0.30158730158730157,2601,0.045,out,6780.581873099609,0.022196370983377456,0.12047994080585994,0.004377665184048997,0.010185732013233438
6870.0,154.15,2025-11-14 15:40:44,0,2026-01-30,6734.10986328125,0.30158730158730157,2601,0.045,out,6780.581873099609,0.022196370983377456,0.11821647737904556,0.004214723411972975,0.013101185973357441
6900.0,121.74,2025-11-14 12:37:36,0,2026-01-30,6734.10986328125,0.30158730158730157,2601,0.045,out,6780.581873099609,0.022196370983377456,0.1048257017445807,0.0033139702726766975,0.01745849134231321
6905.0,144.42,2025-11-14 18:51:55,0,2026-01-30,6734.10986328125,0.30158730158730157,2601,0.045,out,6780.581873099609,0.022196370983377456,0.12177637159450745,0.004472384268186471,0.018182866600354775
6930.0,109.04,2025-11-14 12:37:36,0,2026-01-30,6734.10986328125,0.30158730158730157,2601,0.045,out,6780.581873099609,0.022196370983377456,0.10422475101249817,0.003276082154741707,0.021796892940911194
6950.0,101.1,2025-11-14 14:36:55,0,2026-01-30,6734.10986328125,0.30158730158730157,2601,0.045,out,6780.581873099609,0.022196370983377456,0.10384796725088181,0.0032524381863597495,0.024678739315800266
6980.0,95.81,2025-11-14 15:04:43,0,2026-01-30,6734.10986328125,0.30158730158730157,2601,0.045,out,6780.581873099609,0.022196370983377456,0.10753667554354533,0.003487596748447572,0.028985996513380432
6985.0,100.5,2025-11-14 20:58:05,0,2026-01-30,6734.10986328125,0.30158730158730157,2601,0.045,out,6780.581873099609,0.022196370983377456,0.11212634729245981,0.003791651387076775,0.02970207244802451
6990.0,98.5,2025-11-14 20:58:05,0,2026-01-30,6734.10986328125,0.30158730158730157,2601,0.045,out,6780.581873099609,0.022196370983377456,0.11189614084849085,0.003776098101570171,0.0304176359848183
7000.0,103.63,2025-11-14 19:42:33,0,2026-01-30,6734.10986328125,0.30158730158730157,2601,0.045,out,6780.581873099609,0.022196370983377456,0.11800574860621624,0.0041997107520342315,0.031847228794412805
7005.0,102.49,2025-11-14 18:15:47,0,2026-01-30,6734.10986328125,0.30158730158730157,2601,0.045,out,6780.581873099609,0.022196370983377456,0.11837727387469932,0.0042261968322239015,0.03256125952806987
7010.0,93.6,2025-11-14 18:43:19,0,2026-01-30,6734.10986328125,0.30158730158730157,2601,0.045,out,6780.581873099609,0.022196370983377456,0.11307828043736197,0.003856305597249887,0.03327478078559809
7030.0,94.85,2025-11-14 17:46:06,0,2026-01-30,6734.10986328125,0.30158730158730157,2601,0.045,out,6780.581873099609,0.022196370983377456,0.11862893888883269,0.00424418536025266,0.036123785561673075
7040.0,76.18,2025-11-14 15:23:51,0,2026-01-30,6734.10986328125,0.30158730158730157,2601,0.045,out,6780.581873099609,0.022196370983377456,0.10682384342106922,0.0034415132847894154,0.03754524990905044
7045.0,74.53,2025-11-14 15:23:51,0,2026-01-30,6734.10986328125,0.30158730158730157,2601,0.045,out,6780.581873099609,0.022196370983377456,0.10664418871471938,0.0034299472499332213,0.03825522508974299
7050.0,79.51,2025-11-14 20:37:31,0,2026-01-30,6734.10986328125,0.30158730158730157,2601,0.045,out,6780.581873099609,0.022196370983377456,0.11156256113083067,0.003753617394846607,0.03896469656327677
7055.0,77.81,2025-11-14 20:37:31,0,2026-01-30,6734.10986328125,0.30158730158730157,2601,0.045,out,6780.581873099609,0.022196370983377456,0.11134200899471138,0.0037387907360728473,0.03967366504387686
7060.0,79.14,2025-11-14 16:19:48,0,2026-01-30,6734.10986328125,0.30158730158730157,2601,0.045,out,6780.581873099609,0.022196370983377456,0.11344930888848528,0.0038816534612416504,0.04038213124425007
7070.0,74.81,2025-11-14 16:15:47,0,2026-01-30,6734.10986328125,0.30158730158730157,2601,0.045,out,6780.581873099609,0.022196370983377456,0.11222188542733184,0.0037981155525148996,0.041797559647580834
7100.0,64.18,2025-11-14 15:26:09,0,2026-01-30,6734.10986328125,0.30158730158730157,2601,0.045,out,6780.581873099609,0.022196370983377456,0.1098873925722025,0.0036417387600004686,0.04603186378636922
5400.0,1525.94,2025-10-30 16:26:01,0,2026-01-16,6734.10986328125,0.3055555555555556,2601,0.045,in,6780.581873099609,0.02249252200956736,0.4262622478531487,0.055519292872028086,-0.22766396669067182
5750.0,1172.9,2025-10-30 18:32:04,0,2026-01-16,6734.10986328125,0.3055555555555556,2601,0.045,in,6780.581873099609,0.02249252200956736,0.3364526275468645,0.03458900212264113,-0.1648630654516415
6260.0,565.5,2025-10-02 19:45:29,0,2025-12-19,6734.10986328125,0.3055555555555556,2512,0.045,in,6747.865867571911,0.038321503179156904,0.09198457620640134,0.0025853551349606617,-0.07504610201374101
6350.0,559.13,2025-11-13 17:24:09,0,2026-01-30,6734.10986328125,0.3055555555555556,2601,0.045,in,6780.581873099609,0.02249252200956736,0.18037274340618836,0.009941044227850592,-0.06560810735630025
6360.0,550.74,2025-11-13 17:24:09,0,2026-01-30,6734.10986328125,0.3055555555555556,2601,0.045,in,6780.581873099609,0.02249252200956736,0.1794639152683921,0.009841118492168522,-0.06403454290886978
6375.0,532.8,2025-11-13 17:18:58,0,2026-01-30,6734.10986328125,0.3055555555555556,2601,0.045,in,6780.581873099609,0.02249252200956736,0.1732598076203306,0.009172460286193715,-0.06167882921641069
6435.0,558.8,2025-10-30 16:21:27,0,2026-01-16,6734.10986328125,0.3055555555555556,2601,0.045,in,6780.581873099609,0.02249252200956736,0.22888601759739977,0.0160076916546547,-0.052311079212810585
6675.0,290.0,2025-11-13 19:25:26,0,2026-01-30,6734.10986328125,0.3055555555555556,2601,0.045,in,6780.581873099609,0.02249252200956736,0.1404713283795717,0.006029281529553783,-0.01569371597458735
6685.0,289.93,2025-11-13 16:48:14,0,2026-01-30,6734.10986328125,0.3055555555555556,2601,0.045,in,6780.581873099609,0.02249252200956736,0.14456902491586265,0.006386173128232126,-0.014196709706994097
6690.0,268.15,2025-11-13 20:07:56,0,2026-01-30,6734.10986328125,0.3055555555555556,2601,0.045,in,6780.581873099609,0.02249252200956736,0.13124562570663315,0.005263321026066169,-0.013449046120763471
6695.0,264.8,2025-11-13 20:07:56,0,2026-01-30,6734.10986328125,0.3055555555555556,2601,0.045,in,6780.581873099609,0.02249252200956736,0.1309499552277745,0.005239633292103267,-0.012701941117764792
6700.0,271.5,2025-11-13 21:09:47,0,2026-01-30,6734.10986328125,0.3055555555555556,2601,0.045,in,6780.581873099609,0.02249252200956736,0.13770247968503477,0.005793936167374487,-0.011955393863980202
6710.0,259.07,2025-11-13 18:43:11,0,2026-01-30,6734.10986328125,0.3055555555555556,2601,0.045,in,6780.581873099609,0.02249252200956736,0.13301148716161346,0.005405905913510686,-0.010463969277310177
6715.0,260.4,2025-11-13 18:32:32,0,2026-01-30,6734.10986328125,0.3055555555555556,2601,0.045,in,6780.581873099609,0.02249252200956736,0.13591989676498217,0.005644900047295487,-0.00971909028569966
6765.0,227.7,2025-11-13 21:03:09,0,2026-01-30,6734.10986328125,0.3055555555555556,2601,0.045,out,6780.581873099609,0.02249252200956736,0.13222461291815904,0.005342134190970192,-0.0023006586381492003
6785.0,227.19,2025-11-13 17:42:29,0,2026-01-30,6734.10986328125,0.3055555555555556,2601,0.045,out,6780.581873099609,0.02249252200956736,0.13893572056206757,0.005898179970253062,0.000651373025931855
6815.0,194.45,2025-11-13 19:04:37,0,2026-01-30,6734.10986328125,0.3055555555555556,2601,0.045,out,6780.581873099609,0.02249252200956736,0.12693951037717743,0.004923612006743692,0.005063144887595368
6840.0,182.61,2025-11-13 21:05:16,0,2026-01-30,6734.10986328125,0.3055555555555556,2601,0.045,out,6780.581873099609,0.02249252200956736,0.1270345555873983,0.0049309878179490466,0.008724811373558523
6875.0,163.39,2025-11-13 21:05:16,0,2026-01-30,6734.10986328125,0.3055555555555556,2601,0.045,out,6780.581873099609,0.02249252200956736,0.1248047770411163,0.004759404335975285,0.013828723291734502
6890.0,156.9,2025-11-13 18:32:50,0,2026-01-30,6734.10986328125,0.3055555555555556,2601,0.045,out,6780.581873099609,0.02249252200956736,0.12481763484889834,0.004760385046166726,0.016008164764666627
6915.0,141.53,2025-11-13 20:37:35,0,2026-01-30,6734.10986328125,0.3055555555555556,2601,0.045,out,6780.581873099609,0.02249252200956736,0.12145923136064123,0.004507660936385986,0.01963004485582095
6960.0,131.83,2025-11-13 17:27:07,0,2026-01-30,6734.10986328125,0.3055555555555556,2601,0.045,out,6780.581873099609,0.02249252200956736,0.12683015625860225,0.004915132608399892,0.02611655408542765
6970.0,127.32,2025-11-13 16:30:36,0,2026-01-30,6734.10986328125,0.3055555555555556,2601,0.045,out,6780.581873099609,0.02249252200956736,0.12626205427436987,0.004871199162372866,0.027552304511531973
6975.0,100.2,2025-11-13 18:36:41,0,2026-01-30,6734.10986328125,0.3055555555555556,2601,0.045,out,6780.581873099609,0.02249252200956736,0.10844706276436389,0.0035935672123443524,0.028269407446528824
7025.0,95.44,2025-11-13 19:43:21,0,2026-01-30,6734.10986328125,0.3055555555555556,2601,0.045,out,6780.581873099609,0.02249252200956736,0.11685890125877064,0.004172667523263283,0.035412294958908956
7110.0,67.42,2025-11-13 19:20:50,0,2026-01-30,6734.10986328125,0.3055555555555556,2601,0.045,out,6780.581873099609,0.02249252200956736,0.11355621391581408,0.003940143080773206,0.04743932355424887
5825.0,1104.7,2025-10-29 18:41:51,0,2026-01-16,6734.10986328125,0.30952380952380953,2601,0.045,in,6780.581873099609,0.022781079419701113,0.3228287866637777,0.03225808408296403,-0.15190392080913634
6320.0,507.19,2025-10-01 18:08:31,0,2025-12-19,6734.10986328125,0.30952380952380953,2512,0.045,in,6747.865867571911,0.038407124933270274,0.0826137083279876,0.002112507677336274,-0.06550707896698221
6335.0,501.42,2025-10-01 18:58:30,0,2025-12-19,6734.10986328125,0.30952380952380953,2512,0.045,in,6747.865867571911,0.038407124933270274,0.09979709931479099,0.0030826903193190793,-0.06313647335264579
6475.0,505.74,2025-11-12 20:10:03,0,2026-01-30,6734.10986328125,0.30952380952380953,2601,0.045,in,6780.581873099609,0.022781079419701113,0.20599935575952033,0.013134870225080631,-0.046114312675299106
6560.0,450.39,2025-10-29 18:39:28,0,2026-01-16,6734.10986328125,0.30952380952380953,2601,0.045,in,6780.581873099609,0.022781079419701113,0.20455380491649397,0.012951175437514189,-0.03307231730490291
6795.0,260.74,2025-11-12 17:16:34,0,2026-01-30,6734.10986328125,0.30952380952380953,2601,0.045,out,6780.581873099609,0.022781079419701113,0.163596937368054,0.008284082212159304,0.0021241273422065127
6845.0,229.2,2025-11-12 19:15:13,0,2026-01-30,6734.10986328125,0.30952380952380953,2601,0.045,out,6780.581873099609,0.022781079419701113,0.1585721343623204,0.0077830138893067455,0.009455538479511683
6865.0,228.9,2025-11-12 14:38:40,0,2026-01-30,6734.10986328125,0.30952380952380953,2601,0.045,out,6780.581873099609,0.022781079419701113,0.16450788116503964,0.008376594251198582,0.012373118959033797
6880.0,212.04,2025-11-12 18:22:20,0,2026-01-30,6734.10986328125,0.30952380952380953,2601,0.045,out,6780.581873099609,0.022781079419701113,0.15771462189762034,0.007699064892476703,0.01455573168435163
6895.0,200.17,2025-11-12 20:28:32,0,2026-01-30,6734.10986328125,0.30952380952380953,2601,0.045,out,6780.581873099609,0.022781079419701113,0.1541551171905267,0.007355461953055365,0.0167335909843646
6920.0,186.58,2025-11-12 20:48:32,0,2026-01-30,6734.10986328125,0.30952380952380953,2601,0.045,out,6780.581873099609,0.022781079419701113,0.15213931150852902,0.0071643526519466665,0.02035284936867766
6935.0,175.69,2025-11-12 20:18:41,0,2026-01-30,6734.10986328125,0.30952380952380953,2601,0.045,out,6780.581873099609,0.022781079419701113,0.14893748964667927,0.006865973468793121,0.022518133505894287
7065.0,110.88,2025-11-12 16:01:47,0,2026-01-30,6734.10986328125,0.30952380952380953,2601,0.045,out,6780.581873099609,0.022781079419701113,0.13611640224752555,0.005734756535488865,0.04109009587559017
7090.0,102.46,2025-11-12 20:28:32,0,2026-01-30,6734.10986328125,0.30952380952380953,2601,0.045,out,6780.581873099609,0.022781079419701113,0.13544318670388616,0.005678169969489262,0.04462242028313553
5100.0,1842.08,2025-10-28 17:07:13,0,2026-01-16,6734.10986328125,0.3134920634920635,2601,0.045,in,6780.581873099609,0.0230623315789454,0.5163139736179075,0.08357075170196807,-0.28482238053062053
5200.0,1746.54,2025-10-28 19:52:44,0,2026-01-16,6734.10986328125,0.3134920634920635,2601,0.045,in,6780.581873099609,0.0230623315789454,0.4956069586807032,0.07700188230923082,-0.26540429467351884
5675.0,1270.98,2025-10-28 14:40:17,0,2026-01-16,6734.10986328125,0.3134920634920635,2601,0.045,in,6780.581873099609,0.0230623315789454,0.37401912762142436,0.04385450126312942,-0.1779923568934342
5710.0,1179.01,2025-11-11 16:42:42,0,2026-01-30,6734.10986328125,0.3134920634920635,2601,0.045,in,6780.581873099609,0.0230623315789454,0.29900483609953,0.028027410590720777,-0.17184389659298174
6060.0,915.95,2025-10-28 17:01:11,0,2026-01-16,6734.10986328125,0.3134920634920635,2601,0.045,in,6780.581873099609,0.0230623315789454,0.30731574510308385,0.029607120666162,-0.11235312017967744
6300.0,658.34,2025-11-11 18:17:50,0,2026-01-30,6734.10986328125,0.3134920634920635,2601,0.045,in,6780.581873099609,0.0230623315789454,0.2314427989237997,0.016792443510797252,-0.07351328686341352
6455.0,549.84,2025-10-28 14:26:07,0,2026-01-16,6734.10986328125,0.3134920634920635,2601,0.045,in,6780.581873099609,0.0230623315789454,0.2278143463399612,0.016270042601055554,-0.049207895962294794
6855.0,226.55,2025-11-11 20:12:03,0,2026-01-30,6734.10986328125,0.3134920634920635,2601,0.045,out,6780.581873099609,0.0230623315789454,0.15850011716565737,0.00787563763563747,0.010915392753377053
6860.0,204.1,2025-11-11 16:25:19,0,2026-01-30,6734.10986328125,0.3134920634920635,2601,0.045,out,6780.581873099609,0.0230623315789454,0.14509573589971844,0.006599877117167407,0.01164452147689324
6910.0,189.38,2025-11-11 18:54:30,0,2026-01-30,6734.10986328125,0.3134920634920635,2601,0.045,out,6780.581873099609,0.0230623315789454,0.14990094257106437,0.007044258389332498,0.018906717518677906
6940.0,172.36,2025-11-11 20:42:29,0,2026-01-30,6734.10986328125,0.3134920634920635,2601,0.045,out,6780.581873099609,0.0230623315789454,0.14677113345660717,0.00675317255426523,0.023238854257812552
7020.0,90.11,2025-11-11 15:42:50,0,2026-01-30,6734.10986328125,0.3134920634920635,2601,0.045,out,6780.581873099609,0.0230623315789454,0.10981196530492386,0.0037802966278025966,0.034700297776819204
7035.0,125.78,2025-11-11 18:57:41,0,2026-01-30,6734.10986328125,0.3134920634920635,2601,0.045,out,6780.581873099609,0.0230623315789454,0.1387335437799427,0.006033780545276036,0.03683477030545174
7115.0,82.9,2025-11-11 14:36:32,0,2026-01-30,6734.10986328125,0.3134920634920635,2601,0.045,out,6780.581873099609,0.0230623315789454,0.12479282263676224,0.004882089833136434,0.04814231128091509
7120.0,91.01,2025-11-11 20:00:30,0,2026-01-30,6734.10986328125,0.3134920634920635,2601,0.045,out,6780.581873099609,0.0230623315789454,0.1320505746714528,0.005466472172277037,0.04884480516298384
7125.0,79.02,2025-11-11 17:05:42,0,2026-01-30,6734.10986328125,0.3134920634920635,2601,0.045,out,6780.581873099609,0.0230623315789454,0.12379364284462553,0.004804223867820134,0.0495468058938137
6260.0,690.27,2025-11-10 20:15:09,0,2026-01-30,6734.10986328125,0.31746031746031744,2601,0.045,in,6780.581873099609,0.023336552434208582,0.23235627999963818,0.017139505033419128,-0.0798827351488934
6315.0,648.74,2025-10-27 17:26:27,0,2026-01-16,6734.10986328125,0.31746031746031744,2601,0.045,in,6780.581873099609,0.023336552434208582,0.23007002820519837,0.016803878691536753,-0.0711351644584462
6405.0,576.6,2025-10-27 19:25:02,0,2026-01-16,6734.10986328125,0.31746031746031744,2601,0.045,in,6780.581873099609,0.023336552434208582,0.22134584870073984,0.0155536459482701,-0.056983984912203044
6490.0,487.4,2025-10-27 13:30:02,0,2026-01-16,6734.10986328125,0.31746031746031744,2601,0.045,in,6780.581873099609,0.023336552434208582,0.19576356570479234,0.012166150367445887,-0.0438003895449019
6520.0,439.42,2025-11-10 15:35:58,0,2026-01-30,6734.10986328125,0.31746031746031744,2601,0.045,in,6780.581873099609,0.023336552434208582,0.1742621746723206,0.009640414451278214,-0.039188544322339015
6525.0,435.32,2025-11-10 15:35:58,0,2026-01-30,6734.10986328125,0.31746031746031744,2601,0.045,in,6780.581873099609,0.023336552434208582,0.17363528412714072,0.009571178379019963,-0.03842196705214345
6740.0,262.1,2025-11-10 17:17:53,0,2026-01-30,6734.10986328125,0.31746031746031744,2601,0.045,out,6780.581873099609,0.023336552434208582,0.14253991939918148,0.006450040832484175,-0.006002995336684893
6925.0,154.43,2025-11-10 15:50:22,0,2026-01-30,6734.10986328125,0.31746031746031744,2601,0.045,out,6780.581873099609,0.023336552434208582,0.1294905120609284,0.0053231087980322046,0.021075131812501702
6995.0,117.38,2025-11-10 17:17:53,0,2026-01-30,6734.10986328125,0.31746031746031744,2601,0.045,out,6780.581873099609,0.023336552434208582,0.12224421027633339,0.004744014903518862,0.031132687856543953
7075.0,88.45,2025-11-10 17:35:44,0,2026-01-30,6734.10986328125,0.31746031746031744,2601,0.045,out,6780.581873099609,0.023336552434208582,0.11964411048483985,0.004544353388478909,0.04250452326840081
7095.0,82.5,2025-11-10 14:34:43,0,2026-01-30,6734.10986328125,0.31746031746031744,2601,0.045,out,6780.581873099609,0.023336552434208582,0.11935617980346205,0.004522507192786147,0.045327390351105425
6285.0,630.37,2025-10-24 18:06:46,0,2026-01-16,6734.10986328125,0.32936507936507936,2601,0.045,in,6780.581873099609,0.02411956861128538,0.18953294944056412,0.011831695756595527,-0.07589707821868981
6360.0,552.65,2025-10-24 13:34:38,0,2026-01-16,6734.10986328125,0.32936507936507936,2601,0.045,in,6780.581873099609,0.02411956861128538,0.17011136776238633,0.009531126300337927,-0.06403454290886978
6580.0,380.49,2025-10-24 19:20:51,0,2026-01-16,6734.10986328125,0.32936507936507936,2601,0.045,in,6780.581873099609,0.02411956861128538,0.15467893513481254,0.007880248241581279,-0.030028174923674683
6605.0,299.11,2025-11-07 14:43:49,0,2026-01-30,6734.10986328125,0.32936507936507936,2601,0.045,in,6780.581873099609,0.02411956861128538,0.10646782691224177,0.0037334843170454407,-0.026235982286611878
6640.0,292.6,2025-11-07 20:36:19,0,2026-01-30,6734.10986328125,0.32936507936507936,2601,0.045,in,6780.581873099609,0.02411956861128538,0.1189524947570807,0.004660415748974066,-0.020950956772558062
6665.0,253.93,2025-11-07 18:24:54,0,2026-01-30,6734.10986328125,0.32936507936507936,2601,0.045,in,6780.581873099609,0.02411956861128538,0.10269169036328542,0.003473346870565546,-0.017192966630228557
6720.0,221.7,2025-11-07 18:45:03,0,2026-01-30,6734.10986328125,0.32936507936507936,2601,0.045,in,6780.581873099609,0.02411956861128538,0.10392553013677837,0.0035573127483312125,-0.008974765725842337
6780.0,201.22,2025-11-07 20:18:21,0,2026-01-30,6734.10986328125,0.32936507936507936,2601,0.045,out,6780.581873099609,0.02411956861128538,0.1126496624193215,0.0041796252173989246,-8.581830859634043e-05
6955.0,113.5,2025-11-07 20:36:19,0,2026-01-30,6734.10986328125,0.32936507936507936,2601,0.045,out,6780.581873099609,0.02411956861128538,0.10680598004405405,0.0037572378649729458,0.02539790511450556
7105.0,50.92,2025-11-07 16:46:21,0,2026-01-30,6734.10986328125,0.32936507936507936,2601,0.045,out,6780.581873099609,0.02411956861128538,0.09374971095134488,0.0028947924174096795,0.046735841288163486
7135.0,44.79,2025-11-07 16:46:02,0,2026-01-30,6734.10986328125,0.32936507936507936,2601,0.045,out,6780.581873099609,0.02411956861128538,0.09396380047526012,0.0029080287753159646,0.05094933066789909
6345.0,532.3,2025-10-23 18:09:44,0,2026-01-16,6734.10986328125,0.3333333333333333,2601,0.045,in,6780.581873099609,0.024368145175436746,0.13811197362163394,0.006358305752554303,-0.0663958190945496
6495.0,394.83,2025-10-23 15:54:28,0,2026-01-16,6734.10986328125,0.3333333333333333,2601,0.045,in,6780.581873099609,0.024368145175436746,0.11841238282622336,0.004673830802194692,-0.04303027013833774
6625.0,318.44,2025-11-06 16:19:07,0,2026-01-30,6734.10986328125,0.3333333333333333,2601,0.045,in,6780.581873099609,0.024368145175436746,0.1293173659366107,0.005574327044261093,-0.02321254838861466
6760.0,232.13,2025-11-06 15:58:44,0,2026-01-30,6734.10986328125,0.3333333333333333,2601,0.045,out,6780.581873099609,0.024368145175436746,0.1247952291078838,0.00519128306936307,-0.003040030206027883
6770.0,238.91,2025-11-06 15:16:49,0,2026-01-30,6734.10986328125,0.3333333333333333,2601,0.045,out,6780.581873099609,0.024368145175436746,0.13272724006646458,0.005872173418553639,-0.0015618333367168932
6885.0,160.15,2025-11-06 19:49:19,0,2026-01-30,6734.10986328125,0.3333333333333333,2601,0.045,out,6780.581873099609,0.024368145175436746,0.11779486079309809,0.004625209743088452,0.015282211919717549
5250.0,1604.97,2025-11-05 16:30:21,0,2026-01-30,6734.10986328125,0.3373015873015873,2601,0.045,in,6780.581873099609,0.02461087287925514,0.3269546853951459,0.036057325935144054,-0.25583484365736814
5500.0,1394.07,2025-11-05 18:51:41,0,2026-01-30,6734.10986328125,0.3373015873015873,2601,0.045,in,6780.581873099609,0.02461087287925514,0.33449052638342347,0.0377386211921511,-0.2093148280224753
5950.0,918.92,2025-11-05 14:36:17,0,2026-01-30,6734.10986328125,0.3373015873015873,2601,0.045,in,6780.581873099609,0.02461087287925514,0.20550891626855858,0.014245566454760241,-0.1306717007033622
6050.0,867.78,2025-11-05 17:27:31,0,2026-01-30,6734.10986328125,0.3373015873015873,2601,0.045,in,6780.581873099609,0.02461087287925514,0.2402701608167166,0.01947233636986398,-0.11400464821815053
6075.0,844.98,2025-11-05 17:27:31,0,2026-01-30,6734.10986328125,0.3373015873015873,2601,0.045,in,6780.581873099609,0.02461087287925514,0.23688591877414295,0.018927657831924353,-0.10988093103428846
6240.0,696.36,2025-11-05 16:53:55,0,2026-01-30,6734.10986328125,0.3373015873015873,2601,0.045,in,6780.581873099609,0.02461087287925514,0.21470151619909855,0.01554850392835834,-0.08308273787956431
6535.0,349.0,2025-10-22 19:53:21,0,2026-01-16,6734.10986328125,0.3373015873015873,2601,0.045,in,6780.581873099609,0.02461087287925514,0.10325138634957243,0.00359592121652475,-0.03689057318471531
6635.0,343.98,2025-11-05 14:30:34,0,2026-01-30,6734.10986328125,0.3373015873015873,2601,0.045,in,6780.581873099609,0.02461087287925514,0.15028509459505285,0.007618161987629916,-0.02170425247672976
6680.0,307.0,2025-11-05 14:35:05,0,2026-01-30,6734.10986328125,0.3373015873015873,2601,0.045,in,6780.581873099609,0.02461087287925514,0.143380522902059,0.006934237379173684,-0.014944932712346171
6790.0,241.2,2025-11-05 13:47:46,0,2026-01-30,6734.10986328125,0.3373015873015873,2601,0.045,out,6780.581873099609,0.02461087287925514,0.1397364111335852,0.0065862400424683346,0.001388021309704194
6965.0,156.4,2025-11-05 17:32:14,0,2026-01-30,6734.10986328125,0.3373015873015873,2601,0.045,out,6780.581873099609,0.02461087287925514,0.1356046368805927,0.006202509885710236,0.026834686970868438
5810.0,1084.05,2025-11-04 15:03:41,0,2026-01-30,6734.10986328125,0.3412698412698413,2601,0.045,in,6780.581873099609,0.02484795575275217,0.2640203288574509,0.023788806064681357,-0.15448234939708075
6465.0,433.0,2025-10-21 17:31:57,0,2026-01-16,6734.10986328125,0.3412698412698413,2601,0.045,in,6780.581873099609,0.02484795575275217,0.12908965613822804,0.005686968181278541,-0.04765990803707972
6530.0,384.8,2025-10-21 18:15:03,0,2026-01-16,6734.10986328125,0.3412698412698413,2601,0.045,in,6780.581873099609,0.02484795575275217,0.12837594105266978,0.005624257431506488,-0.03765597697256082
6125.0,826.55,2025-11-03 15:16:42,0,2026-01-30,6734.10986328125,0.34523809523809523,2601,0.045,in,6780.581873099609,0.02507958844524927,0.2506010404494636,0.02168125669947925,-0.10168416383010995
6150.0,812.57,2025-11-03 14:50:58,0,2026-01-30,6734.10986328125,0.34523809523809523,2601,0.045,in,6780.581873099609,0.02507958844524927,0.2543951731444013,0.022342740707808662,-0.09761083844247401
6155.0,808.02,2025-11-03 14:50:58,0,2026-01-30,6734.10986328125,0.34523809523809523,2601,0.045,in,6780.581873099609,0.02507958844524927,0.25360194384643314,0.022203624187595156,-0.09679816062448375
6175.0,782.81,2025-11-03 15:06:19,0,2026-01-30,6734.10986328125,0.34523809523809523,2601,0.045,in,6780.581873099609,0.02507958844524927,0.2444086438112155,0.020622999641898697,-0.09355403774685962
6200.0,762.2,2025-11-03 15:08:52,0,2026-01-30,6734.10986328125,0.34523809523809523,2601,0.045,in,6780.581873099609,0.02507958844524927,0.24226750336916947,0.02026324705325221,-0.08951362820985465
6400.0,600.57,2025-11-03 18:15:06,0,2026-01-30,6734.10986328125,0.34523809523809523,2601,0.045,in,6780.581873099609,0.02507958844524927,0.22372932597375542,0.01728082771094591,-0.05776492989527437
6470.0,430.89,2025-10-20 18:49:10,0,2026-01-16,6734.10986328125,0.34523809523809523,2601,0.045,in,6780.581873099609,0.02507958844524927,0.12899731997233874,0.0057448684314444325,-0.0468868117480914
6010.0,829.27,2025-10-03 16:50:04,0,2025-12-31,6734.10986328125,0.3492063492063492,2512,0.045,in,6747.865867571911,0.03915631528176229,0.13594014582214722,0.006453236689130577,-0.11580153857863204
5100.0,1824.51,2025-10-31 15:20:02,0,2026-01-30,6734.10986328125,0.35714285714285715,2601,0.045,in,6780.581873099609,0.025743602163740963,0.4513508215871185,0.07275627290977388,-0.28482238053062053
6030.0,938.44,2025-10-31 15:20:40,0,2026-01-30,6734.10986328125,0.35714285714285715,2601,0.045,in,6780.581873099609,0.025743602163740963,0.2810368542327627,0.028207754798945398,-0.1173159095218065
6100.0,868.3,2025-10-31 15:36:55,0,2026-01-30,6734.10986328125,0.35714285714285715,2601,0.045,in,6780.581873099609,0.025743602163740963,0.2646031648818478,0.025005298166246553,-0.10577414908163506
6340.0,645.1,2025-10-31 19:57:47,0,2026-01-30,6734.10986328125,0.35714285714285715,2601,0.045,in,6780.581873099609,0.025743602163740963,0.221405304421802,0.017507253152182434,-0.06718415181176596
6425.0,435.6,2025-10-01 18:15:10,0,2025-12-31,6734.10986328125,0.35714285714285715,2512,0.045,in,6747.865867571911,0.03928617494216757,0.09401414899637581,0.0031566643612545536,-0.049029656344464684
6475.0,368.5,2025-10-17 15:27:26,0,2026-01-16,6734.10986328125,0.35714285714285715,2601,0.045,in,6780.581873099609,0.025743602163740963,0.059823239655653365,0.0012781500010349064,-0.046114312675299106
6500.0,509.0,2025-10-31 15:51:02,0,2026-01-30,6734.10986328125,0.35714285714285715,2601,0.045,in,6780.581873099609,0.025743602163740963,0.1991271211965754,0.014161289427155582,-0.04226074335930913
6510.0,363.5,2025-10-17 16:08:09,0,2026-01-16,6734.10986328125,0.35714285714285715,2601,0.045,in,6780.581873099609,0.025743602163740963,0.09186990403547082,0.0030143140241023635,-0.0407234640404227
6480.0,363.0,2025-10-16 19:21:45,0,2026-01-16,6734.10986328125,0.3611111111111111,2601,0.045,in,6780.581873099609,0.02595521093117238,0.05507689074395975,0.0010954175172857507,-0.04534240989671729
6755.0,308.3,2025-10-30 20:02:01,0,2026-01-30,6734.10986328125,0.3611111111111111,2601,0.045,out,6780.581873099609,0.02595521093117238,0.16339717029570985,0.00964117384412188,-0.003779948848738359
5325.0,1655.86,2025-10-29 14:02:31,0,2026-01-30,6734.10986328125,0.36507936507936506,2601,0.045,in,6780.581873099609,0.026162219508007463,0.45608003770014877,0.07593979393868397,-0.2416502086654117
6470.0,579.62,2025-10-29 20:01:35,0,2026-01-30,6734.10986328125,0.36507936507936506,2601,0.045,in,6780.581873099609,0.026162219508007463,0.23178188969031976,0.019613101919580284,-0.0468868117480914
7080.0,132.04,2025-10-28 16:27:50,0,2026-01-30,6734.10986328125,0.36904761904761907,2601,0.045,out,6780.581873099609,0.026364776287491256,0.1377922825091764,0.007007001270139871,0.04321098744472792
6540.0,478.7,2025-10-27 16:49:10,0,2026-01-30,6734.10986328125,0.373015873015873,2601,0.045,in,6780.581873099609,0.026563023348262625,0.18933953993876618,0.013372418135385006,-0.0361257547917932
5800.0,1059.32,2025-11-14 17:59:57,0,2026-02-20,6734.10986328125,0.38492063492063494,2602,0.045,in,6832.645316706247,0.007261644583705179,0.18939727568722597,0.013807614363734441,-0.16385398949470664
6010.0,849.05,2025-10-10 14:04:26,0,2026-01-16,6734.10986328125,0.38492063492063494,2601,0.045,in,6780.581873099609,0.02713323912099677,0.15108228997907813,0.008786143886889915,-0.1206381717137843
6090.0,797.52,2025-11-14 16:50:02,0,2026-02-20,6734.10986328125,0.38492063492063494,2602,0.045,in,6832.645316706247,0.007261644583705179,0.1752391555650168,0.01182043602930395,-0.11506382532527469
6075.0,794.58,2025-10-10 14:10:55,0,2026-01-16,6734.10986328125,0.38492063492063494,2601,0.045,in,6780.581873099609,0.02713323912099677,0.1555645797761191,0.009315209653370201,-0.10988093103428846
6110.0,758.58,2025-10-10 14:03:51,0,2026-01-16,6734.10986328125,0.38492063492063494,2601,0.045,in,6780.581873099609,0.02713323912099677,0.1478582897047738,0.00841516334102706,-0.10413614707739657
6120.0,749.83,2025-10-10 14:04:49,0,2026-01-16,6734.10986328125,0.38492063492063494,2601,0.045,in,6780.581873099609,0.02713323912099677,0.14777190364716225,0.008405333112016277,-0.10250082373666584
6420.0,517.98,2025-11-14 16:42:57,0,2026-02-20,6734.10986328125,0.38492063492063494,2602,0.045,in,6832.645316706247,0.007261644583705179,0.1554333598012923,0.009299501372597005,-0.06229378934521054
6470.0,477.63,2025-11-14 16:44:15,0,2026-02-20,6734.10986328125,0.38492063492063494,2602,0.045,in,6832.645316706247,0.007261644583705179,0.15179574526025508,0.00886932136140586,-0.05453579853427115
6480.0,432.6,2025-11-14 15:00:21,0,2026-02-20,6734.10986328125,0.38492063492063494,2602,0.045,in,6832.645316706247,0.007261644583705179,0.12260910880353308,0.005786509426487585,-0.05299139668289695
6490.0,451.54,2025-11-14 18:24:44,0,2026-02-20,6734.10986328125,0.38492063492063494,2602,0.045,in,6832.645316706247,0.007261644583705179,0.14282410513503307,0.007851890181505672,-0.051449376331081695
6460.0,501.87,2025-10-24 15:39:02,0,2026-01-30,6734.10986328125,0.38492063492063494,2601,0.045,in,6780.581873099609,0.02713323912099677,0.16454287415896313,0.010421478854522858,-0.04843360246639009
6525.0,430.65,2025-11-14 18:32:53,0,2026-02-20,6734.10986328125,0.38492063492063494,2602,0.045,in,6832.645316706247,0.007261644583705179,0.1452142142420431,0.00811688610214126,-0.0460709538383232
6480.0,485.33,2025-10-24 15:39:02,0,2026-01-30,6734.10986328125,0.38492063492063494,2601,0.045,in,6780.581873099609,0.02713323912099677,0.16247663851195498,0.010161388222333397,-0.04534240989671729
6550.0,360.39,2025-11-14 14:30:03,0,2026-02-20,6734.10986328125,0.38492063492063494,2602,0.045,in,6832.645316706247,0.007261644583705179,0.10627628429211572,0.00434754331144859,-0.0422468573999197
6510.0,459.43,2025-10-24 18:07:02,0,2026-01-30,6734.10986328125,0.38492063492063494,2601,0.045,in,6780.581873099609,0.02713323912099677,0.1584533945746854,0.009664386470108617,-0.0407234640404227
6570.0,403.21,2025-11-14 16:51:46,0,2026-02-20,6734.10986328125,0.38492063492063494,2602,0.045,in,6832.645316706247,0.007261644583705179,0.14691954117118353,0.008308647234370064,-0.0391980745505612
6630.0,349.8,2025-11-14 17:51:58,0,2026-02-20,6734.10986328125,0.38492063492063494,2602,0.045,in,6832.645316706247,0.007261644583705179,0.13675455384570215,0.007198711808575769,-0.03010710284930913
6700.0,257.32,2025-11-14 14:35:42,0,2026-02-20,6734.10986328125,0.38492063492063494,2602,0.045,in,6832.645316706247,0.007261644583705179,0.10472318483622955,0.004221403602768178,-0.01960438065015998
6730.0,289.9,2025-11-14 16:54:11,0,2026-02-20,6734.10986328125,0.38492063492063494,2602,0.045,in,6832.645316706247,0.007261644583705179,0.1362544472863996,0.0071461572115724525,-0.015136763390443826
6740.0,284.8,2025-11-14 17:24:15,0,2026-02-20,6734.10986328125,0.38492063492063494,2602,0.045,out,6832.645316706247,0.007261644583705179,0.1365277567499742,0.007174854568366954,-0.013651982122864642
6750.0,260.45,2025-11-14 20:47:49,0,2026-02-20,6734.10986328125,0.38492063492063494,2602,0.045,out,6832.645316706247,0.007261644583705179,0.12491146095139263,0.0060058678113892655,-0.012169402162641898
6770.0,229.8,2025-11-14 15:09:04,0,2026-02-20,6734.10986328125,0.38492063492063494,2602,0.045,out,6832.645316706247,0.007261644583705179,0.11281437915261372,0.004898917309238887,-0.009210820122896703
6775.0,229.8,2025-11-14 15:07:17,0,2026-02-20,6734.10986328125,0.38492063492063494,2602,0.045,out,6832.645316706247,0.007261644583705179,0.11447374834156152,0.0050440920188833905,-0.008472540281315697
6785.0,243.1,2025-11-14 18:22:33,0,2026-02-20,6734.10986328125,0.38492063492063494,2602,0.045,out,6832.645316706247,0.007261644583705179,0.1258267447876068,0.006094205798702449,-0.006997613760247875
6745.0,280.01,2025-10-24 15:49:11,0,2026-01-30,6734.10986328125,0.38492063492063494,2601,0.045,out,6780.581873099609,0.02713323912099677,0.13526844699290042,0.007043105622744039,-0.005261430601181311
6800.0,239.08,2025-11-14 18:30:52,0,2026-02-20,6734.10986328125,0.38492063492063494,2602,0.045,out,6832.645316706247,0.007261644583705179,0.12811303991436437,0.006317683518339894,-0.0047892948650193334
6810.0,206.8,2025-11-14 15:09:04,0,2026-02-20,6734.10986328125,0.38492063492063494,2602,0.045,out,6832.645316706247,0.007261644583705179,0.11168679187678407,0.004801476704498507,-0.003319786885659283
6820.0,217.28,2025-11-14 20:54:02,0,2026-02-20,6734.10986328125,0.38492063492063494,2602,0.045,out,6832.645316706247,0.007261644583705179,0.12107112349307926,0.005642250172841332,-0.0018524351917095939
6825.0,224.09,2025-11-14 18:32:53,0,2026-02-20,6734.10986328125,0.38492063492063494,2602,0.045,out,6832.645316706247,0.007261644583705179,0.1266762187814255,0.006176769235165392,-0.001119565976056862
6830.0,220.5,2025-11-14 18:54:02,0,2026-02-20,6734.10986328125,0.38492063492063494,2602,0.045,out,6832.645316706247,0.007261644583705179,0.12600124363086715,0.006111120632789438,-0.0003872334643815626
6835.0,210.45,2025-11-14 20:31:37,0,2026-02-20,6734.10986328125,0.38492063492063494,2602,0.045,out,6832.645316706247,0.007261644583705179,0.12143088951876749,0.00567583218311093,0.0003445631288326586
6845.0,204.43,2025-11-14 20:22:23,0,2026-02-20,6734.10986328125,0.38492063492063494,2602,0.045,out,6832.645316706247,0.007261644583705179,0.12073159246781238,0.005610648371912505,0.0018065516933318323
6850.0,200.7,2025-11-14 20:51:48,0,2026-02-20,6734.10986328125,0.38492063492063494,2602,0.045,out,6832.645316706247,0.007261644583705179,0.11993296145066586,0.0055366657877210694,0.002536745227053687
6855.0,211.6,2025-11-14 17:36:55,0,2026-02-20,6734.10986328125,0.38492063492063494,2602,0.045,out,6832.645316706247,0.007261644583705179,0.12790543436443264,0.006297224657045857,0.003266405967197401
6875.0,199.8,2025-11-14 17:39:46,0,2026-02-20,6734.10986328125,0.38492063492063494,2602,0.045,out,6832.645316706247,0.007261644583705179,0.1264216685825385,0.006151970293086274,0.006179736505554591
6900.0,171.47,2025-11-14 20:48:51,0,2026-02-20,6734.10986328125,0.38492063492063494,2602,0.045,out,6832.645316706247,0.007261644583705179,0.11616018301946429,0.005193806537913483,0.009809504556133357
6910.0,169.0,2025-11-14 20:51:48,0,2026-02-20,6734.10986328125,0.38492063492063494,2602,0.045,out,6832.645316706247,0.007261644583705179,0.11729404802599026,0.005295697179068894,0.011257730732498254
6935.0,159.58,2025-11-14 04:48:31,0,2026-02-20,6734.10986328125,0.38492063492063494,2602,0.045,out,6832.645316706247,0.007261644583705179,0.11798049247682028,0.005357862978936848,0.014869146719714692
6965.0,143.12,2025-11-14 15:53:42,0,2026-02-20,6734.10986328125,0.38492063492063494,2602,0.045,out,6832.645316706247,0.007261644583705179,0.11528563516812294,0.005115894581680167,0.01918570018468878
6970.0,140.82,2025-11-14 15:53:42,0,2026-02-20,6734.10986328125,0.38492063492063494,2602,0.045,out,6832.645316706247,0.007261644583705179,0.11506158631495401,0.005096029200775478,0.0199033177253522
7000.0,114.3,2025-11-14 15:14:04,0,2026-02-20,6734.10986328125,0.38492063492063494,2602,0.045,out,6832.645316706247,0.007261644583705179,0.10550876484758158,0.004284974792012857,0.024198242008232968
7025.0,106.2,2025-11-14 15:05:47,0,2026-02-20,6734.10986328125,0.38492063492063494,2602,0.045,out,6832.645316706247,0.007261644583705179,0.10581818667379067,0.004310144433333863,0.027763308172729182
7030.0,104.88,2025-11-14 11:36:20,0,2026-02-20,6734.10986328125,0.38492063492063494,2602,0.045,out,6832.645316706247,0.007261644583705179,0.10603556989269222,0.004327871357140467,0.02847479877549318
7040.0,115.3,2025-11-14 18:07:41,0,2026-02-20,6734.10986328125,0.38492063492063494,2602,0.045,out,6832.645316706247,0.007261644583705179,0.11480054514211574,0.005072932623007597,0.02989626312287074
7050.0,115.48,2025-11-14 17:45:22,0,2026-02-20,6734.10986328125,0.38492063492063494,2602,0.045,out,6832.645316706247,0.007261644583705179,0.11702406144505875,0.005271346043009517,0.03131570977709706
7060.0,109.3,2025-11-14 19:00:51,0,2026-02-20,6734.10986328125,0.38492063492063494,2602,0.045,out,6832.645316706247,0.007261644583705179,0.11513283220497132,0.005102342055552357,0.03273314445807033
7075.0,100.9,2025-11-14 19:10:38,0,2026-02-20,6734.10986328125,0.38492063492063494,2602,0.045,out,6832.645316706247,0.007261644583705179,0.11271470511578977,0.004890264526531453,0.034855536482220936
7100.0,91.2,2025-11-14 18:10:52,0,2026-02-20,6734.10986328125,0.38492063492063494,2602,0.045,out,6832.645316706247,0.007261644583705179,0.1111820082281693,0.0047581729305711295,0.03838287700018941
5950.0,974.19,2025-11-13 15:12:20,0,2026-02-20,6734.10986328125,0.3888888888888889,2602,0.045,in,6832.645316706247,0.007646729843055124,0.24007257281443878,0.022413548973567114,-0.1383206874895419
6100.0,825.67,2025-11-13 14:42:33,0,2026-02-20,6734.10986328125,0.3888888888888889,2602,0.045,in,6832.645316706247,0.007646729843055124,0.2105279338290519,0.01723633758090598,-0.11342313586781472
6250.0,697.61,2025-11-13 14:57:44,0,2026-02-20,6734.10986328125,0.3888888888888889,2602,0.045,in,6832.645316706247,0.007646729843055124,0.198250443982721,0.015284592765301218,-0.08913044329877014
6375.0,546.14,2025-11-13 19:44:58,0,2026-02-20,6734.10986328125,0.3888888888888889,2602,0.045,in,6832.645316706247,0.007646729843055124,0.1499217360303177,0.008740871585578323,-0.06932781600259047
6400.0,526.42,2025-11-13 18:31:15,0,2026-02-20,6734.10986328125,0.3888888888888889,2602,0.045,in,6832.645316706247,0.007646729843055124,0.14906799997575712,0.008641604462078126,-0.06541391668145409
6560.0,400.16,2025-11-13 19:02:16,0,2026-02-20,6734.10986328125,0.3888888888888889,2602,0.045,in,6832.645316706247,0.007646729843055124,0.13903982255979044,0.00751802810012256,-0.04072130409108262
6575.0,393.4,2025-11-13 21:04:26,0,2026-02-20,6734.10986328125,0.3888888888888889,2602,0.045,in,6832.645316706247,0.007646729843055124,0.14119337241003327,0.007752721049312689,-0.038437328983252056
6600.0,420.73,2025-11-13 15:14:00,0,2026-02-20,6734.10986328125,0.3888888888888889,2602,0.045,in,6832.645316706247,0.007646729843055124,0.16975310690721584,0.011206267840698255,-0.0346422580147005
6610.0,383.08,2025-11-13 16:23:06,0,2026-02-20,6734.10986328125,0.3888888888888889,2602,0.045,in,6832.645316706247,0.007646729843055124,0.1492116221536811,0.008658264294451682,-0.033128253183485376
6650.0,334.1,2025-11-13 19:47:59,0,2026-02-20,6734.10986328125,0.3888888888888889,2602,0.045,in,6832.645316706247,0.007646729843055124,0.13342089687700093,0.006922663892457956,-0.027095052379317586
6675.0,366.9,2025-11-13 14:20:42,0,2026-02-20,6734.10986328125,0.3888888888888889,2602,0.045,in,6832.645316706247,0.007646729843055124,0.16366250116618747,0.010416550000878122,-0.023342702760767074
6725.0,307.16,2025-11-13 16:00:20,0,2026-02-20,6734.10986328125,0.3888888888888889,2602,0.045,in,6832.645316706247,0.007646729843055124,0.14407069630965488,0.008071919930335647,-0.015879981559177494
6885.0,194.2,2025-11-13 15:47:38,0,2026-02-20,6734.10986328125,0.3888888888888889,2602,0.045,out,6832.645316706247,0.007646729843055124,0.12481931555086648,0.006058835041228191,0.007633225133537836
6920.0,169.72,2025-11-13 20:17:28,0,2026-02-20,6734.10986328125,0.3888888888888889,2602,0.045,out,6832.645316706247,0.007646729843055124,0.11937720867362746,0.005542023647497087,0.012703862582497989
6945.0,165.5,2025-11-13 18:00:45,0,2026-02-20,6734.10986328125,0.3888888888888889,2602,0.045,out,6832.645316706247,0.007646729843055124,0.12310860009531416,0.005893893995666439,0.016310069159226715
6975.0,164.4,2025-11-13 14:45:07,0,2026-02-20,6734.10986328125,0.3888888888888889,2602,0.045,out,6832.645316706247,0.007646729843055124,0.12969142644255235,0.006541059036051544,0.020620420660348936
6980.0,153.67,2025-11-13 16:32:02,0,2026-02-20,6734.10986328125,0.3888888888888889,2602,0.045,out,6832.645316706247,0.007646729843055124,0.12435102776909258,0.006013458152811525,0.021337009727200856
6990.0,151.4,2025-11-13 16:23:49,0,2026-02-20,6734.10986328125,0.3888888888888889,2602,0.045,out,6832.645316706247,0.007646729843055124,0.1252928368892577,0.00610489249057261,0.022768649198638486
7090.0,109.1,2025-11-13 15:47:25,0,2026-02-20,6734.10986328125,0.3888888888888889,2602,0.045,out,6832.645316706247,0.007646729843055124,0.12022245145357573,0.005620781379697312,0.036973433496955734
6090.0,761.35,2025-10-22 15:00:32,0,2026-01-30,6734.10986328125,0.39285714285714285,2601,0.045,in,6780.581873099609,0.027494183785219055,0.11703041312858699,0.005380617627411614,-0.10741483853909495
6175.0,803.08,2025-11-12 17:46:35,0,2026-02-20,6734.10986328125,0.39285714285714285,2602,0.045,in,6832.645316706247,0.008024035602216179,0.23771276040288195,0.022199318608640627,-0.10120302453303943
6320.0,669.94,2025-11-12 15:48:51,0,2026-02-20,6734.10986328125,0.39285714285714285,2602,0.045,in,6832.645316706247,0.008024035602216179,0.2141041446587045,0.018008801155728216,-0.07799269888831431
6380.0,522.23,2025-10-22 14:03:09,0,2026-01-30,6734.10986328125,0.39285714285714285,2601,0.045,in,6780.581873099609,0.027494183785219055,0.13108182863280451,0.006750246563389972,-0.060894822904202096
6420.0,466.57,2025-10-22 16:16:23,0,2026-01-30,6734.10986328125,0.39285714285714285,2601,0.045,in,6780.581873099609,0.027494183785219055,0.10881640400375814,0.004651825270835722,-0.054644802559030786
6580.0,361.44,2025-10-22 14:20:08,0,2026-01-30,6734.10986328125,0.39285714285714285,2601,0.045,in,6780.581873099609,0.027494183785219055,0.1202127885022214,0.005677223561224212,-0.030028174923674683
6680.0,390.82,2025-11-12 14:30:07,0,2026-02-20,6734.10986328125,0.39285714285714285,2602,0.045,in,6832.645316706247,0.008024035602216179,0.1790146163707337,0.012589591486356091,-0.02259391949852591
6720.0,355.03,2025-11-12 14:59:19,0,2026-02-20,6734.10986328125,0.39285714285714285,2602,0.045,in,6832.645316706247,0.008024035602216179,0.17055943932432846,0.011428419491747218,-0.016623752512022156
6705.0,246.79,2025-10-22 16:52:28,0,2026-01-30,6734.10986328125,0.39285714285714285,2601,0.045,in,6780.581873099609,0.027494183785219055,0.09795409095670918,0.003769465831668136,-0.011209403527258686
6805.0,214.2,2025-11-12 16:40:28,0,2026-02-20,6734.10986328125,0.39285714285714285,2602,0.045,out,6832.645316706247,0.008024035602216179,0.1126931995532858,0.004989190338611559,-0.004054270943650921
6890.0,235.1,2025-11-12 19:40:51,0,2026-02-20,6734.10986328125,0.39285714285714285,2602,0.045,out,6832.645316706247,0.008024035602216179,0.14949147509527966,0.008779454013849601,0.008359177978486794
6925.0,149.61,2025-11-12 17:36:49,0,2026-02-20,6734.10986328125,0.39285714285714285,2602,0.045,out,6832.645316706247,0.008024035602216179,0.1077124472535827,0.004557917293818364,0.01342614502632191
6940.0,208.7,2025-11-12 20:47:34,0,2026-02-20,6734.10986328125,0.39285714285714285,2602,0.045,out,6832.645316706247,0.008024035602216179,0.1467536336766352,0.008460818534652012,0.015589867471632837
6960.0,196.0,2025-11-12 17:50:24,0,2026-02-20,6734.10986328125,0.39285714285714285,2602,0.045,out,6832.645316706247,0.008024035602216179,0.1441158908073728,0.008159403207686737,0.018467567299247898
7080.0,138.82,2025-11-12 14:48:39,0,2026-02-20,6734.10986328125,0.39285714285714285,2602,0.045,out,6832.645316706247,0.008024035602216179,0.13626253806080948,0.0072943668595181815,0.03556200065854815
7125.0,120.4,2025-11-12 14:56:04,0,2026-02-20,6734.10986328125,0.39285714285714285,2602,0.045,out,6832.645316706247,0.008024035602216179,0.13358326924016742,0.00701033528677863,0.041897819107633946
7130.0,114.4,2025-11-12 17:08:51,0,2026-02-20,6734.10986328125,0.39285714285714285,2602,0.045,out,6832.645316706247,0.008024035602216179,0.13064595542651225,0.0067054293700845894,0.04259932737912422
6500.0,523.68,2025-11-11 20:54:40,0,2026-02-20,6734.10986328125,0.3968253968253968,2602,0.045,in,6832.645316706247,0.008393795246194019,0.19379001688896513,0.014902607399137058,-0.04990973014548883
6510.0,515.48,2025-11-11 20:54:40,0,2026-02-20,6734.10986328125,0.3968253968253968,2602,0.045,in,6832.645316706247,0.008393795246194019,0.19254310505936248,0.014711447343611388,-0.04837245082660242
6530.0,463.6,2025-11-11 15:19:30,0,2026-02-20,6734.10986328125,0.3968253968253968,2602,0.045,in,6832.645316706247,0.008393795246194019,0.16635675728145843,0.01098197249730241,-0.04530496375874058
6490.0,439.4,2025-10-21 18:25:07,0,2026-01-30,6734.10986328125,0.3968253968253968,2601,0.045,in,6780.581873099609,0.027669241947366866,0.12975915134168625,0.0066815227606804115,-0.0438003895449019
6540.0,459.08,2025-11-11 15:26:36,0,2026-02-20,6734.10986328125,0.3968253968253968,2602,0.045,in,6832.645316706247,0.008393795246194019,0.16765202650874278,0.01115365158432071,-0.04377474157797299
6530.0,402.04,2025-10-21 14:18:26,0,2026-01-30,6734.10986328125,0.3968253968253968,2601,0.045,in,6780.581873099609,0.027669241947366866,0.12322139814088177,0.006025203555473691,-0.03765597697256082
6535.0,402.91,2025-10-21 14:22:46,0,2026-01-30,6734.10986328125,0.3968253968253968,2601,0.045,in,6780.581873099609,0.027669241947366866,0.1264335718068484,0.006343431777713288,-0.03689057318471531
6595.0,429.9,2025-11-11 17:44:04,0,2026-02-20,6734.10986328125,0.3968253968253968,2602,0.045,in,6832.645316706247,0.008393795246194019,0.17106431482300177,0.01161230151026312,-0.03540012087780236
6620.0,393.79,2025-11-11 15:47:50,0,2026-02-20,6734.10986328125,0.3968253968253968,2602,0.045,in,6832.645316706247,0.008393795246194019,0.15764638680627813,0.009862056854394707,-0.0316165370981635
6660.0,379.4,2025-11-11 17:25:52,0,2026-02-20,6734.10986328125,0.3968253968253968,2602,0.045,in,6832.645316706247,0.008393795246194019,0.1635653024381142,0.010616511175266574,-0.02559242249478252
6710.0,357.12,2025-11-11 18:19:04,0,2026-02-20,6734.10986328125,0.3968253968253968,2602,0.045,in,6832.645316706247,0.008393795246194019,0.16725021050554284,0.011100251156408092,-0.018112956063489862
6780.0,282.2,2025-11-11 15:54:56,0,2026-02-20,6734.10986328125,0.3968253968253968,2602,0.045,out,6832.645316706247,0.008393795246194019,0.14464306282513634,0.008302228421998547,-0.007734805094776059
6815.0,267.5,2025-11-11 17:08:12,0,2026-02-20,6734.10986328125,0.3968253968253968,2602,0.045,out,6832.645316706247,0.008393795246194019,0.1465115457982321,0.008518108354042644,-0.0025858418985844223
6895.0,234.3,2025-11-11 20:54:59,0,2026-02-20,6734.10986328125,0.3968253968253968,2602,0.045,out,6832.645316706247,0.008393795246194019,0.1492716887367223,0.008842078197743217,0.00908460419818487
6905.0,205.8,2025-11-11 16:08:39,0,2026-02-20,6734.10986328125,0.3968253968253968,2602,0.045,out,6832.645316706247,0.008393795246194019,0.13505640989584042,0.007238188037283039,0.010533879814175242
6915.0,199.2,2025-11-11 15:49:56,0,2026-02-20,6734.10986328125,0.3968253968253968,2602,0.045,out,6832.645316706247,0.008393795246194019,0.1337430538323535,0.007098097003334842,0.01198105806964118
6930.0,212.81,2025-11-11 20:48:42,0,2026-02-20,6734.10986328125,0.3968253968253968,2602,0.045,out,6832.645316706247,0.008393795246194019,0.1456301945463491,0.008415933953812495,0.014147906154731502
6985.0,182.3,2025-11-11 20:00:17,0,2026-02-20,6734.10986328125,0.3968253968253968,2602,0.045,out,6832.645316706247,0.008393795246194019,0.14088601794913966,0.007876535735541786,0.022053085661844815
7015.0,106.06,2025-10-21 15:05:16,0,2026-01-30,6734.10986328125,0.3968253968253968,2601,0.045,out,6780.581873099609,0.027669241947366866,0.10122547201763255,0.004066109597298614,0.03398779329352367
6075.0,880.8,2025-11-10 20:39:27,0,2026-02-20,6734.10986328125,0.4007936507936508,2602,0.045,in,6832.645316706247,0.008756232917023786,0.23727350361685398,0.022564167727699758,-0.11752991782046819
6240.0,694.91,2025-11-10 17:23:25,0,2026-02-20,6734.10986328125,0.4007936507936508,2602,0.045,in,6832.645316706247,0.008756232917023786,0.1847032651589475,0.013673194096023904,-0.09073172466574404
6425.0,572.45,2025-11-10 20:17:23,0,2026-02-20,6734.10986328125,0.4007936507936508,2602,0.045,in,6832.645316706247,0.008756232917023786,0.19220497725922353,0.014806420958750328,-0.06151527626579682
6520.0,470.24,2025-11-10 15:20:48,0,2026-02-20,6734.10986328125,0.4007936507936508,2602,0.045,in,6832.645316706247,0.008756232917023786,0.16510571705072669,0.010925593960659908,-0.04683753110851876
6610.0,332.15,2025-10-20 14:19:37,0,2026-01-30,6734.10986328125,0.4007936507936508,2601,0.045,in,6780.581873099609,0.027840833611254324,0.11171654429972448,0.00500213973530755,-0.02547926639730567
6690.0,339.25,2025-11-10 17:40:29,0,2026-02-20,6734.10986328125,0.4007936507936508,2602,0.045,in,6832.645316706247,0.008756232917023786,0.14819919858265268,0.008802631938549972,-0.021098032906943228
6735.0,293.7,2025-11-10 16:32:07,0,2026-02-20,6734.10986328125,0.4007936507936508,2602,0.045,out,6832.645316706247,0.008756232917023786,0.1359004064571056,0.007402226063475625,-0.014394097184753034
6760.0,279.15,2025-11-10 16:57:11,0,2026-02-20,6734.10986328125,0.4007936507936508,2602,0.045,out,6832.645316706247,0.008756232917023786,0.13537620199233696,0.007345231439098698,-0.010689016992207562
6840.0,250.0,2025-11-10 18:34:01,0,2026-02-20,6734.10986328125,0.4007936507936508,2602,0.045,out,6832.645316706247,0.008756232917023786,0.14234785287603674,0.008121246162937294,0.0010758245873787918
6880.0,238.6,2025-11-10 20:14:18,0,2026-02-20,6734.10986328125,0.4007936507936508,2602,0.045,out,6832.645316706247,0.008756232917023786,0.14672981403312316,0.008628942345022561,0.006906744898172038
6950.0,164.5,2025-11-10 16:39:38,0,2026-02-20,6734.10986328125,0.4007936507936508,2602,0.045,out,6832.645316706247,0.008756232917023786,0.12098260054719868,0.0058663323537756626,0.017029752529620534
7070.0,122.09,2025-11-10 15:14:25,0,2026-02-20,6734.10986328125,0.4007936507936508,2602,0.045,out,6832.645316706247,0.008756232917023786,0.12189075049501405,0.005954733574127042,0.03414857286140108
7120.0,112.7,2025-11-10 20:03:08,0,2026-02-20,6734.10986328125,0.4007936507936508,2602,0.045,out,6832.645316706247,0.008756232917023786,0.12583659515605394,0.006346506812410041,0.041195818376804194
6000.0,872.0,2025-11-14 16:15:15,0,2026-02-27,6734.10986328125,0.4126984126984127,2602,0.045,in,6832.645316706247,0.009801726198263479,0.15745990344507224,0.010232288111368544,-0.12995243781902527
6225.0,625.74,2025-11-14 14:36:35,0,2026-02-27,6734.10986328125,0.4126984126984127,2602,0.045,in,6832.645316706247,0.009801726198263479,0.072950370458496,0.0021962804809655075,-0.09313846469630901
6200.0,666.48,2025-10-03 18:22:12,0,2026-01-16,6734.10986328125,0.4126984126984127,2601,0.045,in,6780.581873099609,0.02833580956477583,0.11464930420636632,0.005424698997303207,-0.08951362820985465
6250.0,659.05,2025-11-14 16:17:49,0,2026-02-27,6734.10986328125,0.4126984126984127,2602,0.045,in,6832.645316706247,0.009801726198263479,0.1548213270449357,0.009892233746140133,-0.08913044329877014
6270.0,586.84,2025-11-07 15:00:16,0,2026-02-20,6734.10986328125,0.4126984126984127,2602,0.045,in,6832.645316706247,0.009801726198263479,0.08516787818626595,0.002993535783230421,-0.08593555240225104
6375.0,566.46,2025-11-14 17:55:12,0,2026-02-27,6734.10986328125,0.4126984126984127,2602,0.045,in,6832.645316706247,0.009801726198263479,0.15766075160537146,0.010258408373270423,-0.06932781600259047
6380.0,490.79,2025-11-07 15:40:15,0,2026-02-20,6734.10986328125,0.4126984126984127,2602,0.045,in,6832.645316706247,0.009801726198263479,0.0906779733728005,0.00339341057507867,-0.06854380969038178
6425.0,530.71,2025-11-14 16:40:17,0,2026-02-27,6734.10986328125,0.4126984126984127,2602,0.045,in,6832.645316706247,0.009801726198263479,0.15798304657852633,0.010300392351778624,-0.06151527626579682
6435.0,428.28,2025-11-07 17:02:11,0,2026-02-20,6734.10986328125,0.4126984126984127,2602,0.045,in,6832.645316706247,0.009801726198263479,0.07090076110493818,0.002074601048519799,-0.059960065998990376
6450.0,444.75,2025-11-07 19:26:09,0,2026-02-20,6734.10986328125,0.4126984126984127,2602,0.045,in,6832.645316706247,0.009801726198263479,0.10399012025678385,0.004462897982325865,-0.057631776239399135
6450.0,507.28,2025-11-14 19:24:26,0,2026-02-27,6734.10986328125,0.4126984126984127,2602,0.045,in,6832.645316706247,0.009801726198263479,0.1537753070566504,0.00975901542173881,-0.057631776239399135
6470.0,465.23,2025-11-14 15:37:33,0,2026-02-27,6734.10986328125,0.4126984126984127,2602,0.045,in,6832.645316706247,0.009801726198263479,0.13323925986197635,0.007326511263218235,-0.05453579853427115
6475.0,446.41,2025-11-14 15:00:49,0,2026-02-27,6734.10986328125,0.4126984126984127,2602,0.045,in,6832.645316706247,0.009801726198263479,0.12159277950055881,0.006101665153864435,-0.05376329946147887
6480.0,482.35,2025-11-14 19:45:51,0,2026-02-27,6734.10986328125,0.4126984126984127,2602,0.045,in,6832.645316706247,0.009801726198263479,0.1509160224078573,0.009399472877851284,-0.05299139668289695
6490.0,435.84,2025-11-14 15:01:33,0,2026-02-27,6734.10986328125,0.4126984126984127,2602,0.045,in,6832.645316706247,0.009801726198263479,0.1219971215103822,0.006142313318687189,-0.051449376331081695
6500.0,461.65,2025-11-14 18:53:53,0,2026-02-27,6734.10986328125,0.4126984126984127,2602,0.045,in,6832.645316706247,0.009801726198263479,0.14604783894299223,0.008802845281871002,-0.04990973014548883
6590.0,327.22,2025-11-07 17:46:35,0,2026-02-20,6734.10986328125,0.4126984126984127,2602,0.045,in,6832.645316706247,0.009801726198263479,0.0951398326592223,0.0037355759003023068,-0.03615855853266447
6600.0,383.1,2025-11-14 18:21:37,0,2026-02-27,6734.10986328125,0.4126984126984127,2602,0.045,in,6832.645316706247,0.009801726198263479,0.13791864807073792,0.007850164930589865,-0.0346422580147005
6560.0,324.4,2025-10-17 15:38:12,0,2026-01-30,6734.10986328125,0.4126984126984127,2601,0.045,in,6780.581873099609,0.02833580956477583,0.07444367110942506,0.0022871168948326095,-0.03307231730490291
6620.0,373.46,2025-11-14 19:31:50,0,2026-02-27,6734.10986328125,0.4126984126984127,2602,0.045,in,6832.645316706247,0.009801726198263479,0.1398675306759094,0.008073588564631555,-0.0316165370981635
6570.0,333.6,2025-10-17 14:49:30,0,2026-01-30,6734.10986328125,0.4126984126984127,2601,0.045,in,6780.581873099609,0.02833580956477583,0.08878672651519638,0.003253335760910971,-0.031549087764381464
6630.0,377.49,2025-11-14 17:38:42,0,2026-02-27,6734.10986328125,0.4126984126984127,2602,0.045,in,6832.645316706247,0.009801726198263479,0.14635215018781786,0.008839567436183133,-0.03010710284930913
6590.0,318.8,2025-10-17 14:49:37,0,2026-01-30,6734.10986328125,0.4126984126984127,2601,0.045,in,6780.581873099609,0.02833580956477583,0.08886211357247269,0.003258862792741951,-0.02850957174648469
6670.0,287.26,2025-11-07 19:09:30,0,2026-02-20,6734.10986328125,0.4126984126984127,2602,0.045,in,6832.645316706247,0.009801726198263479,0.1049085304360596,0.004542076090707853,-0.024092047119547984
6700.0,289.1,2025-11-14 15:03:58,0,2026-02-27,6734.10986328125,0.4126984126984127,2602,0.045,in,6832.645316706247,0.009801726198263479,0.11767487983446834,0.005714790649928105,-0.01960438065015998
6750.0,279.4,2025-11-14 16:19:46,0,2026-02-27,6734.10986328125,0.4126984126984127,2602,0.045,out,6832.645316706247,0.009801726198263479,0.12915013768558692,0.00688370967729139,-0.012169402162641898
6775.0,259.3,2025-11-14 18:43:03,0,2026-02-27,6734.10986328125,0.4126984126984127,2602,0.045,out,6832.645316706247,0.009801726198263479,0.12528581351096907,0.006477935107059338,-0.008472540281315697
6780.0,264.63,2025-11-14 18:53:53,0,2026-02-27,6734.10986328125,0.4126984126984127,2602,0.045,out,6832.645316706247,0.009801726198263479,0.13000107872237468,0.0069747189237064685,-0.007734805094776059
6795.0,225.3,2025-11-07 20:36:19,0,2026-02-20,6734.10986328125,0.4126984126984127,2602,0.045,out,6832.645316706247,0.009801726198263479,0.11152864077140576,0.0051334060400039525,-0.005524859443973237
6800.0,259.23,2025-11-14 16:40:17,0,2026-02-27,6734.10986328125,0.4126984126984127,2602,0.045,out,6832.645316706247,0.009801726198263479,0.1329616463646501,0.00729601245244373,-0.0047892948650193334
6810.0,248.7,2025-11-14 17:56:13,0,2026-02-27,6734.10986328125,0.4126984126984127,2602,0.045,out,6832.645316706247,0.009801726198263479,0.1297959229213504,0.006952722567970371,-0.003319786885659283
6850.0,220.57,2025-11-14 19:19:58,0,2026-02-27,6734.10986328125,0.4126984126984127,2602,0.045,out,6832.645316706247,0.009801726198263479,0.12496771005725003,0.006445081626678979,0.002536745227053687
6860.0,169.4,2025-11-07 16:00:28,0,2026-02-20,6734.10986328125,0.4126984126984127,2602,0.045,out,6832.645316706247,0.009801726198263479,0.0980755300883715,0.0039696674548411375,0.0039955346907134676
6900.0,184.46,2025-11-14 16:05:01,0,2026-02-27,6734.10986328125,0.4126984126984127,2602,0.045,out,6832.645316706247,0.009801726198263479,0.1175032913716728,0.005698136675596541,0.009809504556133357
7000.0,119.05,2025-11-14 12:40:16,0,2026-02-27,6734.10986328125,0.4126984126984127,2602,0.045,out,6832.645316706247,0.009801726198263479,0.10287614252682142,0.004367793940177314,0.024198242008232968
7020.0,105.58,2025-11-07 16:00:02,0,2026-02-20,6734.10986328125,0.4126984126984127,2602,0.045,out,6832.645316706247,0.009801726198263479,0.09896349807209547,0.004041874963766773,0.027051310990639548
7025.0,132.72,2025-11-14 18:10:44,0,2026-02-27,6734.10986328125,0.4126984126984127,2602,0.045,out,6832.645316706247,0.009801726198263479,0.1164884036418278,0.005600130996167562,0.027763308172729182
7060.0,120.01,2025-11-14 18:53:53,0,2026-02-27,6734.10986328125,0.4126984126984127,2602,0.045,out,6832.645316706247,0.009801726198263479,0.11604942980442588,0.00555800355724193,0.03273314445807033
7110.0,71.5,2025-11-07 15:55:12,0,2026-02-20,6734.10986328125,0.4126984126984127,2602,0.045,out,6832.645316706247,0.009801726198263479,0.09452103642789178,0.003687141024007523,0.03979033676806924
7125.0,78.6,2025-11-14 13:51:59,0,2026-02-27,6734.10986328125,0.4126984126984127,2602,0.045,out,6832.645316706247,0.009801726198263479,0.10198655897394232,0.004292582753888584,0.041897819107633946
6100.0,819.8,2025-11-13 16:01:11,0,2026-02-27,6734.10986328125,0.4166666666666667,2602,0.045,in,6832.645316706247,0.010136947853518118,0.19230796986267978,0.015409314696960564,-0.11342313586781472
6150.0,808.87,2025-11-13 14:33:23,0,2026-02-27,6734.10986328125,0.4166666666666667,2602,0.045,in,6832.645316706247,0.010136947853518118,0.21684438387527108,0.019592286174269134,-0.10525982522865376
6200.0,752.11,2025-11-13 14:57:44,0,2026-02-27,6734.10986328125,0.4166666666666667,2602,0.045,in,6832.645316706247,0.010136947853518118,0.20084743730245613,0.01680820544623502,-0.0971626149960344
6300.0,650.83,2025-11-13 15:45:25,0,2026-02-27,6734.10986328125,0.4166666666666667,2602,0.045,in,6832.645316706247,0.010136947853518118,0.17909810138268606,0.013365054132867874,-0.08116227364959326
6325.0,532.29,2025-11-13 17:51:07,0,2026-02-27,6734.10986328125,0.4166666666666667,2602,0.045,in,6832.645316706247,0.010136947853518118,0.0742765893792595,0.002298754887422969,-0.0772018724334964
6390.0,517.78,2025-11-06 18:17:19,0,2026-02-20,6734.10986328125,0.4166666666666667,2602,0.045,in,6832.645316706247,0.010136947853518118,0.1255488965894642,0.006567718931179988,-0.0669776386576369
6395.0,517.81,2025-11-06 18:05:23,0,2026-02-20,6734.10986328125,0.4166666666666667,2602,0.045,in,6832.645316706247,0.010136947853518118,0.1289540892586948,0.006928815473558095,-0.06619547201627428
6400.0,533.96,2025-11-13 19:49:41,0,2026-02-27,6734.10986328125,0.4166666666666667,2602,0.045,in,6832.645316706247,0.010136947853518118,0.14527226466417287,0.008793346200273954,-0.06541391668145409
6430.0,484.51,2025-11-06 17:26:24,0,2026-02-20,6734.10986328125,0.4166666666666667,2602,0.045,in,6832.645316706247,0.010136947853518118,0.12361766906744485,0.006367220044028464,-0.06073736879755226
6580.0,383.0,2025-11-06 17:46:54,0,2026-02-20,6734.10986328125,0.4166666666666667,2602,0.045,in,6832.645316706247,0.010136947853518118,0.1280892330876148,0.006836188180405547,-0.03767716170985444
6695.0,296.49,2025-11-06 18:05:23,0,2026-02-20,6734.10986328125,0.4166666666666667,2602,0.045,in,6832.645316706247,0.010136947853518118,0.11937501280777495,0.005937664034523514,-0.02035092790394445
6725.0,337.94,2025-11-13 15:26:02,0,2026-02-27,6734.10986328125,0.4166666666666667,2602,0.045,in,6832.645316706247,0.010136947853518118,0.15474543777442537,0.009977562713332732,-0.015879981559177494
6730.0,292.19,2025-11-13 20:15:58,0,2026-02-27,6734.10986328125,0.4166666666666667,2602,0.045,in,6832.645316706247,0.010136947853518118,0.12910605848570578,0.006945155974047701,-0.015136763390443826
6790.0,237.35,2025-11-06 17:19:00,0,2026-02-20,6734.10986328125,0.4166666666666667,2602,0.045,out,6832.645316706247,0.010136947853518118,0.11612303063667521,0.005618565935102588,-0.006260965476475546
6825.0,235.6,2025-11-13 21:00:39,0,2026-02-27,6734.10986328125,0.4166666666666667,2602,0.045,out,6832.645316706247,0.010136947853518118,0.12560997767636176,0.006574111038273375,-0.001119565976056862
6830.0,272.6,2025-11-13 14:32:03,0,2026-02-27,6734.10986328125,0.4166666666666667,2602,0.045,out,6832.645316706247,0.010136947853518118,0.14849080015230873,0.009187299054113704,-0.0003872334643815626
6875.0,169.19,2025-11-13 20:37:29,0,2026-02-27,6734.10986328125,0.4166666666666667,2602,0.045,out,6832.645316706247,0.010136947853518118,0.10123920785240867,0.004270573836076336,0.006179736505554591
6910.0,202.46,2025-11-13 16:10:31,0,2026-02-27,6734.10986328125,0.4166666666666667,2602,0.045,out,6832.645316706247,0.010136947853518118,0.12957634856567166,0.006995845878171851,0.011257730732498254
6920.0,197.06,2025-11-13 16:10:31,0,2026-02-27,6734.10986328125,0.4166666666666667,2602,0.045,out,6832.645316706247,0.010136947853518118,0.12898817501911033,0.006932478872816933,0.012703862582497989
6930.0,177.17,2025-11-13 20:13:00,0,2026-02-27,6734.10986328125,0.4166666666666667,2602,0.045,out,6832.645316706247,0.010136947853518118,0.11997469852342381,0.0059974701190776795,0.014147906154731502
6950.0,175.79,2025-11-13 17:46:39,0,2026-02-27,6734.10986328125,0.4166666666666667,2602,0.045,out,6832.645316706247,0.010136947853518118,0.12403633705770124,0.00641042204612153,0.017029752529620534
6990.0,180.2,2025-11-13 15:14:53,0,2026-02-27,6734.10986328125,0.4166666666666667,2602,0.045,out,6832.645316706247,0.010136947853518118,0.1359787129351912,0.007704254321462973,0.022768649198638486
6995.0,129.0,2025-11-06 18:17:19,0,2026-02-20,6734.10986328125,0.4166666666666667,2602,0.045,out,6832.645316706247,0.010136947853518118,0.10695529996508356,0.004766431746092085,0.023483701070364238
7010.0,127.22,2025-11-06 17:59:36,0,2026-02-20,6734.10986328125,0.4166666666666667,2602,0.045,out,6832.645316706247,0.010136947853518118,0.10915901642559508,0.004964871194584724,0.02562579399941845
7010.0,141.4,2025-11-13 19:46:58,0,2026-02-27,6734.10986328125,0.4166666666666667,2602,0.045,out,6832.645316706247,0.010136947853518118,0.11760847059659543,0.0057632301483626054,0.02562579399941845
7075.0,115.39,2025-11-13 20:38:49,0,2026-02-27,6734.10986328125,0.4166666666666667,2602,0.045,out,6832.645316706247,0.010136947853518118,0.11540470737781917,0.005549269368733363,0.034855536482220936
6110.0,843.37,2025-11-05 18:20:51,0,2026-02-20,6734.10986328125,0.42063492063492064,2602,0.045,in,6832.645316706247,0.010465844571881149,0.2188015889158725,0.020137533107475035,-0.11178513386357637
6180.0,790.19,2025-11-12 16:49:42,0,2026-02-27,6734.10986328125,0.42063492063492064,2602,0.045,in,6832.645316706247,0.010465844571881149,0.21804106199181433,0.019997785316424332,-0.10039363557748089
6200.0,765.17,2025-11-05 18:35:24,0,2026-02-20,6734.10986328125,0.42063492063492064,2602,0.045,in,6832.645316706247,0.010465844571881149,0.20981215918804527,0.018516829631642313,-0.0971626149960344
6640.0,387.0,2025-11-05 16:28:17,0,2026-02-20,6734.10986328125,0.42063492063492064,2602,0.045,in,6832.645316706247,0.010465844571881149,0.15373517252980268,0.009941497408386622,-0.02859994355873783
6770.0,278.12,2025-11-12 17:19:34,0,2026-02-27,6734.10986328125,0.42063492063492064,2602,0.045,out,6832.645316706247,0.010465844571881149,0.13278810935045515,0.007416921787285929,-0.009210820122896703
6790.0,319.39,2025-11-12 15:05:22,0,2026-02-27,6734.10986328125,0.42063492063492064,2602,0.045,out,6832.645316706247,0.010465844571881149,0.16292611558817524,0.011165719955988303,-0.006260965476475546
6870.0,244.41,2025-11-05 19:37:53,0,2026-02-20,6734.10986328125,0.42063492063492064,2602,0.045,out,6832.645316706247,0.010465844571881149,0.14227012429957034,0.008513982366788932,0.00545219918717765
6925.0,228.43,2025-11-12 19:19:00,0,2026-02-27,6734.10986328125,0.42063492063492064,2602,0.045,out,6832.645316706247,0.010465844571881149,0.14734911537740505,0.0091327252026405,0.01342614502632191
7050.0,167.01,2025-11-12 14:51:19,0,2026-02-27,6734.10986328125,0.42063492063492064,2602,0.045,out,6832.645316706247,0.010465844571881149,0.14054063719514362,0.008308242438654764,0.03131570977709706
5710.0,1168.57,2025-11-04 20:11:00,0,2026-02-20,6734.10986328125,0.4246031746031746,2602,0.045,in,6832.645316706247,0.01078859368803179,0.21263546324812596,0.019197940097975114,-0.1794928833791615
6000.0,906.36,2025-11-04 20:30:53,0,2026-02-20,6734.10986328125,0.4246031746031746,2602,0.045,in,6832.645316706247,0.01078859368803179,0.19419667001343685,0.016012782106908423,-0.12995243781902527
6210.0,721.14,2025-11-04 20:11:32,0,2026-02-20,6734.10986328125,0.4246031746031746,2602,0.045,in,6832.645316706247,0.01078859368803179,0.17783882018318456,0.013428774278427516,-0.09555101110169292
6940.0,219.31,2025-11-11 20:42:29,0,2026-02-27,6734.10986328125,0.4246031746031746,2602,0.045,out,6832.645316706247,0.01078859368803179,0.14483389819616468,0.008906840528319757,0.015589867471632837
7020.0,173.15,2025-11-11 18:10:05,0,2026-02-27,6734.10986328125,0.4246031746031746,2602,0.045,out,6832.645316706247,0.01078859368803179,0.13674098129407197,0.007939270905886643,0.027051310990639548
5675.0,1278.1,2025-11-03 17:45:26,0,2026-02-20,6734.10986328125,0.42857142857142855,2602,0.045,in,6832.645316706247,0.011105365968698162,0.3047606236263252,0.03980530187704571,-0.185641343679614
6120.0,871.39,2025-11-03 18:08:03,0,2026-02-20,6734.10986328125,0.42857142857142855,2602,0.045,in,6832.645316706247,0.011105365968698162,0.24417854306790365,0.025552783240613174,-0.11014981052284553
6150.0,827.52,2025-11-03 15:47:41,0,2026-02-20,6734.10986328125,0.42857142857142855,2602,0.045,in,6832.645316706247,0.011105365968698162,0.2268540141384617,0.022055461598885735,-0.10525982522865376
6210.0,730.91,2025-11-10 17:23:25,0,2026-02-27,6734.10986328125,0.42857142857142855,2602,0.045,in,6832.645316706247,0.011105365968698162,0.18465544070245857,0.014613270763293938,-0.09555101110169292
6220.0,782.27,2025-11-03 17:45:26,0,2026-02-20,6734.10986328125,0.42857142857142855,2602,0.045,in,6832.645316706247,0.011105365968698162,0.23074100459767644,0.02281774765831926,-0.09394200029599228
6240.0,732.95,2025-11-10 19:36:53,0,2026-02-27,6734.10986328125,0.42857142857142855,2602,0.045,in,6832.645316706247,0.011105365968698162,0.20429561632133322,0.017887156649191455,-0.09073172466574404
6280.0,698.25,2025-11-10 19:37:33,0,2026-02-27,6734.10986328125,0.42857142857142855,2602,0.045,in,6832.645316706247,0.011105365968698162,0.1998673613944826,0.017120126636054018,-0.08434192656697298
6300.0,711.3,2025-11-03 17:45:00,0,2026-02-20,6734.10986328125,0.42857142857142855,2602,0.045,in,6832.645316706247,0.011105365968698162,0.21963632987017387,0.02067433602807421,-0.08116227364959326
6310.0,703.04,2025-11-03 17:40:58,0,2026-02-20,6734.10986328125,0.42857142857142855,2602,0.045,in,6832.645316706247,0.011105365968698162,0.21864106800870842,0.020487392837137994,-0.07957623049395852
6330.0,631.53,2025-11-10 15:45:01,0,2026-02-27,6734.10986328125,0.42857142857142855,2602,0.045,in,6832.645316706247,0.011105365968698162,0.17673484379041535,0.013386516432695362,-0.07641167089099547
6460.0,443.89,2025-11-10 20:12:00,0,2026-02-27,6734.10986328125,0.42857142857142855,2602,0.045,in,6832.645316706247,0.011105365968698162,0.10505711935071317,0.004730142139829996,-0.05608258925256982
6670.0,392.4,2025-11-10 21:06:26,0,2026-02-27,6734.10986328125,0.42857142857142855,2602,0.045,in,6832.645316706247,0.011105365968698162,0.16535215973308,0.011717715740740287,-0.024092047119547984
6685.0,396.7,2025-11-03 16:47:53,0,2026-02-20,6734.10986328125,0.42857142857142855,2602,0.045,in,6832.645316706247,0.011105365968698162,0.17297578323550478,0.012823123536829857,-0.021845696493173843
6710.0,344.55,2025-11-10 14:46:37,0,2026-02-27,6734.10986328125,0.42857142857142855,2602,0.045,in,6832.645316706247,0.011105365968698162,0.15038646031177536,0.009692608905045079,-0.018112956063489862
6760.0,317.29,2025-11-10 19:17:25,0,2026-02-27,6734.10986328125,0.42857142857142855,2602,0.045,out,6832.645316706247,0.011105365968698162,0.15044204062730138,0.009699774680617114,-0.010689016992207562
7100.0,132.85,2025-11-10 20:21:49,0,2026-02-27,6734.10986328125,0.42857142857142855,2602,0.045,out,6832.645316706247,0.011105365968698162,0.12855466780081323,0.007082701120018905,0.03838287700018941
5700.0,1222.61,2025-10-31 17:30:35,0,2026-02-20,6734.10986328125,0.44047619047619047,2602,0.045,in,6832.645316706247,0.012021437158733349,0.2615585670090404,0.03013424651315999,-0.18124573220657583
5760.0,1197.52,2025-10-31 13:55:55,0,2026-02-20,6734.10986328125,0.44047619047619047,2602,0.045,in,6832.645316706247,0.012021437158733349,0.28500092408203337,0.03577791058240094,-0.17077443233928047
5770.0,1188.23,2025-10-31 13:55:55,0,2026-02-20,6734.10986328125,0.44047619047619047,2602,0.045,in,6832.645316706247,0.012021437158733349,0.2836121803240245,0.03543008507906475,-0.16903982652707208
5830.0,1140.01,2025-10-31 13:37:26,0,2026-02-20,6734.10986328125,0.44047619047619047,2602,0.045,in,6832.645316706247,0.012021437158733349,0.2820145295384626,0.03503203821690018,-0.1586949066846793
5980.0,995.37,2025-10-31 15:45:03,0,2026-02-20,6734.10986328125,0.44047619047619047,2602,0.045,in,6832.645316706247,0.012021437158733349,0.2554471588708339,0.028742503405734515,-0.13329133908453994
6350.0,514.35,2025-11-07 17:17:47,0,2026-02-27,6734.10986328125,0.44047619047619047,2602,0.045,in,6832.645316706247,0.012021437158733349,0.06997378974956717,0.002156717337153754,-0.07325709414247998
6390.0,483.34,2025-11-07 17:17:47,0,2026-02-27,6734.10986328125,0.44047619047619047,2602,0.045,in,6832.645316706247,0.012021437158733349,0.08008284098399439,0.002824888958839358,-0.0669776386576369
6505.0,537.02,2025-10-31 14:09:34,0,2026-02-20,6734.10986328125,0.44047619047619047,2602,0.045,in,6832.645316706247,0.012021437158733349,0.18927794447577237,0.015780561783381216,-0.04914079508261174
6515.0,531.97,2025-10-31 13:45:28,0,2026-02-20,6734.10986328125,0.44047619047619047,2602,0.045,in,6832.645316706247,0.012021437158733349,0.1900634098610272,0.015911805850190835,-0.04760469647027182
6585.0,455.22,2025-10-31 17:39:51,0,2026-02-20,6734.10986328125,0.44047619047619047,2602,0.045,in,6832.645316706247,0.012021437158733349,0.16929614010482966,0.012624568726340265,-0.03691757185183599
6820.0,208.79,2025-11-07 14:50:05,0,2026-02-27,6734.10986328125,0.44047619047619047,2602,0.045,out,6832.645316706247,0.012021437158733349,0.10348201111094779,0.0047168510127613555,-0.0018524351917095939
6890.0,185.8,2025-11-07 20:36:19,0,2026-02-27,6734.10986328125,0.44047619047619047,2602,0.045,out,6832.645316706247,0.012021437158733349,0.10976012108928687,0.005306541841866571,0.008359177978486794
6955.0,225.5,2025-10-31 15:36:10,0,2026-02-20,6734.10986328125,0.44047619047619047,2602,0.045,out,6832.645316706247,0.012021437158733349,0.14807597170657716,0.009658098281944529,0.017748918328325924
7030.0,113.7,2025-11-07 14:44:14,0,2026-02-27,6734.10986328125,0.44047619047619047,2602,0.045,out,6832.645316706247,0.012021437158733349,0.10083451901454031,0.0044785858133460305,0.02847479877549318
7040.0,105.63,2025-11-07 15:06:40,0,2026-02-27,6734.10986328125,0.44047619047619047,2602,0.045,out,6832.645316706247,0.012021437158733349,0.09806727810263564,0.004236143669940574,0.02989626312287074
6440.0,583.95,2025-10-30 13:42:40,0,2026-02-20,6734.10986328125,0.4444444444444444,2602,0.045,in,6832.645316706247,0.012315888612673229,0.19117152550797553,0.01624291207335402,-0.05918336693081808
6660.0,336.47,2025-11-06 21:03:42,0,2026-02-27,6734.10986328125,0.4444444444444444,2602,0.045,in,6832.645316706247,0.012315888612673229,0.12375711559351556,0.006807032737789676,-0.02559242249478252
6675.0,333.43,2025-11-06 16:12:17,0,2026-02-27,6734.10986328125,0.4444444444444444,2602,0.045,in,6832.645316706247,0.012315888612673229,0.12746619232937115,0.007221168971976994,-0.023342702760767074
6690.0,331.57,2025-11-06 15:05:25,0,2026-02-27,6734.10986328125,0.4444444444444444,2602,0.045,in,6832.645316706247,0.012315888612673229,0.13170091531687309,0.007708947153467633,-0.021098032906943228
6715.0,386.5,2025-10-30 14:14:45,0,2026-02-20,6734.10986328125,0.4444444444444444,2602,0.045,in,6832.645316706247,0.012315888612673229,0.17202306842199647,0.013151971586363944,-0.017368077071879356
6860.0,205.14,2025-11-06 17:26:52,0,2026-02-27,6734.10986328125,0.4444444444444444,2602,0.045,out,6832.645316706247,0.012315888612673229,0.111848100232479,0.005559998900273186,0.0039955346907134676
6980.0,157.17,2025-11-06 16:12:17,0,2026-02-27,6734.10986328125,0.4444444444444444,2602,0.045,out,6832.645316706247,0.012315888612673229,0.11444543798262964,0.005821225900015967,0.021337009727200856
6225.0,819.01,2025-10-29 15:21:24,0,2026-02-20,6734.10986328125,0.44841269841269843,2602,0.045,in,6832.645316706247,0.012605128536454888,0.25137783662333135,0.028335564651718926,-0.09313846469630901
6540.0,334.1,2025-09-24 18:54:19,0,2026-01-16,6734.10986328125,0.44841269841269843,2601,0.045,in,6780.581873099609,0.02966304597112112,0.053970645457936936,0.0013061502164267269,-0.0361257547917932
6545.0,347.05,2025-09-24 13:49:25,0,2026-01-16,6734.10986328125,0.44841269841269843,2601,0.045,in,6780.581873099609,0.02966304597112112,0.07318878258340192,0.0024019665168752927,-0.03536152089903735
6615.0,498.0,2025-10-29 14:05:08,0,2026-02-20,6734.10986328125,0.44841269841269843,2602,0.045,in,6832.645316706247,0.012605128536454888,0.20321887720903434,0.018518508182989547,-0.032372109480161254
6625.0,477.9,2025-10-29 18:04:37,0,2026-02-20,6734.10986328125,0.44841269841269843,2602,0.045,in,6832.645316706247,0.012605128536454888,0.19473557716874226,0.017004681693343168,-0.030861535174794397
6740.0,325.6,2025-11-05 14:54:23,0,2026-02-27,6734.10986328125,0.44841269841269843,2602,0.045,out,6832.645316706247,0.012605128536454888,0.1437864268825055,0.009270724725345658,-0.013651982122864642
6610.0,411.97,2025-11-04 18:43:11,0,2026-02-27,6734.10986328125,0.4523809523809524,2602,0.045,in,6832.645316706247,0.012889294075608786,0.14879018957732287,0.010015044994634714,-0.033128253183485376
6625.0,402.36,2025-11-04 18:44:01,0,2026-02-27,6734.10986328125,0.4523809523809524,2602,0.045,in,6832.645316706247,0.012889294075608786,0.14856547328240619,0.0099848165995448,-0.030861535174794397
6680.0,363.28,2025-11-04 18:44:11,0,2026-02-27,6734.10986328125,0.4523809523809524,2602,0.045,in,6832.645316706247,0.012889294075608786,0.14488630030445343,0.009496399054817452,-0.02259391949852591
5600.0,1351.99,2025-10-27 18:00:04,0,2026-02-20,6734.10986328125,0.45634920634920634,2602,0.045,in,6832.645316706247,0.0131685176053861,0.3040096714325711,0.04217665173540509,-0.19894530930597676
6080.0,916.94,2025-11-03 18:08:03,0,2026-02-27,6734.10986328125,0.45634920634920634,2602,0.045,in,6832.645316706247,0.0131685176053861,0.24499303444144113,0.027390803556963862,-0.11670721106900467
6870.0,180.19,2025-11-03 18:12:54,0,2026-02-27,6734.10986328125,0.45634920634920634,2602,0.045,out,6832.645316706247,0.0131685176053861,0.098295272106682,0.004409228014407005,0.00545219918717765
6975.0,218.82,2025-11-03 16:18:05,0,2026-02-27,6734.10986328125,0.45634920634920634,2602,0.045,out,6832.645316706247,0.0131685176053861,0.14525159021488335,0.009628066717835419,0.020620420660348936
6325.0,591.74,2025-10-23 19:53:01,0,2026-02-20,6734.10986328125,0.4722222222222222,2602,0.045,in,6832.645316706247,0.014238483400163041,0.12627008938182357,0.007529175084233144,-0.0772018724334964
6445.0,472.4,2025-10-23 14:21:13,0,2026-02-20,6734.10986328125,0.4722222222222222,2602,0.045,in,6832.645316706247,0.014238483400163041,0.10566493073313436,0.005272397749340205,-0.05840727065592958
6460.0,489.64,2025-10-23 18:30:21,0,2026-02-20,6734.10986328125,0.4722222222222222,2602,0.045,in,6832.645316706247,0.014238483400163041,0.12775735433404278,0.007707583526927243,-0.05608258925256982
6475.0,466.75,2025-10-23 13:52:02,0,2026-02-20,6734.10986328125,0.4722222222222222,2602,0.045,in,6832.645316706247,0.014238483400163041,0.1191427758247476,0.006703194931412306,-0.05376329946147887
6495.0,445.93,2025-10-23 15:54:28,0,2026-02-20,6734.10986328125,0.4722222222222222,2602,0.045,in,6832.645316706247,0.014238483400163041,0.1147448539553334,0.006217457934914541,-0.05067925692451743
6405.0,487.98,2025-10-22 17:21:56,0,2026-02-20,6734.10986328125,0.47619047619047616,2602,0.045,in,6832.645316706247,0.014494829371828347,0.0879260096379735,0.003681420557550957,-0.06463297169838278
6650.0,473.24,2025-10-29 14:51:13,0,2026-02-27,6734.10986328125,0.47619047619047616,2602,0.045,in,6832.645316706247,0.014494829371828347,0.19172756776040406,0.01750450487586682,-0.027095052379317586
6705.0,292.5,2025-10-22 14:36:28,0,2026-02-20,6734.10986328125,0.47619047619047616,2602,0.045,in,6832.645316706247,0.014494829371828347,0.1065823199206558,0.005409424247461439,-0.018858390313438476
6960.0,256.05,2025-10-29 16:23:19,0,2026-02-27,6734.10986328125,0.47619047619047616,2602,0.045,out,6832.645316706247,0.014494829371828347,0.1575103032178875,0.011814045533233742,0.018467567299247898
6340.0,588.14,2025-10-21 17:41:29,0,2026-02-20,6734.10986328125,0.4801587301587302,2602,0.045,in,6832.645316706247,0.014746938219995058,0.13089607661418476,0.00822693542710861,-0.07483313859794578
6410.0,530.0,2025-10-21 15:37:12,0,2026-02-20,6734.10986328125,0.4801587301587302,2602,0.045,in,6832.645316706247,0.014746938219995058,0.12768227777363161,0.007827914487908736,-0.06385263611450163
6010.0,867.45,2025-10-20 15:45:47,0,2026-02-20,6734.10986328125,0.48412698412698413,2602,0.045,in,6832.645316706247,0.014994914136224606,0.12463957691086038,0.007520924381615992,-0.1282871584999641
6310.0,702.05,2025-10-27 13:32:26,0,2026-02-27,6734.10986328125,0.48412698412698413,2602,0.045,in,6832.645316706247,0.014994914136224606,0.19769752966279497,0.018921770693024392,-0.07957623049395852
6360.0,571.62,2025-10-20 19:15:54,0,2026-02-20,6734.10986328125,0.48412698412698413,2602,0.045,in,6832.645316706247,0.014994914136224606,0.12892663229848556,0.008047195773536214,-0.07168352969504953
6370.0,566.13,2025-10-20 19:50:22,0,2026-02-20,6734.10986328125,0.48412698412698413,2602,0.045,in,6832.645316706247,0.014994914136224606,0.13077051577425924,0.008279020599585817,-0.07011243746300838
6370.0,648.72,2025-10-27 13:33:20,0,2026-02-27,6734.10986328125,0.48412698412698413,2602,0.045,in,6832.645316706247,0.014994914136224606,0.18970379587766256,0.017422534447571632,-0.07011243746300838
6000.0,914.99,2025-11-14 17:35:02,0,2026-03-20,6734.10986328125,0.49603174603174605,2603,0.045,in,6915.326046017149,-0.008533830128827441,0.17196007011891942,0.014667790533384765,-0.1419806453218938
6350.0,618.2,2025-11-14 17:26:36,0,2026-03-20,6734.10986328125,0.49603174603174605,2603,0.045,in,6915.326046017149,-0.008533830128827441,0.15514029587743067,0.01193874573657576,-0.08528530164534855
6400.0,574.75,2025-11-14 19:44:19,0,2026-03-20,6734.10986328125,0.49603174603174605,2603,0.045,in,6915.326046017149,-0.008533830128827441,0.1501946358218166,0.011189696740896884,-0.07744212418432263
6430.0,538.22,2025-11-14 18:41:48,0,2026-03-20,6734.10986328125,0.49603174603174605,2603,0.045,in,6915.326046017149,-0.008533830128827441,0.13985370821519455,0.009701914534494434,-0.07276557630042081
6470.0,526.57,2025-11-14 17:09:36,0,2026-03-20,6734.10986328125,0.49603174603174605,2603,0.045,in,6915.326046017149,-0.008533830128827441,0.15098166085722858,0.011307272775400393,-0.06656400603713963
6475.0,516.09,2025-11-14 17:50:27,0,2026-03-20,6734.10986328125,0.49603174603174605,2603,0.045,in,6915.326046017149,-0.008533830128827441,0.14640890085823158,0.010632721354422362,-0.06579150696434731
6490.0,494.89,2025-11-14 18:24:44,0,2026-03-20,6734.10986328125,0.49603174603174605,2603,0.045,in,6915.326046017149,-0.008533830128827441,0.1393541521279956,0.009632728033389156,-0.06347758383395014
6600.0,369.2,2025-11-14 14:32:08,0,2026-03-20,6734.10986328125,0.49603174603174605,2603,0.045,in,6915.326046017149,-0.008533830128827441,0.10731414482461966,0.005712463134642581,-0.04667046551756893
6620.0,372.08,2025-11-14 14:54:54,0,2026-03-20,6734.10986328125,0.49603174603174605,2603,0.045,in,6915.326046017149,-0.008533830128827441,0.11734989916845628,0.006830852596650227,-0.04364474460103201
6625.0,353.1,2025-11-14 14:36:10,0,2026-03-20,6734.10986328125,0.49603174603174605,2603,0.045,in,6915.326046017149,-0.008533830128827441,0.10780123172511519,0.005764437282466261,-0.04288974267766287
6650.0,375.0,2025-11-14 21:09:07,0,2026-03-20,6734.10986328125,0.49603174603174605,2603,0.045,in,6915.326046017149,-0.008533830128827441,0.13032001697402446,0.008424259337356162,-0.03912325988218599
6700.0,348.0,2025-11-14 20:15:32,0,2026-03-20,6734.10986328125,0.49603174603174605,2603,0.045,in,6915.326046017149,-0.008533830128827441,0.1320511341111847,0.008649554573437543,-0.031632588153028475
6725.0,342.52,2025-11-14 17:37:46,0,2026-03-20,6734.10986328125,0.49603174603174605,2603,0.045,in,6915.326046017149,-0.008533830128827441,0.13699463826314107,0.009309291127405195,-0.027908189062046028
6730.0,322.06,2025-11-14 18:41:48,0,2026-03-20,6734.10986328125,0.49603174603174605,2603,0.045,in,6915.326046017149,-0.008533830128827441,0.12726224410618645,0.008033570820904062,-0.027164970893312324
6740.0,307.62,2025-11-14 15:41:27,0,2026-03-20,6734.10986328125,0.49603174603174605,2603,0.045,out,6915.326046017149,-0.008533830128827441,0.12243392868972598,0.007435549054762355,-0.02568018962573318
6750.0,327.72,2025-11-14 17:11:02,0,2026-03-20,6734.10986328125,0.49603174603174605,2603,0.045,out,6915.326046017149,-0.008533830128827441,0.13653046897366725,0.00924631396734599,-0.024197609665510364
6775.0,311.51,2025-11-14 17:11:24,0,2026-03-20,6734.10986328125,0.49603174603174605,2603,0.045,out,6915.326046017149,-0.008533830128827441,0.1351114239105241,0.009055107574964952,-0.020500747784184207
6780.0,304.43,2025-11-14 17:06:35,0,2026-03-20,6734.10986328125,0.49603174603174605,2603,0.045,out,6915.326046017149,-0.008533830128827441,0.13273178817266323,0.008738952178329734,-0.019763012597644646
6800.0,294.29,2025-11-14 17:12:23,0,2026-03-20,6734.10986328125,0.49603174603174605,2603,0.045,out,6915.326046017149,-0.008533830128827441,0.13297158639283774,0.008770556938406702,-0.016817502367887774
6810.0,250.52,2025-11-14 14:46:37,0,2026-03-20,6734.10986328125,0.49603174603174605,2603,0.045,out,6915.326046017149,-0.008533830128827441,0.11228239265016816,0.006253638739705625,-0.015347994388527762
6820.0,277.0,2025-11-14 17:26:57,0,2026-03-20,6734.10986328125,0.49603174603174605,2603,0.045,out,6915.326046017149,-0.008533830128827441,0.1292562251992141,0.008287287575768824,-0.013880642694578114
6830.0,271.1,2025-11-14 20:04:37,0,2026-03-20,6734.10986328125,0.49603174603174605,2603,0.045,out,6915.326046017149,-0.008533830128827441,0.12882632045310494,0.008232252401530795,-0.012415440967250122
6840.0,255.7,2025-11-14 15:51:52,0,2026-03-20,6734.10986328125,0.49603174603174605,2603,0.045,out,6915.326046017149,-0.008533830128827441,0.12330757460630042,0.007542042636551757,-0.010952382915489695
6850.0,259.3,2025-11-14 19:57:50,0,2026-03-20,6734.10986328125,0.49603174603174605,2603,0.045,out,6915.326046017149,-0.008533830128827441,0.12787155932911382,0.008110682383561049,-0.009491462275814839
6860.0,254.9,2025-11-14 19:57:57,0,2026-03-20,6734.10986328125,0.49603174603174605,2603,0.045,out,6915.326046017149,-0.008533830128827441,0.1281422025218911,0.00814505162061575,-0.008032672812154987
6870.0,248.5,2025-11-14 20:04:39,0,2026-03-20,6734.10986328125,0.49603174603174605,2603,0.045,out,6915.326046017149,-0.008533830128827441,0.1273190011997448,0.008040738128224511,-0.006576008315690844
6875.0,242.4,2025-11-14 16:45:57,0,2026-03-20,6734.10986328125,0.49603174603174605,2603,0.045,out,6915.326046017149,-0.008533830128827441,0.12535988442862403,0.007795188801566456,-0.005848470997313867
6880.0,243.2,2025-11-14 19:29:44,0,2026-03-20,6734.10986328125,0.49603174603174605,2603,0.045,out,6915.326046017149,-0.008533830128827441,0.12704641647770326,0.00800634520824704,-0.0051214626046964945
6890.0,234.8,2025-11-14 19:59:20,0,2026-03-20,6734.10986328125,0.49603174603174605,2603,0.045,out,6915.326046017149,-0.008533830128827441,0.12510124898913008,0.007763056794960477,-0.003669029524381557
6900.0,214.8,2025-11-14 20:57:21,0,2026-03-20,6734.10986328125,0.49603174603174605,2603,0.045,out,6915.326046017149,-0.008533830128827441,0.1169928267147274,0.006789345983483251,-0.0022187029467351446
6910.0,214.9,2025-11-14 20:31:21,0,2026-03-20,6734.10986328125,0.49603174603174605,2603,0.045,out,6915.326046017149,-0.008533830128827441,0.11947657043741611,0.00708068000172959,-0.0007704767703702862
6920.0,209.6,2025-11-14 20:31:21,0,2026-03-20,6734.10986328125,0.49603174603174605,2603,0.045,out,6915.326046017149,-0.008533830128827441,0.11907057751641709,0.0070326400942922074,0.0006756550796294109
6925.0,220.65,2025-11-14 17:17:44,0,2026-03-20,6734.10986328125,0.49603174603174605,2603,0.045,out,6915.326046017149,-0.008533830128827441,0.12609665688311683,0.007887086744592507,0.0013979375234533687
6930.0,214.8,2025-11-14 20:02:41,0,2026-03-20,6734.10986328125,0.49603174603174605,2603,0.045,out,6915.326046017149,-0.008533830128827441,0.12418112616351186,0.007649281793272842,0.0021196986518629943
6940.0,207.4,2025-11-14 19:59:20,0,2026-03-20,6734.10986328125,0.49603174603174605,2603,0.045,out,6915.326046017149,-0.008533830128827441,0.12259639859759325,0.0074552961057043465,0.0035616599687644025
6950.0,208.32,2025-11-14 17:13:17,0,2026-03-20,6734.10986328125,0.49603174603174605,2603,0.045,out,6915.326046017149,-0.008533830128827441,0.12538084906730582,0.00779779628613022,0.00500154502675195
6975.0,182.1,2025-11-14 16:16:16,0,2026-03-20,6734.10986328125,0.49603174603174605,2603,0.045,out,6915.326046017149,-0.008533830128827441,0.11706846662404677,0.006798127915528547,0.008592213157480526
6980.0,171.9,2025-11-14 15:35:47,0,2026-03-20,6734.10986328125,0.49603174603174605,2603,0.045,out,6915.326046017149,-0.008533830128827441,0.11272898615841292,0.006303484285864907,0.009308802224332264
7000.0,164.76,2025-11-14 20:50:21,0,2026-03-20,6734.10986328125,0.49603174603174605,2603,0.045,out,6915.326046017149,-0.008533830128827441,0.1131970388321659,0.0063559373017712684,0.012170034505364519
7020.0,161.8,2025-11-14 20:33:58,0,2026-03-20,6734.10986328125,0.49603174603174605,2603,0.045,out,6915.326046017149,-0.008533830128827441,0.11577726635394815,0.006648995736306079,0.015023103487771021
7040.0,142.5,2025-11-14 15:31:48,0,2026-03-20,6734.10986328125,0.49603174603174605,2603,0.045,out,6915.326046017149,-0.008533830128827441,0.10936802255075735,0.005933216446757425,0.017868055620002137
7050.0,150.13,2025-11-14 18:52:07,0,2026-03-20,6734.10986328125,0.49603174603174605,2603,0.045,out,6915.326046017149,-0.008533830128827441,0.11550772813825826,0.006618073045467152,0.019287502274228527
7075.0,136.9,2025-11-14 18:41:48,0,2026-03-20,6734.10986328125,0.49603174603174605,2603,0.045,out,6915.326046017149,-0.008533830128827441,0.11309735857432278,0.006344748272067928,0.02282732897935258
7100.0,131.37,2025-11-14 17:11:02,0,2026-03-20,6734.10986328125,0.49603174603174605,2603,0.045,out,6915.326046017149,-0.008533830128827441,0.11471027127321734,0.006527007110900354,0.026354669497321008
7110.0,126.28,2025-11-14 18:35:49,0,2026-03-20,6734.10986328125,0.49603174603174605,2603,0.045,out,6915.326046017149,-0.008533830128827441,0.11368514353532667,0.006410868978495947,0.027762129265200698
7125.0,127.1,2025-11-14 17:14:58,0,2026-03-20,6734.10986328125,0.49603174603174605,2603,0.045,out,6915.326046017149,-0.008533830128827441,0.11686156429456185,0.006774119647505959,0.029869611604765506
5650.0,1230.57,2025-11-13 18:01:24,0,2026-03-20,6734.10986328125,0.5,2603,0.045,in,6915.326046017149,-0.008108958461138335,0.18150499616114235,0.01647203181572815,-0.2020845693915992
5675.0,1207.67,2025-11-13 18:01:24,0,2026-03-20,6734.10986328125,0.5,2603,0.045,in,6915.326046017149,-0.008108958461138335,0.18111486690807302,0.016401297507564503,-0.1976695511824824
6100.0,779.07,2025-11-13 19:49:18,0,2026-03-20,6734.10986328125,0.5,2603,0.045,in,6915.326046017149,-0.008108958461138335,0.10322134194884888,0.005327322716860595,-0.1254513433706833
6200.0,726.0,2025-11-13 20:32:50,0,2026-03-20,6734.10986328125,0.5,2603,0.045,in,6915.326046017149,-0.008108958461138335,0.1468698298189638,0.010785373455525693,-0.10919082249890293
6260.0,633.69,2025-10-16 13:56:36,0,2026-02-20,6734.10986328125,0.5,2602,0.045,in,6832.645316706247,0.015947456544598428,0.10238457816106293,0.005241300922609402,-0.08753172193507315
6500.0,496.99,2025-11-13 21:11:31,0,2026-03-20,6734.10986328125,0.5,2603,0.045,in,6915.326046017149,-0.008108958461138335,0.1440734362650161,0.010378577518604827,-0.06193793764835743
6575.0,469.24,2025-11-13 15:36:47,0,2026-03-20,6734.10986328125,0.5,2603,0.045,in,6915.326046017149,-0.008108958461138335,0.1570857805825905,0.012337971230620885,-0.05046553648612056
6770.0,331.66,2025-11-13 14:47:55,0,2026-03-20,6734.10986328125,0.5,2603,0.045,out,6915.326046017149,-0.008108958461138335,0.14364489326378185,0.01031692768038164,-0.021239027625765135
6825.0,310.2,2025-11-13 14:34:23,0,2026-03-20,6734.10986328125,0.5,2603,0.045,out,6915.326046017149,-0.008108958461138335,0.14742466803195536,0.010867016372166121,-0.013147773478925345
6970.0,191.7,2025-11-13 18:48:02,0,2026-03-20,6734.10986328125,0.5,2603,0.045,out,6915.326046017149,-0.008108958461138335,0.12031182145971597,0.007237467191477286,0.007875110222483758
7010.0,166.2,2025-11-13 20:59:35,0,2026-03-20,6734.10986328125,0.5,2603,0.045,out,6915.326046017149,-0.008108958461138335,0.11534737649828014,0.006652508632517995,0.013597586496549855
7025.0,161.67,2025-11-13 21:05:34,0,2026-03-20,6734.10986328125,0.5,2603,0.045,out,6915.326046017149,-0.008108958461138335,0.11601379053567902,0.006729599797228204,0.01573510066986069
7030.0,161.7,2025-11-13 21:05:37,0,2026-03-20,6734.10986328125,0.5,2603,0.045,out,6915.326046017149,-0.008108958461138335,0.11704812520377317,0.00685013180685908,0.016446591272624725
7060.0,148.5,2025-11-13 21:05:40,0,2026-03-20,6734.10986328125,0.5,2603,0.045,out,6915.326046017149,-0.008108958461138335,0.115873515817892,0.006713335833999634,0.02070493695520187
7070.0,144.4,2025-11-13 21:05:34,0,2026-03-20,6734.10986328125,0.5,2603,0.045,out,6915.326046017149,-0.008108958461138335,0.11556940471153787,0.006678143652689616,0.022120365358532686
7080.0,136.5,2025-11-13 20:59:22,0,2026-03-20,6734.10986328125,0.5,2603,0.045,out,6915.326046017149,-0.008108958461138335,0.11313416921137569,0.006399670121574093,0.02353379315567961
7090.0,143.4,2025-11-13 17:50:48,0,2026-03-20,6734.10986328125,0.5,2603,0.045,out,6915.326046017149,-0.008108958461138335,0.11882344373764775,0.00705950539083697,0.024945225994087265
7120.0,124.5,2025-11-13 21:05:34,0,2026-03-20,6734.10986328125,0.5,2603,0.045,out,6915.326046017149,-0.008108958461138335,0.1138055661749001,0.0064758534461947835,0.029167610873935507
7130.0,120.8,2025-11-13 21:05:34,0,2026-03-20,6734.10986328125,0.5,2603,0.045,out,6915.326046017149,-0.008108958461138335,0.11349279116919778,0.0064403068236875685,0.03057111987625581
5900.0,1084.9,2025-11-12 18:44:51,0,2026-03-20,6734.10986328125,0.503968253968254,2603,0.045,in,6915.326046017149,-0.007690777685853786,0.2517038082373652,0.03192881150520406,-0.1587877636382751
6525.0,548.98,2025-11-12 19:03:27,0,2026-03-20,6734.10986328125,0.503968253968254,2603,0.045,in,6915.326046017149,-0.007690777685853786,0.184529541630722,0.017160699485216008,-0.05809916134119173
6540.0,526.84,2025-11-12 15:59:14,0,2026-03-20,6734.10986328125,0.503968253968254,2603,0.045,in,6915.326046017149,-0.007690777685853786,0.1770038253841445,0.015789503902693774,-0.05580294908084152
6580.0,501.11,2025-11-12 19:26:27,0,2026-03-20,6734.10986328125,0.503968253968254,2603,0.045,in,6915.326046017149,-0.007690777685853786,0.17632566589825582,0.015668746181416046,-0.04970536921272302
6525.0,401.57,2025-10-22 16:33:15,0,2026-02-27,6734.10986328125,0.503968253968254,2602,0.045,in,6832.645316706247,0.016176216729286628,0.09000160224795235,0.004082288205215179,-0.0460709538383232
6790.0,345.45,2025-11-12 20:09:48,0,2026-03-20,6734.10986328125,0.503968253968254,2603,0.045,out,6915.326046017149,-0.007690777685853786,0.15575083712120175,0.012225424819532935,-0.018289172979344057
6960.0,245.3,2025-11-12 20:44:39,0,2026-03-20,6734.10986328125,0.503968253968254,2603,0.045,out,6915.326046017149,-0.007690777685853786,0.14550758787559775,0.010670246755676984,0.006439359796379382
6990.0,230.88,2025-11-12 15:01:10,0,2026-03-20,6734.10986328125,0.503968253968254,2603,0.045,out,6915.326046017149,-0.007690777685853786,0.14457957377634972,0.010534575993950678,0.010740441695770186
5200.0,1728.58,2025-11-11 18:10:09,0,2026-03-20,6734.10986328125,0.5079365079365079,2603,0.045,in,6915.326046017149,-0.007279130985183055,0.32945347846904083,0.055131222590654345,-0.28508148896256713
5600.0,1357.3,2025-11-11 18:21:02,0,2026-03-20,6734.10986328125,0.5079365079365079,2603,0.045,in,6915.326046017149,-0.007279130985183055,0.28319852277713925,0.04073722072541148,-0.21097351680884527
6150.0,850.05,2025-11-11 18:04:44,0,2026-03-20,6734.10986328125,0.5079365079365079,2603,0.045,in,6915.326046017149,-0.007279130985183055,0.21308125061155989,0.023062155866507374,-0.11728803273152233
6290.0,737.8,2025-11-11 18:21:53,0,2026-03-20,6734.10986328125,0.5079365079365079,2603,0.045,in,6915.326046017149,-0.007279130985183055,0.20443816512549678,0.02122918773835169,-0.09477904383759961
6320.0,615.59,2025-10-21 17:41:29,0,2026-02-27,6734.10986328125,0.5079365079365079,2602,0.045,in,6832.645316706247,0.016401402536089075,0.13175411398703044,0.008817344280638684,-0.07799269888831431
6450.0,601.4,2025-11-11 18:17:11,0,2026-03-20,6734.10986328125,0.5079365079365079,2603,0.045,in,6915.326046017149,-0.007279130985183055,0.1861491409280255,0.017600763260059375,-0.06965998374226764
6380.0,568.15,2025-10-21 15:08:24,0,2026-02-27,6734.10986328125,0.5079365079365079,2602,0.045,in,6832.645316706247,0.016401402536089075,0.13110285842718689,0.008730392120776639,-0.06854380969038178
6480.0,578.79,2025-11-11 20:48:43,0,2026-03-20,6734.10986328125,0.5079365079365079,2603,0.045,in,6915.326046017149,-0.007279130985183055,0.18419631019995633,0.01723341241461767,-0.06501960418576547
6420.0,536.27,2025-10-21 15:02:33,0,2026-02-27,6734.10986328125,0.5079365079365079,2602,0.045,in,6832.645316706247,0.016401402536089075,0.1298498390192895,0.008564307653757663,-0.06229378934521054
6440.0,520.03,2025-10-21 15:10:32,0,2026-02-27,6734.10986328125,0.5079365079365079,2602,0.045,in,6832.645316706247,0.016401402536089075,0.12884452495097343,0.008432209071665784,-0.05918336693081808
6550.0,521.2,2025-11-11 18:36:05,0,2026-03-20,6734.10986328125,0.5079365079365079,2603,0.045,in,6915.326046017149,-0.007279130985183055,0.17621871062700512,0.01577296963811767,-0.05427506490278827
6530.0,447.21,2025-10-21 14:22:46,0,2026-02-27,6734.10986328125,0.5079365079365079,2602,0.045,in,6832.645316706247,0.016401402536089075,0.12332557778237117,0.007725306989387013,-0.04530496375874058
5800.0,1156.6,2025-11-10 20:56:24,0,2026-03-20,6734.10986328125,0.5119047619047619,2603,0.045,in,6915.326046017149,-0.0068738664039025635,0.24268299372214625,0.03014864909528048,-0.17588219699757515
6325.0,655.53,2025-11-10 15:57:34,0,2026-03-20,6734.10986328125,0.5119047619047619,2603,0.045,in,6915.326046017149,-0.0068738664039025635,0.16385428367528249,0.013743734880783542,-0.0892300799363649
6390.0,510.32,2025-09-22 18:02:29,0,2026-01-30,6734.10986328125,0.5119047619047619,2601,0.045,in,6780.581873099609,0.03156530383516811,0.08544614329983719,0.0037374388857988254,-0.059328651871457076
6520.0,521.8,2025-11-10 18:12:20,0,2026-03-20,6734.10986328125,0.5119047619047619,2603,0.045,in,6915.326046017149,-0.0068738664039025635,0.1643004780627904,0.01381868839216004,-0.058865738611387206
6560.0,490.9,2025-11-10 18:08:29,0,2026-03-20,6734.10986328125,0.5119047619047619,2603,0.045,in,6915.326046017149,-0.0068738664039025635,0.1610980272169245,0.013285246405320866,-0.052749511593951116
6540.0,427.23,2025-10-20 14:13:55,0,2026-02-27,6734.10986328125,0.5119047619047619,2602,0.045,in,6832.645316706247,0.01662309709007288,0.1138968530392135,0.006640681008168529,-0.04377474157797299
6550.0,419.67,2025-10-20 14:13:15,0,2026-02-27,6734.10986328125,0.5119047619047619,2602,0.045,in,6832.645316706247,0.01662309709007288,0.11357529942839982,0.006603237994414036,-0.0422468573999197
6675.0,417.8,2025-11-10 20:58:25,0,2026-03-20,6734.10986328125,0.5119047619047619,2603,0.045,in,6915.326046017149,-0.0068738664039025635,0.1589336146594911,0.012930659956612607,-0.03537091026363563
6720.0,372.4,2025-11-10 18:05:43,0,2026-03-20,6734.10986328125,0.5119047619047619,2603,0.045,in,6915.326046017149,-0.0068738664039025635,0.14808114953639295,0.011225061362676684,-0.028651960014890614
6230.0,651.87,2025-11-07 15:38:54,0,2026-03-20,6734.10986328125,0.5238095238095238,2603,0.045,in,6915.326046017149,-0.005694914894722951,0.06952319376041587,0.002531819960815791,-0.10436378175058705
6275.0,611.38,2025-10-17 18:53:37,0,2026-02-27,6734.10986328125,0.5238095238095238,2602,0.045,in,6832.645316706247,0.017268026701662137,0.07557457349122192,0.0029917465591514825,-0.08513842202923275
6530.0,420.56,2025-11-07 18:22:09,0,2026-03-20,6734.10986328125,0.5238095238095238,2603,0.045,in,6915.326046017149,-0.005694914894722951,0.10156398908472777,0.0054032229841347494,-0.05733317126160907
6520.0,421.26,2025-10-17 18:18:16,0,2026-02-27,6734.10986328125,0.5238095238095238,2602,0.045,in,6832.645316706247,0.017268026701662137,0.09673034954476818,0.0049011602739801605,-0.04683753110851876
6630.0,351.87,2025-11-07 18:12:23,0,2026-03-20,6734.10986328125,0.5238095238095238,2603,0.045,in,6915.326046017149,-0.005694914894722951,0.10284797850861432,0.005540703500780587,-0.04213531035217768
6560.0,365.6,2025-10-17 11:27:20,0,2026-02-27,6734.10986328125,0.5238095238095238,2602,0.045,in,6832.645316706247,0.017268026701662137,0.07812672590421212,0.0031972208716967037,-0.04072130409108262
6640.0,369.5,2025-11-07 20:36:19,0,2026-03-20,6734.10986328125,0.5238095238095238,2603,0.045,in,6915.326046017149,-0.005694914894722951,0.11711328027623387,0.007184320218459848,-0.040628151061606305
6570.0,383.8,2025-10-17 18:59:52,0,2026-02-27,6734.10986328125,0.5238095238095238,2602,0.045,in,6832.645316706247,0.017268026701662137,0.09651914170586849,0.0048797805653339405,-0.0391980745505612
6590.0,355.83,2025-10-17 17:29:07,0,2026-02-27,6734.10986328125,0.5238095238095238,2602,0.045,in,6832.645316706247,0.017268026701662137,0.08751872200961656,0.004012133034483904,-0.03615855853266447
6690.0,317.37,2025-11-07 14:47:16,0,2026-03-20,6734.10986328125,0.5238095238095238,2603,0.045,in,6915.326046017149,-0.005694914894722951,0.10539949614245717,0.005819028174186776,-0.03312624040981168
6640.0,331.39,2025-10-17 17:59:28,0,2026-02-27,6734.10986328125,0.5238095238095238,2602,0.045,in,6832.645316706247,0.017268026701662137,0.09453071254491814,0.004680791036035685,-0.02859994355873783
6760.0,269.62,2025-11-07 18:22:09,0,2026-03-20,6734.10986328125,0.5238095238095238,2603,0.045,out,6915.326046017149,-0.005694914894722951,0.10227594644956632,0.005479241021128578,-0.022717224495076068
6225.0,749.07,2025-11-06 14:37:16,0,2026-03-20,6734.10986328125,0.5277777777777778,2603,0.045,in,6915.326046017149,-0.005313750121078424,0.17280818661488095,0.015760853273926304,-0.10516667219917747
6260.0,713.0,2025-11-06 14:42:03,0,2026-03-20,6734.10986328125,0.5277777777777778,2603,0.045,in,6915.326046017149,-0.005313750121078424,0.16557828053435814,0.014469643686377152,-0.0995599294379417
6280.0,698.1,2025-11-06 14:42:40,0,2026-03-20,6734.10986328125,0.5277777777777778,2603,0.045,in,6915.326046017149,-0.005313750121078424,0.16564481291388725,0.014481274357229373,-0.09637013406984149
6375.0,594.62,2025-11-06 20:06:58,0,2026-03-20,6734.10986328125,0.5277777777777778,2603,0.045,in,6915.326046017149,-0.005313750121078424,0.14204450374921745,0.010648782773940766,-0.08135602350545897
6680.0,359.28,2025-11-06 17:51:51,0,2026-03-20,6734.10986328125,0.5277777777777778,2603,0.045,in,6915.326046017149,-0.005313750121078424,0.12455572172987257,0.008188011902703877,-0.034622127001394436
6720.0,299.0,2025-10-16 13:34:58,0,2026-02-27,6734.10986328125,0.5277777777777778,2602,0.045,in,6832.645316706247,0.01747653777909325,0.10462772549676823,0.0057775627197198505,-0.016623752512022156
6330.0,685.0,2025-11-05 16:57:33,0,2026-03-20,6734.10986328125,0.5317460317460317,2603,0.045,in,6915.326046017149,-0.004938274373906197,0.1804186356682224,0.01730880344807655,-0.08843987839386394
6380.0,643.9,2025-11-05 16:57:33,0,2026-03-20,6734.10986328125,0.5317460317460317,2603,0.045,in,6915.326046017149,-0.004938274373906197,0.17635283424366743,0.01653747288703879,-0.08057201719325034
6510.0,539.02,2025-11-05 17:16:54,0,2026-03-20,6734.10986328125,0.5317460317460317,2603,0.045,in,6915.326046017149,-0.004938274373906197,0.16533147224633143,0.014535009626304317,-0.060400658329470946
6670.0,423.3,2025-11-05 19:11:51,0,2026-03-20,6734.10986328125,0.5317460317460317,2603,0.045,in,6915.326046017149,-0.004938274373906197,0.15549110409483452,0.012856280883541703,-0.03612025462241647
6880.0,203.9,2025-10-15 15:32:52,0,2026-02-27,6734.10986328125,0.5317460317460317,2602,0.045,out,6832.645316706247,0.01768193675089106,0.0998859900716183,0.005305342363836173,0.006906744898172038
5400.0,1498.97,2025-11-04 14:49:19,0,2026-03-20,6734.10986328125,0.5357142857142857,2603,0.045,in,6915.326046017149,-0.004568361230395779,0.23607564369473777,0.029856272971009703,-0.24734116097972011
6140.0,750.23,2025-10-07 18:57:11,0,2026-02-20,6734.10986328125,0.5357142857142857,2602,0.045,in,6832.645316706247,0.01788429277495853,0.09772497042831357,0.005116162417079337,-0.10688716488802925
6340.0,654.6,2025-11-04 18:22:15,0,2026-03-20,6734.10986328125,0.5357142857142857,2603,0.045,in,6915.326046017149,-0.004568361230395779,0.16364320338015617,0.014345945363849548,-0.08686134610081431
6425.0,583.34,2025-11-04 18:29:48,0,2026-03-20,6734.10986328125,0.5357142857142857,2603,0.045,in,6915.326046017149,-0.004568361230395779,0.15643973149214263,0.01311074442285733,-0.07354348376866529
6440.0,570.09,2025-11-04 21:07:31,0,2026-03-20,6734.10986328125,0.5357142857142857,2603,0.045,in,6915.326046017149,-0.004568361230395779,0.15463443138960656,0.012809896805993003,-0.07121157443368654
6510.0,384.4,2025-10-14 07:50:16,0,2026-02-27,6734.10986328125,0.5357142857142857,2602,0.045,in,6832.645316706247,0.01788429277495853,0.0489575954873896,0.0012840247263786807,-0.04837245082660242
6590.0,456.19,2025-11-04 21:05:42,0,2026-03-20,6734.10986328125,0.5357142857142857,2603,0.045,in,6915.326046017149,-0.004568361230395779,0.14590603213074696,0.01140459118507423,-0.04818676603553297
6575.0,328.1,2025-10-14 11:00:38,0,2026-02-27,6734.10986328125,0.5357142857142857,2602,0.045,in,6832.645316706247,0.01788429277495853,0.05203378927495874,0.001450454585523649,-0.038437328983252056
5500.0,1455.78,2025-11-03 16:15:30,0,2026-03-20,6734.10986328125,0.5396825396825397,2603,0.045,in,6915.326046017149,-0.004203887986054637,0.2856997565399047,0.04405123698661378,-0.22899202231152352
5700.0,1274.5,2025-11-03 16:34:05,0,2026-03-20,6734.10986328125,0.5396825396825397,2603,0.045,in,6915.326046017149,-0.004203887986054637,0.26594318431005487,0.03816946710401654,-0.1932739397094443
6050.0,959.7,2025-11-03 20:58:17,0,2026-03-20,6734.10986328125,0.5396825396825397,2603,0.045,in,6915.326046017149,-0.004203887986054637,0.22818291417480255,0.028099889506736198,-0.13368184250719867
6475.0,536.21,2025-11-14 17:05:18,0,2026-03-31,6734.10986328125,0.5396825396825397,2603,0.045,in,6915.326046017149,-0.004203887986054637,0.14744778031863062,0.011733156020798401,-0.06579150696434731
6585.0,434.4,2025-11-14 20:42:06,0,2026-03-31,6734.10986328125,0.5396825396825397,2603,0.045,in,6915.326046017149,-0.004203887986054637,0.1305271291518766,0.009194750303451474,-0.04894577935470441
6590.0,427.1,2025-11-14 20:49:27,0,2026-03-31,6734.10986328125,0.5396825396825397,2603,0.045,in,6915.326046017149,-0.004203887986054637,0.1281709080566227,0.008865786934127203,-0.04818676603553297
6650.0,372.22,2025-11-14 15:04:23,0,2026-03-31,6734.10986328125,0.5396825396825397,2603,0.045,in,6915.326046017149,-0.004203887986054637,0.1188189363784968,0.007619205521142654,-0.03912325988218599
6675.0,387.21,2025-11-14 16:30:36,0,2026-03-31,6734.10986328125,0.5396825396825397,2603,0.045,in,6915.326046017149,-0.004203887986054637,0.1356217651583519,0.009926522988550525,-0.03537091026363563
6685.0,342.12,2025-11-14 14:46:43,0,2026-03-31,6734.10986328125,0.5396825396825397,2603,0.045,in,6915.326046017149,-0.004203887986054637,0.11420435412305614,0.007038882111469681,-0.033873903996042336
6700.0,352.4,2025-11-14 20:56:35,0,2026-03-31,6734.10986328125,0.5396825396825397,2603,0.045,in,6915.326046017149,-0.004203887986054637,0.12478938442266241,0.008404147234856487,-0.031632588153028475
6740.0,327.0,2025-11-14 20:49:20,0,2026-03-31,6734.10986328125,0.5396825396825397,2603,0.045,out,6915.326046017149,-0.004203887986054637,0.1236500236124834,0.008251383548230188,-0.02568018962573318
6750.0,319.9,2025-11-14 20:56:35,0,2026-03-31,6734.10986328125,0.5396825396825397,2603,0.045,out,6915.326046017149,-0.004203887986054637,0.12289460313561888,0.008150870449448937,-0.024197609665510364
6900.0,244.65,2025-11-14 19:45:36,0,2026-03-31,6734.10986328125,0.5396825396825397,2603,0.045,out,6915.326046017149,-0.004203887986054637,0.1240864370495777,0.008309731606799991,-0.0022187029467351446
6970.0,185.0,2025-11-14 15:23:25,0,2026-03-31,6734.10986328125,0.5396825396825397,2603,0.045,out,6915.326046017149,-0.004203887986054637,0.10973038634427466,0.006498186688364579,0.007875110222483758
6990.0,193.62,2025-11-14 18:10:44,0,2026-03-31,6734.10986328125,0.5396825396825397,2603,0.045,out,6915.326046017149,-0.004203887986054637,0.11837727289061784,0.007562667889820211,0.010740441695770186
7000.0,156.74,2025-11-14 14:34:43,0,2026-03-31,6734.10986328125,0.5396825396825397,2603,0.045,out,6915.326046017149,-0.004203887986054637,0.10160766624847654,0.005571746136122241,0.012170034505364519
7030.0,168.28,2025-11-14 07:47:02,0,2026-03-31,6734.10986328125,0.5396825396825397,2603,0.045,out,6915.326046017149,-0.004203887986054637,0.11358640651592551,0.006962914910108522,0.016446591272624725
7125.0,110.25,2025-11-14 14:23:33,0,2026-03-31,6734.10986328125,0.5396825396825397,2603,0.045,out,6915.326046017149,-0.004203887986054637,0.10044022583752707,0.005444446426253602,0.029869611604765506
6280.0,682.6,2025-11-13 19:10:27,0,2026-03-31,6734.10986328125,0.5436507936507936,2603,0.045,in,6915.326046017149,-0.003844735519003148,0.14923587681078918,0.012107835432799407,-0.09637013406984149
6500.0,508.85,2025-11-13 19:38:23,0,2026-03-31,6734.10986328125,0.5436507936507936,2603,0.045,in,6915.326046017149,-0.003844735519003148,0.14009452399555852,0.010669949065616155,-0.06193793764835743
6575.0,484.89,2025-11-13 15:36:47,0,2026-03-31,6734.10986328125,0.5436507936507936,2603,0.045,in,6915.326046017149,-0.003844735519003148,0.1549172866859766,0.013047274217610608,-0.05046553648612056
6600.0,430.0,2025-11-13 19:49:31,0,2026-03-31,6734.10986328125,0.5436507936507936,2603,0.045,in,6915.326046017149,-0.003844735519003148,0.1326810425677457,0.009570569407898256,-0.04667046551756893
6720.0,392.88,2025-11-13 15:21:21,0,2026-03-31,6734.10986328125,0.5436507936507936,2603,0.045,in,6915.326046017149,-0.003844735519003148,0.1516536618119468,0.012503333890131784,-0.028651960014890614
6755.0,371.34,2025-11-13 14:30:04,0,2026-03-31,6734.10986328125,0.5436507936507936,2603,0.045,out,6915.326046017149,-0.003844735519003148,0.1504491187755078,0.012305501649304676,-0.02345714313778668
6800.0,257.7,2025-11-13 19:48:45,0,2026-03-31,6734.10986328125,0.5436507936507936,2603,0.045,out,6915.326046017149,-0.003844735519003148,0.10413823433989257,0.005895768823991913,-0.016817502367887774
6850.0,227.45,2025-11-13 16:30:45,0,2026-03-31,6734.10986328125,0.5436507936507936,2603,0.045,out,6915.326046017149,-0.003844735519003148,0.10220100306885792,0.005678457019343081,-0.009491462275814839
6905.0,238.36,2025-11-13 19:46:46,0,2026-03-31,6734.10986328125,0.5436507936507936,2603,0.045,out,6915.326046017149,-0.003844735519003148,0.12134732682810895,0.008005352384051274,-0.0014943276886933323
6925.0,239.58,2025-11-13 16:30:45,0,2026-03-31,6734.10986328125,0.5436507936507936,2603,0.045,out,6915.326046017149,-0.003844735519003148,0.12662435817982473,0.008716748998293646,0.0013979375234533687
7080.0,155.81,2025-11-13 18:30:08,0,2026-03-31,6734.10986328125,0.5436507936507936,2603,0.045,out,6915.326046017149,-0.003844735519003148,0.1160810234909467,0.007325587896883665,0.02353379315567961
7110.0,166.9,2025-11-13 15:21:21,0,2026-03-31,6734.10986328125,0.5436507936507936,2603,0.045,out,6915.326046017149,-0.003844735519003148,0.12741435829215278,0.008825854610171224,0.027762129265200698
6790.0,369.34,2025-11-12 15:05:22,0,2026-03-31,6734.10986328125,0.5476190476190477,2603,0.045,out,6915.326046017149,-0.003490788160169782,0.15810974767377667,0.013689760074231014,-0.018289172979344057
6975.0,251.86,2025-11-12 20:47:50,0,2026-03-31,6734.10986328125,0.5476190476190477,2603,0.045,out,6915.326046017149,-0.003490788160169782,0.14317541887754964,0.011225752693512414,0.008592213157480526
7025.0,229.57,2025-11-12 14:42:27,0,2026-03-31,6734.10986328125,0.5476190476190477,2603,0.045,out,6915.326046017149,-0.003490788160169782,0.14241885720583441,0.011107428819518206,0.01573510066986069
7050.0,211.96,2025-11-12 20:54:37,0,2026-03-31,6734.10986328125,0.5476190476190477,2603,0.045,out,6915.326046017149,-0.003490788160169782,0.13850127008076143,0.010504758136229347,0.019287502274228527
5800.0,1182.5,2025-11-11 18:23:14,0,2026-03-31,6734.10986328125,0.5515873015873016,2603,0.045,in,6915.326046017149,-0.003141933569089421,0.24929118590016183,0.03427899704795142,-0.17588219699757515
6010.0,1010.3,2025-10-31 19:43:45,0,2026-03-20,6734.10986328125,0.5515873015873016,2603,0.045,in,6915.326046017149,-0.003141933569089421,0.2393573487779328,0.031601506815659264,-0.14031536600283256
6200.0,827.54,2025-11-11 18:23:14,0,2026-03-31,6734.10986328125,0.5515873015873016,2603,0.045,in,6915.326046017149,-0.003141933569089421,0.20783847046288648,0.02382682278890852,-0.10919082249890293
6250.0,802.2,2025-10-31 13:30:02,0,2026-03-20,6734.10986328125,0.5515873015873016,2603,0.045,in,6915.326046017149,-0.003141933569089421,0.2142617877437979,0.02532233254966823,-0.10115865080163863
6550.0,536.46,2025-11-11 20:58:14,0,2026-03-31,6734.10986328125,0.5515873015873016,2603,0.045,in,6915.326046017149,-0.003141933569089421,0.17318500030896516,0.016543782389485163,-0.05427506490278827
6780.0,372.09,2025-11-11 18:22:45,0,2026-03-31,6734.10986328125,0.5515873015873016,2603,0.045,out,6915.326046017149,-0.003141933569089421,0.15594822031831787,0.01341451901366125,-0.019763012597644646
6785.0,368.69,2025-11-11 18:22:45,0,2026-03-31,6734.10986328125,0.5515873015873016,2603,0.045,out,6915.326046017149,-0.003141933569089421,0.1555500611177954,0.013346107898457278,-0.019025821263116312
6825.0,338.38,2025-11-11 20:58:14,0,2026-03-31,6734.10986328125,0.5515873015873016,2603,0.045,out,6915.326046017149,-0.003141933569089421,0.15059421270582152,0.012509237099871366,-0.013147773478925345
6960.0,237.58,2025-11-11 16:37:56,0,2026-03-31,6734.10986328125,0.5515873015873016,2603,0.045,out,6915.326046017149,-0.003141933569089421,0.1319722563642116,0.009606817565598036,0.006439359796379382
7100.0,182.05,2025-11-11 20:58:14,0,2026-03-31,6734.10986328125,0.5515873015873016,2603,0.045,out,6915.326046017149,-0.003141933569089421,0.13203659884627597,0.00961618737083351,0.026354669497321008
5250.0,1662.53,2025-11-10 19:00:12,0,2026-03-31,6734.10986328125,0.5555555555555556,2603,0.045,in,6915.326046017149,-0.0027980626150245005,0.2726012324041689,0.04128412883792873,-0.27551203794641643
5300.0,1640.05,2025-10-30 19:11:08,0,2026-03-20,6734.10986328125,0.5555555555555556,2603,0.045,in,6915.326046017149,-0.0027980626150245005,0.298537316468043,0.04951362740218914,-0.2660332939918726
5325.0,1556.14,2025-11-10 16:31:20,0,2026-03-31,6734.10986328125,0.5555555555555556,2603,0.045,in,6915.326046017149,-0.0027980626150245005,0.20271430140188512,0.022829493329363515,-0.26132740295446005
5450.0,1439.94,2025-11-10 16:33:19,0,2026-03-31,6734.10986328125,0.5555555555555556,2603,0.045,in,6915.326046017149,-0.0027980626150245005,0.19987699231740705,0.022194895587696,-0.23812450587479608
6025.0,973.3,2025-10-30 13:41:23,0,2026-03-20,6734.10986328125,0.5555555555555556,2603,0.045,in,6915.326046017149,-0.0027980626150245005,0.21871460762695602,0.026575599771896295,-0.1378226351732301
6110.0,859.43,2025-11-10 15:45:01,0,2026-03-31,6734.10986328125,0.5555555555555556,2603,0.045,in,6915.326046017149,-0.0027980626150245005,0.18078085937086072,0.01815651061937051,-0.12381334136644488
6180.0,836.33,2025-11-10 20:47:43,0,2026-03-31,6734.10986328125,0.5555555555555556,2603,0.045,in,6915.326046017149,-0.0027980626150245005,0.2027167598562182,0.022830047070335358,-0.11242184308034946
6225.0,795.29,2025-11-10 20:11:23,0,2026-03-31,6734.10986328125,0.5555555555555556,2603,0.045,in,6915.326046017149,-0.0027980626150245005,0.19687546341590126,0.02153330449734771,-0.10516667219917747
6230.0,790.92,2025-11-10 20:12:00,0,2026-03-31,6734.10986328125,0.5555555555555556,2603,0.045,in,6915.326046017149,-0.0027980626150245005,0.19634781172067362,0.02141803509305394,-0.10436378175058705
6370.0,674.67,2025-11-10 20:38:25,0,2026-03-31,6734.10986328125,0.5555555555555556,2603,0.045,in,6915.326046017149,-0.0027980626150245005,0.1845011655093265,0.018911488930166608,-0.0821406449658768
6375.0,670.62,2025-11-10 20:38:25,0,2026-03-31,6734.10986328125,0.5555555555555556,2603,0.045,in,6915.326046017149,-0.0027980626150245005,0.18409818278082848,0.018828967168446297,-0.08135602350545897
6340.0,605.76,2025-10-09 19:48:50,0,2026-02-27,6734.10986328125,0.5555555555555556,2602,0.045,in,6832.645316706247,0.018852710890138586,0.12218141525821044,0.008293499019166256,-0.07483313859794578
6460.0,620.94,2025-10-30 17:01:08,0,2026-03-20,6734.10986328125,0.5555555555555556,2603,0.045,in,6915.326046017149,-0.0027980626150245005,0.1879283246787311,0.01962058623141921,-0.06811079675543837
6535.0,515.0,2025-11-10 15:19:57,0,2026-03-31,6734.10986328125,0.5555555555555556,2603,0.045,in,6915.326046017149,-0.0027980626150245005,0.15461015182621837,0.013280166137625721,-0.05656776747376354
6810.0,321.3,2025-11-10 15:34:41,0,2026-03-31,6734.10986328125,0.5555555555555556,2603,0.045,out,6915.326046017149,-0.0027980626150245005,0.13718457002900303,0.010455336807801353,-0.015347994388527762
6830.0,311.2,2025-11-10 14:58:50,0,2026-03-31,6734.10986328125,0.5555555555555556,2603,0.045,out,6915.326046017149,-0.0027980626150245005,0.13728210624769296,0.010470209275446035,-0.012415440967250122
7130.0,149.43,2025-11-10 15:31:03,0,2026-03-31,6734.10986328125,0.5555555555555556,2603,0.045,out,6915.326046017149,-0.0027980626150245005,0.11981951604597936,0.00797595356971817,0.03057111987625581
5100.0,1879.51,2025-10-28 17:30:20,0,2026-03-20,6734.10986328125,0.5634920634920635,2603,0.045,in,6915.326046017149,-0.0021248504655171155,0.37667051284206293,0.07994863446328485,-0.30449957481966866
6660.0,494.33,2025-10-28 18:22:57,0,2026-03-20,6734.10986328125,0.5634920634920635,2603,0.045,in,6915.326046017149,-0.0021248504655171155,0.18252673984325762,0.018773307649241153,-0.03762062999765108
5550.0,1421.53,2025-10-27 17:38:53,0,2026-03-20,6734.10986328125,0.5674603174603174,2603,0.045,in,6915.326046017149,-0.0017953060566673479,0.2792527548935434,0.04425174785529992,-0.2199421867916057
5940.0,1068.21,2025-10-27 19:35:59,0,2026-03-20,6734.10986328125,0.5674603174603174,2603,0.045,in,6915.326046017149,-0.0017953060566673479,0.23785501335184303,0.03210407164624832,-0.15203098117539532
6275.0,769.53,2025-10-27 17:47:33,0,2026-03-20,6734.10986328125,0.5674603174603174,2603,0.045,in,6915.326046017149,-0.0017953060566673479,0.19951875239702455,0.022589308554775086,-0.09716662953210117
6300.0,610.92,2025-11-07 18:28:22,0,2026-03-31,6734.10986328125,0.5674603174603174,2603,0.045,in,6915.326046017149,-0.0017953060566673479,0.09066390527770385,0.004664491872973163,-0.09319048115246185
6445.0,483.81,2025-11-07 17:14:34,0,2026-03-31,6734.10986328125,0.5674603174603174,2603,0.045,in,6915.326046017149,-0.0017953060566673479,0.0874720177447853,0.004341839706480941,-0.07043547815879812
6625.0,364.47,2025-11-07 16:02:20,0,2026-03-31,6734.10986328125,0.5674603174603174,2603,0.045,in,6915.326046017149,-0.0017953060566673479,0.09904964021705362,0.0055672574026955175,-0.04288974267766287
6640.0,353.83,2025-11-07 16:05:33,0,2026-03-31,6734.10986328125,0.5674603174603174,2603,0.045,in,6915.326046017149,-0.0017953060566673479,0.09876790816140955,0.005535631962734247,-0.040628151061606305
6645.0,370.0,2025-11-07 19:31:32,0,2026-03-31,6734.10986328125,0.5674603174603174,2603,0.045,in,6915.326046017149,-0.0017953060566673479,0.10989501826215063,0.0068531700418805325,-0.039875422384740185
6655.0,362.1,2025-11-07 14:32:20,0,2026-03-31,6734.10986328125,0.5674603174603174,2603,0.045,in,6915.326046017149,-0.0017953060566673479,0.10908914712590248,0.006753028606960009,-0.03837166270287385
6660.0,338.63,2025-11-07 17:39:02,0,2026-03-31,6734.10986328125,0.5674603174603174,2603,0.045,in,6915.326046017149,-0.0017953060566673479,0.09769072319497855,0.0054155447141475506,-0.03762062999765108
6710.0,424.05,2025-10-27 19:36:26,0,2026-03-20,6734.10986328125,0.5674603174603174,2603,0.045,in,6915.326046017149,-0.0017953060566673479,0.1595825026467878,0.014451270819820323,-0.030141163566358393
6710.0,300.0,2025-11-07 17:03:52,0,2026-03-31,6734.10986328125,0.5674603174603174,2603,0.045,in,6915.326046017149,-0.0017953060566673479,0.09414565907329868,0.005029630684505743,-0.030141163566358393
6725.0,299.99,2025-11-07 17:29:53,0,2026-03-31,6734.10986328125,0.5674603174603174,2603,0.045,in,6915.326046017149,-0.0017953060566673479,0.09916404504349445,0.005580125474613143,-0.027908189062046028
6950.0,176.2,2025-11-07 16:32:44,0,2026-03-31,6734.10986328125,0.5674603174603174,2603,0.045,out,6915.326046017149,-0.0017953060566673479,0.0965108939723049,0.005285525514732887,0.00500154502675195
7005.0,166.48,2025-11-07 14:32:20,0,2026-03-31,6734.10986328125,0.5674603174603174,2603,0.045,out,6915.326046017149,-0.0017953060566673479,0.10320315451902051,0.006043958046360261,0.012884065239021499
7010.0,151.4,2025-11-07 17:39:02,0,2026-03-31,6734.10986328125,0.5674603174603174,2603,0.045,out,6915.326046017149,-0.0017953060566673479,0.09666427356192066,0.005302338869068643,0.013597586496549855
7015.0,150.86,2025-11-07 16:03:11,0,2026-03-31,6734.10986328125,0.5674603174603174,2603,0.045,out,6915.326046017149,-0.0017953060566673479,0.09738201720556822,0.0053813721838438825,0.014310599004475354
7020.0,145.54,2025-11-07 17:14:34,0,2026-03-31,6734.10986328125,0.5674603174603174,2603,0.045,out,6915.326046017149,-0.0017953060566673479,0.09569077113564096,0.005196077326652013,0.015023103487771021
7060.0,139.54,2025-11-07 14:44:41,0,2026-03-31,6734.10986328125,0.5674603174603174,2603,0.045,out,6915.326046017149,-0.0017953060566673479,0.1002514273138712,0.00570317405167056,0.02070493695520187
7065.0,131.3,2025-11-07 15:46:24,0,2026-03-31,6734.10986328125,0.5674603174603174,2603,0.045,out,6915.326046017149,-0.0017953060566673479,0.09695895978718104,0.005334717076471203,0.021412901586541883
7075.0,135.04,2025-11-07 14:55:12,0,2026-03-31,6734.10986328125,0.5674603174603174,2603,0.045,out,6915.326046017149,-0.0017953060566673479,0.10069719303054309,0.005754004880337124,0.02282732897935258
5900.0,998.7,2025-11-06 20:44:05,0,2026-03-31,6734.10986328125,0.5714285714285714,2603,0.045,in,6915.326046017149,-0.0014703386534960436,0.13162650703066445,0.009900307058910603,-0.1587877636382751
6100.0,834.47,2025-11-06 20:02:36,0,2026-03-31,6734.10986328125,0.5714285714285714,2603,0.045,in,6915.326046017149,-0.0014703386534960436,0.146317801231013,0.012233656546901846,-0.1254513433706833
6150.0,792.12,2025-11-06 20:02:36,0,2026-03-31,6734.10986328125,0.5714285714285714,2603,0.045,in,6915.326046017149,-0.0014703386534960436,0.14544592302637988,0.012088295157140352,-0.11728803273152233
6480.0,516.24,2025-11-06 18:30:34,0,2026-03-31,6734.10986328125,0.5714285714285714,2603,0.045,in,6915.326046017149,-0.0014703386534960436,0.12913421464922878,0.009528940224613196,-0.06501960418576547
6745.0,324.48,2025-11-06 17:02:04,0,2026-03-31,6734.10986328125,0.5714285714285714,2603,0.045,out,6915.326046017149,-0.0014703386534960436,0.1174948815088496,0.007888598389016345,-0.02493862489022957
7120.0,136.0,2025-11-06 20:43:08,0,2026-03-31,6734.10986328125,0.5714285714285714,2603,0.045,out,6915.326046017149,-0.0014703386534960436,0.1085718314417614,0.006735910047210428,0.029167610873935507
6855.0,287.2,2025-11-05 14:35:05,0,2026-03-31,6734.10986328125,0.5753968253968254,2603,0.045,out,6915.326046017149,-0.001149853559334009,0.1277239188149125,0.009386678247732386,-0.008761801535671089
6985.0,217.03,2025-11-05 14:34:39,0,2026-03-31,6734.10986328125,0.5753968253968254,2603,0.045,out,6915.326046017149,-0.001149853559334009,0.12282485851133976,0.008680405360745798,0.010024878158976258
6995.0,211.93,2025-11-05 14:34:39,0,2026-03-31,6734.10986328125,0.5753968253968254,2603,0.045,out,6915.326046017149,-0.001149853559334009,0.1223907635397269,0.008619156170541329,0.011455493567495754
5400.0,1501.82,2025-11-04 10:42:05,0,2026-03-31,6734.10986328125,0.5793650793650794,2603,0.045,in,6915.326046017149,-0.0008337586719412982,0.2163935162800158,0.027129438363699614,-0.24734116097972011
5500.0,1409.62,2025-11-04 10:42:05,0,2026-03-31,6734.10986328125,0.5793650793650794,2603,0.045,in,6915.326046017149,-0.0008337586719412982,0.21162003007644922,0.025945727860775248,-0.22899202231152352
5870.0,1074.63,2025-10-24 19:37:27,0,2026-03-20,6734.10986328125,0.5793650793650794,2603,0.045,in,6915.326046017149,-0.0008337586719412982,0.19152782275037628,0.021252795260217998,-0.16388548070994377
5920.0,1031.12,2025-10-24 19:27:51,0,2026-03-20,6734.10986328125,0.5793650793650794,2603,0.045,in,6915.326046017149,-0.0008337586719412982,0.18936411419506557,0.020775317820447416,-0.1554036656540345
6250.0,753.14,2025-11-04 17:07:20,0,2026-03-31,6734.10986328125,0.5793650793650794,2603,0.045,in,6915.326046017149,-0.0008337586719412982,0.17332778387302425,0.017405587367860062,-0.10115865080163863
6630.0,442.93,2025-11-04 18:33:48,0,2026-03-31,6734.10986328125,0.5793650793650794,2603,0.045,in,6915.326046017149,-0.0008337586719412982,0.14222890747290998,0.011720012181178128,-0.04213531035217768
6690.0,400.01,2025-11-04 21:06:34,0,2026-03-31,6734.10986328125,0.5793650793650794,2603,0.045,in,6915.326046017149,-0.0008337586719412982,0.1385528463819213,0.011122008417133785,-0.03312624040981168
6695.0,418.46,2025-11-04 15:53:45,0,2026-03-31,6734.10986328125,0.5793650793650794,2603,0.045,in,6915.326046017149,-0.0008337586719412982,0.14964869564892963,0.012974725745937268,-0.032379135406812976
6705.0,411.36,2025-11-04 15:54:14,0,2026-03-31,6734.10986328125,0.5793650793650794,2603,0.045,in,6915.326046017149,-0.0008337586719412982,0.14893033432878033,0.012850459105393707,-0.03088659781630693
6730.0,393.58,2025-11-04 15:55:13,0,2026-03-31,6734.10986328125,0.5793650793650794,2603,0.045,in,6915.326046017149,-0.0008337586719412982,0.1470322843803352,0.012524999709978434,-0.027164970893312324
6775.0,341.0,2025-11-04 20:59:38,0,2026-03-31,6734.10986328125,0.5793650793650794,2603,0.045,out,6915.326046017149,-0.0008337586719412982,0.1329349517844321,0.010238366687562207,-0.020500747784184207
6820.0,319.0,2025-11-04 18:08:07,0,2026-03-31,6734.10986328125,0.5793650793650794,2603,0.045,out,6915.326046017149,-0.0008337586719412982,0.13388907043164897,0.010385862477910533,-0.013880642694578114
6845.0,304.83,2025-11-04 18:10:30,0,2026-03-31,6734.10986328125,0.5793650793650794,2603,0.045,out,6915.326046017149,-0.0008337586719412982,0.1332047606025354,0.010279969063841666,-0.01022165580953662
6860.0,297.09,2025-11-04 14:30:17,0,2026-03-31,6734.10986328125,0.5793650793650794,2603,0.045,out,6915.326046017149,-0.0008337586719412982,0.13309062024744647,0.010262359233675007,-0.008032672812154987
5650.0,1339.86,2025-11-03 18:33:20,0,2026-03-31,6734.10986328125,0.5833333333333334,2603,0.045,in,6915.326046017149,-0.0005219643952614275,0.2706824937879846,0.042740257258581354,-0.2020845693915992
5725.0,1271.23,2025-11-03 18:17:05,0,2026-03-31,6734.10986328125,0.5833333333333334,2603,0.045,in,6915.326046017149,-0.0005219643952614275,0.2622406685270282,0.0401159314672099,-0.1888975651096455
5890.0,1121.72,2025-11-03 18:47:33,0,2026-03-31,6734.10986328125,0.5833333333333334,2603,0.045,in,6915.326046017149,-0.0005219643952614275,0.24408911957340582,0.034754707338236906,-0.16048411688645345
6300.0,643.9,2025-10-23 13:53:08,0,2026-03-20,6734.10986328125,0.5833333333333334,2603,0.045,in,6915.326046017149,-0.0005219643952614275,0.11893346052597234,0.008251348019065095,-0.09319048115246185
6610.0,527.99,2025-11-03 14:30:34,0,2026-03-31,6734.10986328125,0.5833333333333334,2603,0.045,in,6915.326046017149,-0.0005219643952614275,0.1801837921725711,0.01893861606098484,-0.045156460686353844
6620.0,520.21,2025-11-03 14:30:34,0,2026-03-31,6734.10986328125,0.5833333333333334,2603,0.045,in,6915.326046017149,-0.0005219643952614275,0.179164758502522,0.01872500623540577,-0.04364474460103201
6360.0,568.88,2025-10-22 16:36:12,0,2026-03-20,6734.10986328125,0.5873015873015873,2603,0.045,in,6915.326046017149,-0.00021438355475290882,0.09459303352506249,0.005255081804516239,-0.08371173719791802
6370.0,597.26,2025-10-22 13:44:03,0,2026-03-20,6734.10986328125,0.5873015873015873,2603,0.045,in,6915.326046017149,-0.00021438355475290882,0.12478805252011214,0.009145494411352442,-0.0821406449658768
6390.0,553.3,2025-10-22 16:26:05,0,2026-03-20,6734.10986328125,0.5873015873015873,2603,0.045,in,6915.326046017149,-0.00021438355475290882,0.10292866258300791,0.006222054833360122,-0.07900584616050539
5950.0,953.39,2025-10-21 13:34:05,0,2026-03-20,6734.10986328125,0.5912698412698413,2603,0.045,in,6915.326046017149,8.906868386959754e-05,0.12114408631914927,0.008677410943909215,-0.15034889499241044
6180.0,760.22,2025-10-21 18:06:24,0,2026-03-20,6734.10986328125,0.5912698412698413,2603,0.045,in,6915.326046017149,8.906868386959754e-05,0.13223934745763177,0.010339680584869124,-0.11242184308034946
6410.0,570.12,2025-10-21 15:15:25,0,2026-03-20,6734.10986328125,0.5912698412698413,2603,0.045,in,6915.326046017149,8.906868386959754e-05,0.1260448841812731,0.009393688934175842,-0.07588084361737009
6610.0,416.38,2025-10-20 19:33:11,0,2026-03-20,6734.10986328125,0.5952380952380952,2603,0.045,in,6915.326046017149,0.0003884748926437989,0.1173394543999137,0.008195564023136563,-0.045156460686353844
6670.0,469.5,2025-10-31 13:45:17,0,2026-03-31,6734.10986328125,0.5952380952380952,2603,0.045,in,6915.326046017149,0.0003884748926437989,0.1650326428029716,0.016211769756269773,-0.03612025462241647
6735.0,418.78,2025-10-31 14:11:23,0,2026-03-31,6734.10986328125,0.5952380952380952,2603,0.045,out,6915.326046017149,0.0003884748926437989,0.15778041128618556,0.014818248920022542,-0.0264223046876215
6350.0,613.12,2025-10-30 18:57:53,0,2026-03-31,6734.10986328125,0.5992063492063492,2603,0.045,in,6915.326046017149,0.0006839154562686689,0.12181226173462034,0.008891159894620838,-0.08528530164534855
6765.0,410.0,2025-10-30 15:02:14,0,2026-03-31,6734.10986328125,0.5992063492063492,2603,0.045,out,6915.326046017149,0.0006839154562686689,0.16062639110646607,0.015460025656757926,-0.02197785292719747
6325.0,633.02,2025-10-29 02:45:37,0,2026-03-31,6734.10986328125,0.6031746031746031,2603,0.045,in,6915.326046017149,0.0009754686440563778,0.1208250853934881,0.008805565839572385,-0.0892300799363649
6805.0,396.21,2025-10-29 19:48:46,0,2026-03-31,6734.10986328125,0.6031746031746031,2603,0.045,out,6915.326046017149,0.0009754686440563778,0.16327904720479183,0.016080663424317083,-0.016082478446519437
6815.0,392.43,2025-10-29 19:50:34,0,2026-03-31,6734.10986328125,0.6031746031746031,2603,0.045,out,6915.326046017149,0.0009754686440563778,0.16392615813113248,0.016208378446762792,-0.014614049401452866
6920.0,333.45,2025-10-29 20:02:17,0,2026-03-31,6734.10986328125,0.6031746031746031,2603,0.045,out,6915.326046017149,0.0009754686440563778,0.16005232753691823,0.015451371538086161,0.0006756550796294109
6965.0,307.92,2025-10-29 14:03:30,0,2026-03-31,6734.10986328125,0.6031746031746031,2603,0.045,out,6915.326046017149,0.0009754686440563778,0.1575674350555505,0.014975315403483088,0.007157492681820306
6100.0,837.5,2025-11-14 20:58:05,0,2026-04-17,6734.10986328125,0.6071428571428571,2604,0.045,in,6855.7978528186595,0.015502723338792181,0.1367644871502484,0.011356318716892775,-0.11680592497013301
6200.0,775.93,2025-11-14 19:44:19,0,2026-04-17,6734.10986328125,0.6071428571428571,2604,0.045,in,6855.7978528186595,0.015502723338792181,0.15420277890090847,0.014436944619748638,-0.10054540409835275
6320.0,594.38,2025-10-17 16:10:14,0,2026-03-20,6734.10986328125,0.6071428571428571,2603,0.045,in,6915.326046017149,0.001263210679062543,0.07532396083026133,0.003444745867060665,-0.09002090639118274
6300.0,692.09,2025-11-14 19:33:27,0,2026-04-17,6734.10986328125,0.6071428571428571,2604,0.045,in,6855.7978528186595,0.015502723338792181,0.1490432265691813,0.013487000627306756,-0.08454506275191166
6340.0,647.99,2025-11-14 18:40:07,0,2026-04-17,6734.10986328125,0.6071428571428571,2604,0.045,in,6855.7978528186595,0.015502723338792181,0.13934348145223222,0.011788653535531638,-0.07821592770026403
6400.0,697.39,2025-10-28 14:51:55,0,2026-03-31,6734.10986328125,0.6071428571428571,2603,0.045,in,6915.326046017149,0.001263210679062543,0.19550133187998803,0.023205467965587027,-0.07744212418432263
6350.0,644.6,2025-11-14 15:51:19,0,2026-04-17,6734.10986328125,0.6071428571428571,2604,0.045,in,6855.7978528186595,0.015502723338792181,0.14214462168798236,0.012267378181140485,-0.07663988324479841
6420.0,518.79,2025-10-17 16:29:33,0,2026-03-20,6734.10986328125,0.6071428571428571,2603,0.045,in,6915.326046017149,0.001263210679062543,0.08876217939392517,0.004783511297961036,-0.07432199684807905
6375.0,624.9,2025-11-14 15:51:19,0,2026-04-17,6734.10986328125,0.6071428571428571,2604,0.045,in,6855.7978528186595,0.015502723338792181,0.14133540928726668,0.012128102307599505,-0.07271060510490873
6450.0,578.08,2025-11-14 19:24:26,0,2026-04-17,6734.10986328125,0.6071428571428571,2604,0.045,in,6855.7978528186595,0.015502723338792181,0.1455887382904974,0.0128690490067615,-0.06101456534171749
6480.0,535.9,2025-11-14 19:45:51,0,2026-04-17,6734.10986328125,0.6071428571428571,2604,0.045,in,6855.7978528186595,0.015502723338792181,0.13277626799707398,0.01070364767267585,-0.056374185785215344
6610.0,439.43,2025-11-14 15:44:30,0,2026-04-17,6734.10986328125,0.6071428571428571,2604,0.045,in,6855.7978528186595,0.015502723338792181,0.12758144412397376,0.009882479394317745,-0.036511042285803735
6640.0,423.98,2025-11-14 18:40:07,0,2026-04-17,6734.10986328125,0.6071428571428571,2604,0.045,in,6855.7978528186595,0.015502723338792181,0.1294795386527266,0.010178720207331772,-0.03198273266105611
6650.0,430.23,2025-11-14 17:57:05,0,2026-04-17,6734.10986328125,0.6071428571428571,2604,0.045,in,6855.7978528186595,0.015502723338792181,0.1360270553201211,0.011234182723002709,-0.03047784148163581
6660.0,427.9,2025-11-14 17:37:15,0,2026-04-17,6734.10986328125,0.6071428571428571,2604,0.045,in,6855.7978528186595,0.015502723338792181,0.1379741870416328,0.011558103461663966,-0.028975211597100908
6670.0,390.65,2025-11-14 15:33:31,0,2026-04-17,6734.10986328125,0.6071428571428571,2604,0.045,in,6855.7978528186595,0.015502723338792181,0.12169724176062122,0.008991918467372588,-0.02747483622186631
6680.0,395.7,2025-11-14 21:09:41,0,2026-04-17,6734.10986328125,0.6071428571428571,2604,0.045,in,6855.7978528186595,0.015502723338792181,0.1275173950853862,0.009872559387112933,-0.02597670860084428
6700.0,387.53,2025-11-14 18:03:24,0,2026-04-17,6734.10986328125,0.6071428571428571,2604,0.045,in,6855.7978528186595,0.015502723338792181,0.1294595731476762,0.010175581369744105,-0.022987169752478227
6720.0,385.8,2025-11-14 17:03:24,0,2026-04-17,6734.10986328125,0.6071428571428571,2604,0.045,in,6855.7978528186595,0.015502723338792181,0.13449961566710134,0.010983303301720196,-0.0200065416143405
6770.0,349.95,2025-11-14 16:50:03,0,2026-04-17,6734.10986328125,0.6071428571428571,2604,0.045,out,6855.7978528186595,0.015502723338792181,0.1306388709984493,0.01036181244527647,-0.01259360922521496
6835.0,361.6,2025-10-28 14:17:43,0,2026-03-31,6734.10986328125,0.6071428571428571,2603,0.045,out,6915.326046017149,0.001263210679062543,0.1530478104744056,0.014221491033827242,-0.011683644374035976
6875.0,344.44,2025-10-28 17:28:08,0,2026-03-31,6734.10986328125,0.6071428571428571,2603,0.045,out,6915.326046017149,0.001263210679062543,0.15430577884405758,0.014456237412121804,-0.005848470997313867
6820.0,314.1,2025-11-14 20:13:55,0,2026-04-17,6734.10986328125,0.6071428571428571,2604,0.045,out,6855.7978528186595,0.015502723338792181,0.12624331191304675,0.00967626266597042,-0.005235224294027876
6825.0,287.62,2025-11-14 15:20:11,0,2026-04-17,6734.10986328125,0.6071428571428571,2604,0.045,out,6855.7978528186595,0.015502723338792181,0.1146249602421827,0.007977178059959764,-0.004502355078375224
6850.0,295.8,2025-11-14 17:57:23,0,2026-04-17,6734.10986328125,0.6071428571428571,2604,0.045,out,6855.7978528186595,0.015502723338792181,0.12488792194870581,0.009469602922404376,-0.000846043875264742
6860.0,293.8,2025-11-14 19:58:42,0,2026-04-17,6734.10986328125,0.6071428571428571,2604,0.045,out,6855.7978528186595,0.015502723338792181,0.12636213714689631,0.009694486606200984,0.0006127455883952111
6870.0,293.4,2025-11-14 17:38:23,0,2026-04-17,6734.10986328125,0.6071428571428571,2604,0.045,out,6855.7978528186595,0.015502723338792181,0.12857275500977106,0.010036650236558725,0.0020694100848592336
6875.0,280.7,2025-11-14 18:58:49,0,2026-04-17,6734.10986328125,0.6071428571428571,2604,0.045,out,6855.7978528186595,0.015502723338792181,0.12365281906400878,0.009283226223646442,0.0027969474032363164
6890.0,279.6,2025-11-14 17:37:18,0,2026-04-17,6734.10986328125,0.6071428571428571,2604,0.045,out,6855.7978528186595,0.015502723338792181,0.12665240469591782,0.009739076337835545,0.0049763888761685
6900.0,255.1,2025-11-14 20:58:05,0,2026-04-17,6734.10986328125,0.6071428571428571,2604,0.045,out,6855.7978528186595,0.015502723338792181,0.11722156587585486,0.008342686557449481,0.006426715453815125
6910.0,268.7,2025-11-14 17:45:51,0,2026-04-17,6734.10986328125,0.6071428571428571,2604,0.045,out,6855.7978528186595,0.015502723338792181,0.12602161063717054,0.009642306711034731,0.007874941630179863
6920.0,261.1,2025-11-14 17:45:04,0,2026-04-17,6734.10986328125,0.6071428571428571,2604,0.045,out,6855.7978528186595,0.015502723338792181,0.12463782711867184,0.009431714111810242,0.009321073480179659
6940.0,238.27,2025-11-14 18:40:07,0,2026-04-17,6734.10986328125,0.6071428571428571,2604,0.045,out,6855.7978528186595,0.015502723338792181,0.11814744782665307,0.008474997509827824,0.012207078369314412
6960.0,241.0,2025-11-14 17:45:41,0,2026-04-17,6734.10986328125,0.6071428571428571,2604,0.045,out,6855.7978528186595,0.015502723338792181,0.12375962104884927,0.009299269451308255,0.015084778196929593
6980.0,217.27,2025-11-14 20:23:11,0,2026-04-17,6734.10986328125,0.6071428571428571,2604,0.045,out,6855.7978528186595,0.015502723338792181,0.1166137859447212,0.008256399151076477,0.017954220624882455
6990.0,201.0,2025-11-14 15:06:59,0,2026-04-17,6734.10986328125,0.6071428571428571,2604,0.045,out,6855.7978528186595,0.015502723338792181,0.11088006861350912,0.007464450838125725,0.019385860096320366
7000.0,216.4,2025-11-14 17:57:05,0,2026-04-17,6734.10986328125,0.6071428571428571,2604,0.045,out,6855.7978528186595,0.015502723338792181,0.1202842610089641,0.008784327092501222,0.020815452905914692
7025.0,198.4,2025-11-14 18:03:24,0,2026-04-17,6734.10986328125,0.6071428571428571,2604,0.045,out,6855.7978528186595,0.015502723338792181,0.11660682460155218,0.008255413437220416,0.02438051907041073
7050.0,181.37,2025-11-14 20:52:12,0,2026-04-17,6734.10986328125,0.6071428571428571,2604,0.045,out,6855.7978528186595,0.015502723338792181,0.11318144670591464,0.007777524211912304,0.02793292067477865
7090.0,170.28,2025-11-14 18:35:49,0,2026-04-17,6734.10986328125,0.6071428571428571,2604,0.045,out,6855.7978528186595,0.015502723338792181,0.11513618377963956,0.008048492637884354,0.03359064439463757
7100.0,162.18,2025-11-14 21:14:09,0,2026-04-17,6734.10986328125,0.6071428571428571,2604,0.045,out,6855.7978528186595,0.015502723338792181,0.11293936564083451,0.00774428947475071,0.03500008789787108
7110.0,158.97,2025-11-14 16:15:48,0,2026-04-17,6734.10986328125,0.6071428571428571,2604,0.045,out,6855.7978528186595,0.015502723338792181,0.11311256408701904,0.007768060236563565,0.03640754766575098
5825.0,1084.55,2025-11-13 20:34:46,0,2026-04-17,6734.10986328125,0.6111111111111112,2604,0.045,in,6855.7978528186595,0.015694264096332497,0.1415008426384094,0.01223596517450994,-0.1629356966976343
6010.0,1001.0,2025-10-27 13:55:44,0,2026-03-31,6734.10986328125,0.6111111111111112,2603,0.045,in,6915.326046017149,0.0015472158045231818,0.21216614177775178,0.02750884382696821,-0.14031536600283256
6120.0,904.16,2025-10-27 13:55:10,0,2026-03-31,6734.10986328125,0.6111111111111112,2603,0.045,in,6915.326046017149,0.0015472158045231818,0.20180423028218855,0.024887467830980694,-0.12217801802571408
6140.0,902.59,2025-10-27 19:30:56,0,2026-03-31,6734.10986328125,0.6111111111111112,2603,0.045,in,6915.326046017149,0.0015472158045231818,0.21058304396071492,0.02709985569118691,-0.11891537239089776
6435.0,648.54,2025-10-27 17:44:46,0,2026-03-31,6734.10986328125,0.6111111111111112,2603,0.045,in,6915.326046017149,0.0015472158045231818,0.17971536393858892,0.019737429577298564,-0.07198827350185877
6510.0,590.67,2025-10-27 19:26:17,0,2026-03-31,6734.10986328125,0.6111111111111112,2603,0.045,in,6915.326046017149,0.0015472158045231818,0.17436884381095488,0.018580523922870053,-0.060400658329470946
6520.0,582.72,2025-10-27 19:26:17,0,2026-03-31,6734.10986328125,0.6111111111111112,2603,0.045,in,6915.326046017149,0.0015472158045231818,0.17347013549326296,0.01838948705492006,-0.058865738611387206
6500.0,534.14,2025-11-13 18:48:30,0,2026-04-17,6734.10986328125,0.6111111111111112,2604,0.045,in,6855.7978528186595,0.015694264096332497,0.1390088118357837,0.011808774858219974,-0.0532925192478072
6525.0,527.19,2025-11-13 16:54:05,0,2026-04-17,6734.10986328125,0.6111111111111112,2604,0.045,in,6855.7978528186595,0.015694264096332497,0.1446265150092169,0.012782506515601312,-0.04945374294064153
6550.0,492.75,2025-11-13 19:04:45,0,2026-04-17,6734.10986328125,0.6111111111111112,2604,0.045,in,6855.7978528186595,0.015694264096332497,0.13455876769503713,0.011064815644426481,-0.0456296465022381
6560.0,486.16,2025-11-13 19:02:17,0,2026-04-17,6734.10986328125,0.6111111111111112,2604,0.045,in,6855.7978528186595,0.015694264096332497,0.13456799592158705,0.011066333377215277,-0.04410409319340096
6580.0,504.35,2025-11-13 15:40:36,0,2026-04-17,6734.10986328125,0.6111111111111112,2604,0.045,in,6855.7978528186595,0.015694264096332497,0.15151090157705502,0.014028393681311811,-0.041059950812172764
6590.0,478.62,2025-11-13 16:58:05,0,2026-04-17,6734.10986328125,0.6111111111111112,2604,0.045,in,6855.7978528186595,0.015694264096332497,0.14106160077180574,0.012160118185297077,-0.039541347634982724
6600.0,468.45,2025-11-13 18:04:01,0,2026-04-17,6734.10986328125,0.6111111111111112,2604,0.045,in,6855.7978528186595,0.015694264096332497,0.13899336248247915,0.011806150164224682,-0.03802504711701881
6865.0,327.65,2025-10-27 18:39:18,0,2026-03-31,6734.10986328125,0.6111111111111112,2603,0.045,out,6915.326046017149,0.0015472158045231818,0.14311644644613253,0.01251697164872533,-0.007304075330014402
6910.0,283.5,2025-10-27 13:41:55,0,2026-03-31,6734.10986328125,0.6111111111111112,2603,0.045,out,6915.326046017149,0.0015472158045231818,0.13239590005090826,0.010711967658510612,-0.0007704767703702862
6915.0,285.0,2025-10-27 14:52:49,0,2026-03-31,6734.10986328125,0.6111111111111112,2603,0.045,out,6915.326046017149,0.0015472158045231818,0.13423600981092854,0.011011798312753151,-4.714943322732402e-05
6930.0,295.0,2025-10-27 19:51:03,0,2026-03-31,6734.10986328125,0.6111111111111112,2603,0.045,out,6915.326046017149,0.0015472158045231818,0.1423316457727508,0.012380070626232104,0.0021196986518629943
6925.0,224.22,2025-11-13 20:56:45,0,2026-04-17,6734.10986328125,0.6111111111111112,2604,0.045,out,6855.7978528186595,0.015694264096332497,0.10749504033864526,0.007061501148415372,0.010043355924003503
7120.0,160.25,2025-11-13 20:36:00,0,2026-04-17,6734.10986328125,0.6111111111111112,2604,0.045,out,6855.7978528186595,0.015694264096332497,0.11489016043619804,0.0080665132564227,0.03781302927448578
7125.0,155.45,2025-11-13 20:11:09,0,2026-04-17,6734.10986328125,0.6111111111111112,2604,0.045,out,6855.7978528186595,0.015694264096332497,0.11337645575053958,0.007855357105783035,0.03851503000531566
6390.0,695.12,2025-11-12 18:47:39,0,2026-04-17,6734.10986328125,0.6150793650793651,2604,0.045,in,6855.7978528186595,0.015883333360227125,0.18835492492382483,0.021821525992754966,-0.07036042775995517
6400.0,683.46,2025-11-12 19:48:41,0,2026-04-17,6734.10986328125,0.6150793650793651,2604,0.045,in,6855.7978528186595,0.015883333360227125,0.18546298083077237,0.02115658799638291,-0.06879670578377242
6430.0,663.01,2025-11-12 19:06:02,0,2026-04-17,6734.10986328125,0.6150793650793651,2604,0.045,in,6855.7978528186595,0.015883333360227125,0.1850254778747154,0.021056889907654183,-0.06412015789987063
6470.0,626.23,2025-11-12 19:41:12,0,2026-04-17,6734.10986328125,0.6150793650793651,2604,0.045,in,6855.7978528186595,0.015883333360227125,0.1789327111546647,0.019692943824522198,-0.05791858763658949
6475.0,628.81,2025-11-12 14:55:01,0,2026-04-17,6734.10986328125,0.6150793650793651,2604,0.045,in,6855.7978528186595,0.015883333360227125,0.18211499844380066,0.020399643896899824,-0.05714608856379717
6690.0,464.04,2025-11-12 18:47:39,0,2026-04-17,6734.10986328125,0.6150793650793651,2604,0.045,in,6855.7978528186595,0.015883333360227125,0.16361493283907466,0.01646558003345203,-0.02448082200926154
6710.0,449.83,2025-11-12 19:06:02,0,2026-04-17,6734.10986328125,0.6150793650793651,2604,0.045,in,6855.7978528186595,0.015883333360227125,0.16211728373737294,0.016165524291228184,-0.02149574516580816
6760.0,420.84,2025-11-12 14:30:28,0,2026-04-17,6734.10986328125,0.6150793650793651,2604,0.045,out,6855.7978528186595,0.015883333360227125,0.1612777238407655,0.01599852441319454,-0.014071806094525881
6800.0,388.02,2025-11-12 19:04:34,0,2026-04-17,6734.10986328125,0.6150793650793651,2604,0.045,out,6855.7978528186595,0.015883333360227125,0.15556274024182537,0.0148847767995618,-0.008172083967337629
6950.0,292.6,2025-11-12 19:02:10,0,2026-04-17,6734.10986328125,0.6150793650793651,2604,0.045,out,6855.7978528186595,0.015883333360227125,0.1447938851736794,0.012895304458221195,0.01364696342730217
6975.0,274.83,2025-11-12 16:31:31,0,2026-04-17,6734.10986328125,0.6150793650793651,2604,0.045,out,6855.7978528186595,0.015883333360227125,0.1416399838628971,0.012339651505736793,0.01723763155803061
7010.0,254.72,2025-11-12 19:41:12,0,2026-04-17,6734.10986328125,0.6150793650793651,2604,0.045,out,6855.7978528186595,0.015883333360227125,0.139237033988294,0.011924513901777333,0.022243004897100016
5700.0,1295.71,2025-11-11 20:12:11,0,2026-04-17,6734.10986328125,0.6190476190476191,2604,0.045,in,6855.7978528186595,0.016069978659200027,0.2526490262513963,0.039514756955005885,-0.18462852130889418
5900.0,1115.41,2025-11-11 20:12:11,0,2026-04-17,6734.10986328125,0.6190476190476191,2604,0.045,in,6855.7978528186595,0.016069978659200027,0.2325129793764449,0.033467129167649726,-0.15014234523772485
6425.0,664.72,2025-11-11 19:39:14,0,2026-04-17,6734.10986328125,0.6190476190476191,2604,0.045,in,6855.7978528186595,0.016069978659200027,0.18313868995397306,0.02076272080260701,-0.0648980653681151
6575.0,515.7,2025-11-11 15:18:51,0,2026-04-17,6734.10986328125,0.6190476190476191,2604,0.045,in,6855.7978528186595,0.016069978659200027,0.1541329953624854,0.014706702065350252,-0.041820118085570415
6810.0,375.65,2025-11-11 18:42:47,0,2026-04-17,6734.10986328125,0.6190476190476191,2604,0.045,out,6855.7978528186595,0.016069978659200027,0.1512888004320983,0.014168948322399165,-0.0067025759879776265
7020.0,245.35,2025-11-11 18:10:05,0,2026-04-17,6734.10986328125,0.6190476190476191,2604,0.045,out,6855.7978528186595,0.016069978659200027,0.13608362909748456,0.011463990638497273,0.02366852188832117
7040.0,241.37,2025-11-11 20:54:21,0,2026-04-17,6734.10986328125,0.6190476190476191,2604,0.045,out,6855.7978528186595,0.016069978659200027,0.13810045556745693,0.011806312655390899,0.02651347402055249
6395.0,630.0,2025-10-24 13:46:14,0,2026-03-31,6734.10986328125,0.623015873015873,2603,0.045,in,6915.326046017149,0.002377523782780701,0.14980391527693543,0.013981231928853104,-0.07822367951914273
6460.0,565.25,2025-10-24 13:34:05,0,2026-03-31,6734.10986328125,0.623015873015873,2603,0.045,in,6915.326046017149,0.002377523782780701,0.138313588146784,0.011918697780031726,-0.06811079675543837
6470.0,557.35,2025-10-24 13:34:05,0,2026-03-31,6734.10986328125,0.623015873015873,2603,0.045,in,6915.326046017149,0.002377523782780701,0.13776591904073798,0.011824497644900199,-0.06656400603713963
6675.0,419.42,2025-11-10 16:52:46,0,2026-04-17,6734.10986328125,0.623015873015873,2604,0.045,in,6855.7978528186595,0.016254246311052257,0.13501012727145906,0.011356167901346527,-0.026725491863085364
6760.0,352.77,2025-10-24 14:47:34,0,2026-03-31,6734.10986328125,0.623015873015873,2603,0.045,out,6915.326046017149,0.002377523782780701,0.12630674223211377,0.009939217150501875,-0.022717224495076068
6725.0,418.5,2025-11-10 19:35:47,0,2026-04-17,6734.10986328125,0.623015873015873,2604,0.045,in,6855.7978528186595,0.016254246311052257,0.1490636691884499,0.013843398663063533,-0.019262770661495808
6730.0,383.42,2025-11-10 16:04:30,0,2026-04-17,6734.10986328125,0.623015873015873,2604,0.045,in,6855.7978528186595,0.016254246311052257,0.13307177121851912,0.011032425072824292,-0.01851955249276222
6750.0,388.6,2025-11-10 14:42:23,0,2026-04-17,6734.10986328125,0.623015873015873,2604,0.045,out,6855.7978528186595,0.016254246311052257,0.1411861176041222,0.012418899243046146,-0.015552191264960167
6780.0,350.45,2025-11-10 16:50:09,0,2026-04-17,6734.10986328125,0.623015873015873,2604,0.045,out,6855.7978528186595,0.016254246311052257,0.1305887144802003,0.010624546582880277,-0.01111759419709448
6930.0,283.7,2025-11-10 18:52:24,0,2026-04-17,6734.10986328125,0.623015873015873,2604,0.045,out,6855.7978528186595,0.016254246311052257,0.13482096745796937,0.011324368423847401,0.010765117052413235
7090.0,166.13,2025-10-24 15:28:27,0,2026-03-31,6734.10986328125,0.623015873015873,2603,0.045,out,6915.326046017149,0.002377523782780701,0.11075462603014863,0.007642278525282769,0.024945225994087265
7080.0,182.88,2025-11-10 16:04:30,0,2026-04-17,6734.10986328125,0.623015873015873,2604,0.045,out,6855.7978528186595,0.016254246311052257,0.11703359426590028,0.008533362552884415,0.0321792115562297
7130.0,186.9,2025-11-10 20:39:04,0,2026-04-17,6734.10986328125,0.623015873015873,2604,0.045,out,6855.7978528186595,0.016254246311052257,0.1278296769903415,0.010180344968866833,0.03921653827680586
6770.0,317.2,2025-10-22 13:53:17,0,2026-03-31,6734.10986328125,0.6309523809523809,2603,0.045,out,6915.326046017149,0.002913655559097922,0.1101779739550086,0.0076592482747145155,-0.021239027625765135
6250.0,680.47,2025-11-07 15:30:45,0,2026-04-17,6734.10986328125,0.6349206349206349,2604,0.045,in,6855.7978528186595,0.016793229192720024,0.0963237182935396,0.005890957908503603,-0.09251323240108851
6570.0,397.37,2025-10-10 16:22:03,0,2026-03-20,6734.10986328125,0.6349206349206349,2603,0.045,in,6915.326046017149,0.0031766952118535557,0.0806901691544989,0.004133906919480411,-0.05122628205342962
6625.0,402.74,2025-11-07 15:11:45,0,2026-04-17,6734.10986328125,0.6349206349206349,2604,0.045,in,6855.7978528186595,0.016793229192720024,0.10732154061611397,0.0073129606858515555,-0.03424432427711278
6790.0,315.14,2025-11-07 20:50:00,0,2026-04-17,6734.10986328125,0.6349206349206349,2604,0.045,out,6855.7978528186595,0.016793229192720024,0.11397684593014804,0.008248077084561716,-0.009643754578793903
6830.0,279.36,2025-11-07 19:13:24,0,2026-04-17,6734.10986328125,0.6349206349206349,2604,0.045,out,6855.7978528186595,0.016793229192720024,0.10725081800549795,0.007303325690697423,-0.0037700225666998937
7060.0,160.12,2025-11-07 19:13:24,0,2026-04-17,6734.10986328125,0.6349206349206349,2604,0.045,out,6855.7978528186595,0.016793229192720024,0.10080684883085218,0.006452076680130973,0.029350355355751985
5980.0,927.25,2025-10-20 14:36:22,0,2026-03-31,6734.10986328125,0.6388888888888888,2603,0.045,in,6915.326046017149,0.003436467291283038,0.09132225879832054,0.005328176774906415,-0.1453195465874085
6050.0,898.72,2025-11-06 20:02:21,0,2026-04-17,6734.10986328125,0.6388888888888888,2604,0.045,in,6855.7978528186595,0.016968426526926733,0.1449149407156851,0.013416883916125055,-0.12503642410664859
6320.0,667.72,2025-11-06 16:00:26,0,2026-04-17,6734.10986328125,0.6388888888888888,2604,0.045,in,6855.7978528186595,0.016968426526926733,0.1342116004626142,0.011508148196414913,-0.08137548799063257
6360.0,639.16,2025-11-06 20:41:29,0,2026-04-17,6734.10986328125,0.6388888888888888,2604,0.045,in,6855.7978528186595,0.016968426526926733,0.13541869688129615,0.011716087213768123,-0.07506631879736789
6380.0,633.7,2025-11-06 15:02:39,0,2026-04-17,6734.10986328125,0.6388888888888888,2604,0.045,in,6855.7978528186595,0.016968426526926733,0.14147731673781744,0.012787892124462569,-0.07192659879270011
6420.0,574.01,2025-11-06 17:26:24,0,2026-04-17,6734.10986328125,0.6388888888888888,2604,0.045,in,6855.7978528186595,0.016968426526926733,0.12197304452855187,0.009505020627943728,-0.06567657844752886
6440.0,573.55,2025-11-06 17:57:46,0,2026-04-17,6734.10986328125,0.6388888888888888,2604,0.045,in,6855.7978528186595,0.016968426526926733,0.13103632287228334,0.010970053110373709,-0.06256615603313638
6505.0,510.17,2025-10-20 17:57:26,0,2026-03-31,6734.10986328125,0.6388888888888888,2603,0.045,in,6915.326046017149,0.003436467291283038,0.12074130636832539,0.00931401806836627,-0.06116900258548018
6460.0,571.33,2025-11-06 15:15:18,0,2026-04-17,6734.10986328125,0.6388888888888888,2604,0.045,in,6855.7978528186595,0.016968426526926733,0.13827182618265496,0.012214979224038499,-0.05946537835488811
6510.0,514.26,2025-11-06 17:37:00,0,2026-04-17,6734.10986328125,0.6388888888888888,2604,0.045,in,6855.7978528186595,0.016968426526926733,0.1252329426011586,0.01001987966634825,-0.05175523992892074
6680.0,376.68,2025-10-20 15:24:52,0,2026-03-31,6734.10986328125,0.6388888888888888,2603,0.045,in,6915.326046017149,0.003436467291283038,0.1115953426664522,0.007956415878094066,-0.034622127001394436
6715.0,355.6,2025-10-20 19:20:59,0,2026-03-31,6734.10986328125,0.6388888888888888,2603,0.045,in,6915.326046017149,0.003436467291283038,0.11181419939477166,0.007987654146798789,-0.029396284574747966
6740.0,360.09,2025-11-06 17:57:46,0,2026-04-17,6734.10986328125,0.6388888888888888,2604,0.045,out,6855.7978528186595,0.016968426526926733,0.1213997744451828,0.009415883900356914,-0.017034771225182974
7030.0,206.16,2025-11-06 15:02:39,0,2026-04-17,6734.10986328125,0.6388888888888888,2604,0.045,out,6855.7978528186595,0.016968426526926733,0.1163479474506373,0.008648539781873719,0.025092009673174865
7070.0,180.09,2025-11-06 16:17:48,0,2026-04-17,6734.10986328125,0.6388888888888888,2604,0.045,out,6855.7978528186595,0.016968426526926733,0.1115376398953572,0.007948189933577963,0.030765783759082788
6620.0,488.77,2025-11-05 16:37:09,0,2026-04-17,6734.10986328125,0.6428571428571429,2604,0.045,in,6855.7978528186595,0.017141460931081508,0.14943219326655238,0.014354987390005028,-0.034999326200481795
6325.0,713.17,2025-11-04 17:23:50,0,2026-04-17,6734.10986328125,0.6468253968253969,2604,0.045,in,6855.7978528186595,0.01731237221371291,0.16442906497127913,0.017488164830931147,-0.08058466153581474
7075.0,176.27,2025-11-04 14:39:10,0,2026-04-17,6734.10986328125,0.6468253968253969,2604,0.045,out,6855.7978528186595,0.01731237221371291,0.10949823840121332,0.007755348677436264,0.031472747379902785
6485.0,461.0,2025-10-17 15:31:31,0,2026-03-31,6734.10986328125,0.6507936507936508,2603,0.045,in,6915.326046017149,0.004196775816442497,0.07327555281793764,0.003494310670980145,-0.06424829678154163
6490.0,467.4,2025-10-17 17:30:01,0,2026-03-31,6734.10986328125,0.6507936507936508,2603,0.045,in,6915.326046017149,0.004196775816442497,0.08211685755317427,0.004388417620170491,-0.06347758383395014
6515.0,439.8,2025-10-17 15:31:31,0,2026-03-31,6734.10986328125,0.6507936507936508,2603,0.045,in,6915.326046017149,0.004196775816442497,0.07632241028307374,0.003790944805843356,-0.05963290397314031
6530.0,454.3,2025-10-17 18:47:38,0,2026-03-31,6734.10986328125,0.6507936507936508,2603,0.045,in,6915.326046017149,0.004196775816442497,0.09487533060795217,0.00585800734407456,-0.05733317126160907
6540.0,449.1,2025-10-17 18:33:49,0,2026-03-31,6734.10986328125,0.6507936507936508,2603,0.045,in,6915.326046017149,0.004196775816442497,0.0963154820831896,0.006037199295961999,-0.05580294908084152
6545.0,443.7,2025-10-17 18:52:04,0,2026-03-31,6734.10986328125,0.6507936507936508,2603,0.045,in,6915.326046017149,0.004196775816442497,0.0952439501767881,0.005903616061212989,-0.05503871518808553
6555.0,436.6,2025-10-17 18:52:04,0,2026-03-31,6734.10986328125,0.6507936507936508,2603,0.045,in,6915.326046017149,0.004196775816442497,0.09541285952778954,0.005924574036413614,-0.053511997334285584
6560.0,426.0,2025-10-17 14:19:05,0,2026-03-31,6734.10986328125,0.6507936507936508,2603,0.045,in,6915.326046017149,0.004196775816442497,0.09108893707509073,0.005399761472321641,-0.052749511593951116
6565.0,421.7,2025-10-17 14:20:03,0,2026-03-31,6734.10986328125,0.6507936507936508,2603,0.045,in,6915.326046017149,0.004196775816442497,0.09071316202095923,0.005355301401864648,-0.05198760679518933
6570.0,427.2,2025-10-17 18:41:36,0,2026-03-31,6734.10986328125,0.6507936507936508,2603,0.045,in,6915.326046017149,0.004196775816442497,0.09634376069806966,0.006040744908624181,-0.05122628205342962
6635.0,378.5,2025-10-17 19:59:14,0,2026-03-31,6734.10986328125,0.6507936507936508,2603,0.045,in,6915.326046017149,0.004196775816442497,0.09463840593575734,0.005828786396833474,-0.041381446765778034
6665.0,364.38,2025-10-17 18:19:28,0,2026-03-31,6734.10986328125,0.6507936507936508,2603,0.045,in,6915.326046017149,0.004196775816442497,0.09792500795621395,0.006240660230352495,-0.036870160919276786
6890.0,216.1,2025-10-17 13:34:31,0,2026-03-31,6734.10986328125,0.6507936507936508,2603,0.045,out,6915.326046017149,0.004196775816442497,0.08975606543072963,0.005242892103901939,-0.003669029524381557
6840.0,378.65,2025-11-03 17:20:50,0,2026-04-17,6734.10986328125,0.6507936507936508,2604,0.045,out,6855.7978528186595,0.017481199212409784,0.15381631598435316,0.015397425739411644,-0.0023069645149395883
6880.0,284.7,2025-11-03 15:13:14,0,2026-04-17,6734.10986328125,0.6507936507936508,2604,0.045,out,6855.7978528186595,0.017481199212409784,0.11932938639729418,0.009266977790097528,0.0035239557958536834
6455.0,508.3,2025-10-16 16:27:39,0,2026-03-31,6734.10986328125,0.6547619047619048,2603,0.045,in,6915.326046017149,0.004444068084221632,0.09100097148448871,0.005422199102519524,-0.06888509025134298
6465.0,517.0,2025-10-16 14:13:35,0,2026-03-31,6734.10986328125,0.6547619047619048,2603,0.045,in,6915.326046017149,0.004444068084221632,0.10289929832243531,0.006932792949270531,-0.06733710232612798
6495.0,467.6,2025-10-16 16:36:52,0,2026-03-31,6734.10986328125,0.6547619047619048,2603,0.045,in,6915.326046017149,0.004444068084221632,0.08439566966447579,0.004663626169004078,-0.06270746442738595
6615.0,374.1,2025-10-16 18:22:12,0,2026-03-31,6734.10986328125,0.6547619047619048,2603,0.045,in,6915.326046017149,0.004444068084221632,0.08318655894194492,0.00453095473063205,-0.0444003169830298
6660.0,390.3,2025-11-14 12:39:48,0,2026-04-30,6734.10986328125,0.6587301587301587,2604,0.045,in,6855.7978528186595,0.017812751029127737,0.10843953535331828,0.007746095434082665,-0.028975211597100908
6750.0,372.1,2025-11-14 20:26:14,0,2026-04-30,6734.10986328125,0.6587301587301587,2604,0.045,out,6855.7978528186595,0.017812751029127737,0.12646842914699222,0.010535903780836084,-0.015552191264960167
5500.0,1483.31,2025-10-31 15:49:35,0,2026-04-17,6734.10986328125,0.6626984126984127,2604,0.045,in,6855.7978528186595,0.01797554892715691,0.2603615171796944,0.04492307927736014,-0.22034660391097344
6410.0,699.39,2025-10-31 19:22:55,0,2026-04-17,6734.10986328125,0.6626984126984127,2604,0.045,in,6855.7978528186595,0.01797554892715691,0.18608047457942622,0.022946557477343844,-0.06723542521682002
6500.0,546.01,2025-11-13 19:58:18,0,2026-04-30,6734.10986328125,0.6626984126984127,2604,0.045,in,6855.7978528186595,0.01797554892715691,0.13436673960017573,0.011964635947224203,-0.0532925192478072
6600.0,475.17,2025-11-13 20:01:05,0,2026-04-30,6734.10986328125,0.6626984126984127,2604,0.045,in,6855.7978528186595,0.01797554892715691,0.1319020862929094,0.011529733260025767,-0.03802504711701881
6780.0,353.4,2025-11-13 18:40:37,0,2026-04-30,6734.10986328125,0.6626984126984127,2604,0.045,out,6855.7978528186595,0.01797554892715691,0.1248640407050174,0.010332149946102256,-0.01111759419709448
6790.0,370.2,2025-11-13 17:33:10,0,2026-04-30,6734.10986328125,0.6626984126984127,2604,0.045,out,6855.7978528186595,0.01797554892715691,0.13540306171302036,0.012149905489088968,-0.009643754578793903
6800.0,363.7,2025-11-13 17:33:08,0,2026-04-30,6734.10986328125,0.6626984126984127,2604,0.045,out,6855.7978528186595,0.01797554892715691,0.13487136605018515,0.012054673248018202,-0.008172083967337629
6830.0,336.6,2025-11-13 17:10:36,0,2026-04-30,6734.10986328125,0.6626984126984127,2604,0.045,out,6855.7978528186595,0.01797554892715691,0.1296057239511455,0.011131771804406304,-0.0037700225666998937
6900.0,294.84,2025-11-13 17:51:36,0,2026-04-30,6734.10986328125,0.6626984126984127,2604,0.045,out,6855.7978528186595,0.01797554892715691,0.1266161774113257,0.010624153237447628,0.006426715453815125
7000.0,230.33,2025-11-13 18:42:27,0,2026-04-30,6734.10986328125,0.6626984126984127,2604,0.045,out,6855.7978528186595,0.01797554892715691,0.11809601561860514,0.009242435345767068,0.020815452905914692
7070.0,131.3,2025-10-14 14:42:46,0,2026-03-31,6734.10986328125,0.6626984126984127,2603,0.045,out,6915.326046017149,0.004929767867644132,0.0853939290455653,0.004832478415393332,0.022120365358532686
7100.0,199.6,2025-11-13 16:02:40,0,2026-04-30,6734.10986328125,0.6626984126984127,2604,0.045,out,6855.7978528186595,0.01797554892715691,0.12254469554886686,0.009951876198398676,0.03500008789787108
6630.0,526.14,2025-10-30 17:24:02,0,2026-04-17,6734.10986328125,0.6666666666666666,2604,0.045,in,6855.7978528186595,0.018136408754971453,0.16623538214096056,0.018422801517034126,-0.03348989195162748
6860.0,361.4,2025-11-12 20:05:47,0,2026-04-30,6734.10986328125,0.6666666666666666,2604,0.045,out,6855.7978528186595,0.018136408754971453,0.14750462831561584,0.014505076916351986,0.0006127455883952111
6980.0,166.1,2025-10-13 14:57:10,0,2026-03-31,6734.10986328125,0.6666666666666666,2603,0.045,out,6915.326046017149,0.005168281154146248,0.08421134821543498,0.004727700778840829,0.009308802224332264
6925.0,326.11,2025-11-12 20:39:52,0,2026-04-30,6734.10986328125,0.6666666666666666,2604,0.045,out,6855.7978528186595,0.018136408754971453,0.14574227482158716,0.014160540446780692,0.010043355924003503
7050.0,254.56,2025-11-12 21:02:15,0,2026-04-30,6734.10986328125,0.6666666666666666,2604,0.045,out,6855.7978528186595,0.018136408754971453,0.13816297379282774,0.012726004884851736,0.02793292067477865
6350.0,744.63,2025-11-11 19:58:18,0,2026-04-30,6734.10986328125,0.6706349206349206,2604,0.045,in,6855.7978528186595,0.018295364916184637,0.187180851896397,0.023496815287760684,-0.07663988324479841
6850.0,345.4,2025-11-11 15:23:18,0,2026-04-30,6734.10986328125,0.6706349206349206,2604,0.045,out,6855.7978528186595,0.018295364916184637,0.1370923822825222,0.012604128159931064,-0.000846043875264742
6975.0,294.37,2025-11-11 19:41:00,0,2026-04-30,6734.10986328125,0.6706349206349206,2604,0.045,out,6855.7978528186595,0.018295364916184637,0.14102036569939896,0.013336744676970972,0.01723763155803061
7075.0,230.68,2025-11-11 17:51:05,0,2026-04-30,6734.10986328125,0.6706349206349206,2604,0.045,out,6855.7978528186595,0.018295364916184637,0.13121014424945235,0.01154571916753807,0.031472747379902785
5250.0,1747.46,2025-10-28 16:27:25,0,2026-04-17,6734.10986328125,0.6746031746031746,2604,0.045,in,6855.7978528186595,0.018452451004912968,0.3137950600391984,0.066426379959725,-0.2668666195458663
5650.0,1292.09,2025-11-10 15:56:48,0,2026-04-30,6734.10986328125,0.6746031746031746,2604,0.045,in,6855.7978528186595,0.018452451004912968,0.18720402797623506,0.02364170307694282,-0.19343915099104902
6520.0,621.34,2025-10-28 14:04:42,0,2026-04-17,6734.10986328125,0.6746031746031746,2604,0.045,in,6855.7978528186595,0.018452451004912968,0.17900364591272888,0.021615840843287444,-0.050220320210837006
6840.0,349.57,2025-11-10 15:13:49,0,2026-04-30,6734.10986328125,0.6746031746031746,2604,0.045,out,6855.7978528186595,0.018452451004912968,0.13596488721184505,0.012471018231230386,-0.0023069645149395883
6430.0,503.01,2025-10-10 17:44:28,0,2026-03-31,6734.10986328125,0.6785714285714286,2603,0.045,in,6915.326046017149,0.005867083239161228,0.055146897414169116,0.00206365805692032,-0.07276557630042081
6795.0,262.31,2025-10-10 17:44:28,0,2026-03-31,6734.10986328125,0.6785714285714286,2603,0.045,out,6915.326046017149,0.005867083239161228,0.08297791457549682,0.004672191137095375,-0.017553066946841826
6680.0,372.3,2025-11-07 15:52:26,0,2026-04-30,6734.10986328125,0.6865079365079365,2604,0.045,in,6855.7978528186595,0.018912813126215053,0.10086083591103934,0.006983782230859259,-0.02597670860084428
6025.0,961.91,2025-10-24 14:17:51,0,2026-04-17,6734.10986328125,0.6904761904761905,2604,0.045,in,6855.7978528186595,0.019062739487558645,0.16663674421320807,0.019173007884222996,-0.12917721677267996
6090.0,870.25,2025-10-07 13:35:56,0,2026-03-31,6734.10986328125,0.6904761904761905,2603,0.045,in,6915.326046017149,0.006541788700554996,0.13303188952387965,0.012219691078059949,-0.1270920328281431
6890.0,294.1,2025-11-06 15:40:35,0,2026-04-30,6734.10986328125,0.6904761904761905,2604,0.045,out,6855.7978528186595,0.019062739487558645,0.11958042629802998,0.009873449339403305,0.0049763888761685
6980.0,261.06,2025-11-06 14:45:48,0,2026-04-30,6734.10986328125,0.6904761904761905,2604,0.045,out,6855.7978528186595,0.019062739487558645,0.12381120095615125,0.0105844569281888,0.017954220624882455
6895.0,262.0,2025-10-06 18:57:46,0,2026-03-31,6734.10986328125,0.6944444444444444,2603,0.045,out,6915.326046017149,0.006761549907980398,0.1056235854181304,0.007747459580959088,-0.0029436033046836667
7125.0,208.7,2025-11-05 17:38:49,0,2026-04-30,6734.10986328125,0.6944444444444444,2604,0.045,out,6855.7978528186595,0.019210952404772594,0.12637701834063814,0.011091076919909713,0.03851503000531566
6225.0,734.84,2025-10-22 14:34:05,0,2026-04-17,6734.10986328125,0.6984126984126984,2604,0.045,in,6855.7978528186595,0.01935748108429093,0.1100782985062994,0.008462828560156286,-0.09652125379862732
6620.0,540.19,2025-11-03 15:43:26,0,2026-04-30,6734.10986328125,0.7023809523809523,2604,0.045,in,6855.7978528186595,0.019502354072515275,0.1628469580434136,0.018626533010661965,-0.034999326200481795
6840.0,295.59,2025-10-03 14:54:10,0,2026-03-31,6734.10986328125,0.7063492063492064,2603,0.045,out,6915.326046017149,0.007406018167958259,0.1061360883232584,0.007956931450524311,-0.010952382915489695
6000.0,964.39,2025-11-14 20:38:36,0,2026-05-15,6734.10986328125,0.7182539682539683,2605,0.045,in,6866.091769125604,0.01797693264766124,0.1416131170486429,0.014404062541913124,-0.1348355914515362
6075.0,901.55,2025-11-14 20:38:36,0,2026-05-15,6734.10986328125,0.7182539682539683,2605,0.045,in,6866.091769125604,0.01797693264766124,0.14180489589859685,0.014443102216852983,-0.12241307145297903
6100.0,851.4,2025-11-14 15:16:06,0,2026-05-15,6734.10986328125,0.7182539682539683,2605,0.045,in,6866.091769125604,0.01797693264766124,0.11258985223059836,0.009104928346748982,-0.11830628950032561
6200.0,788.52,2025-11-14 15:39:29,0,2026-05-15,6734.10986328125,0.7182539682539683,2605,0.045,in,6866.091769125604,0.01797693264766124,0.13284099087720097,0.012674833028411997,-0.10204576862854539
6275.0,671.03,2025-10-17 18:53:37,0,2026-04-17,6734.10986328125,0.7182539682539683,2604,0.045,in,6855.7978528186595,0.020065837960415493,0.08023279415268433,0.004623617173079405,-0.08852121113155106
6350.0,686.65,2025-11-14 18:58:51,0,2026-05-15,6734.10986328125,0.7182539682539683,2605,0.045,in,6866.091769125604,0.01797693264766124,0.14216499862024043,0.014516549669513597,-0.07814024777499093
6375.0,668.87,2025-11-14 18:55:03,0,2026-05-15,6734.10986328125,0.7182539682539683,2605,0.045,in,6866.091769125604,0.01797693264766124,0.14240919794139334,0.014566463167278896,-0.07421096963510136
6425.0,517.72,2025-09-30 14:42:49,0,2026-03-31,6734.10986328125,0.7182539682539683,2603,0.045,in,6915.326046017149,0.008029122839207564,0.05243362499920805,0.001974684883059211,-0.07354348376866529
6475.0,596.76,2025-11-14 17:55:00,0,2026-05-15,6734.10986328125,0.7182539682539683,2605,0.045,in,6866.091769125604,0.01797693264766124,0.14134332919614012,0.01434923231822606,-0.05864645309398984
6525.0,566.74,2025-11-14 17:14:54,0,2026-05-15,6734.10986328125,0.7182539682539683,2605,0.045,in,6866.091769125604,0.01797693264766124,0.14319516290222384,0.014727693241371392,-0.05095410747083416
6580.0,407.9,2025-09-30 14:14:36,0,2026-03-31,6734.10986328125,0.7182539682539683,2603,0.045,in,6915.326046017149,0.008029122839207564,0.07538591680765161,0.004081863484049051,-0.04970536921272302
6550.0,544.12,2025-11-14 17:01:35,0,2026-05-15,6734.10986328125,0.7182539682539683,2605,0.045,in,6866.091769125604,0.01797693264766124,0.139949264109437,0.014067576075332955,-0.04713001103243071
6600.0,491.28,2025-11-14 18:50:00,0,2026-05-15,6734.10986328125,0.7182539682539683,2605,0.045,in,6866.091769125604,0.01797693264766124,0.1294847565967695,0.012042463081576828,-0.039525411647211385
6650.0,437.37,2025-11-14 14:57:01,0,2026-05-15,6734.10986328125,0.7182539682539683,2605,0.045,in,6866.091769125604,0.01797693264766124,0.11845066683178743,0.010077505736484183,-0.03197820601182846
6700.0,425.69,2025-11-14 15:48:02,0,2026-05-15,6734.10986328125,0.7182539682539683,2605,0.045,in,6866.091769125604,0.01797693264766124,0.12768465023870537,0.01170996013131379,-0.024487534282670836
6750.0,405.09,2025-11-14 17:01:35,0,2026-05-15,6734.10986328125,0.7182539682539683,2605,0.045,out,6866.091769125604,0.01797693264766124,0.13163086690655668,0.012444960345974074,-0.01705255579515274
6800.0,352.7,2025-11-14 20:49:59,0,2026-05-15,6734.10986328125,0.7182539682539683,2605,0.045,out,6866.091769125604,0.01797693264766124,0.12037924511096836,0.010408335080480453,-0.009672448497530165
6825.0,360.64,2025-11-14 17:14:54,0,2026-05-15,6734.10986328125,0.7182539682539683,2605,0.045,out,6866.091769125604,0.01797693264766124,0.13008202772936367,0.012153815249250443,-0.006002719608567854
6900.0,304.55,2025-11-14 19:17:49,0,2026-05-15,6734.10986328125,0.7182539682539683,2605,0.045,out,6866.091769125604,0.01797693264766124,0.12217747355031951,0.010721617630191124,0.004926350923622439
6925.0,301.8,2025-11-14 17:38:37,0,2026-05-15,6734.10986328125,0.7182539682539683,2605,0.045,out,6866.091769125604,0.01797693264766124,0.12633693563441523,0.011464066890057467,0.008542991393810945
6975.0,239.66,2025-11-14 15:14:52,0,2026-05-15,6734.10986328125,0.7182539682539683,2605,0.045,out,6866.091769125604,0.01797693264766124,0.10927837036625516,0.008577218109574217,0.01573726702783809
7000.0,256.81,2025-11-14 17:01:35,0,2026-05-15,6734.10986328125,0.7182539682539683,2605,0.045,out,6866.091769125604,0.01797693264766124,0.12172097809068083,0.01064164828504251,0.019315088375722076
7100.0,198.93,2025-11-14 15:48:02,0,2026-05-15,6734.10986328125,0.7182539682539683,2605,0.045,out,6866.091769125604,0.01797693264766124,0.11439551229340995,0.009399310774403886,0.03349972336767854
7125.0,188.74,2025-11-14 20:19:37,0,2026-05-15,6734.10986328125,0.7182539682539683,2605,0.045,out,6866.091769125604,0.01797693264766124,0.11406089848514053,0.009344404087087275,0.03701466547512303
6025.0,979.14,2025-11-13 15:46:01,0,2026-05-15,6734.10986328125,0.7222222222222222,2605,0.045,in,6866.091769125604,0.018125411039707058,0.171044971996784,0.021129609543886006,-0.13067758130287252
6450.0,507.6,2025-09-29 15:34:55,0,2026-03-31,6734.10986328125,0.7222222222222222,2603,0.045,in,6915.326046017149,0.008232259526904227,0.06850927928899384,0.0033897654185036487,-0.06965998374226764
6425.0,625.76,2025-11-13 21:00:12,0,2026-05-15,6734.10986328125,0.7222222222222222,2605,0.045,in,6866.091769125604,0.018125411039707058,0.1372642805603362,0.01360773751837261,-0.06639842989830769
6575.0,557.77,2025-11-13 14:38:04,0,2026-05-15,6734.10986328125,0.7222222222222222,2605,0.045,in,6866.091769125604,0.018125411039707058,0.15408509710466323,0.017147156830377524,-0.043320482615763004
6725.0,411.88,2025-11-13 21:00:12,0,2026-05-15,6734.10986328125,0.7222222222222222,2605,0.045,in,6866.091769125604,0.018125411039707058,0.12743105201059912,0.011727930511936902,-0.0207631351916884
6850.0,345.08,2025-11-13 18:09:55,0,2026-05-15,6734.10986328125,0.7222222222222222,2605,0.045,out,6866.091769125604,0.018125411039707058,0.12832820016011678,0.011893647246241942,-0.0023464084054573534
6875.0,353.46,2025-11-13 14:38:04,0,2026-05-15,6734.10986328125,0.7222222222222222,2605,0.045,out,6866.091769125604,0.018125411039707058,0.1377163563489361,0.013697518471019608,0.0012965828730437232
6950.0,275.71,2025-11-13 20:30:54,0,2026-05-15,6734.10986328125,0.7222222222222222,2605,0.045,out,6866.091769125604,0.018125411039707058,0.11947202627253253,0.010308685877868953,0.01214659889710952
7025.0,268.5,2025-11-13 14:39:11,0,2026-05-15,6734.10986328125,0.7222222222222222,2605,0.045,out,6866.091769125604,0.018125411039707058,0.1310270961855497,0.012399183286256932,0.02288015454021824
7075.0,213.3,2025-11-13 21:00:12,0,2026-05-15,6734.10986328125,0.7222222222222222,2605,0.045,out,6866.091769125604,0.018125411039707058,0.11588354047969947,0.009698718577968437,0.029972382849710117
5325.0,1665.18,2025-11-12 18:27:11,0,2026-05-15,6734.10986328125,0.7261904761904762,2605,0.045,in,6866.091769125604,0.01827226671708571,0.2730700061049787,0.0541500109795781,-0.25418234908410237
7050.0,273.53,2025-11-12 19:23:31,0,2026-05-15,6734.10986328125,0.7261904761904762,2605,0.045,out,6866.091769125604,0.01827226671708571,0.13726312979908284,0.013682275892102759,0.02643255614458607
6325.0,781.05,2025-11-11 20:28:47,0,2026-05-15,6734.10986328125,0.7301587301587301,2605,0.045,in,6866.091769125604,0.01841752613710155,0.1837882734548315,0.0246633961132915,-0.08208502606600729
6500.0,640.5,2025-11-11 20:31:15,0,2026-05-15,6734.10986328125,0.7301587301587301,2605,0.045,in,6866.091769125604,0.01841752613710155,0.1702919811163265,0.02117413502057257,-0.05479288377799985
6625.0,549.65,2025-11-11 19:36:16,0,2026-05-15,6734.10986328125,0.7301587301587301,2605,0.045,in,6866.091769125604,0.01841752613710155,0.16330080951757941,0.019471255585689694,-0.03574468880730533
6675.0,511.5,2025-11-11 20:28:47,0,2026-05-15,6734.10986328125,0.7301587301587301,2605,0.045,in,6866.091769125604,0.01841752613710155,0.15906542069668625,0.01847433604484181,-0.028225856393277994
6775.0,411.63,2025-11-10 15:24:18,0,2026-05-15,6734.10986328125,0.7341269841269841,2605,0.045,out,6866.091769125604,0.018561215185009104,0.1382899638148663,0.014039528202399407,-0.01335569391382659
6440.0,528.5,2025-09-24 03:41:12,0,2026-03-31,6734.10986328125,0.7420634920634921,2603,0.045,in,6915.326046017149,0.009215354191960269,0.07482297201186841,0.004154425497257198,-0.07121157443368654
6300.0,660.49,2025-11-07 17:56:35,0,2026-05-15,6734.10986328125,0.746031746031746,2605,0.045,in,6866.091769125604,0.018983110687375983,0.08474627519510258,0.0053579486427598536,-0.08604542728210422
6400.0,623.25,2025-11-07 20:37:19,0,2026-05-15,6734.10986328125,0.746031746031746,2605,0.045,in,6866.091769125604,0.018983110687375983,0.11972728231771271,0.010694083177233464,-0.07029707031396502
6390.0,584.92,2025-09-22 18:02:29,0,2026-03-31,6734.10986328125,0.75,2603,0.045,in,6915.326046017149,0.00959402769257444,0.08544339815370167,0.005475430716038992,-0.07900584616050539
6410.0,537.4,2025-09-22 13:43:25,0,2026-03-31,6734.10986328125,0.75,2603,0.045,in,6915.326046017149,0.00959402769257444,0.0395956320417716,0.0011758605575905273,-0.07588084361737009
6450.0,636.06,2025-11-06 14:41:35,0,2026-05-15,6734.10986328125,0.75,2605,0.045,in,6866.091769125604,0.019120766186384575,0.14685659525788064,0.016175144678052727,-0.06251492987191005
6525.0,442.82,2025-09-18 14:14:36,0,2026-03-31,6734.10986328125,0.7658730158730159,2603,0.045,in,6915.326046017149,0.010327830227443366,0.055470073619689135,0.0023565369444568667,-0.05809916134119173
5500.0,1553.51,2025-10-29 18:22:47,0,2026-05-15,6734.10986328125,0.7817460317460317,2605,0.045,in,6866.091769125604,0.020171699539221752,0.2776030143088736,0.060244033373073075,-0.22184696844116603
5475.0,1568.09,2025-10-28 16:45:56,0,2026-05-15,6734.10986328125,0.7857142857142857,2605,0.045,in,6866.091769125604,0.02029709499609437,0.27253068226543653,0.05835733575262196,-0.22640278497702676
5575.0,1476.84,2025-10-28 16:45:56,0,2026-05-15,6734.10986328125,0.7857142857142857,2605,0.045,in,6866.091769125604,0.02029709499609437,0.26220599965234304,0.05401941777075212,-0.20830274333340879
6225.0,869.47,2025-10-27 15:18:57,0,2026-05-15,6734.10986328125,0.7896825396825397,2605,0.045,in,6866.091769125604,0.020421230197119018,0.18071748546008323,0.025790091669254223,-0.09802161832881995
6150.0,849.19,2025-10-23 19:02:25,0,2026-05-15,6734.10986328125,0.8055555555555556,2605,0.045,in,6866.091769125604,0.02090554093215116,0.12543217261772027,0.012673990775012382,-0.11014297886116478
6275.0,746.86,2025-10-23 18:49:54,0,2026-05-15,6734.10986328125,0.8055555555555556,2605,0.045,in,6866.091769125604,0.02090554093215116,0.12441456509360553,0.012469181561541646,-0.09002157566174365
6250.0,732.33,2025-10-15 18:43:40,0,2026-05-15,6734.10986328125,0.8373015873015873,2605,0.045,in,6866.091769125604,0.021819074925244954,0.08577078238376847,0.0061597155569949,-0.09401359693128111
6250.0,789.18,2025-11-14 15:43:04,0,2026-06-18,6734.10986328125,0.8531746031746031,2606,0.045,in,7003.483853168298,-0.0009719301201770725,0.12906298439003291,0.014211546019949619,-0.11382625480852204
6400.0,690.65,2025-11-14 19:20:46,0,2026-06-18,6734.10986328125,0.8531746031746031,2606,0.045,in,7003.483853168298,-0.0009719301201770725,0.13714114286730578,0.016046246069025463,-0.09010972819120606
6450.0,657.51,2025-11-14 17:55:00,0,2026-06-18,6734.10986328125,0.8531746031746031,2606,0.045,in,7003.483853168298,-0.0009719301201770725,0.13814850057192543,0.016282844306382244,-0.08232758774915114
6500.0,604.52,2025-11-14 16:02:54,0,2026-06-18,6734.10986328125,0.8531746031746031,2606,0.045,in,7003.483853168298,-0.0009719301201770725,0.12863735685477315,0.014117966108711048,-0.07460554165524073
6575.0,529.28,2025-11-14 15:23:49,0,2026-06-18,6734.10986328125,0.8531746031746031,2606,0.045,in,7003.483853168298,-0.0009719301201770725,0.11651855484390639,0.01158318781319909,-0.06313314049300395
6600.0,550.29,2025-11-14 16:27:09,0,2026-06-18,6734.10986328125,0.8531746031746031,2606,0.045,in,7003.483853168298,-0.0009719301201770725,0.13433421516923869,0.015396117037714653,-0.05933806952445234
6650.0,500.71,2025-11-14 16:00:53,0,2026-06-18,6734.10986328125,0.8531746031746031,2606,0.045,in,7003.483853168298,-0.0009719301201770725,0.12598939574328,0.013542720180744905,-0.05179086388906945
6675.0,477.01,2025-11-14 15:43:04,0,2026-06-18,6734.10986328125,0.8531746031746031,2606,0.045,in,7003.483853168298,-0.0009719301201770725,0.12227509556910188,0.012755983270766248,-0.04803851427051901
6700.0,466.01,2025-11-14 20:46:21,0,2026-06-18,6734.10986328125,0.8531746031746031,2606,0.045,in,7003.483853168298,-0.0009719301201770725,0.12417220996764838,0.013154875442752768,-0.044300192159911864
6800.0,411.21,2025-11-14 19:37:29,0,2026-06-18,6734.10986328125,0.8531746031746031,2606,0.045,out,7003.483853168298,-0.0009719301201770725,0.1254672113540902,0.013430692626464156,-0.029485106374771152
6825.0,397.0,2025-11-14 19:22:53,0,2026-06-18,6734.10986328125,0.8531746031746031,2606,0.045,out,7003.483853168298,-0.0009719301201770725,0.12524791676972363,0.013383784685946263,-0.025815377485808748
6850.0,370.3,2025-11-14 18:47:20,0,2026-06-18,6734.10986328125,0.8531746031746031,2606,0.045,out,7003.483853168298,-0.0009719301201770725,0.11972077271204332,0.012228605694584437,-0.022159066282698266
6875.0,365.0,2025-11-14 15:32:23,0,2026-06-18,6734.10986328125,0.8531746031746031,2606,0.045,out,7003.483853168298,-0.0009719301201770725,0.1229733524088712,0.012902086355458062,-0.018516075004197205
6900.0,351.05,2025-11-14 19:38:58,0,2026-06-18,6734.10986328125,0.8531746031746031,2606,0.045,out,7003.483853168298,-0.0009719301201770725,0.1225122025672941,0.012805502191453516,-0.014886306953618507
6925.0,339.5,2025-11-14 20:01:41,0,2026-06-18,6734.10986328125,0.8531746031746031,2606,0.045,out,7003.483853168298,-0.0009719301201770725,0.12290936002295164,0.012888661976067783,-0.01126966648343002
6950.0,312.61,2025-11-14 20:46:21,0,2026-06-18,6734.10986328125,0.8531746031746031,2606,0.045,out,7003.483853168298,-0.0009719301201770725,0.11695466255015197,0.011670057598520963,-0.007666058980131462
6975.0,306.1,2025-11-14 18:30:38,0,2026-06-18,6734.10986328125,0.8531746031746031,2606,0.045,out,7003.483853168298,-0.0009719301201770725,0.11915818708840904,0.012113947671794455,-0.004075390849402909
7000.0,286.8,2025-11-14 20:37:43,0,2026-06-18,6734.10986328125,0.8531746031746031,2606,0.045,out,7003.483853168298,-0.0009719301201770725,0.11606245377889532,0.01149268267100522,-0.0004975695015189397
7050.0,266.78,2025-11-14 19:20:46,0,2026-06-18,6734.10986328125,0.8531746031746031,2606,0.045,out,7003.483853168298,-0.0009719301201770725,0.11699536292753661,0.011678181402807108,0.006619898267345021
7100.0,232.24,2025-11-14 15:43:04,0,2026-06-18,6734.10986328125,0.8531746031746031,2606,0.045,out,7003.483853168298,-0.0009719301201770725,0.11155247131398607,0.010616865393235723,0.013687065490437455
7125.0,232.7,2025-11-14 19:45:44,0,2026-06-18,6734.10986328125,0.8531746031746031,2606,0.045,out,7003.483853168298,-0.0009719301201770725,0.11581136436306298,0.011443009939925948,0.01720200759788204
5700.0,1265.2,2025-11-13 19:30:25,0,2026-06-18,6734.10986328125,0.8571428571428571,2606,0.045,in,7003.483853168298,-0.0007590971103614425,0.134104006178679,0.015414758119861009,-0.20594154371632772
5900.0,1103.83,2025-11-13 16:41:20,0,2026-06-18,6734.10986328125,0.8571428571428571,2606,0.045,in,7003.483853168298,-0.0007590971103614425,0.1511789595193358,0.019590066686870546,-0.17145536764515837
6000.0,999.5,2025-11-13 20:13:21,0,2026-06-18,6734.10986328125,0.8571428571428571,2606,0.045,in,7003.483853168298,-0.0007590971103614425,0.1326501521140896,0.015082339590763806,-0.1546482493287772
6200.0,838.17,2025-11-13 20:04:00,0,2026-06-18,6734.10986328125,0.8571428571428571,2606,0.045,in,7003.483853168298,-0.0007590971103614425,0.13477273463698813,0.015568877144170302,-0.12185842650578628
6350.0,721.0,2025-11-13 20:02:03,0,2026-06-18,6734.10986328125,0.8571428571428571,2606,0.045,in,7003.483853168298,-0.0007590971103614425,0.13308185307374343,0.015180668243606943,-0.09795290565223194
6475.0,645.03,2025-11-13 18:15:40,0,2026-06-18,6734.10986328125,0.8571428571428571,2606,0.045,in,7003.483853168298,-0.0007590971103614425,0.1397736965528299,0.016745731069750778,-0.0784591109712307
6550.0,575.13,2025-11-13 19:18:10,0,2026-06-18,6734.10986328125,0.8571428571428571,2606,0.045,in,7003.483853168298,-0.0007590971103614425,0.13008360229389626,0.014504351644934204,-0.06694266890967163
7025.0,295.0,2025-11-13 15:53:05,0,2026-06-18,6734.10986328125,0.8571428571428571,2606,0.045,out,7003.483853168298,-0.0007590971103614425,0.12342035465300337,0.013056500522291254,0.0030674966629773187
7075.0,268.2,2025-11-13 15:53:19,0,2026-06-18,6734.10986328125,0.8571428571428571,2606,0.045,out,7003.483853168298,-0.0007590971103614425,0.12138553302923878,0.01262952653896493,0.01015972497246916
6325.0,826.08,2025-11-12 18:13:48,0,2026-06-18,6734.10986328125,0.8611111111111112,2606,0.045,in,7003.483853168298,-0.0005482256951063122,0.17931876096308044,0.02768921552870461,-0.10189768394324827
6725.0,522.7,2025-11-12 17:39:02,0,2026-06-18,6734.10986328125,0.8611111111111112,2606,0.045,in,7003.483853168298,-0.0005482256951063122,0.15383043886566777,0.02037716448804785,-0.04057579306892945
6750.0,500.79,2025-11-12 17:24:43,0,2026-06-18,6734.10986328125,0.8611111111111112,2606,0.045,out,7003.483853168298,-0.0005482256951063122,0.15043885651993724,0.01948853711338373,-0.03686521367239369
6775.0,488.4,2025-11-12 18:12:15,0,2026-06-18,6734.10986328125,0.8611111111111112,2606,0.045,out,7003.483853168298,-0.0005482256951063122,0.15099766665605435,0.01963358765007667,-0.03316835179106756
5625.0,1409.87,2025-11-11 18:12:24,0,2026-06-18,6734.10986328125,0.8650793650793651,2606,0.045,in,7003.483853168298,-0.0003392888799911495,0.21707822375011962,0.04076509618801002,-0.21918677046634832
6075.0,1021.12,2025-11-11 18:12:24,0,2026-06-18,6734.10986328125,0.8650793650793651,2606,0.045,in,7003.483853168298,-0.0003392888799911495,0.1887205462342691,0.030810186176466175,-0.14222572933022007
6375.0,737.53,2025-11-10 15:50:22,0,2026-06-18,6734.10986328125,0.8690476190476191,2606,0.045,in,7003.483853168298,-0.00013226016364415588,0.1497061196893468,0.01947702768914518,-0.09402362751234239
6150.0,858.76,2025-11-07 19:54:45,0,2026-06-18,6734.10986328125,0.8809523809523809,2606,0.045,in,7003.483853168298,0.00047763524397265167,0.11327628367171248,0.011303954961227337,-0.12995563673840577
6300.0,700.0,2025-11-07 17:32:11,0,2026-06-18,6734.10986328125,0.8809523809523809,2606,0.045,in,7003.483853168298,0.00047763524397265167,0.08437024262903622,0.006270916669701198,-0.1058580851593452
6425.0,626.16,2025-11-07 19:25:03,0,2026-06-18,6734.10986328125,0.8809523809523809,2606,0.045,in,7003.483853168298,0.00047763524397265167,0.10564607934769979,0.009832392405166614,-0.08621108777554876
5400.0,1566.01,2025-11-06 14:31:29,0,2026-06-18,6734.10986328125,0.8849206349206349,2606,0.045,in,7003.483853168298,0.0006772871038651512,0.17110913402160938,0.025909003457438063,-0.26000876498660347
5425.0,1543.66,2025-11-06 14:31:29,0,2026-06-18,6734.10986328125,0.8849206349206349,2606,0.045,in,7003.483853168298,0.0006772871038651512,0.17133708273466536,0.025978080516530555,-0.25538981913030895
5925.0,1049.49,2025-10-03 17:03:05,0,2026-05-15,6734.10986328125,0.8849206349206349,2605,0.045,in,6866.091769125604,0.023066478965142082,0.10088961017470333,0.009007353561065091,-0.14741437365839635
6625.0,524.97,2025-11-06 19:20:22,0,2026-06-18,6734.10986328125,0.8849206349206349,2606,0.045,in,7003.483853168298,0.0006772871038651512,0.12485355463813962,0.013794505768209118,-0.0555573466845463
5800.0,1244.0,2025-11-05 19:54:05,0,2026-06-18,6734.10986328125,0.8888888888888888,2606,0.045,in,7003.483853168298,0.0008751563578657529,0.1905631441222401,0.0322793883535588,-0.1885498010044586
6525.0,634.83,2025-11-04 19:03:36,0,2026-06-18,6734.10986328125,0.8928571428571429,2606,0.045,in,7003.483853168298,0.0010712667740530243,0.14464842722548596,0.01868139955250599,-0.07076676534807506
6100.0,1021.64,2025-11-03 14:50:54,0,2026-06-18,6734.10986328125,0.8968253968253969,2606,0.045,in,7003.483853168298,0.0012656416998315448,0.1924892175232074,0.03322926326575177,-0.13811894737756666
6150.0,891.65,2025-11-14 20:34:51,0,2026-06-30,6734.10986328125,0.9007936507936508,2606,0.045,in,7003.483853168298,0.00145830407119793,0.13434459509498717,0.01625794739083565,-0.12995563673840577
6225.0,838.41,2025-11-14 19:20:50,0,2026-06-30,6734.10986328125,0.9007936507936508,2606,0.045,in,7003.483853168298,0.00145830407119793,0.13808421378099525,0.017175657824135084,-0.11783427620606085
6350.0,734.92,2025-11-14 20:34:51,0,2026-06-30,6734.10986328125,0.9007936507936508,2606,0.045,in,7003.483853168298,0.00145830407119793,0.13248381406920937,0.015810695019062453,-0.09795290565223194
6475.0,655.51,2025-11-14 17:05:18,0,2026-06-30,6734.10986328125,0.9007936507936508,2606,0.045,in,7003.483853168298,0.00145830407119793,0.13725329291600297,0.01696957093847995,-0.0784591109712307
6500.0,622.89,2025-11-14 20:34:51,0,2026-06-30,6734.10986328125,0.9007936507936508,2606,0.045,in,7003.483853168298,0.00145830407119793,0.1295581662250242,0.015120108273329989,-0.07460554165524073
6680.0,511.3,2025-11-14 17:37:15,0,2026-06-30,6734.10986328125,0.9007936507936508,2606,0.045,in,7003.483853168298,0.00145830407119793,0.13148861929056532,0.01557405293518732,-0.04728973100827785
6700.0,492.06,2025-11-14 20:10:21,0,2026-06-30,6734.10986328125,0.9007936507936508,2606,0.045,in,7003.483853168298,0.00145830407119793,0.12836230312210029,0.014842269666102621,-0.044300192159911864
6800.0,425.14,2025-11-14 19:41:36,0,2026-06-30,6734.10986328125,0.9007936507936508,2606,0.045,out,7003.483853168298,0.00145830407119793,0.12451122960512233,0.01396504567299978,-0.029485106374771152
6825.0,411.5,2025-11-14 19:56:50,0,2026-06-30,6734.10986328125,0.9007936507936508,2606,0.045,out,7003.483853168298,0.00145830407119793,0.12456623392095469,0.01397738684820536,-0.025815377485808748
6850.0,396.59,2025-11-14 19:58:48,0,2026-06-30,6734.10986328125,0.9007936507936508,2606,0.045,out,7003.483853168298,0.00145830407119793,0.12398675952945731,0.013847645453435368,-0.022159066282698266
7000.0,303.5,2025-11-14 20:18:26,0,2026-06-30,6734.10986328125,0.9007936507936508,2606,0.045,out,7003.483853168298,0.00145830407119793,0.11679007034852015,0.012286753812566623,-0.0004975695015189397
6175.0,907.36,2025-11-13 15:45:25,0,2026-06-30,6734.10986328125,0.9047619047619048,2606,0.045,in,7003.483853168298,0.001649276421762852,0.1563129634756094,0.022106719450476993,-0.12589883604279137
6250.0,847.36,2025-11-13 15:45:25,0,2026-06-30,6734.10986328125,0.9047619047619048,2606,0.045,in,7003.483853168298,0.001649276421762852,0.15377649141616534,0.021395094139669214,-0.11382625480852204
6510.0,614.6,2025-11-13 19:10:27,0,2026-06-30,6734.10986328125,0.9047619047619048,2606,0.045,in,7003.483853168298,0.001649276421762852,0.12816014435085682,0.014860734733362701,-0.07306826233635436
6580.0,600.95,2025-11-13 15:40:36,0,2026-06-30,6734.10986328125,0.9047619047619048,2606,0.045,in,7003.483853168298,0.001649276421762852,0.14325491908878785,0.018567498334265138,-0.06237297321960634
6590.0,575.02,2025-11-13 16:58:05,0,2026-06-30,6734.10986328125,0.9047619047619048,2606,0.045,in,7003.483853168298,0.001649276421762852,0.1343636129188485,0.016334191859786518,-0.060854370042416395
6600.0,566.16,2025-11-13 16:56:32,0,2026-06-30,6734.10986328125,0.9047619047619048,2606,0.045,in,7003.483853168298,0.001649276421762852,0.133228965609536,0.01605948515573103,-0.05933806952445234
6750.0,441.74,2025-11-13 18:57:16,0,2026-06-30,6734.10986328125,0.9047619047619048,2606,0.045,out,7003.483853168298,0.001649276421762852,0.11895077375440716,0.012801735474222429,-0.03686521367239369
6820.0,403.9,2025-11-13 20:58:01,0,2026-06-30,6734.10986328125,0.9047619047619048,2606,0.045,out,7003.483853168298,0.001649276421762852,0.11979122748090681,0.012983277402203092,-0.026548246701461466
6900.0,371.95,2025-11-13 16:19:11,0,2026-06-30,6734.10986328125,0.9047619047619048,2606,0.045,out,7003.483853168298,0.001649276421762852,0.12404753452176748,0.013922286933221562,-0.014886306953618507
6940.0,333.3,2025-11-13 20:58:01,0,2026-06-30,6734.10986328125,0.9047619047619048,2606,0.045,out,7003.483853168298,0.001649276421762852,0.11668612758822944,0.012318923574247364,-0.009105944038119021
6980.0,316.0,2025-11-13 19:18:20,0,2026-06-30,6734.10986328125,0.9047619047619048,2606,0.045,out,7003.483853168298,0.001649276421762852,0.1175189387688302,0.012495396115128055,-0.00335880178255111
7050.0,278.27,2025-11-13 19:50:01,0,2026-06-30,6734.10986328125,0.9047619047619048,2606,0.045,out,7003.483853168298,0.001649276421762852,0.1153044080180291,0.012028905888541646,0.006619898267345021
5850.0,1234.43,2025-11-12 18:38:07,0,2026-06-30,6734.10986328125,0.9087301587301587,2606,0.045,in,7003.483853168298,0.001838580891536809,0.20628538055946305,0.03866979260022545,-0.17996605731306714
6450.0,737.39,2025-11-12 17:53:09,0,2026-06-30,6734.10986328125,0.9087301587301587,2606,0.045,in,7003.483853168298,0.001838580891536809,0.16721738878527495,0.025409599288436377,-0.08232758774915114
6860.0,441.9,2025-11-12 15:35:18,0,2026-06-30,6734.10986328125,0.9087301587301587,2606,0.045,out,7003.483853168298,0.001838580891536809,0.1432675301461348,0.01865221829153081,-0.020700276819038403
5250.0,1762.84,2025-10-30 18:25:06,0,2026-06-18,6734.10986328125,0.9126984126984127,2606,0.045,in,7003.483853168298,0.00202623923548665,0.24228677649902264,0.05357802728272258,-0.28817964195329987
5800.0,1273.17,2025-11-11 18:58:10,0,2026-06-30,6734.10986328125,0.9126984126984127,2606,0.045,in,7003.483853168298,0.00202623923548665,0.20546912545824994,0.03853190138417838,-0.1885498010044586
6200.0,936.09,2025-11-11 18:58:10,0,2026-06-30,6734.10986328125,0.9126984126984127,2606,0.045,in,7003.483853168298,0.00202623923548665,0.18124869634465138,0.029983137631453164,-0.12185842650578628
6970.0,376.98,2025-11-11 20:15:54,0,2026-06-30,6734.10986328125,0.9126984126984127,2606,0.045,out,7003.483853168298,0.00202623923548665,0.13858223608111792,0.017528406016531033,-0.00479249378439974
6975.0,374.03,2025-11-11 20:15:54,0,2026-06-30,6734.10986328125,0.9126984126984127,2606,0.045,out,7003.483853168298,0.00202623923548665,0.13835232229735467,0.017470293530025213,-0.004075390849402909
7075.0,310.12,2025-11-11 18:00:49,0,2026-06-30,6734.10986328125,0.9126984126984127,2606,0.045,out,7003.483853168298,0.00202623923548665,0.13102786674676783,0.015669481860190522,0.01015972497246916
7080.0,307.92,2025-11-11 18:01:14,0,2026-06-30,6734.10986328125,0.9126984126984127,2606,0.045,out,7003.483853168298,0.00202623923548665,0.13100753021418038,0.01566461818947801,0.01086618914879625
7100.0,300.45,2025-11-11 18:42:23,0,2026-06-30,6734.10986328125,0.9126984126984127,2606,0.045,out,7003.483853168298,0.00202623923548665,0.13140293786597032,0.015759318961729576,0.013687065490437455
5325.0,1634.99,2025-11-10 15:56:48,0,2026-06-30,6734.10986328125,0.9166666666666666,2606,0.045,in,7003.483853168298,0.0022122728318698243,0.15511286132282395,0.022054999768774147,-0.2739950069613433
6000.0,1071.08,2025-11-10 18:15:06,0,2026-06-30,6734.10986328125,0.9166666666666666,2606,0.045,in,7003.483853168298,0.0022122728318698243,0.17270829159707154,0.027342474487514166,-0.1546482493287772
6880.0,395.19,2025-11-10 17:34:19,0,2026-06-30,6734.10986328125,0.9166666666666666,2606,0.045,out,7003.483853168298,0.0022122728318698243,0.12763176743317234,0.01493237905327244,-0.017789066611579883
6360.0,661.97,2025-11-07 16:12:57,0,2026-06-30,6734.10986328125,0.9285714285714286,2606,0.045,in,7003.483853168298,0.0027608334365894424,0.08382758210635537,0.0065251304130979106,-0.09637934120480139
6400.0,636.28,2025-11-07 16:10:44,0,2026-06-30,6734.10986328125,0.9285714285714286,2606,0.045,in,7003.483853168298,0.0027608334365894424,0.08969696690354403,0.007470864023717226,-0.09010972819120606
6425.0,612.65,2025-11-07 16:41:32,0,2026-06-30,6734.10986328125,0.9285714285714286,2606,0.045,in,7003.483853168298,0.0027608334365894424,0.08732029190402621,0.007080202422618321,-0.08621108777554876
6570.0,536.49,2025-11-07 15:27:42,0,2026-06-30,6734.10986328125,0.9285714285714286,2606,0.045,in,7003.483853168298,0.0027608334365894424,0.10615124476178507,0.01046322342415666,-0.06389388606031307
6630.0,481.14,2025-11-07 15:51:37,0,2026-06-30,6734.10986328125,0.9285714285714286,2606,0.045,in,7003.483853168298,0.0027608334365894424,0.09933170367706351,0.009162016830003098,-0.05480291435906105
6650.0,462.5,2025-11-07 17:54:32,0,2026-06-30,6734.10986328125,0.9285714285714286,2606,0.045,in,7003.483853168298,0.0027608334365894424,0.09692330912525061,0.008723118719518256,-0.05179086388906945
6675.0,450.38,2025-11-07 15:46:57,0,2026-06-30,6734.10986328125,0.9285714285714286,2606,0.045,in,7003.483853168298,0.0027608334365894424,0.09902337655135704,0.009105227024801002,-0.04803851427051901
6775.0,386.92,2025-11-07 15:48:37,0,2026-06-30,6734.10986328125,0.9285714285714286,2606,0.045,out,7003.483853168298,0.0027608334365894424,0.09883060068585717,0.00906980994393254,-0.03316835179106756
6890.0,318.41,2025-11-07 16:21:49,0,2026-06-30,6734.10986328125,0.9285714285714286,2606,0.045,out,7003.483853168298,0.0027608334365894424,0.0976513272670001,0.008854654451506273,-0.016336633531265046
6920.0,300.01,2025-11-07 16:12:57,0,2026-06-30,6734.10986328125,0.9285714285714286,2606,0.045,out,7003.483853168298,0.0027608334365894424,0.09665857097550984,0.008675530818525696,-0.011991948927254038
6950.0,283.12,2025-11-07 16:41:32,0,2026-06-30,6734.10986328125,0.9285714285714286,2606,0.045,out,7003.483853168298,0.0027608334365894424,0.09606702096091128,0.008569667336568157,-0.007666058980131462
6960.0,281.5,2025-11-07 16:10:44,0,2026-06-30,6734.10986328125,0.9285714285714286,2606,0.045,out,7003.483853168298,0.0027608334365894424,0.09739006564666555,0.008807337394757411,-0.006228244210503906
7060.0,245.84,2025-11-07 15:27:42,0,2026-06-30,6734.10986328125,0.9285714285714286,2606,0.045,out,7003.483853168298,0.0027608334365894424,0.10170465708352643,0.009604991753015008,0.008037332948318486
5900.0,1105.22,2025-11-06 20:08:51,0,2026-06-30,6734.10986328125,0.9325396825396826,2606,0.045,in,7003.483853168298,0.002940574570901827,0.1294310147200176,0.015622266187664893,-0.17145536764515837
6925.0,333.7,2025-11-06 16:55:40,0,2026-06-30,6734.10986328125,0.9325396825396826,2606,0.045,out,7003.483853168298,0.002940574570901827,0.11044504210001325,0.011375219131949681,-0.01126966648343002
6930.0,340.1,2025-11-06 18:36:55,0,2026-06-30,6734.10986328125,0.9325396825396826,2606,0.045,out,7003.483853168298,0.002940574570901827,0.11394531645678042,0.012107661739969926,-0.01054790535502033
6990.0,311.9,2025-11-06 15:40:34,0,2026-06-30,6734.10986328125,0.9325396825396826,2606,0.045,out,7003.483853168298,0.002940574570901827,0.11440074733692797,0.012204641995806325,-0.0019271623111132856
7130.0,246.5,2025-11-06 15:16:05,0,2026-06-30,6734.10986328125,0.9325396825396826,2606,0.045,out,7003.483853168298,0.002940574570901827,0.11293981807854685,0.011894919005117403,0.017903515869372406
6550.0,624.34,2025-11-05 16:18:48,0,2026-06-30,6734.10986328125,0.9365079365079365,2606,0.045,in,7003.483853168298,0.003118792475262415,0.14003864314534256,0.018365690045481387,-0.06694266890967163
6575.0,606.17,2025-11-05 16:18:48,0,2026-06-30,6734.10986328125,0.9365079365079365,2606,0.045,in,7003.483853168298,0.003118792475262415,0.13906618669669196,0.018111505597764952,-0.06313314049300395
6625.0,569.99,2025-11-05 16:18:48,0,2026-06-30,6734.10986328125,0.9365079365079365,2606,0.045,in,7003.483853168298,0.003118792475262415,0.1369497965538848,0.017564437457029777,-0.0555573466845463
6875.0,405.8,2025-11-05 14:55:03,0,2026-06-30,6734.10986328125,0.9365079365079365,2606,0.045,out,7003.483853168298,0.003118792475262415,0.1281743013399079,0.015385562538324404,-0.018516075004197205
6640.0,575.17,2025-11-04 15:56:30,0,2026-06-30,6734.10986328125,0.9404761904761905,2606,0.045,in,7003.483853168298,0.0032955064310629945,0.14257289980081572,0.01911708939108883,-0.053295755068489666
7040.0,315.91,2025-11-04 17:28:54,0,2026-06-30,6734.10986328125,0.9404761904761905,2606,0.045,out,7003.483853168298,0.0032955064310629945,0.12389847245268394,0.0144370915072925,0.0052004516131187286
7125.0,302.4,2025-10-30 17:00:53,0,2026-06-30,6734.10986328125,0.9603174603174603,2606,0.045,out,7003.483853168298,0.004157169521330287,0.1303937204106181,0.01632781905575568,0.01720200759788204
7025.0,367.5,2025-10-29 19:20:43,0,2026-06-30,6734.10986328125,0.9642857142857143,2606,0.045,out,7003.483853168298,0.004325247013012054,0.13807404885285499,0.018383570003526993,0.0030674966629773187
5400.0,1669.6,2025-10-28 16:58:11,0,2026-06-30,6734.10986328125,0.9682539682539683,2606,0.045,in,7003.483853168298,0.004491946820335775,0.25082869011284104,0.06091772918741495,-0.26000876498660347
5700.0,1391.06,2025-10-28 14:28:00,0,2026-06-30,6734.10986328125,0.9682539682539683,2606,0.045,in,7003.483853168298,0.004491946820335775,0.21927518260741985,0.0465552055263263,-0.20594154371632772
6100.0,1070.77,2025-10-28 18:19:34,0,2026-06-30,6734.10986328125,0.9682539682539683,2606,0.045,in,7003.483853168298,0.004491946820335775,0.20408946718918222,0.040330208693197166,-0.13811894737756666
6125.0,1049.92,2025-10-28 18:19:34,0,2026-06-30,6734.10986328125,0.9682539682539683,2606,0.045,in,7003.483853168298,0.004491946820335775,0.20228309576764839,0.03961945239418985,-0.13402896212604157
6150.0,846.51,2025-11-14 14:33:52,0,2026-07-17,6734.10986328125,0.9682539682539683,2607,0.045,in,6960.942612025228,0.010784532049223694,0.04786935701400893,0.0022187300920160856,-0.12386281611995864
6275.0,763.53,2025-10-16 14:30:46,0,2026-06-18,6734.10986328125,0.9682539682539683,2606,0.045,in,7003.483853168298,0.004491946820335775,0.09909028548888257,0.009507174053561324,-0.1098342335389846
6350.0,763.77,2025-11-14 18:55:03,0,2026-07-17,6734.10986328125,0.9682539682539683,2607,0.045,in,6960.942612025228,0.010784532049223694,0.13574963913797314,0.01784294977922993,-0.09186008503378483
6500.0,647.83,2025-11-14 18:11:35,0,2026-07-17,6734.10986328125,0.9682539682539683,2607,0.045,in,6960.942612025228,0.010784532049223694,0.1304450310450183,0.016475718628325132,-0.06851272103679366
6560.0,693.0,2025-10-28 17:49:11,0,2026-06-30,6734.10986328125,0.9682539682539683,2606,0.045,in,7003.483853168298,0.004491946820335775,0.16796780583003193,0.02731752716693133,-0.06541711560083459
6610.0,661.91,2025-10-28 18:29:11,0,2026-06-30,6734.10986328125,0.9682539682539683,2606,0.045,in,7003.483853168298,0.004491946820335775,0.16745823260545878,0.02715202920171397,-0.05782406469323724
6620.0,643.87,2025-10-28 17:33:50,0,2026-06-30,6734.10986328125,0.9682539682539683,2606,0.045,in,7003.483853168298,0.004491946820335775,0.1623567914158792,0.025522910965879643,-0.05631234860791539
6740.0,569.0,2025-10-28 19:21:42,0,2026-06-30,6734.10986328125,0.9682539682539683,2606,0.045,out,7003.483853168298,0.004491946820335775,0.15978974252419761,0.02472219794877637,-0.03834779363261652
6770.0,537.3,2025-10-28 17:43:31,0,2026-06-30,6734.10986328125,0.9682539682539683,2606,0.045,out,7003.483853168298,0.004491946820335775,0.15368707487435773,0.02286988469824798,-0.03390663163264855
6750.0,456.35,2025-11-14 15:29:21,0,2026-07-17,6734.10986328125,0.9682539682539683,2607,0.045,out,6960.942612025228,0.010784532049223694,0.11631441998003501,0.01309955082560016,-0.03077239305394671
6840.0,475.8,2025-10-28 13:47:34,0,2026-06-30,6734.10986328125,0.9682539682539683,2606,0.045,out,7003.483853168298,0.004491946820335775,0.14421726052980044,0.020138344639967307,-0.023619986922373135
6800.0,447.69,2025-11-14 19:41:36,0,2026-07-17,6734.10986328125,0.9682539682539683,2607,0.045,out,6960.942612025228,0.010784532049223694,0.12449569336813196,0.01500714028095124,-0.023392285756324144
6850.0,363.66,2025-11-14 14:33:52,0,2026-07-17,6734.10986328125,0.9682539682539683,2607,0.045,out,6960.942612025228,0.010784532049223694,0.1021430237623624,0.010101984690514765,-0.01606624566425123
6910.0,432.74,2025-10-28 13:37:19,0,2026-06-30,6734.10986328125,0.9682539682539683,2606,0.045,out,7003.483853168298,0.004491946820335775,0.14146178256978076,0.019376152247571676,-0.013438080777253636
6900.0,383.8,2025-11-14 18:30:39,0,2026-07-17,6734.10986328125,0.9682539682539683,2607,0.045,out,6960.942612025228,0.010784532049223694,0.12057346153381704,0.014076437098429498,-0.008793486335171446
6925.0,376.9,2025-11-14 17:36:18,0,2026-07-17,6734.10986328125,0.9682539682539683,2607,0.045,out,6960.942612025228,0.010784532049223694,0.12284686146956628,0.01461226085314748,-0.005176845864982943
6950.0,358.6,2025-11-14 19:57:47,0,2026-07-17,6734.10986328125,0.9682539682539683,2607,0.045,out,6960.942612025228,0.010784532049223694,0.12061721389458627,0.01408665475474976,-0.0015732383616843728
6975.0,348.5,2025-11-14 17:36:29,0,2026-07-17,6734.10986328125,0.9682539682539683,2607,0.045,out,6960.942612025228,0.010784532049223694,0.12142695726690997,0.014276426397096805,0.0020174297690443038
7000.0,324.8,2025-11-14 18:11:35,0,2026-07-17,6734.10986328125,0.9682539682539683,2607,0.045,out,6960.942612025228,0.010784532049223694,0.11695107003628484,0.01324334475778654,0.005595251116928065
7025.0,313.4,2025-11-14 18:30:52,0,2026-07-17,6734.10986328125,0.9682539682539683,2607,0.045,out,6960.942612025228,0.010784532049223694,0.11705415628440063,0.013266701677946448,0.009160317281424227
7050.0,280.05,2025-11-14 15:19:04,0,2026-07-17,6734.10986328125,0.9682539682539683,2607,0.045,out,6960.942612025228,0.010784532049223694,0.10873685272656396,0.011448347485612477,0.012712718885792052
6200.0,871.17,2025-11-13 20:04:00,0,2026-07-17,6734.10986328125,0.9722222222222222,2607,0.045,in,6960.942612025228,0.01092418702045135,0.13157313737732862,0.01683061574377691,-0.11576560588733927
6400.0,725.23,2025-11-13 21:04:28,0,2026-07-17,6734.10986328125,0.9722222222222222,2607,0.045,in,6960.942612025228,0.01092418702045135,0.13367040382578577,0.017371449723977847,-0.08401690757275893
6520.0,704.52,2025-10-27 19:58:38,0,2026-06-30,6734.10986328125,0.9722222222222222,2606,0.045,in,7003.483853168298,0.004657285812905837,0.1616079835456737,0.02539166422498489,-0.0715333426182706
6525.0,626.69,2025-11-13 18:42:35,0,2026-07-17,6734.10986328125,0.9722222222222222,2607,0.045,in,6960.942612025228,0.01092418702045135,0.12780568750254193,0.015880563375830804,-0.06467394472962798
6550.0,610.83,2025-11-13 18:46:57,0,2026-07-17,6734.10986328125,0.9722222222222222,2607,0.045,in,6960.942612025228,0.01092418702045135,0.12819603524006076,0.015977717244291152,-0.06084984829122453
6625.0,555.9,2025-11-13 20:03:51,0,2026-07-17,6734.10986328125,0.9722222222222222,2607,0.045,in,6960.942612025228,0.01092418702045135,0.1254003810848872,0.015288442921339523,-0.04946452606609928
6690.0,568.96,2025-10-27 19:09:31,0,2026-06-30,6734.10986328125,0.9722222222222222,2606,0.045,in,7003.483853168298,0.004657285812905837,0.14766332277272315,0.02119877753416249,-0.04579384441669509
6710.0,553.66,2025-10-27 19:21:02,0,2026-06-30,6734.10986328125,0.9722222222222222,2606,0.045,in,7003.483853168298,0.004657285812905837,0.14613201973082543,0.020761384768648954,-0.04280876757324177
6675.0,566.07,2025-11-13 14:39:02,0,2026-07-17,6734.10986328125,0.9722222222222222,2607,0.045,in,6960.942612025228,0.01092418702045135,0.14281902912400193,0.01983068410548022,-0.04194569365207195
6720.0,547.28,2025-10-27 19:09:21,0,2026-06-30,6734.10986328125,0.9722222222222222,2606,0.045,in,7003.483853168298,0.004657285812905837,0.1458694968676985,0.020686857057645627,-0.04131956402177398
6725.0,543.64,2025-10-27 19:13:02,0,2026-06-30,6734.10986328125,0.9722222222222222,2606,0.045,in,7003.483853168298,0.004657285812905837,0.1455501639630044,0.020596382167722537,-0.04057579306892945
6700.0,548.75,2025-11-13 15:00:56,0,2026-07-17,6734.10986328125,0.9722222222222222,2607,0.045,in,6960.942612025228,0.01092418702045135,0.14173598675051777,0.019531059664027864,-0.0382073715414648
6760.0,519.18,2025-10-27 19:09:37,0,2026-06-30,6734.10986328125,0.9722222222222222,2606,0.045,out,7003.483853168298,0.004657285812905837,0.14364901038601902,0.020061842679746974,-0.035384828501959495
6810.0,474.49,2025-10-27 14:45:01,0,2026-06-30,6734.10986328125,0.9722222222222222,2606,0.045,out,7003.483853168298,0.004657285812905837,0.13682797983000303,0.018201843395905276,-0.02801559839541124
6775.0,490.3,2025-11-13 14:46:02,0,2026-07-17,6734.10986328125,0.9722222222222222,2607,0.045,out,6960.942612025228,0.01092418702045135,0.13542335972503222,0.017830056182570605,-0.027075531172620564
7100.0,276.4,2025-11-13 18:45:13,0,2026-07-17,6734.10986328125,0.9722222222222222,2607,0.045,out,6960.942612025228,0.01092418702045135,0.11519578521325548,0.012901455905040198,0.019779886108884513
6300.0,878.36,2025-11-12 18:13:14,0,2026-07-17,6734.10986328125,0.9761904761904762,2607,0.045,in,6960.942612025228,0.011062706585408866,0.17483013892446625,0.029837825631673212,-0.09976526454089811
6325.0,849.58,2025-11-12 16:05:08,0,2026-07-17,6734.10986328125,0.9761904761904762,2607,0.045,in,6960.942612025228,0.011062706585408866,0.1690589413999234,0.027900427437089807,-0.09580486332480118
6450.0,762.05,2025-11-12 18:47:15,0,2026-07-17,6734.10986328125,0.9761904761904762,2607,0.045,in,6960.942612025228,0.011062706585408866,0.16679549533177415,0.027158338756710657,-0.07623476713070397
6475.0,740.39,2025-11-12 15:34:03,0,2026-07-17,6734.10986328125,0.9761904761904762,2607,0.045,in,6960.942612025228,0.011062706585408866,0.16424767169029436,0.026334981044833134,-0.07236629035278365
7125.0,310.82,2025-11-12 15:34:03,0,2026-07-17,6734.10986328125,0.9761904761904762,2607,0.045,out,6960.942612025228,0.011062706585408866,0.1317047757851483,0.016933144441649135,0.023294828216329003
5300.0,1732.74,2025-11-11 19:18:01,0,2026-07-17,6734.10986328125,0.9801587301587301,2607,0.045,in,6960.942612025228,0.011200104534455788,0.23214172048615248,0.052820536755543344,-0.272608077380309
5600.0,1465.01,2025-11-11 19:18:01,0,2026-07-17,6734.10986328125,0.9801587301587301,2607,0.045,in,6960.942612025228,0.011200104534455788,0.2128716998130946,0.044415266125337756,-0.21754830019728155
6000.0,1121.85,2025-11-11 20:20:42,0,2026-07-17,6734.10986328125,0.9801587301587301,2607,0.045,in,6960.942612025228,0.011200104534455788,0.19007564633636836,0.03541191102601778,-0.14855542871033017
6025.0,1097.02,2025-11-11 18:25:22,0,2026-07-17,6734.10986328125,0.9801587301587301,2607,0.045,in,6960.942612025228,0.011200104534455788,0.1863875979821299,0.03405104428707291,-0.14439741856166646
6050.0,1052.6,2025-11-11 13:21:27,0,2026-07-17,6734.10986328125,0.9801587301587301,2607,0.045,in,6960.942612025228,0.011200104534455788,0.17112877005076588,0.02870400324188378,-0.14025662589563506
6250.0,917.75,2025-11-11 21:09:57,0,2026-07-17,6734.10986328125,0.9801587301587301,2607,0.045,in,6960.942612025228,0.011200104534455788,0.1766307262494726,0.030579397315427713,-0.107733434190075
6650.0,584.31,2025-11-11 16:44:38,0,2026-07-17,6734.10986328125,0.9801587301587301,2607,0.045,in,6960.942612025228,0.011200104534455788,0.14302771726140628,0.02005103647832209,-0.04569804327062241
6275.0,874.13,2025-11-10 19:26:31,0,2026-07-17,6734.10986328125,0.9841269841269841,2607,0.045,in,6960.942612025228,0.011336394435526531,0.1625735264447707,0.02601062528639191,-0.10374141292053754
6375.0,764.95,2025-11-10 15:57:59,0,2026-07-17,6734.10986328125,0.9841269841269841,2607,0.045,in,6960.942612025228,0.011336394435526531,0.14281534746685084,0.020072473893155477,-0.08793080689389526
6600.0,588.71,2025-11-10 16:40:54,0,2026-07-17,6734.10986328125,0.9841269841269841,2607,0.045,in,6960.942612025228,0.011336394435526531,0.13104224070022735,0.01689949632634368,-0.05324524890600533
6870.0,401.27,2025-10-24 18:02:50,0,2026-06-30,6734.10986328125,0.9841269841269841,2606,0.045,out,7003.483853168298,0.005145302516781969,0.11925151840713642,0.013995195679829698,-0.019243612322574245
6875.0,410.18,2025-11-10 16:09:20,0,2026-07-17,6734.10986328125,0.9841269841269841,2607,0.045,out,6960.942612025228,0.011336394435526531,0.12373892148324046,0.015068283853488951,-0.012423254385750157
6175.0,849.49,2025-11-07 19:17:14,0,2026-07-17,6734.10986328125,0.996031746031746,2607,0.045,in,6960.942612025228,0.011738748286894744,0.09196023167597231,0.0084231259392243,-0.11980601542434424
6420.0,681.94,2025-10-21 17:30:49,0,2026-06-30,6734.10986328125,0.996031746031746,2606,0.045,in,7003.483853168298,0.00562165348271685,0.11438041083946397,0.013030962199741852,-0.08698960085496234
6575.0,540.07,2025-11-07 17:26:55,0,2026-07-17,6734.10986328125,0.996031746031746,2607,0.045,in,6960.942612025228,0.011738748286894744,0.09914637112038015,0.009790994958299118,-0.05704031987455683
6825.0,390.67,2025-11-07 19:21:42,0,2026-07-17,6734.10986328125,0.996031746031746,2607,0.045,out,6960.942612025228,0.011738748286894744,0.10386874676536217,0.010745904187326748,-0.019722556867361726
5850.0,1158.33,2025-10-08 16:22:11,0,2026-06-18,6734.10986328125,1.0,2606,0.045,in,7003.483853168298,0.005777916762547339,0.11648226234925059,0.013568117441999641,-0.17996605731306714
7075.0,273.8,2025-11-06 20:59:47,0,2026-07-17,6734.10986328125,1.0,2607,0.045,out,6960.942612025228,0.011870737380994367,0.10714644961449146,0.011480361664990758,0.016252545590916094
5900.0,1190.61,2025-11-05 18:58:48,0,2026-07-17,6734.10986328125,1.003968253968254,2607,0.045,in,6960.942612025228,0.01200168308304577,0.18040097081013565,0.0326736551512602,-0.1653625470267114
6725.0,545.6,2025-11-04 15:08:38,0,2026-07-17,6734.10986328125,1.007936507936508,2607,0.045,in,6960.942612025228,0.01213159771657709,0.14125364333896442,0.02011094565936098,-0.03448297245048237
5975.0,1046.63,2025-10-03 16:44:36,0,2026-06-18,6734.10986328125,1.0198412698412698,2606,0.045,in,7003.483853168298,0.006540992311914122,0.10861004241954153,0.012030191737278869,-0.15882362073925782
6525.0,626.27,2025-10-10 14:08:57,0,2026-06-30,6734.10986328125,1.0396825396825398,2606,0.045,in,7003.483853168298,0.007274942840312708,0.11714673182540375,0.014267934427268822,-0.07076676534807506
6830.0,381.63,2025-10-10 15:06:21,0,2026-06-30,6734.10986328125,1.0396825396825398,2606,0.045,out,7003.483853168298,0.007274942840312708,0.0962335331477699,0.00962838865218638,-0.02508304497413346
6470.0,670.01,2025-10-08 18:14:29,0,2026-06-30,6734.10986328125,1.0476190476190477,2606,0.045,in,7003.483853168298,0.007560738727886096,0.11841236192400392,0.014689177335298498,-0.07923161004402297
6780.0,451.8,2025-10-08 18:19:58,0,2026-06-30,6734.10986328125,1.0476190476190477,2606,0.045,out,7003.483853168298,0.007560738727886096,0.11138515241727569,0.012997445139925437,-0.03243061660452805
6425.0,687.43,2025-10-22 15:00:24,0,2026-07-17,6734.10986328125,1.0595238095238095,2607,0.045,in,6960.942612025228,0.013731931910151984,0.10851613756328306,0.012476689737347026,-0.0801182671571016
6100.0,948.11,2025-10-21 13:50:49,0,2026-07-17,6734.10986328125,1.0634920634920635,2607,0.045,in,6960.942612025228,0.013848603806009628,0.10651885387744205,0.01206666408732346,-0.1320261267591196
6125.0,912.11,2025-10-20 13:45:25,0,2026-07-17,6734.10986328125,1.0674603174603174,2607,0.045,in,6960.942612025228,0.013964408252827437,0.0900282710857353,0.00865186151178852,-0.12793614150759447
6225.0,834.61,2025-10-20 13:42:39,0,2026-07-17,6734.10986328125,1.0674603174603174,2607,0.045,in,6960.942612025228,0.013964408252827437,0.09904533175137446,0.010471761954476244,-0.11174145558761382
6275.0,782.0,2025-10-02 16:26:59,0,2026-06-30,6734.10986328125,1.0714285714285714,2606,0.045,in,7003.483853168298,0.00839272231171085,0.08930531838125995,0.008545114169119506,-0.1098342335389846
6375.0,667.68,2025-09-30 17:52:37,0,2026-06-30,6734.10986328125,1.0793650793650793,2606,0.045,in,7003.483853168298,0.008661893471183561,0.05723598040517008,0.0035359540761902997,-0.09402362751234239
6175.0,942.4,2025-11-14 19:30:48,0,2026-08-21,6734.10986328125,1.1071428571428572,2608,0.045,in,6927.653529248406,0.01940662305231916,0.1368934107986867,0.02074764226867992,-0.1150122772831282
6300.0,787.0,2025-11-14 12:56:11,0,2026-08-21,6734.10986328125,1.1071428571428572,2608,0.045,in,6927.653529248406,0.01940662305231916,0.10102447841384425,0.011299439371516706,-0.09497152639968215
6350.0,801.9,2025-11-14 18:58:51,0,2026-08-21,6734.10986328125,1.1071428571428572,2608,0.045,in,6927.653529248406,0.01940662305231916,0.13166182437902188,0.019192139855828017,-0.0870663468925688
6375.0,796.6,2025-11-14 17:19:31,0,2026-08-21,6734.10986328125,1.1071428571428572,2608,0.045,in,6927.653529248406,0.01940662305231916,0.1379076726823674,0.021056225418738445,-0.08313706875267932
6400.0,757.92,2025-11-14 16:15:45,0,2026-08-21,6734.10986328125,1.1071428571428572,2608,0.045,in,6927.653529248406,0.01940662305231916,0.12768009761681426,0.018048872398236278,-0.07922316943154295
6550.0,649.47,2025-11-14 15:51:55,0,2026-08-21,6734.10986328125,1.1071428571428572,2608,0.045,in,6927.653529248406,0.01940662305231916,0.12544912524514198,0.017423641920282534,-0.056056110150008595
6575.0,630.8,2025-11-14 15:54:44,0,2026-08-21,6734.10986328125,1.1071428571428572,2608,0.045,in,6927.653529248406,0.01940662305231916,0.12451714467676062,0.01716571781685905,-0.05224658173334086
6625.0,594.93,2025-11-14 18:50:00,0,2026-08-21,6734.10986328125,1.1071428571428572,2608,0.045,in,6927.653529248406,0.01940662305231916,0.12305255615684092,0.016764281388525256,-0.04467078792488324
6675.0,537.45,2025-11-14 15:01:09,0,2026-08-21,6734.10986328125,1.1071428571428572,2608,0.045,in,6927.653529248406,0.01940662305231916,0.112434615332681,0.013995993731258797,-0.03715195551085585
6775.0,497.32,2025-11-14 16:15:45,0,2026-08-21,6734.10986328125,1.1071428571428572,2608,0.045,out,6927.653529248406,0.01940662305231916,0.12065305926289514,0.0161168564997988,-0.02228179303140457
6800.0,485.65,2025-11-14 19:10:41,0,2026-08-21,6734.10986328125,1.1071428571428572,2608,0.045,out,6927.653529248406,0.01940662305231916,0.12168811964198298,0.016394569725787445,-0.018598547615108117
6950.0,403.7,2025-11-14 17:36:17,0,2026-08-21,6734.10986328125,1.1071428571428572,2608,0.045,out,6927.653529248406,0.01940662305231916,0.12120473357812325,0.01626457895335925,0.0032204997795316154
6975.0,372.8,2025-11-14 20:41:05,0,2026-08-21,6734.10986328125,1.1071428571428572,2608,0.045,out,6927.653529248406,0.01940662305231916,0.11459325850933255,0.01453857363462101,0.006811167910260212
7000.0,361.76,2025-11-14 20:22:12,0,2026-08-21,6734.10986328125,1.1071428571428572,2608,0.045,out,6927.653529248406,0.01940662305231916,0.11505644221758166,0.014656340420314247,0.010388989258144224
7050.0,340.6,2025-11-14 18:30:52,0,2026-08-21,6734.10986328125,1.1071428571428572,2608,0.045,out,6927.653529248406,0.01940662305231916,0.11600058402475573,0.01489786429702203,0.01750645702700805
7100.0,319.4,2025-11-14 16:30:02,0,2026-08-21,6734.10986328125,1.1071428571428572,2608,0.045,out,6927.653529248406,0.01940662305231916,0.11653023193803809,0.01503421941505434,0.024573624250100574
6325.0,718.25,2025-09-22 14:37:52,0,2026-06-30,6734.10986328125,1.1111111111111112,2606,0.045,in,7003.483853168298,0.009700125086292609,0.043494461077651585,0.0021019646049281653,-0.10189768394324827
6600.0,621.1,2025-11-13 18:28:24,0,2026-08-21,6734.10986328125,1.1111111111111112,2608,0.045,in,6927.653529248406,0.01949802796998945,0.12675713906507582,0.017852635893292192,-0.04845151076478921
6725.0,547.98,2025-11-13 17:15:12,0,2026-08-21,6734.10986328125,1.1111111111111112,2608,0.045,in,6927.653529248406,0.01949802796998945,0.12841740589531397,0.018323366818757576,-0.02968923430926632
6825.0,487.94,2025-11-13 15:54:01,0,2026-08-21,6734.10986328125,1.1111111111111112,2608,0.045,out,6927.653529248406,0.01949802796998945,0.12735700966224986,0.01802200878901156,-0.014928818726145668
6850.0,448.3,2025-11-13 20:54:15,0,2026-08-21,6734.10986328125,1.1111111111111112,2608,0.045,out,6927.653529248406,0.01949802796998945,0.11771617624000154,0.015396775720630116,-0.011272507523035253
6925.0,422.35,2025-11-13 17:15:22,0,2026-08-21,6734.10986328125,1.1111111111111112,2608,0.045,out,6927.653529248406,0.01949802796998945,0.12288772579511838,0.016779325723440226,-0.0003831077237668746
7075.0,328.52,2025-11-13 18:29:31,0,2026-08-21,6734.10986328125,1.1111111111111112,2608,0.045,out,6927.653529248406,0.01949802796998945,0.11537971242289875,0.01479164226532313,0.021046283732132125
6200.0,990.19,2025-11-12 17:33:51,0,2026-08-21,6734.10986328125,1.1150793650793651,2608,0.045,in,6927.653529248406,0.0195887823188507,0.17099455226624158,0.03260395821519766,-0.11097186774612332
6475.0,793.87,2025-11-12 14:40:43,0,2026-08-21,6734.10986328125,1.1150793650793651,2608,0.045,in,6927.653529248406,0.0195887823188507,0.165377144246222,0.03049697442368665,-0.06757255221156769
6650.0,651.83,2025-11-12 19:59:36,0,2026-08-21,6734.10986328125,1.1150793650793651,2608,0.045,in,6927.653529248406,0.0195887823188507,0.15119954819338333,0.025492167651036478,-0.04090430512940634
6750.0,587.88,2025-11-12 18:56:27,0,2026-08-21,6734.10986328125,1.1150793650793651,2608,0.045,out,6927.653529248406,0.0195887823188507,0.14876812474935466,0.02467888626406553,-0.025978654912730634
7025.0,324.89,2025-11-12 16:33:21,0,2026-08-21,6734.10986328125,1.1150793650793651,2608,0.045,out,6927.653529248406,0.0195887823188507,0.10540175351746602,0.012388007262382626,0.013954055422640416
7125.0,360.54,2025-11-12 14:40:43,0,2026-08-21,6734.10986328125,1.1150793650793651,2608,0.045,out,6927.653529248406,0.0195887823188507,0.1340873105713702,0.020048465581785423,0.028088566357545093
6450.0,785.87,2025-11-11 17:46:25,0,2026-08-21,6734.10986328125,1.119047619047619,2608,0.045,in,6927.653529248406,0.01967889301984768,0.15446215173604894,0.02669886064261237,-0.07144102898948805
6900.0,483.3,2025-11-11 20:46:10,0,2026-08-21,6734.10986328125,1.119047619047619,2608,0.045,out,6927.653529248406,0.01967889301984768,0.1394125712783959,0.021749658486460224,-0.003999748193955407
5900.0,1200.6,2025-11-10 15:08:05,0,2026-08-21,6734.10986328125,1.123015873015873,2608,0.045,in,6927.653529248406,0.019768366896102636,0.16084564804145937,0.029053905816536496,-0.16056880888549538
6025.0,1099.53,2025-11-10 15:25:40,0,2026-08-21,6734.10986328125,1.123015873015873,2608,0.045,in,6927.653529248406,0.019768366896102636,0.15883692280605213,0.02833275617919961,-0.13960368042045038
6150.0,1008.73,2025-11-10 18:42:56,0,2026-08-21,6734.10986328125,1.123015873015873,2608,0.045,in,6927.653529248406,0.019768366896102636,0.16065347634224988,0.028984522489763912,-0.11906907797874264
6500.0,641.8,2025-11-10 14:42:59,0,2026-08-21,6734.10986328125,1.123015873015873,2608,0.045,in,6927.653529248406,0.019768366896102636,0.10343537276490875,0.0120150079521485,-0.06371898289557767
6525.0,732.2,2025-11-10 20:39:04,0,2026-08-21,6734.10986328125,1.123015873015873,2608,0.045,in,6927.653529248406,0.019768366896102636,0.15158414752264548,0.025804382221378187,-0.059880206588412074
6875.0,455.49,2025-11-10 15:54:26,0,2026-08-21,6734.10986328125,1.123015873015873,2608,0.045,out,6927.653529248406,0.019768366896102636,0.12401622258071121,0.01727201047651725,-0.00762951624453415
6250.0,823.34,2025-11-07 19:00:56,0,2026-08-21,6734.10986328125,1.1349206349206349,2608,0.045,in,6927.653529248406,0.020033034376213444,0.0909497703491358,0.009387905427763153,-0.10293969604885897
6325.0,770.03,2025-11-07 15:00:27,0,2026-08-21,6734.10986328125,1.1349206349206349,2608,0.045,in,6927.653529248406,0.020033034376213444,0.09767452661098999,0.010827498256042714,-0.09101112518358519
6700.0,578.32,2025-11-06 14:40:44,0,2026-08-21,6734.10986328125,1.1388888888888888,2608,0.045,in,6927.653529248406,0.020120027287794582,0.13089486963748112,0.01951311507760945,-0.033413633400248784
6125.0,1041.76,2025-10-31 17:19:39,0,2026-08-21,6734.10986328125,1.1626984126984128,2608,0.045,in,6927.653529248406,0.020629514783607666,0.16137735784470922,0.030279749706774703,-0.1231424033663785
6425.0,705.17,2025-10-31 14:09:16,0,2026-08-21,6734.10986328125,1.1626984126984128,2608,0.045,in,6927.653529248406,0.020629514783607666,0.10101476099124969,0.011864153602654585,-0.07532452901588559
6225.0,1004.89,2025-10-28 16:30:18,0,2026-08-21,6734.10986328125,1.1746031746031746,2608,0.045,in,6927.653529248406,0.020876512944584615,0.17633941016698504,0.03652497588531704,-0.10694771744639783
6275.0,826.9,2025-10-23 14:18:29,0,2026-08-21,6734.10986328125,1.1944444444444444,2608,0.045,in,6927.653529248406,0.021277235320920417,0.09677514679941737,0.011186484684336046,-0.09894767477932148
6075.0,1045.1,2025-11-14 19:25:42,0,2026-09-18,6734.10986328125,1.2182539682539681,2609,0.045,in,6997.171215567736,0.013544883909699497,0.13049171569623208,0.020744535613735324,-0.14132396609166523
6100.0,979.61,2025-11-14 15:01:45,0,2026-09-18,6734.10986328125,1.2182539682539681,2609,0.045,in,6997.171215567736,0.013544883909699497,0.09436848144906337,0.010849051425943177,-0.13721718413901182
6400.0,757.0,2025-11-14 15:25:04,0,2026-09-18,6734.10986328125,1.2182539682539681,2609,0.045,in,6997.171215567736,0.013544883909699497,0.10969073840264092,0.014658102516008718,-0.08920796495265124
6500.0,715.13,2025-11-14 18:23:57,0,2026-09-18,6734.10986328125,1.2182539682539681,2609,0.045,in,6997.171215567736,0.013544883909699497,0.12383002996726054,0.018680555677617623,-0.07370377841668596
6550.0,648.09,2025-11-14 15:14:53,0,2026-09-18,6734.10986328125,1.2182539682539681,2609,0.045,in,6997.171215567736,0.013544883909699497,0.10942891974441771,0.01458821175501617,-0.06604090567111676
6575.0,672.26,2025-11-14 19:44:21,0,2026-09-18,6734.10986328125,1.2182539682539681,2609,0.045,in,6997.171215567736,0.013544883909699497,0.12690719433215222,0.01962051128488256,-0.06223137725444908
6600.0,620.26,2025-11-14 15:07:03,0,2026-09-18,6734.10986328125,1.2182539682539681,2609,0.045,in,6997.171215567736,0.013544883909699497,0.11213154803549802,0.015317696856765952,-0.05843630628589749
6650.0,584.67,2025-11-14 14:53:51,0,2026-09-18,6734.10986328125,1.2182539682539681,2609,0.045,in,6997.171215567736,0.013544883909699497,0.1110578238417339,0.015025749811879804,-0.05088910065051462
6725.0,512.07,2025-11-14 14:32:21,0,2026-09-18,6734.10986328125,1.2182539682539681,2609,0.045,in,6997.171215567736,0.013544883909699497,0.10132626167787744,0.012507827265172237,-0.03967402983037453
6750.0,558.56,2025-11-14 17:26:05,0,2026-09-18,6734.10986328125,1.2182539682539681,2609,0.045,out,6997.171215567736,0.013544883909699497,0.12493742653789468,0.01901616543183703,-0.0359634504338389
6800.0,522.5,2025-11-14 19:24:04,0,2026-09-18,6734.10986328125,1.2182539682539681,2609,0.045,out,6997.171215567736,0.013544883909699497,0.12234876987252338,0.01823631348103628,-0.028583343136216386
6825.0,496.62,2025-11-14 16:14:06,0,2026-09-18,6734.10986328125,1.2182539682539681,2609,0.045,out,6997.171215567736,0.013544883909699497,0.11811522194421115,0.01699611165104599,-0.024913614247253878
6850.0,466.17,2025-11-14 15:34:57,0,2026-09-18,6734.10986328125,1.2182539682539681,2609,0.045,out,6997.171215567736,0.013544883909699497,0.11221756078747341,0.015341205362582218,-0.021257303044143406
6900.0,450.0,2025-11-14 19:24:49,0,2026-09-18,6734.10986328125,1.2182539682539681,2609,0.045,out,6997.171215567736,0.013544883909699497,0.11627934311707666,0.016471872580046922,-0.013984543715063672
6950.0,410.69,2025-11-14 15:37:33,0,2026-09-18,6734.10986328125,1.2182539682539681,2609,0.045,out,6997.171215567736,0.013544883909699497,0.1117891776500738,0.015224300847546375,-0.006764295741576647
6975.0,412.3,2025-11-14 18:30:52,0,2026-09-18,6734.10986328125,1.2182539682539681,2609,0.045,out,6997.171215567736,0.013544883909699497,0.11679835752687857,0.016619245597380164,-0.0031736276108479933
7000.0,391.66,2025-11-14 20:22:12,0,2026-09-18,6734.10986328125,1.2182539682539681,2609,0.045,out,6997.171215567736,0.013544883909699497,0.11401477538948937,0.015836532877716362,0.0004041937370358545
7025.0,389.2,2025-11-14 16:29:55,0,2026-09-18,6734.10986328125,1.2182539682539681,2609,0.045,out,6997.171215567736,0.013544883909699497,0.11738141413550372,0.01678558607153311,0.003969259901532213
7050.0,345.42,2025-11-14 14:53:51,0,2026-09-18,6734.10986328125,1.2182539682539681,2609,0.045,out,6997.171215567736,0.013544883909699497,0.10656828854286193,0.01383546681645669,0.007521661505900015
7075.0,358.92,2025-11-14 19:44:21,0,2026-09-18,6734.10986328125,1.2182539682539681,2609,0.045,out,6997.171215567736,0.013544883909699497,0.11516742080057416,0.016158353920055362,0.011061488211024031
7100.0,346.06,2025-11-14 16:32:50,0,2026-09-18,6734.10986328125,1.2182539682539681,2609,0.045,out,6997.171215567736,0.013544883909699497,0.11470942947179553,0.016030094188062158,0.014588828728992427
7125.0,309.41,2025-11-14 15:07:03,0,2026-09-18,6734.10986328125,1.2182539682539681,2609,0.045,out,6997.171215567736,0.013544883909699497,0.10613280697079035,0.013722623109754787,0.018103770836436894
6425.0,773.68,2025-11-13 20:43:48,0,2026-09-18,6734.10986328125,1.2222222222222223,2609,0.045,in,6997.171215567736,0.013647010909992686,0.12615525289725033,0.01945184735214012,-0.08530932453699382
6525.0,695.78,2025-11-13 18:40:37,0,2026-09-18,6734.10986328125,1.2222222222222223,2609,0.045,in,6997.171215567736,0.013647010909992686,0.1222739527697238,0.018273346087251015,-0.06986500210952029
6625.0,628.0,2025-11-13 20:03:51,0,2026-09-18,6734.10986328125,1.2222222222222223,2609,0.045,in,6997.171215567736,0.013647010909992686,0.12154807764501308,0.0180570318856866,-0.05465558344599147
6700.0,581.48,2025-11-13 18:57:16,0,2026-09-18,6734.10986328125,1.2222222222222223,2609,0.045,in,6997.171215567736,0.013647010909992686,0.12176624895670304,0.018121912581649295,-0.043398428921356945
6775.0,530.1,2025-11-13 20:30:14,0,2026-09-18,6734.10986328125,1.2222222222222223,2609,0.045,out,6997.171215567736,0.013647010909992686,0.11935860362795016,0.01741235987335059,-0.032266588552512784
6875.0,474.46,2025-11-13 19:35:23,0,2026-09-18,6734.10986328125,1.2222222222222223,2609,0.045,out,6997.171215567736,0.013647010909992686,0.11971227663643469,0.017515702328028994,-0.01761431176564236
6000.0,1185.1,2025-11-12 18:56:17,0,2026-09-18,6734.10986328125,1.2261904761904763,2609,0.045,in,6997.171215567736,0.013748476894102739,0.17743286572447792,0.03860344582663884,-0.1537464860902223
6025.0,1165.67,2025-11-12 17:42:02,0,2026-09-18,6734.10986328125,1.2261904761904763,2609,0.045,in,6997.171215567736,0.013748476894102739,0.17687181426003745,0.03835969980955513,-0.14958847594155864
6200.0,1026.64,2025-11-12 20:54:15,0,2026-09-18,6734.10986328125,1.2261904761904763,2609,0.045,in,6997.171215567736,0.013748476894102739,0.17001539530220602,0.03544332342733136,-0.12095666326723149
6225.0,1004.48,2025-11-12 17:43:10,0,2026-09-18,6734.10986328125,1.2261904761904763,2609,0.045,in,6997.171215567736,0.013748476894102739,0.16778784787763848,0.034520648514609335,-0.11693251296750608
6300.0,943.07,2025-11-12 20:18:31,0,2026-09-18,6734.10986328125,1.2261904761904763,2609,0.045,in,6997.171215567736,0.013748476894102739,0.1633028170996062,0.03269981473196126,-0.10495632192079032
6375.0,890.5,2025-11-12 18:17:45,0,2026-09-18,6734.10986328125,1.2261904761904763,2609,0.045,in,6997.171215567736,0.013748476894102739,0.16233522197035066,0.03231345954872371,-0.09312186427378755
6450.0,835.06,2025-11-12 18:55:48,0,2026-09-18,6734.10986328125,1.2261904761904763,2609,0.045,in,6997.171215567736,0.013748476894102739,0.15959763283597486,0.03123279349887148,-0.08142582451059621
6675.0,670.99,2025-11-12 18:17:45,0,2026-09-18,6734.10986328125,1.2261904761904763,2609,0.045,in,6997.171215567736,0.013748476894102739,0.1495429963370219,0.027421429745307358,-0.047136751031964186
6150.0,1029.42,2025-11-11 16:11:04,0,2026-09-18,6734.10986328125,1.2301587301587302,2609,0.045,in,6997.171215567736,0.013849288258960472,0.1529035761001524,0.028760500440899523,-0.1290538734998508
6350.0,886.29,2025-11-11 17:16:55,0,2026-09-18,6734.10986328125,1.2301587301587302,2609,0.045,in,6997.171215567736,0.013849288258960472,0.15253195521117321,0.02862086976892238,-0.09705114241367709
6925.0,499.93,2025-11-11 19:43:06,0,2026-09-18,6734.10986328125,1.2301587301587302,2609,0.045,out,6997.171215567736,0.013849288258960472,0.1370293720336723,0.02309875050786586,-0.010367903244875194
6325.0,887.04,2025-11-10 15:16:55,0,2026-09-18,6734.10986328125,1.2341269841269842,2609,0.045,in,6997.171215567736,0.01394945131922105,0.1443460804770406,0.025714011845893697,-0.10099592070469342
6475.0,713.84,2025-11-07 20:39:41,0,2026-09-18,6734.10986328125,1.246031746031746,2609,0.045,in,6997.171215567736,0.01424611261234951,0.11139516212034618,0.01546186108396396,-0.07755734773267592
5850.0,1259.96,2025-11-06 14:38:51,0,2026-09-18,6734.10986328125,1.25,2609,0.045,in,6997.171215567736,0.014343744000881734,0.14667612100642619,0.026892355591864724,-0.1790642940745123
6250.0,911.88,2025-11-06 15:15:45,0,2026-09-18,6734.10986328125,1.25,2609,0.045,in,6997.171215567736,0.014343744000881734,0.1267817044236399,0.020092000720703992,-0.11292449156996727
6275.0,939.7,2025-11-04 14:54:44,0,2026-09-18,6734.10986328125,1.257936507936508,2609,0.045,in,6997.171215567736,0.014537158865229483,0.14885012673425405,0.02787129441480439,-0.10893247030042973
6000.0,1117.56,2025-11-14 19:49:32,0,2026-09-30,6734.10986328125,1.2658730158730158,2609,0.045,in,6997.171215567736,0.014728148464820519,0.1287997962373849,0.02100005799977225,-0.1537464860902223
6025.0,1097.95,2025-11-14 19:49:32,0,2026-09-30,6734.10986328125,1.2658730158730158,2609,0.045,in,6997.171215567736,0.014728148464820519,0.1293756717032396,0.021188264098190294,-0.14958847594155864
6740.0,561.68,2025-11-14 18:40:22,0,2026-09-30,6734.10986328125,1.2658730158730158,2609,0.045,out,6997.171215567736,0.014728148464820519,0.11833497150380372,0.01772622931895685,-0.03744603039406171
6745.0,563.2,2025-11-14 16:20:12,0,2026-09-30,6734.10986328125,1.2658730158730158,2609,0.045,out,6997.171215567736,0.014728148464820519,0.12001698636431737,0.018233732413076603,-0.03670446565855811
6755.0,552.28,2025-11-14 18:40:22,0,2026-09-30,6734.10986328125,1.2658730158730158,2609,0.045,out,6997.171215567736,0.014728148464820519,0.11818862381319908,0.01768241152712566,-0.03522298390611523
6800.0,524.0,2025-11-14 15:59:09,0,2026-09-30,6734.10986328125,1.2658730158730158,2609,0.045,out,6997.171215567736,0.014728148464820519,0.11753970202169926,0.01748877188444684,-0.028583343136216386
7000.0,415.57,2025-11-14 20:06:23,0,2026-09-30,6734.10986328125,1.2658730158730158,2609,0.045,out,6997.171215567736,0.014728148464820519,0.11739249087460212,0.017444992124937258,0.0004041937370358545
6275.0,893.43,2025-11-13 19:21:14,0,2026-09-30,6734.10986328125,1.2698412698412698,2609,0.045,in,6997.171215567736,0.014822748000867955,0.1237709611026884,0.019453016904486607,-0.10893247030042973
6525.0,710.09,2025-11-13 18:42:35,0,2026-09-30,6734.10986328125,1.2698412698412698,2609,0.045,in,6997.171215567736,0.014822748000867955,0.12201302124790546,0.01890435219560867,-0.06986500210952029
6710.0,632.81,2025-11-13 15:22:15,0,2026-09-30,6734.10986328125,1.2698412698412698,2609,0.045,in,6997.171215567736,0.014822748000867955,0.13760461891868325,0.024044483997150527,-0.04190700433468688
6725.0,616.52,2025-11-13 14:41:15,0,2026-09-30,6734.10986328125,1.2698412698412698,2609,0.045,in,6997.171215567736,0.014822748000867955,0.1348539161284802,0.023092798343094818,-0.03967402983037453
6735.0,616.93,2025-11-13 15:09:45,0,2026-09-30,6734.10986328125,1.2698412698412698,2609,0.045,out,6997.171215567736,0.014822748000867955,0.13714086090122352,0.023882686639655537,-0.03818814545595002
6795.0,534.69,2025-11-13 18:45:09,0,2026-09-30,6734.10986328125,1.2698412698412698,2609,0.045,out,6997.171215567736,0.014822748000867955,0.11991621928013382,0.01826019002722684,-0.029318907715170317
6875.0,438.38,2025-11-13 14:51:01,0,2026-09-30,6734.10986328125,1.2698412698412698,2609,0.045,out,6997.171215567736,0.014822748000867955,0.10190031617522895,0.013185618332205239,-0.01761431176564236
6900.0,426.62,2025-11-13 18:41:12,0,2026-09-30,6734.10986328125,1.2698412698412698,2609,0.045,out,6997.171215567736,0.014822748000867955,0.10271364775768539,0.013396944045320469,-0.013984543715063672
6925.0,449.76,2025-11-13 18:41:12,0,2026-09-30,6734.10986328125,1.2698412698412698,2609,0.045,out,6997.171215567736,0.014822748000867955,0.11546363407817184,0.01692933434227043,-0.010367903244875194
7050.0,380.82,2025-11-13 19:50:01,0,2026-09-30,6734.10986328125,1.2698412698412698,2609,0.045,out,6997.171215567736,0.014822748000867955,0.11357039796001185,0.016378711482914875,0.007521661505900015
7125.0,354.31,2025-11-13 17:18:50,0,2026-09-30,6734.10986328125,1.2698412698412698,2609,0.045,out,6997.171215567736,0.014822748000867955,0.11635992371425263,0.01719318329750691,0.018103770836436894
7130.0,351.63,2025-11-13 17:16:00,0,2026-09-30,6734.10986328125,1.2698412698412698,2609,0.045,out,6997.171215567736,0.014822748000867955,0.11621526232382517,0.017150459932692697,0.018805279107927193
6125.0,1067.71,2025-10-31 17:19:39,0,2026-09-18,6734.10986328125,1.2738095238095237,2609,0.045,in,6997.171215567736,0.014916758131706374,0.15591504973261866,0.03096567610052821,-0.13312719888748673
6125.0,1096.87,2025-11-12 17:40:54,0,2026-09-30,6734.10986328125,1.2738095238095237,2609,0.045,in,6997.171215567736,0.014916758131706374,0.17057719999432008,0.037063502189232655,-0.13312719888748673
6500.0,806.14,2025-11-12 15:23:39,0,2026-09-30,6734.10986328125,1.2738095238095237,2609,0.045,in,6997.171215567736,0.014916758131706374,0.15423668727466674,0.03030259833400688,-0.07370377841668596
6575.0,756.41,2025-11-12 14:54:10,0,2026-09-30,6734.10986328125,1.2738095238095237,2609,0.045,in,6997.171215567736,0.014916758131706374,0.15308683765215395,0.02985246482464348,-0.06223137725444908
6645.0,705.05,2025-11-12 17:40:54,0,2026-09-30,6734.10986328125,1.2738095238095237,2609,0.045,in,6997.171215567736,0.014916758131706374,0.14965392438791578,0.028528616524563444,-0.05164126315306869
6775.0,614.41,2025-11-12 20:41:43,0,2026-09-30,6734.10986328125,1.2738095238095237,2609,0.045,out,6997.171215567736,0.014916758131706374,0.14398718096570345,0.026409011740740177,-0.032266588552512784
7120.0,401.13,2025-11-12 17:40:54,0,2026-09-30,6734.10986328125,1.2738095238095237,2609,0.045,out,6997.171215567736,0.014916758131706374,0.13073536998672,0.02177161732518344,0.017401770105607117
5250.0,1826.94,2025-10-30 18:25:06,0,2026-09-18,6734.10986328125,1.2777777777777777,2609,0.045,in,6997.171215567736,0.01501018434868865,0.19698132986670497,0.04957987884829331,-0.28727787871474497
6050.0,1131.2,2025-10-30 19:50:30,0,2026-09-18,6734.10986328125,1.2777777777777777,2609,0.045,in,6997.171215567736,0.01501018434868865,0.15931915378228034,0.0324333129735413,-0.14544768327552726
6825.0,578.17,2025-11-11 19:27:09,0,2026-09-30,6734.10986328125,1.2777777777777777,2609,0.045,out,6997.171215567736,0.01501018434868865,0.14048826300356176,0.02521943872002403,-0.024913614247253878
6850.0,453.08,2025-11-11 19:30:33,0,2026-09-30,6734.10986328125,1.2777777777777777,2609,0.045,out,6997.171215567736,0.01501018434868865,0.10119221309831557,0.013084270656105715,-0.021257303044143406
7040.0,439.34,2025-11-11 18:39:38,0,2026-09-30,6734.10986328125,1.2777777777777777,2609,0.045,out,6997.171215567736,0.01501018434868865,0.1307266790282385,0.02183653811246101,0.006102214851673639
7045.0,440.22,2025-11-11 19:26:25,0,2026-09-30,6734.10986328125,1.2777777777777777,2609,0.045,out,6997.171215567736,0.01501018434868865,0.1318146768552264,0.022201528210683247,0.006812190032366098
7100.0,384.31,2025-11-11 16:34:31,0,2026-09-30,6734.10986328125,1.2777777777777777,2609,0.045,out,6997.171215567736,0.01501018434868865,0.12177940384923022,0.01894972964683888,0.014588828728992427
6750.0,580.0,2025-11-10 15:55:26,0,2026-09-30,6734.10986328125,1.2817460317460319,2609,0.045,out,6997.171215567736,0.015103032075163302,0.12547592914239092,0.020180077144878007,-0.0359634504338389
6790.0,548.6,2025-11-10 16:26:02,0,2026-09-30,6734.10986328125,1.2817460317460319,2609,0.045,out,6997.171215567736,0.015103032075163302,0.12256321144966684,0.019254056661414307,-0.030055013747672544
6300.0,809.6,2025-11-07 16:53:06,0,2026-09-30,6734.10986328125,1.2936507936507937,2609,0.045,in,6997.171215567736,0.015378157546864252,0.07702387355137998,0.007674812434825496,-0.10495632192079032
6350.0,779.53,2025-11-07 15:07:25,0,2026-09-30,6734.10986328125,1.2936507936507937,2609,0.045,in,6997.171215567736,0.015378157546864252,0.08682360846353687,0.00975197821286204,-0.09705114241367709
6605.0,599.96,2025-11-07 15:46:08,0,2026-09-30,6734.10986328125,1.2936507936507937,2609,0.045,in,6997.171215567736,0.015378157546864252,0.09517419685384819,0.011718054148605815,-0.05767901734398876
6650.0,563.49,2025-11-07 16:49:51,0,2026-09-30,6734.10986328125,1.2936507936507937,2609,0.045,in,6997.171215567736,0.015378157546864252,0.09296643579613138,0.011180710984886537,-0.05088910065051462
6665.0,553.86,2025-11-07 16:49:51,0,2026-09-30,6734.10986328125,1.2936507936507937,2609,0.045,in,6997.171215567736,0.015378157546864252,0.0932458492562555,0.011248019918839783,-0.04863600168760532
6765.0,529.89,2025-11-07 20:15:04,0,2026-09-30,6734.10986328125,1.2936507936507937,2609,0.045,out,6997.171215567736,0.015378157546864252,0.10902317222070618,0.015376400708045388,-0.03374369369552603
6770.0,521.04,2025-11-07 20:24:04,0,2026-09-30,6734.10986328125,1.2936507936507937,2609,0.045,out,6997.171215567736,0.015378157546864252,0.10687504098125725,0.014776434323123038,-0.03300486839409371
6780.0,520.22,2025-11-07 20:51:06,0,2026-09-30,6734.10986328125,1.2936507936507937,2609,0.045,out,6997.171215567736,0.015378157546864252,0.10880454439274351,0.015314792916853464,-0.031528853365973115
6785.0,528.2,2025-11-07 21:06:28,0,2026-09-30,6734.10986328125,1.2936507936507937,2609,0.045,out,6997.171215567736,0.015378157546864252,0.11281056001493718,0.016463287773762304,-0.030791662031444903
6950.0,388.72,2025-11-07 15:46:08,0,2026-09-30,6734.10986328125,1.2936507936507937,2609,0.045,out,6997.171215567736,0.015378157546864252,0.09676542127051568,0.01211315968925905,-0.006764295741576647
6975.0,391.82,2025-11-07 19:35:17,0,2026-09-30,6734.10986328125,1.2936507936507937,2609,0.045,out,6997.171215567736,0.015378157546864252,0.10234915095495511,0.013551443161076435,-0.0031736276108479933
7010.0,358.39,2025-11-07 15:45:09,0,2026-09-30,6734.10986328125,1.2936507936507937,2609,0.045,out,6997.171215567736,0.015378157546864252,0.09720267555221054,0.012222878586705196,0.0018317457282213969
7015.0,355.67,2025-11-07 15:44:50,0,2026-09-30,6734.10986328125,1.2936507936507937,2609,0.045,out,6997.171215567736,0.015378157546864252,0.09714765261160946,0.012209044638850714,0.0025447582361468883
7020.0,360.33,2025-11-07 15:36:17,0,2026-09-30,6734.10986328125,1.2936507936507937,2609,0.045,out,6997.171215567736,0.015378157546864252,0.09955509838633127,0.012821654533318034,0.0032572627194423294
7030.0,343.9,2025-11-07 17:42:36,0,2026-09-30,6734.10986328125,1.2936507936507937,2609,0.045,out,6997.171215567736,0.015378157546864252,0.09575551230954564,0.011861636955866334,0.0046807505042962385
7055.0,334.62,2025-11-07 15:45:05,0,2026-09-30,6734.10986328125,1.2936507936507937,2609,0.045,out,6997.171215567736,0.015378157546864252,0.09680356702814313,0.012122711794187847,0.008230629986500008
7060.0,330.62,2025-11-07 17:33:37,0,2026-09-30,6734.10986328125,1.2936507936507937,2609,0.045,out,6997.171215567736,0.015378157546864252,0.09628963096523388,0.011994333048584216,0.008939096186873344
7070.0,321.18,2025-11-07 16:27:49,0,2026-09-30,6734.10986328125,1.2936507936507937,2609,0.045,out,6997.171215567736,0.015378157546864252,0.09477661253933922,0.011620355748908106,0.010354524590203926
7075.0,322.05,2025-11-07 16:03:20,0,2026-09-30,6734.10986328125,1.2936507936507937,2609,0.045,out,6997.171215567736,0.015378157546864252,0.09586246272217994,0.011888148545581732,0.011061488211024031
7080.0,320.97,2025-11-07 17:22:59,0,2026-09-30,6734.10986328125,1.2936507936507937,2609,0.045,out,6997.171215567736,0.015378157546864252,0.09629884618010015,0.011996628947824049,0.011767952387351056
6485.0,725.52,2025-11-06 16:49:55,0,2026-09-30,6734.10986328125,1.2976190476190477,2609,0.045,in,6997.171215567736,0.015468744221032865,0.11285380608585306,0.0165264522468917,-0.07601413754987014
6600.0,646.97,2025-11-06 16:44:13,0,2026-09-30,6734.10986328125,1.2976190476190477,2609,0.045,in,6997.171215567736,0.015468744221032865,0.11313471789922344,0.016608828797153793,-0.05843630628589749
6635.0,628.03,2025-11-06 16:26:03,0,2026-09-30,6734.10986328125,1.2976190476190477,2609,0.045,in,6997.171215567736,0.015468744221032865,0.11479441346734344,0.017099708959535033,-0.053147287534106524
6640.0,618.48,2025-11-06 16:49:02,0,2026-09-30,6734.10986328125,1.2976190476190477,2609,0.045,in,6997.171215567736,0.015468744221032865,0.11229074567002903,0.016361953099777317,-0.05239399182993492
6655.0,619.45,2025-11-06 16:30:03,0,2026-09-30,6734.10986328125,1.2976190476190477,2609,0.045,in,6997.171215567736,0.015468744221032865,0.11649562486998777,0.01761028734416109,-0.05013750347120237
6690.0,628.54,2025-11-06 14:47:21,0,2026-09-30,6734.10986328125,1.2976190476190477,2609,0.045,in,6997.171215567736,0.015468744221032865,0.12828363706425722,0.021354516401063256,-0.04489208117814025
6760.0,551.47,2025-11-06 15:56:41,0,2026-09-30,6734.10986328125,1.2976190476190477,2609,0.045,out,6997.171215567736,0.015468744221032865,0.11541736906569247,0.01728580273741718,-0.034483065263404625
7065.0,357.46,2025-11-06 16:57:19,0,2026-09-30,6734.10986328125,1.2976190476190477,2609,0.045,out,6997.171215567736,0.015468744221032865,0.1056121284643438,0.014473541226021753,0.009647060818213348
7105.0,347.88,2025-11-06 20:38:31,0,2026-09-30,6734.10986328125,1.2976190476190477,2609,0.045,out,6997.171215567736,0.015468744221032865,0.10867652586390372,0.015325643010111942,0.015292806230786602
7115.0,350.32,2025-11-06 15:04:21,0,2026-09-30,6734.10986328125,1.2976190476190477,2609,0.045,out,6997.171215567736,0.015468744221032865,0.11098861556283225,0.01598468492281434,0.01669927622353824
7135.0,328.02,2025-11-06 16:36:56,0,2026-09-30,6734.10986328125,1.2976190476190477,2609,0.045,out,6997.171215567736,0.015468744221032865,0.10665735757250587,0.014761444282786688,0.019506295610522313
5600.0,1470.13,2025-11-04 14:33:33,0,2026-09-30,6734.10986328125,1.3055555555555556,2609,0.045,in,6997.171215567736,0.015648265532759106,0.12661745808985117,0.02093064146048209,-0.22273935757717375
6400.0,848.86,2025-11-04 17:09:55,0,2026-09-30,6734.10986328125,1.3055555555555556,2609,0.045,in,6997.171215567736,0.015648265532759106,0.14022106797589814,0.02566976531950467,-0.08920796495265124
6585.0,711.02,2025-11-04 17:18:45,0,2026-09-30,6734.10986328125,1.3055555555555556,2609,0.045,in,6997.171215567736,0.015648265532759106,0.13385663097429482,0.02339241916172393,-0.06071162012303295
6610.0,690.64,2025-11-04 17:22:15,0,2026-09-30,6734.10986328125,1.3055555555555556,2609,0.045,in,6997.171215567736,0.015648265532759106,0.13208956324247573,0.02277887993685099,-0.05692230145468242
6700.0,635.13,2025-11-04 17:09:55,0,2026-09-30,6734.10986328125,1.3055555555555556,2609,0.045,in,6997.171215567736,0.015648265532759106,0.1320387720662139,0.022761365401428292,-0.043398428921356945
7085.0,386.3,2025-11-04 20:48:26,0,2026-09-30,6734.10986328125,1.3055555555555556,2609,0.045,out,6997.171215567736,0.015648265532759106,0.11750171250113615,0.018025351797580108,0.012473917824366373
6550.0,778.52,2025-11-03 20:49:08,0,2026-09-30,6734.10986328125,1.3095238095238095,2609,0.045,in,6997.171215567736,0.015737210182659837,0.15103693888621683,0.02987306261777462,-0.06604090567111676
6515.0,814.62,2025-10-31 19:48:13,0,2026-09-30,6734.10986328125,1.3214285714285714,2609,0.045,in,6997.171215567736,0.01600083891975299,0.1550080651693936,0.031750625353560075,-0.07139874474146886
6555.0,784.22,2025-10-31 19:49:11,0,2026-09-30,6734.10986328125,1.3214285714285714,2609,0.045,in,6997.171215567736,0.01600083891975299,0.15289865086335622,0.030892353754495592,-0.0652778381026142
6560.0,781.31,2025-10-31 19:48:46,0,2026-09-30,6734.10986328125,1.3214285714285714,2609,0.045,in,6997.171215567736,0.01600083891975299,0.1529677156434566,0.030920268395698704,-0.06451535236227973
6050.0,1197.52,2025-10-29 18:21:21,0,2026-09-30,6734.10986328125,1.3293650793650793,2609,0.045,in,6997.171215567736,0.016173968239635062,0.18447544543764588,0.04523987555458327,-0.14544768327552726
6075.0,1181.39,2025-10-29 14:46:24,0,2026-09-30,6734.10986328125,1.3293650793650793,2609,0.045,in,6997.171215567736,0.016173968239635062,0.1851776704736508,0.045584951706690795,-0.14132396609166523
6100.0,1163.05,2025-10-29 14:43:36,0,2026-09-30,6734.10986328125,1.3293650793650793,2609,0.045,in,6997.171215567736,0.016173968239635062,0.18476400990590494,0.045381518589010426,-0.13721718413901182
6150.0,1124.3,2025-10-29 14:43:13,0,2026-09-30,6734.10986328125,1.3293650793650793,2609,0.045,in,6997.171215567736,0.016173968239635062,0.18284099089634515,0.04444177525359412,-0.1290538734998508
6325.0,835.82,2025-11-14 15:12:54,0,2026-10-16,6734.10986328125,1.3293650793650793,2610,0.045,in,6951.279430881463,0.021123866512151434,0.10329195867148731,0.014183300092358735,-0.09441569879480072
6475.0,763.5,2025-11-14 15:48:13,0,2026-10-16,6734.10986328125,1.3293650793650793,2610,0.045,in,6951.279430881463,0.021123866512151434,0.12230494508288041,0.01988530699693786,-0.07097712582278319
6500.0,745.64,2025-11-14 15:52:51,0,2026-10-16,6734.10986328125,1.3293650793650793,2610,0.045,in,6951.279430881463,0.021123866512151434,0.12203737795644938,0.01979839580235146,-0.06712355650679319
6625.0,757.49,2025-10-29 18:09:24,0,2026-09-30,6734.10986328125,1.3293650793650793,2609,0.045,in,6997.171215567736,0.016173968239635062,0.15776484127980653,0.03308755802878672,-0.05465558344599147
6625.0,625.82,2025-11-14 15:12:54,0,2026-10-16,6734.10986328125,1.3293650793650793,2610,0.045,in,6951.279430881463,0.021123866512151434,0.10741111620681278,0.015337081513515085,-0.04807536153609873
6675.0,608.2,2025-11-14 15:34:49,0,2026-10-16,6734.10986328125,1.3293650793650793,2610,0.045,in,6951.279430881463,0.021123866512151434,0.11334257345600063,0.01707774028097492,-0.04055652912207137
6700.0,600.24,2025-11-14 16:08:15,0,2026-10-16,6734.10986328125,1.3293650793650793,2610,0.045,in,6951.279430881463,0.021123866512151434,0.11630704306995082,0.017982757816155784,-0.036818207011464314
6725.0,595.49,2025-11-14 18:17:26,0,2026-10-16,6734.10986328125,1.3293650793650793,2610,0.045,in,6951.279430881463,0.021123866512151434,0.12025871770186437,0.01922548939049364,-0.03309380792048187
6750.0,584.0,2025-11-14 18:17:26,0,2026-10-16,6734.10986328125,1.3293650793650793,2610,0.045,out,6951.279430881463,0.021123866512151434,0.12155718254628291,0.019642895994356212,-0.029383228523946196
6775.0,563.0,2025-11-14 18:54:22,0,2026-10-16,6734.10986328125,1.3293650793650793,2610,0.045,out,6951.279430881463,0.021123866512151434,0.11933199335301717,0.01893032441903777,-0.025686366642620036
6800.0,550.18,2025-11-14 18:30:48,0,2026-10-16,6734.10986328125,1.3293650793650793,2610,0.045,out,6951.279430881463,0.021123866512151434,0.11997272840622175,0.019134157194496314,-0.022003121226323596
6950.0,419.4,2025-11-14 14:40:42,0,2026-10-16,6734.10986328125,1.3293650793650793,2610,0.045,out,6951.279430881463,0.021123866512151434,0.10377458315349727,0.01431615070003377,-0.00018407383168384447
7000.0,428.77,2025-11-14 19:00:00,0,2026-10-16,6734.10986328125,1.3293650793650793,2610,0.045,out,6951.279430881463,0.021123866512151434,0.1155959817017425,0.017763549127668695,0.006984415646928735
7025.0,419.6,2025-11-14 20:01:27,0,2026-10-16,6734.10986328125,1.3293650793650793,2610,0.045,out,6951.279430881463,0.021123866512151434,0.11669514806618976,0.018102971389022355,0.010549481811424802
7075.0,357.27,2025-11-14 15:12:54,0,2026-10-16,6734.10986328125,1.3293650793650793,2610,0.045,out,6951.279430881463,0.021123866512151434,0.10426575646599001,0.014451990358838972,0.017641710120916698
7100.0,366.28,2025-11-14 14:58:40,0,2026-10-16,6734.10986328125,1.3293650793650793,2610,0.045,out,6951.279430881463,0.021123866512151434,0.11105921899601867,0.01639658845849955,0.021169050638885023
5500.0,1649.86,2025-10-28 17:30:20,0,2026-09-30,6734.10986328125,1.3333333333333333,2609,0.045,in,6997.171215567736,0.016259760000826625,0.20608385768400878,0.05662740853056371,-0.2407578630798521
6275.0,910.78,2025-11-13 19:21:14,0,2026-10-16,6734.10986328125,1.3333333333333333,2610,0.045,in,6951.279430881463,0.021194926433246223,0.12278115435786384,0.020100282487266113,-0.10235224839053711
6405.0,919.35,2025-10-28 19:12:11,0,2026-09-30,6734.10986328125,1.3333333333333333,2609,0.045,in,6997.171215567736,0.016259760000826625,0.1672110184596738,0.037279366259095156,-0.08842701996957977
6375.0,885.13,2025-11-13 14:52:22,0,2026-10-16,6734.10986328125,1.3333333333333333,2610,0.045,in,6951.279430881463,0.021194926433246223,0.144669370725043,0.02790563576797323,-0.08654164236389476
6480.0,856.06,2025-10-28 20:03:26,0,2026-09-30,6734.10986328125,1.3333333333333333,2609,0.045,in,6997.171215567736,0.016259760000826625,0.16103019068954585,0.034574296418015335,-0.07678544495409409
6615.0,756.94,2025-10-28 18:00:33,0,2026-09-30,6734.10986328125,1.3333333333333333,2609,0.045,in,6997.171215567736,0.016259760000826625,0.15487518548850857,0.03198176410679991,-0.05616615775135838
6575.0,695.73,2025-11-13 18:46:57,0,2026-10-16,6734.10986328125,1.3333333333333333,2610,0.045,in,6951.279430881463,0.021194926433246223,0.12175891740563868,0.019766978623724188,-0.05565115534455643
6620.0,756.07,2025-10-28 18:34:24,0,2026-09-30,6734.10986328125,1.3333333333333333,2609,0.045,in,6997.171215567736,0.016259760000826625,0.15565651937281083,0.03230526936434431,-0.05541058536936048
6660.0,727.93,2025-10-28 18:47:41,0,2026-09-30,6734.10986328125,1.3333333333333333,2609,0.045,in,6997.171215567736,0.016259760000826625,0.15400725050961603,0.031624310946042164,-0.04938647076597961
6670.0,700.54,2025-10-28 15:26:33,0,2026-09-30,6734.10986328125,1.3333333333333333,2609,0.045,in,6997.171215567736,0.016259760000826625,0.14618232175310036,0.028492361590835947,-0.04788609539074501
6675.0,696.85,2025-10-28 15:26:33,0,2026-09-30,6734.10986328125,1.3333333333333333,2609,0.045,in,6997.171215567736,0.016259760000826625,0.1459149499403267,0.02838823015478406,-0.047136751031964186
6825.0,531.65,2025-11-13 19:40:35,0,2026-10-16,6734.10986328125,1.3333333333333333,2610,0.045,out,6951.279430881463,0.021194926433246223,0.11809235061979015,0.018594404366543266,-0.018333392337361164
6850.0,526.86,2025-11-13 18:09:07,0,2026-10-16,6734.10986328125,1.3333333333333333,2610,0.045,out,6951.279430881463,0.021194926433246223,0.12134828598464883,0.019633875348549493,-0.014677081134250765
6875.0,505.96,2025-11-13 19:35:23,0,2026-10-16,6734.10986328125,1.3333333333333333,2610,0.045,out,6951.279430881463,0.021194926433246223,0.11893078178810546,0.018859374475639942,-0.011034089855749676
6900.0,506.0,2025-11-13 15:49:01,0,2026-10-16,6734.10986328125,1.3333333333333333,2610,0.045,out,6951.279430881463,0.021194926433246223,0.12359206204434214,0.020366663733830025,-0.007404321805170948
7050.0,363.87,2025-11-13 20:43:43,0,2026-10-16,6734.10986328125,1.3333333333333333,2610,0.045,out,6951.279430881463,0.021194926433246223,0.10208528961905042,0.01389520847547387,0.014101883415792533
6000.0,1202.83,2025-11-12 16:42:02,0,2026-10-16,6734.10986328125,1.3373015873015872,2610,0.045,in,6951.279430881463,0.02126556463374104,0.16754775264933547,0.03754106370560737,-0.1471662641803297
6150.0,1087.34,2025-11-12 19:24:50,0,2026-10-16,6734.10986328125,1.3373015873015872,2610,0.045,in,6951.279430881463,0.02126556463374104,0.1644727772842369,0.03617573903007101,-0.12247365158995817
6175.0,1081.8,2025-11-12 14:43:47,0,2026-10-16,6734.10986328125,1.3373015873015872,2610,0.045,in,6951.279430881463,0.02126556463374104,0.1701426393435162,0.03871289870069892,-0.11841685089434376
6200.0,1048.26,2025-11-12 19:21:13,0,2026-10-16,6734.10986328125,1.3373015873015872,2610,0.045,in,6951.279430881463,0.02126556463374104,0.16274921010114102,0.03542151553944357,-0.11437644135733877
6300.0,974.51,2025-11-12 18:13:14,0,2026-10-16,6734.10986328125,1.3373015873015872,2610,0.045,in,6951.279430881463,0.02126556463374104,0.16069837546579038,0.03453443323279752,-0.09837610001089767
6350.0,940.63,2025-11-12 18:19:47,0,2026-10-16,6734.10986328125,1.3373015873015872,2610,0.045,in,6951.279430881463,0.02126556463374104,0.16060726807285416,0.03449528597613984,-0.09047092050378434
6450.0,858.39,2025-11-12 19:59:47,0,2026-10-16,6734.10986328125,1.3373015873015872,2610,0.045,in,6951.279430881463,0.02126556463374104,0.15382167644752123,0.03164203747979139,-0.07484560260070354
6525.0,804.8,2025-11-12 20:18:31,0,2026-10-16,6734.10986328125,1.3373015873015872,2610,0.045,in,6951.279430881463,0.02126556463374104,0.15158100708844283,0.03072691339782535,-0.0632847801996275
6550.0,785.83,2025-11-12 19:24:50,0,2026-10-16,6734.10986328125,1.3373015873015872,2610,0.045,in,6951.279430881463,0.02126556463374104,0.15030533027251036,0.030211905983756653,-0.059460683761224147
6600.0,754.9,2025-11-12 20:45:31,0,2026-10-16,6734.10986328125,1.3373015873015872,2610,0.045,in,6951.279430881463,0.02126556463374104,0.15025768062728875,0.030192753523749626,-0.051856084376004793
6680.0,677.38,2025-10-27 18:06:19,0,2026-09-30,6734.10986328125,1.3373015873015872,2609,0.045,in,6997.171215567736,0.016345042612100135,0.13942714853742907,0.02599704891074123,-0.04638796776972299
6650.0,721.46,2025-11-12 18:19:47,0,2026-10-16,6734.10986328125,1.3373015873015872,2610,0.045,in,6951.279430881463,0.02126556463374104,0.14901422944972567,0.029695103472035633,-0.044308878740621845
7025.0,448.7,2025-10-27 18:02:08,0,2026-09-30,6734.10986328125,1.3373015873015872,2609,0.045,out,6997.171215567736,0.016345042612100135,0.1254926456902755,0.021060365830278854,0.003969259901532213
6100.0,1108.64,2025-11-10 19:44:21,0,2026-10-16,6734.10986328125,1.3452380952380953,2610,0.045,in,6951.279430881463,0.021405590801093603,0.15577304288213262,0.032642526433687334,-0.13063696222911902
6125.0,1056.63,2025-11-10 17:17:31,0,2026-10-16,6734.10986328125,1.3452380952380953,2610,0.045,in,6951.279430881463,0.021405590801093603,0.13803167063325983,0.02563047448871888,-0.126546976977594
7125.0,401.88,2025-11-10 20:10:16,0,2026-10-16,6734.10986328125,1.3452380952380953,2610,0.045,out,6951.279430881463,0.021405590801093603,0.12485630581994712,0.02097104729332703,0.02468399274632964
6250.0,910.6,2025-10-23 19:04:51,0,2026-09-30,6734.10986328125,1.3531746031746033,2609,0.045,in,6997.171215567736,0.01668117114450952,0.10845528271414698,0.015916781693946398,-0.11292449156996727
6225.0,891.12,2025-11-07 15:39:55,0,2026-10-16,6734.10986328125,1.3571428571428572,2610,0.045,in,6951.279430881463,0.021612559302838397,0.07552989065358759,0.007742180232908219,-0.1103522910576133
6925.0,424.84,2025-11-07 18:15:11,0,2026-10-16,6734.10986328125,1.3571428571428572,2610,0.045,out,6951.279430881463,0.021612559302838397,0.0983449215515758,0.013125910593194743,-0.0037876813349824305
6975.0,420.0,2025-11-07 19:50:51,0,2026-10-16,6734.10986328125,1.3571428571428572,2610,0.045,out,6951.279430881463,0.021612559302838397,0.10578764480404469,0.015187820719324839,0.003406594299044626
6250.0,933.76,2025-11-06 15:38:09,0,2026-10-16,6734.10986328125,1.3611111111111112,2610,0.045,in,6951.279430881463,0.021680744261139157,0.12045013527339588,0.019747319980044135,-0.10634426966007446
5950.0,1221.7,2025-11-05 17:14:16,0,2026-10-16,6734.10986328125,1.3650793650793651,2610,0.045,in,6951.279430881463,0.02174853279526375,0.15179938144281208,0.03145559507543096,-0.1555345138508462
6730.0,545.22,2025-10-20 14:00:29,0,2026-09-30,6734.10986328125,1.3650793650793651,2609,0.045,in,6997.171215567736,0.016928137675226006,0.09869315391341642,0.013296335271848382,-0.03893081166164095
5800.0,1319.51,2025-11-04 09:30:07,0,2026-10-16,6734.10986328125,1.369047619047619,2610,0.045,in,6951.279430881463,0.02181592835237893,0.1337326178001384,0.024484613122892355,-0.18106781585601095
6400.0,865.23,2025-11-04 17:10:43,0,2026-10-16,6734.10986328125,1.369047619047619,2610,0.045,in,6951.279430881463,0.02181592835237893,0.1385675627322761,0.026287041497378292,-0.08262774304275854
6425.0,885.61,2025-11-03 16:05:29,0,2026-10-16,6734.10986328125,1.373015873015873,2610,0.045,in,6951.279430881463,0.0218829343397998,0.1534863882805623,0.0323456059525571,-0.07872910262710119
6685.0,551.94,2025-10-17 18:01:35,0,2026-09-30,6734.10986328125,1.376984126984127,2609,0.045,in,6997.171215567736,0.017170833891290333,0.08818961753884655,0.010709368248618518,-0.045639744764370896
6695.0,549.93,2025-10-17 18:10:55,0,2026-09-30,6734.10986328125,1.376984126984127,2609,0.045,in,6997.171215567736,0.017170833891290333,0.09015313507975109,0.011191559342673105,-0.044144976175141556
6705.0,548.62,2025-10-17 18:23:26,0,2026-09-30,6734.10986328125,1.376984126984127,2609,0.045,in,6997.171215567736,0.017170833891290333,0.09232142521933057,0.011736373838973694,-0.04265243858463552
6715.0,539.87,2025-10-17 18:35:19,0,2026-09-30,6734.10986328125,1.376984126984127,2609,0.045,in,6997.171215567736,0.017170833891290333,0.09150208163659293,0.01152897991074965,-0.04116212534307646
6720.0,536.15,2025-10-17 18:46:43,0,2026-09-30,6734.10986328125,1.376984126984127,2609,0.045,in,6997.171215567736,0.017170833891290333,0.09134741193957895,0.011490037042922691,-0.04041780078321923
6520.0,653.1,2025-10-16 18:05:15,0,2026-09-30,6734.10986328125,1.380952380952381,2609,0.045,in,6997.171215567736,0.017250802759418808,0.07794850875938464,0.008390625262692573,-0.07063157937971577
6510.0,651.95,2025-10-13 13:49:18,0,2026-09-30,6734.10986328125,1.3928571428571428,2609,0.045,in,6997.171215567736,0.01748797538540668,0.07040749835491601,0.00690469346997509,-0.07216649909779949
7110.0,295.91,2025-10-13 13:49:18,0,2026-09-30,6734.10986328125,1.3928571428571428,2609,0.045,out,6997.171215567736,0.01748797538540668,0.0845779772242249,0.009963711965082812,0.015996288496872103
6050.0,1169.15,2025-10-27 16:17:10,0,2026-10-16,6734.10986328125,1.4007936507936507,2610,0.045,in,6951.279430881463,0.02234134640671595,0.1588825266133179,0.03536115481686579,-0.13886746136563455
6200.0,954.03,2025-10-09 20:02:53,0,2026-09-30,6734.10986328125,1.4087301587301588,2609,0.045,in,6997.171215567736,0.0177979700289514,0.09998179682661916,0.014082173382226866,-0.12095666326723149
6540.0,698.74,2025-10-08 13:48:04,0,2026-09-30,6734.10986328125,1.4126984126984128,2609,0.045,in,6997.171215567736,0.017874380225499288,0.10306350190052446,0.015005803218030914,-0.06756878984916999
6360.0,839.73,2025-10-06 19:58:17,0,2026-09-30,6734.10986328125,1.4206349206349207,2609,0.045,in,6997.171215567736,0.018025920000775828,0.1058272652772992,0.015910273044578274,-0.09547757796624658
6365.0,835.88,2025-10-06 19:58:17,0,2026-09-30,6734.10986328125,1.4206349206349207,2609,0.045,in,6997.171215567736,0.018025920000775828,0.10581116851531902,0.01590543337683592,-0.09469172330890757
7005.0,405.34,2025-10-06 20:08:00,0,2026-09-30,6734.10986328125,1.4206349206349207,2609,0.045,out,6997.171215567736,0.018025920000775828,0.10035363900507145,0.014307005255708535,0.0011182244706930483
6375.0,781.08,2025-10-01 15:04:18,0,2026-09-30,6734.10986328125,1.4404761904761905,2609,0.045,in,6997.171215567736,0.018397463802418034,0.072892574600004,0.007653721657736608,-0.09312186427378755
