strike,lastPrice,lastTradeDate,CP,exp,S0,ttm,exp_month,r,in_out,F,q,imp_vol,w,y
5100.0,1549.65,2025-11-19 20:45:41,0,2025-11-21,6642.16015625,0.003968253968253968,2511,0.045,in,6730.533831800775,-3.2857410556336752,2.101371324749675,0.017522862874921444,-0.277413921999135
5500.0,1144.34,2025-11-19 20:51:15,0,2025-11-21,6642.16015625,0.003968253968253968,2511,0.045,in,6730.533831800775,-3.2857410556336752,1.2377625532447885,0.006079587850059753,-0.20190636949098986
5520.0,1161.41,2025-11-19 15:25:12,0,2025-11-21,6642.16015625,0.003968253968253968,2511,0.045,in,6730.533831800775,-3.2857410556336752,2.2473956944776377,0.02004280717284374,-0.1982766014404111
5530.0,1114.54,2025-11-19 20:51:15,0,2025-11-21,6642.16015625,0.003968253968253968,2511,0.045,in,6730.533831800775,-3.2857410556336752,1.2283088187343476,0.005987073627700667,-0.19646664619517165
5550.0,1105.02,2025-11-19 15:55:19,0,2025-11-21,6642.16015625,0.003968253968253968,2511,0.045,in,6730.533831800775,-3.2857410556336752,1.6829429575097739,0.011239273802506921,-0.192856533971072
5575.0,1107.11,2025-11-19 15:25:12,0,2025-11-21,6642.16015625,0.003968253968253968,2511,0.045,in,6730.533831800775,-3.2857410556336752,2.1658742735643304,0.018615124479713554,-0.18836214438323265
5700.0,961.27,2025-11-19 20:39:36,0,2025-11-21,6642.16015625,0.003968253968253968,2511,0.045,in,6730.533831800775,-3.2857410556336752,1.6147687120219638,0.01034713489414711,-0.16618828688891063
5710.0,934.0,2025-11-19 20:58:53,0,2025-11-21,6642.16015625,0.003968253968253968,2511,0.045,in,6730.533831800775,-3.2857410556336752,0.9717540827944668,0.003747246021538553,-0.16443543806149627
5760.0,884.31,2025-11-19 20:58:53,0,2025-11-21,6642.16015625,0.003968253968253968,2511,0.045,in,6730.533831800775,-3.2857410556336752,0.9571032664132181,0.003635105803884331,-0.15571698702161518
5900.0,757.15,2025-11-19 20:37:13,0,2025-11-21,6642.16015625,0.003968253968253968,2511,0.045,in,6730.533831800775,-3.2857410556336752,1.2445776366102672,0.00614672021250158,-0.13170211081774133
6100.0,549.65,2025-11-19 14:45:34,0,2025-11-21,6642.16015625,0.003968253968253968,2511,0.045,in,6730.533831800775,-3.2857410556336752,0.8112499179699496,0.0026116128151041666,-0.09836569055014953
6290.0,363.63,2025-11-19 15:56:20,0,2025-11-21,6642.16015625,0.003968253968253968,2511,0.045,in,6730.533831800775,-3.2857410556336752,0.6372309750427254,0.001611362363309137,-0.06769339101706591
6300.0,353.38,2025-11-19 20:43:32,0,2025-11-21,6642.16015625,0.003968253968253968,2511,0.045,in,6730.533831800775,-3.2857410556336752,0.6193445694425633,0.0015221733956269608,-0.0661048283319281
6305.0,348.51,2025-11-19 20:43:32,0,2025-11-21,6642.16015625,0.003968253968253968,2511,0.045,in,6730.533831800775,-3.2857410556336752,0.6143396653145395,0.0014976715253126208,-0.06531149231253223
6330.0,325.31,2025-11-19 20:35:30,0,2025-11-21,6642.16015625,0.003968253968253968,2511,0.045,in,6730.533831800775,-3.2857410556336752,0.604688306399648,0.0014509839202241053,-0.06135422557333027
6360.0,295.96,2025-11-19 20:35:30,0,2025-11-21,6642.16015625,0.003968253968253968,2511,0.045,in,6730.533831800775,-3.2857410556336752,0.5692692942646154,0.0012859822594941796,-0.056626084377384305
6370.0,279.09,2025-11-19 20:59:44,0,2025-11-21,6642.16015625,0.003968253968253968,2511,0.045,in,6730.533831800775,-3.2857410556336752,0.4530307675896841,0.0008144320491384855,-0.05505499214534314
6390.0,265.69,2025-11-19 15:56:20,0,2025-11-21,6642.16015625,0.003968253968253968,2511,0.045,in,6730.533831800775,-3.2857410556336752,0.521171712602411,0.0010778569603846432,-0.05192019333997163
6395.0,264.3,2025-11-19 20:36:18,0,2025-11-21,6642.16015625,0.003968253968253968,2511,0.045,in,6730.533831800775,-3.2857410556336752,0.5555057303420574,0.0012245500652494547,-0.05113802669860907
6400.0,248.78,2025-11-19 21:06:30,0,2025-11-21,6642.16015625,0.003968253968253968,2511,0.045,in,6730.533831800775,-3.2857410556336752,0.4080608114609402,0.0006607683565482579,-0.05035647136378893
6420.0,267.36,2025-11-19 15:07:46,0,2025-11-21,6642.16015625,0.003968253968253968,2511,0.045,in,6730.533831800775,-3.2857410556336752,0.763675533164108,0.002314286983942399,-0.04723634402754525
6425.0,218.44,2025-11-19 16:24:39,0,2025-11-21,6642.16015625,0.003968253968253968,2511,0.045,in,6730.533831800775,-3.2857410556336752,0.2057344912063891,0.00016796301933314203,-0.04645783094813158
6440.0,248.26,2025-11-19 15:07:46,0,2025-11-21,6642.16015625,0.003968253968253968,2511,0.045,in,6730.533831800775,-3.2857410556336752,0.731650761036693,0.0021242572862125875,-0.04412592161315288
6465.0,216.08,2025-11-19 15:43:49,0,2025-11-21,6642.16015625,0.003968253968253968,2511,0.045,in,6730.533831800775,-3.2857410556336752,0.6277474696907868,0.0015637574829491477,-0.0402514495055943
6470.0,223.5,2025-11-19 15:15:06,0,2025-11-21,6642.16015625,0.003968253968253968,2511,0.045,in,6730.533831800775,-3.2857410556336752,0.7101840324824469,0.002001433968226306,-0.03947835321660592
6490.0,163.93,2025-11-19 21:09:09,0,2025-11-21,6642.16015625,0.003968253968253968,2511,0.045,in,6730.533831800775,-3.2857410556336752,0.3484168008884572,0.00048172328230693194,-0.036391931013416444
6510.0,159.4,2025-11-19 14:51:28,0,2025-11-21,6642.16015625,0.003968253968253968,2511,0.045,in,6730.533831800775,-3.2857410556336752,0.45101824556415365,0.0008072121342530444,-0.03331500550893726
6520.0,125.0,2025-11-19 18:29:47,0,2025-11-21,6642.16015625,0.003968253968253968,2511,0.045,in,6730.533831800775,-3.2857410556336752,0.18338205315693612,0.00013344832309544977,-0.03178008579085347
6525.0,139.11,2025-11-19 20:49:04,0,2025-11-21,6642.16015625,0.003968253968253968,2511,0.045,in,6730.533831800775,-3.2857410556336752,0.3811931238198503,0.0005766198319346656,-0.03101350852065797
6530.0,162.42,2025-11-19 15:38:25,0,2025-11-21,6642.16015625,0.003968253968253968,2511,0.045,in,6730.533831800775,-3.2857410556336752,0.575400056146704,0.001313830256403294,-0.0302475184410754
6535.0,116.1,2025-11-19 17:04:02,0,2025-11-21,6642.16015625,0.003968253968253968,2511,0.045,in,6730.533831800775,-3.2857410556336752,0.2482388964188229,0.000244533927362044,-0.02948211465322984
6550.0,112.41,2025-11-19 19:57:00,0,2025-11-21,6642.16015625,0.003968253968253968,2511,0.045,in,6730.533831800775,-3.2857410556336752,0.3211492669967681,0.0004092732210022279,-0.027189412082254498
6555.0,110.54,2025-11-19 18:41:48,0,2025-11-21,6642.16015625,0.003968253968253968,2511,0.045,in,6730.533831800775,-3.2857410556336752,0.3350828901571631,0.0004455577114130056,-0.0264263445137519
6560.0,109.1,2025-11-19 20:14:38,0,2025-11-21,6642.16015625,0.003968253968253968,2511,0.045,in,6730.533831800775,-3.2857410556336752,0.3507992398160772,0.0004883337565695937,-0.025663858773417408
6565.0,118.55,2025-11-19 20:20:37,0,2025-11-21,6642.16015625,0.003968253968253968,2511,0.045,in,6730.533831800775,-3.2857410556336752,0.4385851559320487,0.0007633211865235693,-0.02490195397465559
6570.0,88.5,2025-11-19 20:02:42,0,2025-11-21,6642.16015625,0.003968253968253968,2511,0.045,in,6730.533831800775,-3.2857410556336752,0.253296774564668,0.0002546002222415247,-0.024140629232895974
6575.0,106.35,2025-11-19 20:34:36,0,2025-11-21,6642.16015625,0.003968253968253968,2511,0.045,in,6730.533831800775,-3.2857410556336752,0.4015852380897645,0.0006399631089349715,-0.023379883665586885
6580.0,71.9,2025-11-19 19:26:49,0,2025-11-21,6642.16015625,0.003968253968253968,2511,0.045,in,6730.533831800775,-3.2857410556336752,0.18211852646464258,0.00013161570508592348,-0.022619716392189203
6585.0,89.8,2025-11-19 20:24:08,0,2025-11-21,6642.16015625,0.003968253968253968,2511,0.045,in,6730.533831800775,-3.2857410556336752,0.33608133335865253,0.000448216915206864,-0.02186012653417069
6590.0,86.95,2025-11-19 20:56:40,0,2025-11-21,6642.16015625,0.003968253968253968,2511,0.045,in,6730.533831800775,-3.2857410556336752,0.33869693557167446,0.000455220691133504,-0.02110111321499922
6595.0,81.76,2025-11-19 21:03:07,0,2025-11-21,6642.16015625,0.003968253968253968,2511,0.045,in,6730.533831800775,-3.2857410556336752,0.3258678218940698,0.0004213882434364492,-0.020342675560137167
6605.0,79.85,2025-11-19 21:14:27,0,2025-11-21,6642.16015625,0.003968253968253968,2511,0.045,in,6730.533831800775,-3.2857410556336752,0.3526749144193726,0.000493569822463142,-0.01882752375512648
6615.0,72.52,2025-11-19 21:04:31,0,2025-11-21,6642.16015625,0.003968253968253968,2511,0.045,in,6730.533831800775,-3.2857410556336752,0.3436278851647129,0.0004685719185030678,-0.017314664162496038
6630.0,64.5,2025-11-19 21:13:09,0,2025-11-21,6642.16015625,0.003968253968253968,2511,0.045,in,6730.533831800775,-3.2857410556336752,0.3453135248343145,0.0004731802794980108,-0.015049657531643956
6635.0,53.9,2025-11-19 20:59:07,0,2025-11-21,6642.16015625,0.003968253968253968,2511,0.045,in,6730.533831800775,-3.2857410556336752,0.29742755130937854,0.0003510442391979881,-0.01429579394524428
6645.0,55.0,2025-11-19 21:04:46,0,2025-11-21,6642.16015625,0.003968253968253968,2511,0.045,out,6730.533831800775,-3.2857410556336752,0.3343845961639761,0.0004437026117132753,-0.01278976956420638
6650.0,53.3,2025-11-19 21:14:03,0,2025-11-21,6642.16015625,0.003968253968253968,2511,0.045,out,6730.533831800775,-3.2857410556336752,0.33869722069041874,0.000455221457553231,-0.01203760706165228
6655.0,44.6,2025-11-19 21:14:09,0,2025-11-21,6642.16015625,0.003968253968253968,2511,0.045,out,6730.533831800775,-3.2857410556336752,0.3005409192620424,0.00035843192123362496,-0.011286009882340112
6660.0,47.21,2025-11-19 20:58:05,0,2025-11-21,6642.16015625,0.003968253968253968,2511,0.045,out,6730.533831800775,-3.2857410556336752,0.3298963666947233,0.00043187147919991793,-0.010534977177117317
6665.0,45.81,2025-11-19 21:10:07,0,2025-11-21,6642.16015625,0.003968253968253968,2511,0.045,out,6730.533831800775,-3.2857410556336752,0.3347617162906071,0.0004447039948167972,-0.00978450809874311
6675.0,33.67,2025-11-19 20:59:47,0,2025-11-21,6642.16015625,0.003968253968253968,2511,0.045,out,6730.533831800775,-3.2857410556336752,0.2859052497443199,0.00032437226917207115,-0.008285257443101908
6695.0,26.02,2025-11-19 21:09:23,0,2025-11-21,6642.16015625,0.003968253968253968,2511,0.045,out,6730.533831800775,-3.2857410556336752,0.28308759603009015,0.00031801026597656946,-0.005293482586279261
6725.0,20.4,2025-11-19 21:14:41,0,2025-11-21,6642.16015625,0.003968253968253968,2511,0.045,out,6730.533831800775,-3.2857410556336752,0.3048337485494819,0.0003687445010108284,-0.0008225362415122767
6735.0,17.56,2025-11-19 21:14:59,0,2025-11-21,6642.16015625,0.003968253968253968,2511,0.045,out,6730.533831800775,-3.2857410556336752,0.30197557857732127,0.0003618621034012219,0.0006633481329123047
6905.0,0.35,2025-11-19 21:14:25,0,2025-11-21,6642.16015625,0.003968253968253968,2511,0.045,out,6730.533831800775,-3.2857410556336752,0.2607927324343917,0.00026989225908966756,0.025591325131840315
6920.0,0.28,2025-11-19 20:59:47,0,2025-11-21,6642.16015625,0.003968253968253968,2511,0.045,out,6730.533831800775,-3.2857410556336752,0.2662229020129106,0.00028124854585784043,0.027761307900163023
6945.0,0.25,2025-11-19 18:12:05,0,2025-11-21,6642.16015625,0.003968253968253968,2511,0.045,out,6730.533831800775,-3.2857410556336752,0.28305735591843484,0.0003179423283314901,0.031367514476892046
6950.0,0.2,2025-11-19 20:49:02,0,2025-11-21,6642.16015625,0.003968253968253968,2511,0.045,out,6730.533831800775,-3.2857410556336752,0.27998308527988347,0.0003110735239795337,0.032087197847285705
6955.0,0.25,2025-11-19 20:48:50,0,2025-11-21,6642.16015625,0.003968253968253968,2511,0.045,out,6730.533831800775,-3.2857410556336752,0.2911383582443392,0.00033635533190956026,0.03280636364599116
6960.0,0.2,2025-11-19 20:57:53,0,2025-11-21,6642.16015625,0.003968253968253968,2511,0.045,out,6730.533831800775,-3.2857410556336752,0.28788500562330227,0.0003288800653282888,0.03352501261691319
6965.0,0.15,2025-11-19 20:50:16,0,2025-11-21,6642.16015625,0.003968253968253968,2511,0.045,out,6730.533831800775,-3.2857410556336752,0.28297583383912245,0.0003177592164164549,0.03424314550235392
6980.0,0.2,2025-11-19 20:54:32,0,2025-11-21,6642.16015625,0.003968253968253968,2511,0.045,out,6730.533831800775,-3.2857410556336752,0.303587353448436,0.0003657352427532762,0.03639445504486595
6985.0,0.15,2025-11-19 21:10:46,0,2025-11-21,6642.16015625,0.003968253968253968,2511,0.045,out,6730.533831800775,-3.2857410556336752,0.29825951617891383,0.00035301086901301493,0.03711053097950997
6990.0,0.12,2025-11-19 15:52:28,0,2025-11-21,6642.16015625,0.003968253968253968,2511,0.045,out,6730.533831800775,-3.2857410556336752,0.2952957216711013,0.00034603001284625606,0.0378260945163037
6995.0,0.2,2025-11-19 20:55:35,0,2025-11-21,6642.16015625,0.003968253968253968,2511,0.045,out,6730.533831800775,-3.2857410556336752,0.31527883657516054,0.0003944473999689952,0.03854114638802951
7000.0,0.15,2025-11-19 21:13:29,0,2025-11-21,6642.16015625,0.003968253968253968,2511,0.045,out,6730.533831800775,-3.2857410556336752,0.3096421480016549,0.00038046928499634427,0.0392556873258983
7010.0,0.15,2025-11-19 21:14:02,0,2025-11-21,6642.16015625,0.003968253968253968,2511,0.045,out,6730.533831800775,-3.2857410556336752,0.31719380920671525,0.00039925362142486536,0.04068323931708368
7015.0,0.15,2025-11-19 20:11:43,0,2025-11-21,6642.16015625,0.003968253968253968,2511,0.045,out,6730.533831800775,-3.2857410556336752,0.32095887082101215,0.00040878808237579037,0.04139625182500921
7020.0,0.15,2025-11-19 20:28:11,0,2025-11-21,6642.16015625,0.003968253968253968,2511,0.045,out,6730.533831800775,-3.2857410556336752,0.3247168624864546,0.00041841682850415494,0.042108756308304685
7025.0,0.12,2025-11-19 19:58:16,0,2025-11-21,6642.16015625,0.003968253968253968,2511,0.045,out,6730.533831800775,-3.2857410556336752,0.32121892616749576,0.00040945078781031384,0.042820753490394374
7030.0,0.1,2025-11-19 20:28:11,0,2025-11-21,6642.16015625,0.003968253968253968,2511,0.045,out,6730.533831800775,-3.2857410556336752,0.31921334763496895,0.00040435381471556957,0.04353224409315844
7040.0,0.12,2025-11-19 20:00:05,0,2025-11-21,6642.16015625,0.003968253968253968,2511,0.045,out,6730.533831800775,-3.2857410556336752,0.33222725644150225,0.0004379958330263797,0.0449537084405359
7045.0,0.1,2025-11-19 21:04:43,0,2025-11-21,6642.16015625,0.003968253968253968,2511,0.045,out,6730.533831800775,-3.2857410556336752,0.33004314383264227,0.00043225586028148487,0.04566368362122839
7050.0,0.1,2025-11-19 21:09:55,0,2025-11-21,6642.16015625,0.003968253968253968,2511,0.045,out,6730.533831800775,-3.2857410556336752,0.33364054866566567,0.0004417302210870096,0.04637315509476212
7060.0,0.1,2025-11-19 21:10:09,0,2025-11-21,6642.16015625,0.003968253968253968,2511,0.045,out,6730.533831800775,-3.2857410556336752,0.34081694056016926,0.0004609372498920395,0.04779058977573572
7075.0,0.1,2025-11-19 20:39:04,0,2025-11-21,6642.16015625,0.003968253968253968,2511,0.045,out,6730.533831800775,-3.2857410556336752,0.351536365091472,0.0004903881586576377,0.04991298179988629
7095.0,0.1,2025-11-19 20:40:40,0,2025-11-21,6642.16015625,0.003968253968253968,2511,0.045,out,6730.533831800775,-3.2857410556336752,0.36574694811886405,0.0005308366272153295,0.052735848882590884
7100.0,0.07,2025-11-19 21:02:27,0,2025-11-21,6642.16015625,0.003968253968253968,2511,0.045,out,6730.533831800775,-3.2857410556336752,0.3575208561259567,0.0005072268355755437,0.05344032231785462
7105.0,0.1,2025-11-19 20:05:39,0,2025-11-21,6642.16015625,0.003968253968253968,2511,0.045,out,6730.533831800775,-3.2857410556336752,0.372818036444896,0.0005515606678516975,0.05414429981964883
7110.0,0.1,2025-11-19 20:39:27,0,2025-11-21,6642.16015625,0.003968253968253968,2511,0.045,out,6730.533831800775,-3.2857410556336752,0.37634520095572505,0.0005620464693746232,0.05484778208573436
7125.0,0.1,2025-11-19 20:39:32,0,2025-11-21,6642.16015625,0.003968253968253968,2511,0.045,out,6730.533831800775,-3.2857410556336752,0.38689373089997176,0.0005939950754353166,0.05695526442529903
7130.0,0.1,2025-11-19 21:12:36,0,2025-11-21,6642.16015625,0.003968253968253968,2511,0.045,out,6730.533831800775,-3.2857410556336752,0.3903990681347503,0.0006048072714304817,0.05765677269678957
7150.0,0.1,2025-11-19 20:43:12,0,2025-11-21,6642.16015625,0.003968253968253968,2511,0.045,out,6730.533831800775,-3.2857410556336752,0.40436735286299186,0.00064886093675168,0.060457894976501225
5210.0,1442.45,2025-11-18 18:37:54,0,2025-11-21,6642.16015625,0.007936507936507936,2511,0.045,in,6730.533831800775,-1.6203705278168377,1.4403629924829604,0.01646544087392435,-0.25607460596413956
5690.0,966.35,2025-11-18 17:57:20,0,2025-11-21,6642.16015625,0.007936507936507936,2511,0.045,in,6730.533831800775,-1.6203705278168377,1.0594032488304272,0.00890742256851162,-0.1679442135911755
6445.0,225.45,2025-11-18 19:44:16,0,2025-11-21,6642.16015625,0.007936507936507936,2511,0.045,in,6730.533831800775,-1.6203705278168377,0.4037896580080345,0.0012940165707479797,-0.04334982533826443
6480.0,170.31,2025-11-18 20:47:31,0,2025-11-21,6642.16015625,0.007936507936507936,2511,0.045,in,6730.533831800775,-1.6203705278168377,0.21726117681244364,0.0003746223726184753,-0.037933951365231706
6540.0,109.9,2025-11-18 16:21:55,0,2025-11-21,6642.16015625,0.007936507936507936,2511,0.045,in,6730.533831800775,-1.6203705278168377,0.15279095044203733,0.0001852783693411199,-0.028717296260307796
6545.0,101.4,2025-11-18 17:29:41,0,2025-11-21,6642.16015625,0.007936507936507936,2511,0.045,in,6730.533831800775,-1.6203705278168377,0.11240134443005101,0.00010027033515621395,-0.027953062367551892
7005.0,0.1,2025-11-18 20:25:32,0,2025-11-21,6642.16015625,0.007936507936507936,2511,0.045,out,6730.533831800775,-1.6203705278168377,0.21221725007369097,0.0003574298510225356,0.039969718059555306
7065.0,0.1,2025-11-18 20:03:15,0,2025-11-21,6642.16015625,0.007936507936507936,2511,0.045,out,6730.533831800775,-1.6203705278168377,0.24288665994413583,0.00046820579030808153,0.04849855440707576
7070.0,0.1,2025-11-18 20:03:15,0,2025-11-21,6642.16015625,0.007936507936507936,2511,0.045,out,6730.533831800775,-1.6203705278168377,0.24541385204677094,0.0004779996728288442,0.04920601817906637
7080.0,0.1,2025-11-18 16:01:59,0,2025-11-21,6642.16015625,0.007936507936507936,2511,0.045,out,6730.533831800775,-1.6203705278168377,0.25045567636896254,0.0004978416335351945,0.050619445976213345
7090.0,0.1,2025-11-18 17:09:20,0,2025-11-21,6642.16015625,0.007936507936507936,2511,0.045,out,6730.533831800775,-1.6203705278168377,0.2554810083210866,0.000518020203275866,0.05203087881462105
7120.0,0.12,2025-11-18 18:03:21,0,2025-11-21,6642.16015625,0.007936507936507936,2511,0.045,out,6730.533831800775,-1.6203705278168377,0.27512771015000365,0.000600756007082416,0.05625326369446922
5125.0,1613.87,2025-11-17 15:04:06,0,2025-11-21,6642.16015625,0.011904761904761904,2511,0.045,in,6730.533831800775,-1.0652470185445584,2.1638935114857007,0.05574327534583234,-0.2725239367049432
5320.0,1417.59,2025-11-17 15:06:23,0,2025-11-21,6642.16015625,0.011904761904761904,2511,0.045,in,6730.533831800775,-1.0652470185445584,1.926005128097939,0.0441606637316614,-0.235181158375862
5460.0,1270.25,2025-11-17 15:11:08,0,2025-11-21,6642.16015625,0.011904761904761904,2511,0.045,in,6730.533831800775,-1.0652470185445584,1.7162473125918123,0.035065533785459735,-0.20920567197260137
5470.0,1266.99,2025-11-17 15:15:27,0,2025-11-21,6642.16015625,0.011904761904761904,2511,0.045,in,6730.533831800775,-1.0652470185445584,1.7489680224969717,0.03641534694901152,-0.20737584529552525
5475.0,1261.97,2025-11-17 15:15:27,0,2025-11-21,6642.16015625,0.011904761904761904,2511,0.045,in,6730.533831800775,-1.0652470185445584,1.7431055539933151,0.03617163062336121,-0.2064621860268506
5800.0,854.51,2025-11-17 20:29:04,0,2025-11-21,6642.16015625,0.011904761904761904,2511,0.045,in,6730.533831800775,-1.0652470185445584,0.7363820544733517,0.006455458692266598,-0.14879654417704144
6025.0,655.93,2025-11-17 19:04:36,0,2025-11-21,6642.16015625,0.011904761904761904,2511,0.045,in,6730.533831800775,-1.0652470185445584,0.7959052518930501,0.0075412520237016605,-0.11073698235269637
6175.0,558.4,2025-11-17 15:32:44,0,2025-11-21,6642.16015625,0.011904761904761904,2511,0.045,in,6730.533831800775,-1.0652470185445584,0.9247865739696915,0.010181311992792853,-0.08614557921537423
6355.0,356.1,2025-11-17 18:11:37,0,2025-11-21,6642.16015625,0.011904761904761904,2511,0.045,in,6730.533831800775,-1.0652470185445584,0.6136129381007961,0.004482390926246326,-0.05741255708799769
6365.0,365.1,2025-11-17 17:50:16,0,2025-11-21,6642.16015625,0.011904761904761904,2511,0.045,in,6730.533831800775,-1.0652470185445584,0.6832029487771517,0.00555674130021185,-0.05584022972004525
6405.0,259.75,2025-11-17 20:39:09,0,2025-11-21,6642.16015625,0.011904761904761904,2511,0.045,in,6730.533831800775,-1.0652470185445584,0.3329746947058215,0.0013199065156480358,-0.04957552638071755
6645.0,111.94,2025-11-20 05:19:46,0,2025-11-24,6642.16015625,0.011904761904761904,2511,0.045,out,6730.533831800775,-1.0652470185445584,0.3859780921357348,0.0017735605667707356,-0.01278976956420638
6650.0,100.1,2025-11-20 01:26:08,0,2025-11-24,6642.16015625,0.011904761904761904,2511,0.045,out,6730.533831800775,-1.0652470185445584,0.3534793250471007,0.0014874718242351653,-0.01203760706165228
6680.0,79.07,2025-11-20 01:18:31,0,2025-11-24,6642.16015625,0.011904761904761904,2511,0.045,out,6730.533831800775,-1.0652470185445584,0.3285201232921008,0.0012848270405697274,-0.007536474180860682
6685.0,79.24,2025-11-20 05:53:41,0,2025-11-24,6642.16015625,0.011904761904761904,2511,0.045,out,6730.533831800775,-1.0652470185445584,0.33665510157205475,0.0013492459216010774,-0.006788251175508556
6700.0,68.4,2025-11-20 03:00:30,0,2025-11-24,6642.16015625,0.011904761904761904,2511,0.045,out,6730.533831800775,-1.0652470185445584,0.3204402589124207,0.001222404280141181,-0.004546935332494732
6710.0,64.0,2025-11-20 04:54:33,0,2025-11-24,6642.16015625,0.011904761904761904,2511,0.045,out,6730.533831800775,-1.0652470185445584,0.3187525286066455,0.0012095616011086946,-0.0030555107458247162
6720.0,54.57,2025-11-20 01:33:04,0,2025-11-24,6642.16015625,0.011904761904761904,2511,0.045,out,6730.533831800775,-1.0652470185445584,0.29815155552017875,0.0010582660721321694,-0.0015663071943568876
6725.0,54.1,2025-11-20 06:53:22,0,2025-11-24,6642.16015625,0.011904761904761904,2511,0.045,out,6730.533831800775,-1.0652470185445584,0.3029559065786279,0.00109264620631998,-0.0008225362415122767
6740.0,47.31,2025-11-20 05:11:04,0,2025-11-24,6642.16015625,0.011904761904761904,2511,0.045,out,6730.533831800775,-1.0652470185445584,0.29664972454693506,0.0010476316556401481,0.0014054631948006466
6750.0,40.4,2025-11-20 07:05:51,0,2025-11-24,6642.16015625,0.011904761904761904,2511,0.045,out,6730.533831800775,-1.0652470185445584,0.28217113177132097,0.0009478636619655736,0.0028880431550234024
6760.0,33.87,2025-11-20 01:32:02,0,2025-11-24,6642.16015625,0.011904761904761904,2511,0.045,out,6730.533831800775,-1.0652470185445584,0.2676448287666049,0.0008527827900655388,0.004368428325457636
6770.0,31.25,2025-11-20 03:09:06,0,2025-11-24,6642.16015625,0.011904761904761904,2511,0.045,out,6730.533831800775,-1.0652470185445584,0.26782371253261145,0.0008539231070803676,0.005846625194768505
6780.0,24.6,2025-11-20 01:52:12,0,2025-11-24,6642.16015625,0.011904761904761904,2511,0.045,out,6730.533831800775,-1.0652470185445584,0.2495518645284568,0.0007413825367813006,0.007322640222889048
6790.0,23.53,2025-11-20 05:11:04,0,2025-11-24,6642.16015625,0.011904761904761904,2511,0.045,out,6730.533831800775,-1.0652470185445584,0.25474897447265826,0.000772583809462751,0.008796479841189574
6795.0,18.21,2025-11-20 01:15:15,0,2025-11-24,6642.16015625,0.011904761904761904,2511,0.045,out,6730.533831800775,-1.0652470185445584,0.23411854777781316,0.0006525177906380021,0.009532585873692052
6800.0,17.0,2025-11-20 03:46:57,0,2025-11-24,6642.16015625,0.011904761904761904,2511,0.045,out,6730.533831800775,-1.0652470185445584,0.2326511639617453,0.000644363858247082,0.010268150452646016
6815.0,14.0,2025-11-20 04:26:48,0,2025-11-24,6642.16015625,0.011904761904761904,2511,0.045,out,6730.533831800775,-1.0652470185445584,0.22999614177502908,0.0006297407765642771,0.012471603419080888
6825.0,11.9,2025-11-20 05:04:31,0,2025-11-24,6642.16015625,0.011904761904761904,2511,0.045,out,6730.533831800775,-1.0652470185445584,0.22625754756452132,0.0006094342598799003,0.013937879341608348
6830.0,9.7,2025-11-20 07:00:03,0,2025-11-24,6642.16015625,0.011904761904761904,2511,0.045,out,6730.533831800775,-1.0652470185445584,0.21635339020273808,0.0005572474934787886,0.014670211853283597
6835.0,9.66,2025-11-20 05:05:24,0,2025-11-24,6642.16015625,0.011904761904761904,2511,0.045,out,6730.533831800775,-1.0652470185445584,0.22010620351597715,0.0005767469145978184,0.015402008446497768
6840.0,8.0,2025-11-20 05:39:26,0,2025-11-24,6642.16015625,0.011904761904761904,2511,0.045,out,6730.533831800775,-1.0652470185445584,0.21232982936389114,0.0005367137671154657,0.016133269905043962
6850.0,6.0,2025-11-20 07:00:00,0,2025-11-24,6642.16015625,0.011904761904761904,2511,0.045,out,6730.533831800775,-1.0652470185445584,0.20396502060102664,0.0004952586860568716,0.01759419054471876
6855.0,5.1,2025-11-20 07:00:04,0,2025-11-24,6642.16015625,0.011904761904761904,2511,0.045,out,6730.533831800775,-1.0652470185445584,0.19948859166249916,0.0004737583119462777,0.01832385128486253
6860.0,5.16,2025-11-20 05:05:24,0,2025-11-24,6642.16015625,0.011904761904761904,2511,0.045,out,6730.533831800775,-1.0652470185445584,0.20359755630616627,0.000493475773021935,0.019052980008378878
6870.0,3.4,2025-11-20 06:58:47,0,2025-11-24,6642.16015625,0.011904761904761904,2511,0.045,out,6730.533831800775,-1.0652470185445584,0.1918686637859354,0.00043825695408333706,0.02050964450484296
6875.0,2.9,2025-11-20 02:35:31,0,2025-11-24,6642.16015625,0.011904761904761904,2511,0.045,out,6730.533831800775,-1.0652470185445584,0.18885710456986382,0.0004246072136489581,0.021237181823219962
6885.0,2.18,2025-11-20 02:01:09,0,2025-11-24,6642.16015625,0.011904761904761904,2511,0.045,out,6730.533831800775,-1.0652470185445584,0.18477760735071827,0.00040646147831257395,0.022690670451203106
6890.0,1.91,2025-11-20 02:07:13,0,2025-11-24,6642.16015625,0.011904761904761904,2511,0.045,out,6730.533831800775,-1.0652470185445584,0.1833521583278454,0.000400214451946182,0.023416623296152125
6895.0,1.63,2025-11-20 02:01:09,0,2025-11-24,6642.16015625,0.011904761904761904,2511,0.045,out,6730.533831800775,-1.0652470185445584,0.18122451593957842,0.0003909800616373156,0.02414204951585004
6900.0,1.54,2025-11-20 05:02:58,0,2025-11-24,6642.16015625,0.011904761904761904,2511,0.045,out,6730.533831800775,-1.0652470185445584,0.18237874382831853,0.0003959762642904218,0.02486694987379859
6910.0,0.96,2025-11-20 01:36:59,0,2025-11-24,6642.16015625,0.011904761904761904,2511,0.045,out,6730.533831800775,-1.0652470185445584,0.17446394515958558,0.00036235319238865334,0.026315176050163386
6925.0,0.69,2025-11-20 05:02:58,0,2025-11-24,6642.16015625,0.011904761904761904,2511,0.045,out,6730.533831800775,-1.0652470185445584,0.17406651453115207,0.0003607041842979021,0.028483590343987005
6940.0,0.5,2025-11-20 06:04:17,0,2025-11-24,6642.16015625,0.011904761904761904,2511,0.045,out,6730.533831800775,-1.0652470185445584,0.1741413562942406,0.00036101442823806724,0.03064731278929811
6950.0,0.34,2025-11-20 06:54:15,0,2025-11-24,6642.16015625,0.011904761904761904,2511,0.045,out,6730.533831800775,-1.0652470185445584,0.17067988817602467,0.00034680505033071767,0.032087197847285705
6985.0,0.25,2025-11-20 03:41:34,0,2025-11-24,6642.16015625,0.011904761904761904,2511,0.045,out,6730.533831800775,-1.0652470185445584,0.18081618110312372,0.00038922013510378137,0.03711053097950997
7035.0,0.15,2025-11-17 19:59:28,0,2025-11-21,6642.16015625,0.011904761904761904,2511,0.045,out,6730.533831800775,-1.0652470185445584,0.19287679988321674,0.0004428745230141718,0.04424322883693726
7055.0,0.05,2025-11-17 19:18:27,0,2025-11-21,6642.16015625,0.011904761904761904,2511,0.045,out,6730.533831800775,-1.0652470185445584,0.18193669709416496,0.0003940590684468325,0.04708212357536214
7085.0,0.15,2025-11-17 20:00:43,0,2025-11-21,6642.16015625,0.011904761904761904,2511,0.045,out,6730.533831800775,-1.0652470185445584,0.21425653372369002,0.0005464983600391752,0.051325411413228696
7100.0,0.15,2025-11-20 06:43:07,0,2025-11-24,6642.16015625,0.011904761904761904,2511,0.045,out,6730.533831800775,-1.0652470185445584,0.2205995619816037,0.0005793353184104215,0.05344032231785462
7115.0,0.15,2025-11-17 14:46:58,0,2025-11-21,6642.16015625,0.011904761904761904,2511,0.045,out,6730.533831800775,-1.0652470185445584,0.22691145494929385,0.0006129620046095882,0.05555076981240053
7135.0,0.1,2025-11-17 08:06:34,0,2025-11-21,6642.16015625,0.011904761904761904,2511,0.045,out,6730.533831800775,-1.0652470185445584,0.22638844965812713,0.0006101396445072661,0.058357789199384724
7140.0,0.05,2025-11-17 20:59:19,0,2025-11-21,6642.16015625,0.011904761904761904,2511,0.045,out,6730.533831800775,-1.0652470185445584,0.2149360406960988,0.000549970257025179,0.05905831462207799
7145.0,0.1,2025-11-17 18:47:42,0,2025-11-21,6642.16015625,0.011904761904761904,2511,0.045,out,6730.533831800775,-1.0652470185445584,0.23042238792831451,0.000632077105459365,0.05975834965241568
6400.0,249.8,2025-11-19 16:24:31,0,2025-11-24,6642.16015625,0.015873015873015872,2511,0.045,in,6730.533831800775,-0.7876852639084188,0.18190749639428472,0.0005252434483243921,-0.05035647136378893
6440.0,253.25,2025-11-19 15:07:46,0,2025-11-24,6642.16015625,0.015873015873015872,2511,0.045,in,6730.533831800775,-0.7876852639084188,0.3751026358636302,0.002233364879870526,-0.04412592161315288
6500.0,165.98,2025-11-19 16:17:00,0,2025-11-24,6642.16015625,0.015873015873015872,2511,0.045,in,6730.533831800775,-0.7876852639084188,0.20950917463678348,0.0006967316548727974,-0.034852284827823675
6540.0,122.4,2025-11-19 17:42:22,0,2025-11-24,6642.16015625,0.015873015873015872,2511,0.045,in,6730.533831800775,-0.7876852639084188,0.15886159216418416,0.0004005873883323743,-0.028717296260307796
6550.0,121.1,2025-11-19 17:55:53,0,2025-11-24,6642.16015625,0.015873015873015872,2511,0.045,in,6730.533831800775,-0.7876852639084188,0.1834810204183171,0.0005343696008531253,-0.027189412082254498
6560.0,117.3,2025-11-19 20:13:26,0,2025-11-24,6642.16015625,0.015873015873015872,2511,0.045,in,6730.533831800775,-0.7876852639084188,0.1954914334368242,0.0006066174690029249,-0.025663858773417408
6570.0,119.7,2025-11-19 20:34:06,0,2025-11-24,6642.16015625,0.015873015873015872,2511,0.045,in,6730.533831800775,-0.7876852639084188,0.2262767966922298,0.0008127172812904237,-0.024140629232895974
6575.0,108.3,2025-11-19 20:49:36,0,2025-11-24,6642.16015625,0.015873015873015872,2511,0.045,in,6730.533831800775,-0.7876852639084188,0.199581917299379,0.0006322689160777167,-0.023379883665586885
6580.0,97.05,2025-11-19 14:31:31,0,2025-11-24,6642.16015625,0.015873015873015872,2511,0.045,in,6730.533831800775,-0.7876852639084188,0.17325417140011723,0.00047646044297684444,-0.022619716392189203
6590.0,101.16,2025-11-19 20:47:58,0,2025-11-24,6642.16015625,0.015873015873015872,2511,0.045,in,6730.533831800775,-0.7876852639084188,0.20767492422945572,0.0006845853040271456,-0.02110111321499922
6595.0,100.2,2025-11-19 20:56:15,0,2025-11-24,6642.16015625,0.015873015873015872,2511,0.045,in,6730.533831800775,-0.7876852639084188,0.2143632635691977,0.0007293906153656717,-0.020342675560137167
6600.0,99.46,2025-11-19 20:44:26,0,2025-11-24,6642.16015625,0.015873015873015872,2511,0.045,in,6730.533831800775,-0.7876852639084188,0.22143700085989845,0.0007783229420607407,-0.019584812697035246
6605.0,73.06,2025-11-19 19:46:53,0,2025-11-24,6642.16015625,0.015873015873015872,2511,0.045,in,6730.533831800775,-0.7876852639084188,0.14819878983631524,0.0003486171636341005,-0.01882752375512648
6610.0,85.7,2025-11-19 21:06:18,0,2025-11-24,6642.16015625,0.015873015873015872,2511,0.045,in,6730.533831800775,-0.7876852639084188,0.19710142095146801,0.0006166503196998063,-0.018070807865820222
6620.0,77.0,2025-11-19 21:03:27,0,2025-11-24,6642.16015625,0.015873015873015872,2511,0.045,in,6730.533831800775,-0.7876852639084188,0.188016343029869,0.0005611134166083392,-0.01655909178049822
6625.0,74.8,2025-11-19 21:03:33,0,2025-11-24,6642.16015625,0.015873015873015872,2511,0.045,in,6730.533831800775,-0.7876852639084188,0.1897830624534678,0.000571708107844712,-0.015804089857129174
6630.0,75.3,2025-11-19 21:08:32,0,2025-11-24,6642.16015625,0.015873015873015872,2511,0.045,in,6730.533831800775,-0.7876852639084188,0.19948643959290555,0.000631664120340539,-0.015049657531643956
6630.0,124.38,2025-11-20 01:29:40,0,2025-11-25,6642.16015625,0.015873015873015872,2511,0.045,in,6730.533831800775,-0.7876852639084188,0.34714391389245985,0.0019128396341678662,-0.015049657531643956
6635.0,68.1,2025-11-19 21:03:27,0,2025-11-24,6642.16015625,0.015873015873015872,2511,0.045,in,6730.533831800775,-0.7876852639084188,0.18579224216550524,0.0005479167817283451,-0.01429579394524428
6640.0,67.7,2025-11-19 21:04:51,0,2025-11-24,6642.16015625,0.015873015873015872,2511,0.045,in,6730.533831800775,-0.7876852639084188,0.19237854901805168,0.0005874524781316017,-0.013542498241072645
6645.0,112.01,2025-11-20 01:29:40,0,2025-11-25,6642.16015625,0.015873015873015872,2511,0.045,out,6730.533831800775,-0.7876852639084188,0.3327230475629867,0.0017572162917397064,-0.01278976956420638
6655.0,60.51,2025-11-19 21:09:54,0,2025-11-24,6642.16015625,0.015873015873015872,2511,0.045,out,6730.533831800775,-0.7876852639084188,0.19300871806862982,0.0005913073849285052,-0.011286009882340112
6660.0,54.9,2025-11-19 21:03:31,0,2025-11-24,6642.16015625,0.015873015873015872,2511,0.045,out,6730.533831800775,-0.7876852639084188,0.18319979069918974,0.0005327327509877289,-0.010534977177117317
6665.0,52.45,2025-11-19 21:03:57,0,2025-11-24,6642.16015625,0.015873015873015872,2511,0.045,out,6730.533831800775,-0.7876852639084188,0.18266761288141806,0.000529642171361835,-0.00978450809874311
6670.0,49.95,2025-11-19 21:03:57,0,2025-11-24,6642.16015625,0.015873015873015872,2511,0.045,out,6730.533831800775,-0.7876852639084188,0.18178558402069975,0.000524539659646776,-0.009034601801882768
6675.0,50.78,2025-11-19 21:10:09,0,2025-11-24,6642.16015625,0.015873015873015872,2511,0.045,out,6730.533831800775,-0.7876852639084188,0.19081691618672675,0.0005779538968732111,-0.008285257443101908
6690.0,42.1,2025-11-19 20:58:19,0,2025-11-24,6642.16015625,0.015873015873015872,2511,0.045,out,6730.533831800775,-0.7876852639084188,0.18284072573411475,0.0005306465236028217,-0.006040587589277992
6695.0,42.47,2025-11-19 20:56:25,0,2025-11-24,6642.16015625,0.015873015873015872,2511,0.045,out,6730.533831800775,-0.7876852639084188,0.18992255238465594,0.0005725488238778155,-0.005293482586279261
6700.0,77.5,2025-11-20 04:38:02,0,2025-11-25,6642.16015625,0.015873015873015872,2511,0.045,out,6730.533831800775,-0.7876852639084188,0.3038439409946964,0.0014654149282410881,-0.004546935332494732
6705.0,34.4,2025-11-19 21:03:33,0,2025-11-24,6642.16015625,0.015873015873015872,2511,0.045,out,6730.533831800775,-0.7876852639084188,0.17576355728881993,0.0004903623503304807,-0.0038009449957732777
6715.0,33.75,2025-11-19 20:45:43,0,2025-11-24,6642.16015625,0.015873015873015872,2511,0.045,out,6730.533831800775,-0.7876852639084188,0.1845195112673853,0.0005404357148945196,-0.0023106317542141495
6720.0,61.2,2025-11-20 02:08:39,0,2025-11-25,6642.16015625,0.015873015873015872,2511,0.045,out,6730.533831800775,-0.7876852639084188,0.2776661465252997,0.001223785538511257,-0.0015663071943568876
6725.0,59.07,2025-11-20 01:29:40,0,2025-11-25,6642.16015625,0.015873015873015872,2511,0.045,out,6730.533831800775,-0.7876852639084188,0.2767272987754586,0.0012155237759930466,-0.0008225362415122767
6730.0,27.2,2025-11-19 21:07:16,0,2025-11-24,6642.16015625,0.015873015873015872,2511,0.045,out,6730.533831800775,-0.7876852639084188,0.17791194309162145,0.0005024231665815294,-7.931807277866024e-05
6735.0,24.83,2025-11-19 21:10:40,0,2025-11-24,6642.16015625,0.015873015873015872,2511,0.045,out,6730.533831800775,-0.7876852639084188,0.17447153648739241,0.00048317963562335715,0.0006633481329123047
6735.0,52.4,2025-11-20 01:50:02,0,2025-11-25,6642.16015625,0.015873015873015872,2511,0.045,out,6730.533831800775,-0.7876852639084188,0.26669801456073333,0.001129013190010113,0.0006633481329123047
6745.0,21.15,2025-11-19 21:12:06,0,2025-11-24,6642.16015625,0.015873015873015872,2511,0.045,out,6730.533831800775,-0.7876852639084188,0.1704300955687664,0.0004610542456441087,0.0021470279303041676
6755.0,17.2,2025-11-19 21:02:06,0,2025-11-24,6642.16015625,0.015873015873015872,2511,0.045,out,6730.533831800775,-0.7876852639084188,0.1639889597676177,0.0004268631575502435,0.00362850968274711
6765.0,15.07,2025-11-19 21:04:03,0,2025-11-24,6642.16015625,0.015873015873015872,2511,0.045,out,6730.533831800775,-0.7876852639084188,0.16360628945115374,0.00042487330076150314,0.005107799893336259
6770.0,37.43,2025-11-20 04:54:35,0,2025-11-25,6642.16015625,0.015873015873015872,2511,0.045,out,6730.533831800775,-0.7876852639084188,0.25280879192269673,0.001014480718625609,0.005846625194768505
6775.0,13.48,2025-11-19 21:06:16,0,2025-11-24,6642.16015625,0.015873015873015872,2511,0.045,out,6730.533831800775,-0.7876852639084188,0.16473465556906122,0.00043075407532471797,0.006584905036349461
6780.0,32.83,2025-11-20 04:54:35,0,2025-11-25,6642.16015625,0.015873015873015872,2511,0.045,out,6730.533831800775,-0.7876852639084188,0.24589604634745443,0.0009597597715763405,0.007322640222889048
6785.0,11.2,2025-11-19 21:04:47,0,2025-11-24,6642.16015625,0.015873015873015872,2511,0.045,out,6730.533831800775,-0.7876852639084188,0.16175583041669755,0.0004153166456158003,0.008059831557417295
6800.0,23.62,2025-11-20 02:01:22,0,2025-11-25,6642.16015625,0.015873015873015872,2511,0.045,out,6730.533831800775,-0.7876852639084188,0.22850384069149404,0.0008287937335041854,0.010268150452646016
6805.0,7.2,2025-11-19 20:59:55,0,2025-11-24,6642.16015625,0.015873015873015872,2511,0.045,out,6730.533831800775,-0.7876852639084188,0.15434399335199972,0.0003781280679974941,0.011003174374014378
6805.0,20.8,2025-11-20 01:15:55,0,2025-11-25,6642.16015625,0.015873015873015872,2511,0.045,out,6730.533831800775,-0.7876852639084188,0.22103442817248944,0.0007754955307545936,0.011003174374014378
6810.0,6.0,2025-11-19 21:01:35,0,2025-11-24,6642.16015625,0.015873015873015872,2511,0.045,out,6730.533831800775,-0.7876852639084188,0.1499962227933178,0.00035712487067083546,0.011737658432005965
6820.0,5.66,2025-11-19 21:07:51,0,2025-11-24,6642.16015625,0.015873015873015872,2511,0.045,out,6730.533831800775,-0.7876852639084188,0.15418489627696988,0.00037734892444349144,0.013205010125955666
6820.0,18.05,2025-11-20 03:23:26,0,2025-11-25,6642.16015625,0.015873015873015872,2511,0.045,out,6730.533831800775,-0.7876852639084188,0.22112308781298146,0.000776117777205516,0.013205010125955666
6830.0,15.15,2025-11-20 03:23:26,0,2025-11-25,6642.16015625,0.015873015873015872,2511,0.045,out,6730.533831800775,-0.7876852639084188,0.21523008487020107,0.000735301419575142,0.014670211853283597
6835.0,13.6,2025-11-20 03:53:32,0,2025-11-25,6642.16015625,0.015873015873015872,2511,0.045,out,6730.533831800775,-0.7876852639084188,0.21121713603790912,0.0007081377548580414,0.015402008446497768
6845.0,3.69,2025-11-19 20:52:22,0,2025-11-24,6642.16015625,0.015873015873015872,2511,0.045,out,6730.533831800775,-0.7876852639084188,0.15376391293625402,0.0003752911257375858,0.016863997010997063
6845.0,10.6,2025-11-20 06:50:50,0,2025-11-25,6642.16015625,0.015873015873015872,2511,0.045,out,6730.533831800775,-0.7876852639084188,0.20217921910155445,0.0006488323275637201,0.016863997010997063
6850.0,9.4,2025-11-20 06:30:34,0,2025-11-25,6642.16015625,0.015873015873015872,2511,0.045,out,6730.533831800775,-0.7876852639084188,0.1985428977554474,0.0006257028928433339,0.01759419054471876
6855.0,8.7,2025-11-20 06:50:04,0,2025-11-25,6642.16015625,0.015873015873015872,2511,0.045,out,6730.533831800775,-0.7876852639084188,0.19756921088530327,0.0006195808426958958,0.01832385128486253
6860.0,8.2,2025-11-20 05:27:33,0,2025-11-25,6642.16015625,0.015873015873015872,2511,0.045,out,6730.533831800775,-0.7876852639084188,0.19766047567987524,0.0006201533912062627,0.019052980008378878
6865.0,2.32,2025-11-19 20:52:28,0,2025-11-24,6642.16015625,0.015873015873015872,2511,0.045,out,6730.533831800775,-0.7876852639084188,0.1504309231872528,0.00035919781985665317,0.019781577490519377
6865.0,6.9,2025-11-20 06:50:04,0,2025-11-25,6642.16015625,0.015873015873015872,2511,0.045,out,6730.533831800775,-0.7876852639084188,0.19197986103635156,0.0005850201118021723,0.019781577490519377
6870.0,6.0,2025-11-20 02:48:46,0,2025-11-25,6642.16015625,0.015873015873015872,2511,0.045,out,6730.533831800775,-0.7876852639084188,0.18842385074781878,0.0005635483735021633,0.02050964450484296
6875.0,5.18,2025-11-20 02:12:28,0,2025-11-25,6642.16015625,0.015873015873015872,2511,0.045,out,6730.533831800775,-0.7876852639084188,0.18488156743982162,0.0005425586345873858,0.021237181823219962
6880.0,1.2,2025-11-19 21:05:53,0,2025-11-24,6642.16015625,0.015873015873015872,2511,0.045,out,6730.533831800775,-0.7876852639084188,0.14110688103629418,0.0003160500297744584,0.02196419021583725
6885.0,4.5,2025-11-20 05:25:50,0,2025-11-25,6642.16015625,0.015873015873015872,2511,0.045,out,6730.533831800775,-0.7876852639084188,0.18487376663864868,0.0005425128506533576,0.022690670451203106
6890.0,3.3,2025-11-20 02:30:25,0,2025-11-25,6642.16015625,0.015873015873015872,2511,0.045,out,6730.533831800775,-0.7876852639084188,0.17572907549140926,0.0004901699678264351,0.023416623296152125
6900.0,2.95,2025-11-20 06:06:52,0,2025-11-25,6642.16015625,0.015873015873015872,2511,0.045,out,6730.533831800775,-0.7876852639084188,0.177277207418104,0.0004988445757136739,0.02486694987379859
6905.0,0.55,2025-11-19 21:04:07,0,2025-11-24,6642.16015625,0.015873015873015872,2511,0.045,out,6730.533831800775,-0.7876852639084188,0.1366722852236521,0.000296497040448497,0.025591325131840315
6915.0,0.45,2025-11-19 21:07:11,0,2025-11-24,6642.16015625,0.015873015873015872,2511,0.045,out,6730.533831800775,-0.7876852639084188,0.13741263970475343,0.0002997179928671171,0.027038503387306373
6920.0,0.4,2025-11-19 21:10:17,0,2025-11-24,6642.16015625,0.015873015873015872,2511,0.045,out,6730.533831800775,-0.7876852639084188,0.13748797785552958,0.00030004673102861253,0.027761307900163023
6930.0,0.3,2025-11-19 19:58:50,0,2025-11-24,6642.16015625,0.015873015873015872,2511,0.045,out,6730.533831800775,-0.7876852639084188,0.13683385438493537,0.0002971984715212333,0.029205351472396873
6935.0,0.25,2025-11-19 21:01:17,0,2025-11-24,6642.16015625,0.015873015873015872,2511,0.045,out,6730.533831800775,-0.7876852639084188,0.13595713694865025,0.000293402271226572,0.029926592037379903
6945.0,0.3,2025-11-19 19:57:44,0,2025-11-24,6642.16015625,0.015873015873015872,2511,0.045,out,6730.533831800775,-0.7876852639084188,0.14304224085748612,0.0003247790899925567,0.031367514476892046
6950.0,0.68,2025-11-20 01:41:36,0,2025-11-25,6642.16015625,0.015873015873015872,2511,0.045,out,6730.533831800775,-0.7876852639084188,0.1611132393904555,0.00041202342709343204,0.032087197847285705
6955.0,0.25,2025-11-19 20:24:12,0,2025-11-24,6642.16015625,0.015873015873015872,2511,0.045,out,6730.533831800775,-0.7876852639084188,0.14406627048770687,0.00032944587765455747,0.03280636364599116
6960.0,0.25,2025-11-19 20:32:13,0,2025-11-24,6642.16015625,0.015873015873015872,2511,0.045,out,6730.533831800775,-0.7876852639084188,0.14608199935171468,0.0003387293735649899,0.03352501261691319
6960.0,0.54,2025-11-20 01:30:44,0,2025-11-25,6642.16015625,0.015873015873015872,2511,0.045,out,6730.533831800775,-0.7876852639084188,0.16052460521733003,0.0004090182361933279,0.03352501261691319
6965.0,0.2,2025-11-19 20:18:01,0,2025-11-24,6642.16015625,0.015873015873015872,2511,0.045,out,6730.533831800775,-0.7876852639084188,0.14444294426791063,0.00033117085950448786,0.03424314550235392
6970.0,0.2,2025-11-19 19:56:35,0,2025-11-24,6642.16015625,0.015873015873015872,2511,0.045,out,6730.533831800775,-0.7876852639084188,0.14640986586328716,0.000340251568604853,0.034960763043017394
6975.0,0.2,2025-11-19 20:45:50,0,2025-11-24,6642.16015625,0.015873015873015872,2511,0.045,out,6730.533831800775,-0.7876852639084188,0.14837259866977348,0.00034943536565113756,0.03567786597801419
6980.0,0.19,2025-11-19 20:54:32,0,2025-11-24,6642.16015625,0.015873015873015872,2511,0.045,out,6730.533831800775,-0.7876852639084188,0.1494970682471632,0.0003547519589602693,0.03639445504486595
6990.0,0.1,2025-11-19 20:59:10,0,2025-11-24,6642.16015625,0.015873015873015872,2511,0.045,out,6730.533831800775,-0.7876852639084188,0.14364706187655085,0.00032753140294866076,0.0378260945163037
7000.0,0.2,2025-11-19 21:14:21,0,2025-11-24,6642.16015625,0.015873015873015872,2511,0.045,out,6730.533831800775,-0.7876852639084188,0.1581253547351061,0.0003968829811127483,0.0392556873258983
7010.0,0.15,2025-11-19 20:40:47,0,2025-11-24,6642.16015625,0.015873015873015872,2511,0.045,out,6730.533831800775,-0.7876852639084188,0.15718101998718864,0.00039215671498750784,0.04068323931708368
7020.0,0.1,2025-11-19 19:56:37,0,2025-11-24,6642.16015625,0.015873015873015872,2511,0.045,out,6730.533831800775,-0.7876852639084188,0.1546141398312261,0.00037945289263095137,0.042108756308304685
7025.0,0.1,2025-11-19 20:13:44,0,2025-11-24,6642.16015625,0.015873015873015872,2511,0.045,out,6730.533831800775,-0.7876852639084188,0.15643020944042826,0.0003884192131043849,0.042820753490394374
7030.0,0.1,2025-11-19 19:56:37,0,2025-11-24,6642.16015625,0.015873015873015872,2511,0.045,out,6730.533831800775,-0.7876852639084188,0.1582430136432595,0.0003974738312206477,0.04353224409315844
7040.0,0.1,2025-11-19 19:57:17,0,2025-11-24,6642.16015625,0.015873015873015872,2511,0.045,out,6730.533831800775,-0.7876852639084188,0.16185896474865788,0.0004158464201509091,0.0449537084405359
7050.0,0.1,2025-11-19 19:57:01,0,2025-11-24,6642.16015625,0.015873015873015872,2511,0.045,out,6730.533831800775,-0.7876852639084188,0.1654622618428223,0.00043456762054194743,0.04637315509476212
7050.0,0.16,2025-11-20 01:55:18,0,2025-11-25,6642.16015625,0.015873015873015872,2511,0.045,out,6730.533831800775,-0.7876852639084188,0.17328748275771028,0.0004766436774683133,0.04637315509476212
7125.0,0.08,2025-11-19 20:41:14,0,2025-11-24,6642.16015625,0.015873015873015872,2511,0.045,out,6730.533831800775,-0.7876852639084188,0.1882441336065145,0.000562473870432814,0.05695526442529903
7150.0,0.12,2025-11-19 14:30:17,0,2025-11-24,6642.16015625,0.015873015873015872,2511,0.045,out,6730.533831800775,-0.7876852639084188,0.20428671050243272,0.0006624295252048374,0.060457894976501225
6200.0,484.78,2025-11-19 15:29:12,0,2025-11-25,6642.16015625,0.01984126984126984,2511,0.045,in,6730.533831800775,-0.621148211126735,0.49451861737590574,0.004852156010543203,-0.08210516967836923
6225.0,460.18,2025-11-19 15:29:12,0,2025-11-25,6642.16015625,0.01984126984126984,2511,0.045,in,6730.533831800775,-0.621148211126735,0.47705564965810504,0.004515517715688823,-0.07808101937864376
6320.0,381.37,2025-11-14 14:51:45,0,2025-11-20,6642.16015625,0.01984126984126984,2511,0.045,in,6730.533831800775,-0.621148211126735,0.4653544883521129,0.004296722218838428,-0.062935253570649
6450.0,213.23,2025-11-18 20:39:41,0,2025-11-24,6642.16015625,0.01984126984126984,2511,0.045,in,6730.533831800775,-0.621148211126735,0.2094198373767781,0.0008701719898197655,-0.042574330921733926
6460.0,204.76,2025-11-18 20:39:41,0,2025-11-24,6642.16015625,0.01984126984126984,2511,0.045,in,6730.533831800775,-0.621148211126735,0.208973371734663,0.0008664656764713023,-0.0410251439349046
6480.0,266.87,2025-11-20 05:12:23,0,2025-11-26,6642.16015625,0.01984126984126984,2511,0.045,in,6730.533831800775,-0.621148211126735,0.46099273134169433,0.004216553538688007,-0.037933951365231706
6500.0,166.49,2025-11-19 02:22:23,0,2025-11-25,6642.16015625,0.01984126984126984,2511,0.045,in,6730.533831800775,-0.621148211126735,0.18576187463916644,0.000684672104552726,-0.034852284827823675
6525.0,155.92,2025-11-19 20:50:43,0,2025-11-25,6642.16015625,0.01984126984126984,2511,0.045,in,6730.533831800775,-0.621148211126735,0.21581865793111782,0.0009241605776029532,-0.03101350852065797
6550.0,136.91,2025-11-19 20:50:43,0,2025-11-25,6642.16015625,0.01984126984126984,2511,0.045,in,6730.533831800775,-0.621148211126735,0.21147972405962723,0.000887374477943176,-0.027189412082254498
6555.0,111.06,2025-11-19 19:37:56,0,2025-11-25,6642.16015625,0.01984126984126984,2511,0.045,in,6730.533831800775,-0.621148211126735,0.13978149074496393,0.00038767589593024674,-0.0264263445137519
6560.0,129.0,2025-11-19 13:10:04,0,2025-11-25,6642.16015625,0.01984126984126984,2511,0.045,in,6730.533831800775,-0.621148211126735,0.20804744551228702,0.0008588043568291276,-0.025663858773417408
6575.0,99.7,2025-11-19 19:31:29,0,2025-11-25,6642.16015625,0.01984126984126984,2511,0.045,in,6730.533831800775,-0.621148211126735,0.15016786364883838,0.0004474283189058753,-0.023379883665586885
6590.0,90.1,2025-11-19 19:40:49,0,2025-11-25,6642.16015625,0.01984126984126984,2511,0.045,in,6730.533831800775,-0.621148211126735,0.15174633818105604,0.00045688395141586156,-0.02110111321499922
6590.0,167.92,2025-11-20 05:27:14,0,2025-11-26,6642.16015625,0.01984126984126984,2511,0.045,in,6730.533831800775,-0.621148211126735,0.36855266562758643,0.002695060859944435,-0.02110111321499922
6600.0,101.48,2025-11-19 21:14:33,0,2025-11-25,6642.16015625,0.01984126984126984,2511,0.045,in,6730.533831800775,-0.621148211126735,0.2017236673404222,0.000807389642168042,-0.019584812697035246
6600.0,157.9,2025-11-20 03:02:36,0,2025-11-26,6642.16015625,0.01984126984126984,2511,0.045,in,6730.533831800775,-0.621148211126735,0.3562884168151998,0.0025186792848547923,-0.019584812697035246
6605.0,113.9,2025-11-19 15:40:57,0,2025-11-25,6642.16015625,0.01984126984126984,2511,0.045,in,6730.533831800775,-0.621148211126735,0.2439408547677825,0.0011806972346197688,-0.01882752375512648
6610.0,100.0,2025-11-19 20:18:57,0,2025-11-25,6642.16015625,0.01984126984126984,2511,0.045,in,6730.533831800775,-0.621148211126735,0.21368037535905338,0.00090593854788861,-0.018070807865820222
6615.0,89.6,2025-11-19 21:04:44,0,2025-11-25,6642.16015625,0.01984126984126984,2511,0.045,in,6730.533831800775,-0.621148211126735,0.19301232999283777,0.0007391618954219068,-0.017314664162496038
6620.0,90.0,2025-11-19 20:17:32,0,2025-11-25,6642.16015625,0.01984126984126984,2511,0.045,in,6730.533831800775,-0.621148211126735,0.20172531733025556,0.0008074028502379425,-0.01655909178049822
6625.0,80.8,2025-11-19 21:02:24,0,2025-11-25,6642.16015625,0.01984126984126984,2511,0.045,in,6730.533831800775,-0.621148211126735,0.18424170733829032,0.0006735120381533376,-0.015804089857129174
6635.0,83.95,2025-11-19 20:40:45,0,2025-11-25,6642.16015625,0.01984126984126984,2511,0.045,in,6730.533831800775,-0.621148211126735,0.20712943161656136,0.0008512420920992017,-0.01429579394524428
6640.0,75.2,2025-11-19 20:59:00,0,2025-11-25,6642.16015625,0.01984126984126984,2511,0.045,in,6730.533831800775,-0.621148211126735,0.19056531759267187,0.0007205384974046804,-0.013542498241072645
6650.0,69.9,2025-11-19 21:08:14,0,2025-11-25,6642.16015625,0.01984126984126984,2511,0.045,out,6730.533831800775,-0.621148211126735,0.1897914723031707,0.0007146984714088336,-0.01203760706165228
6650.0,118.73,2025-11-20 03:02:36,0,2025-11-26,6642.16015625,0.01984126984126984,2511,0.045,out,6730.533831800775,-0.621148211126735,0.32062130704200836,0.0020396433041532896,-0.01203760706165228
6655.0,70.3,2025-11-19 20:53:10,0,2025-11-25,6642.16015625,0.01984126984126984,2511,0.045,out,6730.533831800775,-0.621148211126735,0.1973536185983151,0.0007727867217033576,-0.011286009882340112
6660.0,65.16,2025-11-19 21:14:33,0,2025-11-25,6642.16015625,0.01984126984126984,2511,0.045,out,6730.533831800775,-0.621148211126735,0.18991913259312246,0.0007156602564469053,-0.010534977177117317
6665.0,64.6,2025-11-19 20:53:06,0,2025-11-25,6642.16015625,0.01984126984126984,2511,0.045,out,6730.533831800775,-0.621148211126735,0.19462311315093017,0.0007515507177095191,-0.00978450809874311
6670.0,62.1,2025-11-19 20:53:13,0,2025-11-25,6642.16015625,0.01984126984126984,2511,0.045,out,6730.533831800775,-0.621148211126735,0.1939741217792401,0.0007465468238100687,-0.009034601801882768
6670.0,103.86,2025-11-20 03:02:15,0,2025-11-26,6642.16015625,0.01984126984126984,2511,0.045,out,6730.533831800775,-0.621148211126735,0.3062029297459493,0.001860322106845293,-0.009034601801882768
6675.0,59.2,2025-11-19 20:53:05,0,2025-11-25,6642.16015625,0.01984126984126984,2511,0.045,out,6730.533831800775,-0.621148211126735,0.19209328210125712,0.0007321394648498639,-0.008285257443101908
6675.0,97.47,2025-11-20 02:35:15,0,2025-11-26,6642.16015625,0.01984126984126984,2511,0.045,out,6730.533831800775,-0.621148211126735,0.29517706909073,0.0017287599626387617,-0.008285257443101908
6680.0,54.89,2025-11-19 20:50:43,0,2025-11-25,6642.16015625,0.01984126984126984,2511,0.045,out,6730.533831800775,-0.621148211126735,0.18621904647070006,0.0006880462950090624,-0.007536474180860682
6685.0,54.86,2025-11-19 20:43:25,0,2025-11-25,6642.16015625,0.01984126984126984,2511,0.045,out,6730.533831800775,-0.621148211126735,0.19182313591071945,0.0007300816561631417,-0.006788251175508556
6690.0,49.8,2025-11-19 20:57:16,0,2025-11-25,6642.16015625,0.01984126984126984,2511,0.045,out,6730.533831800775,-0.621148211126735,0.1835230230941593,0.0006682678572543517,-0.006040587589277992
6695.0,48.97,2025-11-19 20:55:04,0,2025-11-25,6642.16015625,0.01984126984126984,2511,0.045,out,6730.533831800775,-0.621148211126735,0.18666645510048466,0.0006913564575353424,-0.005293482586279261
6705.0,45.03,2025-11-19 20:24:46,0,2025-11-25,6642.16015625,0.01984126984126984,2511,0.045,out,6730.533831800775,-0.621148211126735,0.18622671583812692,0.0006881029700764775,-0.0038009449957732777
6710.0,47.6,2025-11-19 20:38:46,0,2025-11-25,6642.16015625,0.01984126984126984,2511,0.045,out,6730.533831800775,-0.621148211126735,0.19861238008431337,0.0007826761413245189,-0.0030555107458247162
6715.0,49.78,2025-11-19 15:35:38,0,2025-11-25,6642.16015625,0.01984126984126984,2511,0.045,out,6730.533831800775,-0.621148211126735,0.2098810011070355,0.0008740086235256237,-0.0023106317542141495
6720.0,70.76,2025-11-20 03:02:15,0,2025-11-26,6642.16015625,0.01984126984126984,2511,0.045,out,6730.533831800775,-0.621148211126735,0.27370894729811274,0.001486440234742878,-0.0015663071943568876
6730.0,33.8,2025-11-19 20:45:43,0,2025-11-25,6642.16015625,0.01984126984126984,2511,0.045,out,6730.533831800775,-0.621148211126735,0.17816048825579198,0.0006297849122131387,-7.931807277866024e-05
6740.0,28.31,2025-11-19 20:58:07,0,2025-11-25,6642.16015625,0.01984126984126984,2511,0.045,out,6730.533831800775,-0.621148211126735,0.17034314434298303,0.0005757298973145704,0.0014054631948006466
6745.0,26.8,2025-11-19 21:04:47,0,2025-11-25,6642.16015625,0.01984126984126984,2511,0.045,out,6730.533831800775,-0.621148211126735,0.16989830192663097,0.0005727268451895368,0.0021470279303041676
6750.0,25.2,2025-11-19 21:04:47,0,2025-11-25,6642.16015625,0.01984126984126984,2511,0.045,out,6730.533831800775,-0.621148211126735,0.16897661437916103,0.0005665296866476922,0.0028880431550234024
6755.0,23.6,2025-11-19 21:04:47,0,2025-11-25,6642.16015625,0.01984126984126984,2511,0.045,out,6730.533831800775,-0.621148211126735,0.16784861560183853,0.0005589912253859871,0.00362850968274711
6760.0,22.0,2025-11-19 21:04:47,0,2025-11-25,6642.16015625,0.01984126984126984,2511,0.045,out,6730.533831800775,-0.621148211126735,0.166500431103769,0.0005500474912250184,0.004368428325457636
6765.0,19.08,2025-11-19 18:25:01,0,2025-11-25,6642.16015625,0.01984126984126984,2511,0.045,out,6730.533831800775,-0.621148211126735,0.16023066098253277,0.0005094020777559394,0.005107799893336259
6770.0,42.9,2025-11-20 07:08:11,0,2025-11-26,6642.16015625,0.01984126984126984,2511,0.045,out,6730.533831800775,-0.621148211126735,0.24199092255961244,0.0011618969563740545,0.005846625194768505
6775.0,17.5,2025-11-19 21:11:10,0,2025-11-25,6642.16015625,0.01984126984126984,2511,0.045,out,6730.533831800775,-0.621148211126735,0.16207054780498995,0.0005211679060676494,0.006584905036349461
6775.0,41.2,2025-11-20 06:55:17,0,2025-11-26,6642.16015625,0.01984126984126984,2511,0.045,out,6730.533831800775,-0.621148211126735,0.2411725861323004,0.0011540519107488463,0.006584905036349461
6785.0,15.3,2025-11-19 21:04:47,0,2025-11-25,6642.16015625,0.01984126984126984,2511,0.045,out,6730.533831800775,-0.621148211126735,0.16094005357038288,0.000513922635778526,0.008059831557417295
6785.0,37.2,2025-11-20 05:29:32,0,2025-11-26,6642.16015625,0.01984126984126984,2511,0.045,out,6730.533831800775,-0.621148211126735,0.23720980573358527,0.0011164383320667712,0.008059831557417295
6790.0,11.79,2025-11-19 17:46:48,0,2025-11-25,6642.16015625,0.01984126984126984,2511,0.045,out,6730.533831800775,-0.621148211126735,0.14984768770517612,0.00044552241092436486,0.008796479841189574
6795.0,12.9,2025-11-19 20:59:50,0,2025-11-25,6642.16015625,0.01984126984126984,2511,0.045,out,6730.533831800775,-0.621148211126735,0.15807842758737634,0.0004958093108828846,0.009532585873692052
6800.0,31.1,2025-11-20 05:19:37,0,2025-11-26,6642.16015625,0.01984126984126984,2511,0.045,out,6730.533831800775,-0.621148211126735,0.22955092846980985,0.0010455085071696777,0.010268150452646016
6805.0,28.3,2025-11-20 06:54:13,0,2025-11-26,6642.16015625,0.01984126984126984,2511,0.045,out,6730.533831800775,-0.621148211126735,0.22390776913832117,0.0009947358944543596,0.011003174374014378
6810.0,11.6,2025-11-19 20:55:41,0,2025-11-25,6642.16015625,0.01984126984126984,2511,0.045,out,6730.533831800775,-0.621148211126735,0.16242023513255943,0.0005234193012007122,0.011737658432005965
6810.0,26.3,2025-11-20 03:13:31,0,2025-11-26,6642.16015625,0.01984126984126984,2511,0.045,out,6730.533831800775,-0.621148211126735,0.22073058618154234,0.0009667061840485573,0.011737658432005965
6815.0,10.5,2025-11-19 20:22:20,0,2025-11-25,6642.16015625,0.01984126984126984,2511,0.045,out,6730.533831800775,-0.621148211126735,0.1605055136643531,0.0005111511888225761,0.012471603419080888
6815.0,22.8,2025-11-20 01:24:13,0,2025-11-26,6642.16015625,0.01984126984126984,2511,0.045,out,6730.533831800775,-0.621148211126735,0.21172241322903876,0.0008894123068160287,0.012471603419080888
6825.0,8.31,2025-11-19 20:54:34,0,2025-11-25,6642.16015625,0.01984126984126984,2511,0.045,out,6730.533831800775,-0.621148211126735,0.15562569017857428,0.00048054276673725375,0.013937879341608348
6840.0,6.0,2025-11-19 21:10:27,0,2025-11-25,6642.16015625,0.01984126984126984,2511,0.045,out,6730.533831800775,-0.621148211126735,0.15090259894778546,0.00045181734859516226,0.016133269905043962
6840.0,16.34,2025-11-20 03:02:22,0,2025-11-26,6642.16015625,0.01984126984126984,2511,0.045,out,6730.533831800775,-0.621148211126735,0.20362147838734346,0.0008226529059652257,0.016133269905043962
6850.0,13.7,2025-11-20 07:07:11,0,2025-11-26,6642.16015625,0.01984126984126984,2511,0.045,out,6730.533831800775,-0.621148211126735,0.19840511109608425,0.0007810434148620938,0.01759419054471876
6855.0,13.1,2025-11-20 03:07:22,0,2025-11-26,6642.16015625,0.01984126984126984,2511,0.045,out,6730.533831800775,-0.621148211126735,0.19879176213117902,0.0007840905692702235,0.01832385128486253
6860.0,11.5,2025-11-20 06:55:32,0,2025-11-26,6642.16015625,0.01984126984126984,2511,0.045,out,6730.533831800775,-0.621148211126735,0.19404771381863675,0.000747113397584118,0.019052980008378878
6880.0,2.2,2025-11-19 21:12:04,0,2025-11-25,6642.16015625,0.01984126984126984,2511,0.045,out,6730.533831800775,-0.621148211126735,0.13981000646199843,0.00038783408545444526,0.02196419021583725
6895.0,1.4,2025-11-19 20:58:19,0,2025-11-25,6642.16015625,0.01984126984126984,2511,0.045,out,6730.533831800775,-0.621148211126735,0.13568989134245155,0.00036531243278822037,0.02414204951585004
6905.0,1.12,2025-11-19 21:05:00,0,2025-11-25,6642.16015625,0.01984126984126984,2511,0.045,out,6730.533831800775,-0.621148211126735,0.13517313993150376,0.00036253527299487886,0.025591325131840315
6905.0,4.02,2025-11-20 01:24:38,0,2025-11-26,6642.16015625,0.01984126984126984,2511,0.045,out,6730.533831800775,-0.621148211126735,0.17093843302288209,0.000579760870720602,0.025591325131840315
6910.0,0.95,2025-11-19 21:04:46,0,2025-11-25,6642.16015625,0.01984126984126984,2511,0.045,out,6730.533831800775,-0.621148211126735,0.13387928084852446,0.00035562821112139064,0.026315176050163386
6910.0,3.7,2025-11-20 01:29:12,0,2025-11-26,6642.16015625,0.01984126984126984,2511,0.045,out,6730.533831800775,-0.621148211126735,0.17048745344230923,0.0005767057893103879,0.026315176050163386
6915.0,0.87,2025-11-19 21:05:00,0,2025-11-25,6642.16015625,0.01984126984126984,2511,0.045,out,6730.533831800775,-0.621148211126735,0.13420971342999946,0.0003573858567254479,0.027038503387306373
6915.0,3.17,2025-11-20 01:24:38,0,2025-11-26,6642.16015625,0.01984126984126984,2511,0.045,out,6730.533831800775,-0.621148211126735,0.16764918236010876,0.000557663657658988,0.027038503387306373
6920.0,0.7,2025-11-19 21:04:04,0,2025-11-25,6642.16015625,0.01984126984126984,2511,0.045,out,6730.533831800775,-0.621148211126735,0.13206783021098845,0.0003460696781079062,0.027761307900163023
6920.0,2.85,2025-11-20 04:07:06,0,2025-11-26,6642.16015625,0.01984126984126984,2511,0.045,out,6730.533831800775,-0.621148211126735,0.16659139779007895,0.0005506486868581809,0.027761307900163023
6925.0,0.65,2025-11-19 21:06:22,0,2025-11-25,6642.16015625,0.01984126984126984,2511,0.045,out,6730.533831800775,-0.621148211126735,0.13271389127772143,0.000349463828136406,0.028483590343987005
6930.0,0.55,2025-11-19 21:04:13,0,2025-11-25,6642.16015625,0.01984126984126984,2511,0.045,out,6730.533831800775,-0.621148211126735,0.13168684612461384,0.0003440759016318993,0.029205351472396873
6935.0,0.5,2025-11-19 21:06:02,0,2025-11-25,6642.16015625,0.01984126984126984,2511,0.045,out,6730.533831800775,-0.621148211126735,0.1319784577418375,0.0003456014545221029,0.029926592037379903
6940.0,0.45,2025-11-19 21:06:28,0,2025-11-25,6642.16015625,0.01984126984126984,2511,0.045,out,6730.533831800775,-0.621148211126735,0.13210679409143095,0.0003462739096253122,0.03064731278929811
6945.0,0.4,2025-11-19 21:06:29,0,2025-11-25,6642.16015625,0.01984126984126984,2511,0.045,out,6730.533831800775,-0.621148211126735,0.13204293122734662,0.0003459392001410672,0.031367514476892046
6955.0,0.4,2025-11-19 20:24:13,0,2025-11-25,6642.16015625,0.01984126984126984,2511,0.045,out,6730.533831800775,-0.621148211126735,0.13582797102378233,0.0003660563038182034,0.03280636364599116
6955.0,1.35,2025-11-20 04:36:18,0,2025-11-26,6642.16015625,0.01984126984126984,2511,0.045,out,6730.533831800775,-0.621148211126735,0.16112452698667143,0.0005151014523150517,0.03280636364599116
6960.0,1.0,2025-11-20 01:16:24,0,2025-11-26,6642.16015625,0.01984126984126984,2511,0.045,out,6730.533831800775,-0.621148211126735,0.15594290667769686,0.00048250377268033477,0.03352501261691319
6965.0,0.35,2025-11-19 20:27:12,0,2025-11-25,6642.16015625,0.01984126984126984,2511,0.045,out,6730.533831800775,-0.621148211126735,0.1373321462862108,0.0003742086984836746,0.03424314550235392
6970.0,0.25,2025-11-19 19:57:46,0,2025-11-25,6642.16015625,0.01984126984126984,2511,0.045,out,6730.533831800775,-0.621148211126735,0.13380716916983412,0.0003552452087548533,0.034960763043017394
6975.0,0.25,2025-11-19 20:24:08,0,2025-11-25,6642.16015625,0.01984126984126984,2511,0.045,out,6730.533831800775,-0.621148211126735,0.13559887094625936,0.0003648224960694504,0.03567786597801419
6980.0,0.2,2025-11-19 19:58:37,0,2025-11-25,6642.16015625,0.01984126984126984,2511,0.045,out,6730.533831800775,-0.621148211126735,0.13402398936339882,0.0003563974151761992,0.03639445504486595
6985.0,0.2,2025-11-19 19:57:33,0,2025-11-25,6642.16015625,0.01984126984126984,2511,0.045,out,6730.533831800775,-0.621148211126735,0.13577276092703625,0.0003657587819394869,0.03711053097950997
6990.0,0.15,2025-11-19 20:59:08,0,2025-11-25,6642.16015625,0.01984126984126984,2511,0.045,out,6730.533831800775,-0.621148211126735,0.13338874863169356,0.0003530269496335145,0.0378260945163037
7000.0,0.2,2025-11-19 20:55:41,0,2025-11-25,6642.16015625,0.01984126984126984,2511,0.045,out,6730.533831800775,-0.621148211126735,0.1409976025053135,0.00039445087127472995,0.0392556873258983
7010.0,0.15,2025-11-19 20:45:53,0,2025-11-25,6642.16015625,0.01984126984126984,2511,0.045,out,6730.533831800775,-0.621148211126735,0.1401645904513382,0.00038980381778554293,0.04068323931708368
7020.0,0.1,2025-11-19 20:59:10,0,2025-11-25,6642.16015625,0.01984126984126984,2511,0.045,out,6730.533831800775,-0.621148211126735,0.13788341975099988,0.00037721899686965124,0.042108756308304685
7025.0,0.1,2025-11-19 19:57:21,0,2025-11-25,6642.16015625,0.01984126984126984,2511,0.045,out,6730.533831800775,-0.621148211126735,0.13950820907877715,0.00038616151588031345,0.042820753490394374
7030.0,0.1,2025-11-19 19:57:21,0,2025-11-25,6642.16015625,0.01984126984126984,2511,0.045,out,6730.533831800775,-0.621148211126735,0.1411300708021635,0.0003951923985044381,0.04353224409315844
7030.0,0.25,2025-11-20 01:35:47,0,2025-11-26,6642.16015625,0.01984126984126984,2511,0.045,out,6730.533831800775,-0.621148211126735,0.15506367885033653,0.0004770782638611172,0.04353224409315844
7040.0,0.1,2025-11-19 19:57:21,0,2025-11-25,6642.16015625,0.01984126984126984,2511,0.045,out,6730.533831800775,-0.621148211126735,0.14436513647941146,0.0004135177109269662,0.0449537084405359
7075.0,0.1,2025-11-18 20:06:17,0,2025-11-24,6642.16015625,0.01984126984126984,2511,0.045,out,6730.533831800775,-0.621148211126735,0.15560001279503607,0.00048038420598840053,0.04991298179988629
7075.0,0.1,2025-11-19 20:46:06,0,2025-11-25,6642.16015625,0.01984126984126984,2511,0.045,out,6730.533831800775,-0.621148211126735,0.15560001279503607,0.00048038420598840053,0.04991298179988629
7100.0,0.1,2025-11-20 02:02:35,0,2025-11-26,6642.16015625,0.01984126984126984,2511,0.045,out,6730.533831800775,-0.621148211126735,0.163544957244411,0.0005306935126999251,0.05344032231785462
7125.0,0.13,2025-11-19 14:32:54,0,2025-11-25,6642.16015625,0.01984126984126984,2511,0.045,out,6730.533831800775,-0.621148211126735,0.175723510735945,0.000612673655265194,0.05695526442529903
7150.0,0.1,2025-11-19 14:34:26,0,2025-11-25,6642.16015625,0.01984126984126984,2511,0.045,out,6730.533831800775,-0.621148211126735,0.17924755275361598,0.0006374937533365147,0.060457894976501225
5740.0,947.06,2025-11-14 14:42:02,0,2025-11-21,6642.16015625,0.023809523809523808,2511,0.045,in,6730.533831800775,-0.5101235092722791,0.774177532334408,0.01427025837074746,-0.15919525139794005
5800.0,984.4,2025-11-13 17:30:59,0,2025-11-20,6642.16015625,0.023809523809523808,2511,0.045,in,6730.533831800775,-0.5101235092722791,1.1390191586011011,0.03088963437286572,-0.14879654417704144
6100.0,685.8,2025-11-13 17:30:59,0,2025-11-20,6642.16015625,0.023809523809523808,2511,0.045,in,6730.533831800775,-0.5101235092722791,0.8789982313868975,0.01839614025669747,-0.09836569055014953
6200.0,463.71,2025-11-17 20:26:20,0,2025-11-24,6642.16015625,0.023809523809523808,2511,0.045,in,6730.533831800775,-0.5101235092722791,0.3439864685962098,0.002817302156602172,-0.08210516967836923
6275.0,384.27,2025-11-18 19:23:59,0,2025-11-25,6642.16015625,0.023809523809523808,2511,0.045,in,6730.533831800775,-0.5101235092722791,0.2721601086576259,0.0017635982082031129,-0.07008097671156754
6300.0,359.9,2025-11-17 19:56:13,0,2025-11-24,6642.16015625,0.023809523809523808,2511,0.045,in,6730.533831800775,-0.5101235092722791,0.26167325558037496,0.0016303069687150533,-0.0661048283319281
6315.0,435.1,2025-11-14 19:08:55,0,2025-11-21,6642.16015625,0.023809523809523808,2511,0.045,in,6730.533831800775,-0.5101235092722791,0.5791265108891785,0.007985417038444615,-0.0637267059269606
6330.0,428.45,2025-11-13 19:34:37,0,2025-11-20,6642.16015625,0.023809523809523808,2511,0.045,in,6730.533831800775,-0.5101235092722791,0.5902253197255949,0.008294426858218587,-0.06135422557333027
6360.0,399.15,2025-11-13 19:34:37,0,2025-11-20,6642.16015625,0.023809523809523808,2511,0.045,in,6730.533831800775,-0.5101235092722791,0.5649606100084542,0.007599535496693445,-0.056626084377384305
6400.0,260.0,2025-11-19 21:02:11,0,2025-11-26,6642.16015625,0.023809523809523808,2511,0.045,in,6730.533831800775,-0.5101235092722791,0.20297185958111247,0.0009808946614717818,-0.05035647136378893
6470.0,220.6,2025-11-17 20:47:56,0,2025-11-24,6642.16015625,0.023809523809523808,2511,0.045,in,6730.533831800775,-0.5101235092722791,0.26855065033805237,0.0017171298046902586,-0.03947835321660592
6500.0,180.8,2025-11-19 14:35:21,0,2025-11-26,6642.16015625,0.023809523809523808,2511,0.045,in,6730.533831800775,-0.5101235092722791,0.21413776023012054,0.0010917852465802999,-0.034852284827823675
6505.0,224.15,2025-11-14 15:20:02,0,2025-11-21,6642.16015625,0.023809523809523808,2511,0.045,in,6730.533831800775,-0.5101235092722791,0.34740197625795133,0.002873526978760242,-0.03408334976494652
6530.0,168.8,2025-11-19 20:20:08,0,2025-11-26,6642.16015625,0.023809523809523808,2511,0.045,in,6730.533831800775,-0.5101235092722791,0.24163610099025953,0.001390190602423212,-0.0302475184410754
6540.0,146.5,2025-11-19 20:11:55,0,2025-11-26,6642.16015625,0.023809523809523808,2511,0.045,in,6730.533831800775,-0.5101235092722791,0.1982869921160387,0.0009361364581529999,-0.028717296260307796
6550.0,139.8,2025-11-19 20:12:26,0,2025-11-26,6642.16015625,0.023809523809523808,2511,0.045,in,6730.533831800775,-0.5101235092722791,0.19887571449194047,0.0009417035670161862,-0.027189412082254498
6570.0,122.4,2025-11-19 16:33:52,0,2025-11-26,6642.16015625,0.023809523809523808,2511,0.045,in,6730.533831800775,-0.5101235092722791,0.1878769972514253,0.0008404230022907635,-0.024140629232895974
6575.0,121.3,2025-11-19 16:19:30,0,2025-11-26,6642.16015625,0.023809523809523808,2511,0.045,in,6730.533831800775,-0.5101235092722791,0.1935600230732251,0.0008920352983835102,-0.023379883665586885
6580.0,119.97,2025-11-18 19:28:57,0,2025-11-25,6642.16015625,0.023809523809523808,2511,0.045,in,6730.533831800775,-0.5101235092722791,0.19838456344430025,0.000937057976499657,-0.022619716392189203
6580.0,112.2,2025-11-19 20:02:10,0,2025-11-26,6642.16015625,0.023809523809523808,2511,0.045,in,6730.533831800775,-0.5101235092722791,0.17799174483084879,0.0007543109816173805,-0.022619716392189203
6595.0,106.5,2025-11-19 18:03:11,0,2025-11-26,6642.16015625,0.023809523809523808,2511,0.045,in,6730.533831800775,-0.5101235092722791,0.18748955972782785,0.0008369603573079698,-0.020342675560137167
6620.0,91.8,2025-11-19 21:03:31,0,2025-11-26,6642.16015625,0.023809523809523808,2511,0.045,in,6730.533831800775,-0.5101235092722791,0.18698881720148647,0.0008324956609145457,-0.01655909178049822
6625.0,88.7,2025-11-19 21:03:29,0,2025-11-26,6642.16015625,0.023809523809523808,2511,0.045,in,6730.533831800775,-0.5101235092722791,0.186115864829411,0.0008247408366952282,-0.015804089857129174
6635.0,82.7,2025-11-19 21:03:31,0,2025-11-26,6642.16015625,0.023809523809523808,2511,0.045,in,6730.533831800775,-0.5101235092722791,0.18449502814340044,0.0008104384621341456,-0.01429579394524428
6640.0,83.8,2025-11-19 21:06:28,0,2025-11-26,6642.16015625,0.023809523809523808,2511,0.045,in,6730.533831800775,-0.5101235092722791,0.19354478482278129,0.0008918948507642073,-0.013542498241072645
6645.0,81.9,2025-11-19 20:54:07,0,2025-11-26,6642.16015625,0.023809523809523808,2511,0.045,out,6730.533831800775,-0.5101235092722791,0.1951004103637493,0.0009062897648596043,-0.01278976956420638
6655.0,71.3,2025-11-19 21:03:29,0,2025-11-26,6642.16015625,0.023809523809523808,2511,0.045,out,6730.533831800775,-0.5101235092722791,0.18120806307304343,0.0007818181457781925,-0.011286009882340112
6660.0,68.5,2025-11-19 21:03:29,0,2025-11-26,6642.16015625,0.023809523809523808,2511,0.045,out,6730.533831800775,-0.5101235092722791,0.18018354919007554,0.0007730026523507707,-0.010534977177117317
6665.0,70.5,2025-11-19 20:54:07,0,2025-11-26,6642.16015625,0.023809523809523808,2511,0.045,out,6730.533831800775,-0.5101235092722791,0.19079201852147717,0.0008667046269404688,-0.00978450809874311
6680.0,62.4,2025-11-19 20:54:07,0,2025-11-26,6642.16015625,0.023809523809523808,2511,0.045,out,6730.533831800775,-0.5101235092722791,0.1873295107976353,0.0008355320384686037,-0.007536474180860682
6685.0,59.8,2025-11-19 20:54:07,0,2025-11-26,6642.16015625,0.023809523809523808,2511,0.045,out,6730.533831800775,-0.5101235092722791,0.18615594155569765,0.0008250960613449598,-0.006788251175508556
6690.0,56.8,2025-11-19 20:54:21,0,2025-11-26,6642.16015625,0.023809523809523808,2511,0.045,out,6730.533831800775,-0.5101235092722791,0.18384655374571804,0.000804751317242314,-0.006040587589277992
6695.0,50.8,2025-11-19 21:03:29,0,2025-11-26,6642.16015625,0.023809523809523808,2511,0.045,out,6730.533831800775,-0.5101235092722791,0.17383774454683976,0.0007195133673602932,-0.005293482586279261
6700.0,48.5,2025-11-19 21:03:29,0,2025-11-26,6642.16015625,0.023809523809523808,2511,0.045,out,6730.533831800775,-0.5101235092722791,0.17292770870965407,0.0007119998199897849,-0.004546935332494732
6705.0,50.1,2025-11-19 20:54:07,0,2025-11-26,6642.16015625,0.023809523809523808,2511,0.045,out,6730.533831800775,-0.5101235092722791,0.18182148056001982,0.0007871202569770872,-0.0038009449957732777
6710.0,47.7,2025-11-19 20:54:07,0,2025-11-26,6642.16015625,0.023809523809523808,2511,0.045,out,6730.533831800775,-0.5101235092722791,0.18043894063601623,0.000775195507091614,-0.0030555107458247162
6715.0,42.03,2025-11-19 21:03:19,0,2025-11-26,6642.16015625,0.023809523809523808,2511,0.045,out,6730.533831800775,-0.5101235092722791,0.17039401980111016,0.0006912886186662172,-0.0023106317542141495
6725.0,41.1,2025-11-19 20:54:07,0,2025-11-26,6642.16015625,0.023809523809523808,2511,0.045,out,6730.533831800775,-0.5101235092722791,0.17692368938000078,0.0007452855205674048,-0.0008225362415122767
6730.0,37.9,2025-11-19 21:05:47,0,2025-11-26,6642.16015625,0.023809523809523808,2511,0.045,out,6730.533831800775,-0.5101235092722791,0.1727437936952729,0.0007104861490532143,-7.931807277866024e-05
6735.0,37.1,2025-11-19 20:54:12,0,2025-11-26,6642.16015625,0.023809523809523808,2511,0.045,out,6730.533831800775,-0.5101235092722791,0.17485893209153291,0.0007279915745759837,0.0006633481329123047
6740.0,34.68,2025-11-19 21:14:00,0,2025-11-26,6642.16015625,0.023809523809523808,2511,0.045,out,6730.533831800775,-0.5101235092722791,0.17242263758958554,0.0007078468084130846,0.0014054631948006466
6745.0,33.1,2025-11-19 20:54:09,0,2025-11-26,6642.16015625,0.023809523809523808,2511,0.045,out,6730.533831800775,-0.5101235092722791,0.17213454159328986,0.0007054833430840961,0.0021470279303041676
6750.0,30.15,2025-11-19 22:19:54,0,2025-11-26,6642.16015625,0.023809523809523808,2511,0.045,out,6730.533831800775,-0.5101235092722791,0.16778005339416738,0.0006702415789749918,0.0028880431550234024
6755.0,29.7,2025-11-19 20:54:03,0,2025-11-26,6642.16015625,0.023809523809523808,2511,0.045,out,6730.533831800775,-0.5101235092722791,0.17042132989170924,0.0006915102305252093,0.00362850968274711
6760.0,27.2,2025-11-19 20:59:30,0,2025-11-26,6642.16015625,0.023809523809523808,2511,0.045,out,6730.533831800775,-0.5101235092722791,0.16693577591010467,0.0006635131733025876,0.004368428325457636
6765.0,26.0,2025-11-19 20:54:19,0,2025-11-26,6642.16015625,0.023809523809523808,2511,0.045,out,6730.533831800775,-0.5101235092722791,0.16711317991133245,0.0006649241642875563,0.005107799893336259
6780.0,21.8,2025-11-19 20:54:12,0,2025-11-26,6642.16015625,0.023809523809523808,2511,0.045,out,6730.533831800775,-0.5101235092722791,0.16488482751922082,0.0006473096749057904,0.007322640222889048
6790.0,18.28,2025-11-19 20:59:02,0,2025-11-26,6642.16015625,0.023809523809523808,2511,0.045,out,6730.533831800775,-0.5101235092722791,0.1600006437163334,0.0006095287140390728,0.008796479841189574
6795.0,17.15,2025-11-19 20:57:12,0,2025-11-26,6642.16015625,0.023809523809523808,2511,0.045,out,6730.533831800775,-0.5101235092722791,0.1593673694348614,0.0006047132962044665,0.009532585873692052
6820.0,10.6,2025-11-19 21:01:38,0,2025-11-26,6642.16015625,0.023809523809523808,2511,0.045,out,6730.533831800775,-0.5101235092722791,0.14919014765908617,0.0005299452418699984,0.013205010125955666
6825.0,10.3,2025-11-19 21:00:28,0,2025-11-26,6642.16015625,0.023809523809523808,2511,0.045,out,6730.533831800775,-0.5101235092722791,0.15077106335852936,0.0005412360368157541,0.013937879341608348
6830.0,9.4,2025-11-19 21:04:01,0,2025-11-26,6642.16015625,0.023809523809523808,2511,0.045,out,6730.533831800775,-0.5101235092722791,0.1494798520349584,0.0005320053848665013,0.014670211853283597
6835.0,9.1,2025-11-19 21:06:17,0,2025-11-26,6642.16015625,0.023809523809523808,2511,0.045,out,6730.533831800775,-0.5101235092722791,0.15087128922231122,0.0005419558550381495,0.015402008446497768
6845.0,7.6,2025-11-19 21:06:17,0,2025-11-26,6642.16015625,0.023809523809523808,2511,0.045,out,6730.533831800775,-0.5101235092722791,0.14874928392776054,0.0005268178445005124,0.016863997010997063
6865.0,5.18,2025-11-19 20:57:14,0,2025-11-26,6642.16015625,0.023809523809523808,2511,0.045,out,6730.533831800775,-0.5101235092722791,0.14476098793877085,0.0004989462768811657,0.019781577490519377
6870.0,4.66,2025-11-19 20:57:14,0,2025-11-26,6642.16015625,0.023809523809523808,2511,0.045,out,6730.533831800775,-0.5101235092722791,0.14364901284053785,0.0004913104497633573,0.02050964450484296
6875.0,4.29,2025-11-19 21:14:01,0,2025-11-26,6642.16015625,0.023809523809523808,2511,0.045,out,6730.533831800775,-0.5101235092722791,0.14337353374080292,0.0004894278613648845,0.021237181823219962
6880.0,3.89,2025-11-19 21:14:01,0,2025-11-26,6642.16015625,0.023809523809523808,2511,0.045,out,6730.533831800775,-0.5101235092722791,0.14266508443673148,0.00048460300755570764,0.02196419021583725
6885.0,2.9,2025-11-19 21:02:09,0,2025-11-26,6642.16015625,0.023809523809523808,2511,0.045,out,6730.533831800775,-0.5101235092722791,0.1364063000282117,0.00044301615922348814,0.022690670451203106
6890.0,3.09,2025-11-19 21:14:00,0,2025-11-26,6642.16015625,0.023809523809523808,2511,0.045,out,6730.533831800775,-0.5101235092722791,0.14044932885179676,0.00046966699940286064,0.023416623296152125
6895.0,2.85,2025-11-19 21:13:54,0,2025-11-26,6642.16015625,0.023809523809523808,2511,0.045,out,6730.533831800775,-0.5101235092722791,0.1404279638068092,0.00046952411949825024,0.02414204951585004
6900.0,2.45,2025-11-19 21:07:27,0,2025-11-26,6642.16015625,0.023809523809523808,2511,0.045,out,6730.533831800775,-0.5101235092722791,0.13854866999794344,0.0004570412847190245,0.02486694987379859
6925.0,1.05,2025-11-19 21:01:33,0,2025-11-26,6642.16015625,0.023809523809523808,2511,0.045,out,6730.533831800775,-0.5101235092722791,0.1294724321546345,0.00039912168304848654,0.028483590343987005
6930.0,1.4,2025-11-19 20:55:37,0,2025-11-26,6642.16015625,0.023809523809523808,2511,0.045,out,6730.533831800775,-0.5101235092722791,0.13751759090936905,0.0004502639954646804,0.029205351472396873
6935.0,0.95,2025-11-19 20:59:28,0,2025-11-26,6642.16015625,0.023809523809523808,2511,0.045,out,6730.533831800775,-0.5101235092722791,0.13134157872829744,0.00041072881673432266,0.029926592037379903
6940.0,0.85,2025-11-19 21:04:46,0,2025-11-26,6642.16015625,0.023809523809523808,2511,0.045,out,6730.533831800775,-0.5101235092722791,0.13108240157013673,0.0004091094286046329,0.03064731278929811
6945.0,0.75,2025-11-19 21:04:23,0,2025-11-26,6642.16015625,0.023809523809523808,2511,0.045,out,6730.533831800775,-0.5101235092722791,0.13059638596248027,0.00040608133396335987,0.031367514476892046
6950.0,0.65,2025-11-19 20:59:28,0,2025-11-26,6642.16015625,0.023809523809523808,2511,0.045,out,6730.533831800775,-0.5101235092722791,0.1298340737171473,0.0004013544451902295,0.032087197847285705
6965.0,0.5,2025-11-19 21:13:50,0,2025-11-26,6642.16015625,0.023809523809523808,2511,0.045,out,6730.533831800775,-0.5101235092722791,0.13064269414267904,0.00040636936982994245,0.03424314550235392
6970.0,0.45,2025-11-19 21:14:00,0,2025-11-26,6642.16015625,0.023809523809523808,2511,0.045,out,6730.533831800775,-0.5101235092722791,0.1306280463337022,0.00040627824973713927,0.034960763043017394
6975.0,0.4,2025-11-19 21:14:00,0,2025-11-26,6642.16015625,0.023809523809523808,2511,0.045,out,6730.533831800775,-0.5101235092722791,0.13042996982020863,0.0004050470720785841,0.03567786597801419
6980.0,0.35,2025-11-19 21:06:28,0,2025-11-26,6642.16015625,0.023809523809523808,2511,0.045,out,6730.533831800775,-0.5101235092722791,0.1300104146211207,0.00040244542642751697,0.03639445504486595
6985.0,0.4,2025-11-19 20:50:19,0,2025-11-26,6642.16015625,0.023809523809523808,2511,0.045,out,6730.533831800775,-0.5101235092722791,0.1338389709896818,0.00042649690846611636,0.03711053097950997
6990.0,0.35,2025-11-19 20:50:44,0,2025-11-26,6642.16015625,0.023809523809523808,2511,0.045,out,6730.533831800775,-0.5101235092722791,0.1333685980867689,0.0004235043560864309,0.0378260945163037
7000.0,0.2,2025-11-19 21:06:42,0,2025-11-26,6642.16015625,0.023809523809523808,2511,0.045,out,6730.533831800775,-0.5101235092722791,0.12831628585348331,0.0003920254575055438,0.0392556873258983
7010.0,0.25,2025-11-19 20:50:18,0,2025-11-26,6642.16015625,0.023809523809523808,2511,0.045,out,6730.533831800775,-0.5101235092722791,0.1347341598189196,0.00043222128147881345,0.04068323931708368
7020.0,0.2,2025-11-19 20:50:23,0,2025-11-26,6642.16015625,0.023809523809523808,2511,0.045,out,6730.533831800775,-0.5101235092722791,0.13463349946901326,0.0004315756947445903,0.042108756308304685
7025.0,0.15,2025-11-19 20:59:28,0,2025-11-26,6642.16015625,0.023809523809523808,2511,0.045,out,6730.533831800775,-0.5101235092722791,0.1321758370225964,0.0004159631403005705,0.042820753490394374
7040.0,0.15,2025-11-19 19:58:51,0,2025-11-26,6642.16015625,0.023809523809523808,2511,0.045,out,6730.533831800775,-0.5101235092722791,0.13675947733861027,0.00044531320576023467,0.0449537084405359
7050.0,0.15,2025-11-19 20:50:48,0,2025-11-26,6642.16015625,0.023809523809523808,2511,0.045,out,6730.533831800775,-0.5101235092722791,0.13980136228900117,0.00046534335471096563,0.04637315509476212
7075.0,0.1,2025-11-19 20:59:17,0,2025-11-26,6642.16015625,0.023809523809523808,2511,0.045,out,6730.533831800775,-0.5101235092722791,0.14167465961191525,0.00047789783752742976,0.04991298179988629
7100.0,0.15,2025-11-18 20:00:33,0,2025-11-25,6642.16015625,0.023809523809523808,2511,0.045,out,6730.533831800775,-0.5101235092722791,0.1548525389383557,0.0005709359241822612,0.05344032231785462
7125.0,0.1,2025-11-19 19:17:00,0,2025-11-26,6642.16015625,0.023809523809523808,2511,0.045,out,6730.533831800775,-0.5101235092722791,0.156125582580764,0.0005803618460995943,0.05695526442529903
7150.0,0.1,2025-11-19 19:29:24,0,2025-11-26,6642.16015625,0.023809523809523808,2511,0.045,out,6730.533831800775,-0.5101235092722791,0.16326659530831023,0.0006346662177039892,0.060457894976501225
5525.0,1240.54,2025-11-13 18:06:36,0,2025-11-21,6642.16015625,0.027777777777777776,2511,0.045,in,6730.533831800775,-0.43082015080481073,1.204354159612081,0.040290803938192274,-0.19737121432559854
5670.0,1141.25,2025-11-13 14:56:00,0,2025-11-21,6642.16015625,0.027777777777777776,2511,0.045,in,6730.533831800775,-0.43082015080481073,1.2479988312401515,0.04326391896602178,-0.1714653439897544
6190.0,601.11,2025-11-13 16:02:43,0,2025-11-21,6642.16015625,0.027777777777777776,2511,0.045,in,6730.533831800775,-0.43082015080481073,0.7512642903358869,0.015677723164830105,-0.08371937503291033
6415.0,363.05,2025-11-13 16:57:57,0,2025-11-21,6642.16015625,0.027777777777777776,2511,0.045,in,6730.533831800775,-0.43082015080481073,0.5218353325548516,0.007564225397295349,-0.04801546366181529
6450.0,296.62,2025-11-20 07:09:13,0,2025-11-28,6642.16015625,0.027777777777777776,2511,0.045,in,6730.533831800775,-0.43082015080481073,0.41157119573399087,0.004705301365497417,-0.042574330921733926
6455.0,298.8,2025-11-13 20:14:41,0,2025-11-21,6642.16015625,0.027777777777777776,2511,0.045,in,6730.533831800775,-0.43082015080481073,0.42534217328220514,0.005025443454789706,-0.04179943743080924
6480.0,218.87,2025-11-17 19:25:59,0,2025-11-25,6642.16015625,0.027777777777777776,2511,0.045,in,6730.533831800775,-0.43082015080481073,0.2617518138063006,0.001903167000858007,-0.037933951365231706
6515.0,256.38,2025-11-13 18:25:18,0,2025-11-21,6642.16015625,0.027777777777777776,2511,0.045,in,6730.533831800775,-0.43082015080481073,0.41353150740050076,0.004750230767025845,-0.0325472511526066
6530.0,170.83,2025-11-17 20:45:18,0,2025-11-25,6642.16015625,0.027777777777777776,2511,0.045,in,6730.533831800775,-0.43082015080481073,0.22689527400356874,0.001430040704587626,-0.0302475184410754
6600.0,159.47,2025-11-20 03:46:39,0,2025-11-28,6642.16015625,0.027777777777777776,2511,0.045,in,6730.533831800775,-0.43082015080481073,0.3017564788069712,0.0025293603472772794,-0.019584812697035246
6660.0,114.55,2025-11-20 02:45:21,0,2025-11-28,6642.16015625,0.027777777777777776,2511,0.045,out,6730.533831800775,-0.43082015080481073,0.269844850928128,0.0020226734325673222,-0.010534977177117317
6675.0,102.98,2025-11-20 03:46:39,0,2025-11-28,6642.16015625,0.027777777777777776,2511,0.045,out,6730.533831800775,-0.43082015080481073,0.25951586151151074,0.0018707911771128226,-0.008285257443101908
6680.0,103.42,2025-11-20 03:51:27,0,2025-11-28,6642.16015625,0.027777777777777776,2511,0.045,out,6730.533831800775,-0.43082015080481073,0.26566568590856054,0.0019605071297018315,-0.007536474180860682
6720.0,76.06,2025-11-20 03:37:34,0,2025-11-28,6642.16015625,0.027777777777777776,2511,0.045,out,6730.533831800775,-0.43082015080481073,0.24154006825217464,0.0016206001269795883,-0.0015663071943568876
6725.0,71.02,2025-11-20 01:33:34,0,2025-11-28,6642.16015625,0.027777777777777776,2511,0.045,out,6730.533831800775,-0.43082015080481073,0.23425704441229334,0.0015243434126884212,-0.0008225362415122767
6735.0,66.8,2025-11-20 06:15:56,0,2025-11-28,6642.16015625,0.027777777777777776,2511,0.045,out,6730.533831800775,-0.43082015080481073,0.233083136668091,0.0015091041277509995,0.0006633481329123047
6750.0,59.89,2025-11-20 04:34:30,0,2025-11-28,6642.16015625,0.027777777777777776,2511,0.045,out,6730.533831800775,-0.43082015080481073,0.22921152266919617,0.001459386725675873,0.0028880431550234024
6755.0,56.32,2025-11-20 05:35:17,0,2025-11-28,6642.16015625,0.027777777777777776,2511,0.045,out,6730.533831800775,-0.43082015080481073,0.22460807856366438,0.0014013552487794785,0.00362850968274711
6775.0,46.22,2025-11-20 03:26:17,0,2025-11-28,6642.16015625,0.027777777777777776,2511,0.045,out,6730.533831800775,-0.43082015080481073,0.21502195826545326,0.0012842900704530644,0.006584905036349461
6795.0,33.9,2025-11-20 01:15:02,0,2025-11-28,6642.16015625,0.027777777777777776,2511,0.045,out,6730.533831800775,-0.43082015080481073,0.19679173349250445,0.0010757496214162472,0.009532585873692052
6800.0,34.9,2025-11-20 04:35:55,0,2025-11-28,6642.16015625,0.027777777777777776,2511,0.045,out,6730.533831800775,-0.43082015080481073,0.2030452678567748,0.0011452050221952615,0.010268150452646016
6805.0,31.58,2025-11-20 02:06:22,0,2025-11-28,6642.16015625,0.027777777777777776,2511,0.045,out,6730.533831800775,-0.43082015080481073,0.1971191919519023,0.0010793326621047472,0.011003174374014378
6810.0,28.33,2025-11-20 01:15:50,0,2025-11-28,6642.16015625,0.027777777777777776,2511,0.045,out,6730.533831800775,-0.43082015080481073,0.19102107727554818,0.001013584776764193,0.011737658432005965
6820.0,25.52,2025-11-20 01:25:20,0,2025-11-28,6642.16015625,0.027777777777777776,2511,0.045,out,6730.533831800775,-0.43082015080481073,0.1890400165089911,0.0009926702178255453,0.013205010125955666
6825.0,25.04,2025-11-20 06:58:48,0,2025-11-28,6642.16015625,0.027777777777777776,2511,0.045,out,6730.533831800775,-0.43082015080481073,0.19072844446709078,0.0010104816535787813,0.013937879341608348
6830.0,23.39,2025-11-20 06:58:48,0,2025-11-28,6642.16015625,0.027777777777777776,2511,0.045,out,6730.533831800775,-0.43082015080481073,0.18864987306978873,0.0009885770724790944,0.014670211853283597
6840.0,20.51,2025-11-20 06:43:19,0,2025-11-28,6642.16015625,0.027777777777777776,2511,0.045,out,6730.533831800775,-0.43082015080481073,0.18528118461938414,0.0009535865937211753,0.016133269905043962
6850.0,16.25,2025-11-20 06:27:11,0,2025-11-28,6642.16015625,0.027777777777777776,2511,0.045,out,6730.533831800775,-0.43082015080481073,0.1760703488944184,0.0008611324377722838,0.01759419054471876
6855.0,16.4,2025-11-20 06:42:56,0,2025-11-28,6642.16015625,0.027777777777777776,2511,0.045,out,6730.533831800775,-0.43082015080481073,0.17946113596108695,0.0008946194255678814,0.01832385128486253
6860.0,13.64,2025-11-20 01:23:00,0,2025-11-28,6642.16015625,0.027777777777777776,2511,0.045,out,6730.533831800775,-0.43082015080481073,0.17157710407006285,0.0008177417400296993,0.019052980008378878
6870.0,11.76,2025-11-20 01:25:20,0,2025-11-28,6642.16015625,0.027777777777777776,2511,0.045,out,6730.533831800775,-0.43082015080481073,0.1691018676289781,0.0007943178232113453,0.02050964450484296
6880.0,10.11,2025-11-20 02:49:17,0,2025-11-28,6642.16015625,0.027777777777777776,2511,0.045,out,6730.533831800775,-0.43082015080481073,0.16684944087003659,0.0007732982199623287,0.02196419021583725
6885.0,9.2,2025-11-20 04:18:42,0,2025-11-28,6642.16015625,0.027777777777777776,2511,0.045,out,6730.533831800775,-0.43082015080481073,0.16499563112678373,0.0007562099525257133,0.022690670451203106
6890.0,8.72,2025-11-20 06:43:19,0,2025-11-28,6642.16015625,0.027777777777777776,2511,0.045,out,6730.533831800775,-0.43082015080481073,0.16506898447083473,0.0007568824898397966,0.023416623296152125
6895.0,7.9,2025-11-20 06:46:41,0,2025-11-28,6642.16015625,0.027777777777777776,2511,0.045,out,6730.533831800775,-0.43082015080481073,0.16322136176327376,0.0007400336926627079,0.02414204951585004
6900.0,6.6,2025-11-20 03:47:55,0,2025-11-28,6642.16015625,0.027777777777777776,2511,0.045,out,6730.533831800775,-0.43082015080481073,0.15829384172268782,0.0006960261202035372,0.02486694987379859
6920.0,4.34,2025-11-20 02:36:25,0,2025-11-28,6642.16015625,0.027777777777777776,2511,0.045,out,6730.533831800775,-0.43082015080481073,0.15232051620607823,0.0006444872127023927,0.027761307900163023
6940.0,2.75,2025-11-20 02:45:10,0,2025-11-28,6642.16015625,0.027777777777777776,2511,0.045,out,6730.533831800775,-0.43082015080481073,0.14689780498941615,0.0005994156975196816,0.03064731278929811
6950.0,2.24,2025-11-20 02:36:25,0,2025-11-28,6642.16015625,0.027777777777777776,2511,0.045,out,6730.533831800775,-0.43082015080481073,0.14534272393067918,0.0005867918722108228,0.032087197847285705
6990.0,0.95,2025-11-20 03:03:45,0,2025-11-28,6642.16015625,0.027777777777777776,2511,0.045,out,6730.533831800775,-0.43082015080481073,0.14031824387786265,0.0005469224879157594,0.0378260945163037
7000.0,0.7,2025-11-20 06:12:32,0,2025-11-28,6642.16015625,0.027777777777777776,2511,0.045,out,6730.533831800775,-0.43082015080481073,0.1377644879211784,0.0005271959481162363,0.0392556873258983
7005.0,0.68,2025-11-20 01:15:40,0,2025-11-28,6642.16015625,0.027777777777777776,2511,0.045,out,6730.533831800775,-0.43082015080481073,0.13887588554363461,0.0005357364329313527,0.039969718059555306
7015.0,0.55,2025-11-20 01:15:40,0,2025-11-28,6642.16015625,0.027777777777777776,2511,0.045,out,6730.533831800775,-0.43082015080481073,0.13827639784683524,0.0005311211722637849,0.04139625182500921
7020.0,0.55,2025-11-20 03:03:45,0,2025-11-28,6642.16015625,0.027777777777777776,2511,0.045,out,6730.533831800775,-0.43082015080481073,0.139878898394103,0.0005435029504429941,0.042108756308304685
7035.0,0.37,2025-11-20 01:23:00,0,2025-11-28,6642.16015625,0.027777777777777776,2511,0.045,out,6730.533831800775,-0.43082015080481073,0.13781959520489737,0.0005276178006233825,0.04424322883693726
7050.0,0.32,2025-11-20 01:52:30,0,2025-11-28,6642.16015625,0.027777777777777776,2511,0.045,out,6730.533831800775,-0.43082015080481073,0.14002576629279467,0.0005446448673856765,0.04637315509476212
5275.0,1582.55,2025-11-12 14:50:17,0,2025-11-21,6642.16015625,0.031746031746031744,2511,0.045,in,6730.533831800775,-0.3713426319542094,1.6368535273385059,0.08505680857017488,-0.24367578236728493
5600.0,1087.59,2025-11-19 15:11:53,0,2025-11-28,6642.16015625,0.031746031746031744,2511,0.045,in,6730.533831800775,-0.3713426319542094,0.7470696709867879,0.017717875978041506,-0.18388786398831153
5790.0,1081.63,2025-11-12 14:30:44,0,2025-11-21,6642.16015625,0.031746031746031744,2511,0.045,in,6730.533831800775,-0.3713426319542094,1.2436498654930517,0.04910047580764716,-0.15052217014451116
6020.0,630.94,2025-11-19 16:17:39,0,2025-11-28,6642.16015625,0.031746031746031744,2511,0.045,in,6730.533831800775,-0.3713426319542094,0.20159351052978663,0.0012901569361181966,-0.11156720240868538
6025.0,626.07,2025-11-19 16:17:39,0,2025-11-28,6642.16015625,0.031746031746031744,2511,0.045,in,6730.533831800775,-0.3713426319542094,0.21062842123893744,0.0014083914867811832,-0.11073698235269637
6200.0,471.04,2025-11-19 14:52:12,0,2025-11-28,6642.16015625,0.031746031746031744,2511,0.045,in,6730.533831800775,-0.3713426319542094,0.32410783048466874,0.0033347900248088492,-0.08210516967836923
6275.0,582.55,2025-11-12 20:38:38,0,2025-11-21,6642.16015625,0.031746031746031744,2511,0.045,in,6730.533831800775,-0.3713426319542094,0.7943083711185568,0.020029390108857615,-0.07008097671156754
6300.0,364.94,2025-11-19 21:10:03,0,2025-11-28,6642.16015625,0.031746031746031744,2511,0.045,in,6730.533831800775,-0.3713426319542094,0.2418656255514228,0.0018571105023295574,-0.0661048283319281
6360.0,295.0,2025-11-19 03:29:39,0,2025-11-28,6642.16015625,0.031746031746031744,2511,0.045,in,6730.533831800775,-0.3713426319542094,0.15350794781185195,0.0007480853981398813,-0.056626084377384305
6370.0,324.5,2025-11-19 15:40:48,0,2025-11-28,6642.16015625,0.031746031746031744,2511,0.045,in,6730.533831800775,-0.3713426319542094,0.3065057270367057,0.002982405101787287,-0.05505499214534314
6400.0,269.41,2025-11-19 16:57:36,0,2025-11-28,6642.16015625,0.031746031746031744,2511,0.045,in,6730.533831800775,-0.3713426319542094,0.20616894782623074,0.0013493852396119065,-0.05035647136378893
6415.0,251.6,2025-11-19 14:34:05,0,2025-11-28,6642.16015625,0.031746031746031744,2511,0.045,in,6730.533831800775,-0.3713426319542094,0.18696635092751054,0.0011097275040999688,-0.04801546366181529
6420.0,260.65,2025-11-19 16:01:29,0,2025-11-28,6642.16015625,0.031746031746031744,2511,0.045,in,6730.533831800775,-0.3713426319542094,0.2322023285878009,0.0017116800444951447,-0.04723634402754525
6440.0,242.55,2025-11-19 20:25:37,0,2025-11-28,6642.16015625,0.031746031746031744,2511,0.045,in,6730.533831800775,-0.3713426319542094,0.2252126836869349,0.0016101826315387741,-0.04412592161315288
6445.0,238.25,2025-11-19 20:25:37,0,2025-11-28,6642.16015625,0.031746031746031744,2511,0.045,in,6730.533831800775,-0.3713426319542094,0.22403854656031372,0.0015934371538050111,-0.04334982533826443
6470.0,210.31,2025-11-19 14:35:21,0,2025-11-28,6642.16015625,0.031746031746031744,2511,0.045,in,6730.533831800775,-0.3713426319542094,0.19913310143218538,0.0012588568916190803,-0.03947835321660592
6485.0,203.63,2025-11-19 20:26:12,0,2025-11-28,6642.16015625,0.031746031746031744,2511,0.045,in,6730.533831800775,-0.3713426319542094,0.21225765006353084,0.0014302638098568988,-0.037162643961007845
6495.0,196.73,2025-11-19 16:04:10,0,2025-11-28,6642.16015625,0.031746031746031744,2511,0.045,in,6730.533831800775,-0.3713426319542094,0.21343630351173837,0.001446192243071584,-0.035621811606852224
6500.0,192.75,2025-11-19 20:44:11,0,2025-11-28,6642.16015625,0.031746031746031744,2511,0.045,in,6730.533831800775,-0.3713426319542094,0.21250704137293921,0.001433626750256511,-0.034852284827823675
6515.0,179.74,2025-11-19 20:26:12,0,2025-11-28,6642.16015625,0.031746031746031744,2511,0.045,in,6730.533831800775,-0.3713426319542094,0.20665342816214866,0.001355734583211693,-0.0325472511526066
6540.0,136.4,2025-11-19 17:38:14,0,2025-11-28,6642.16015625,0.031746031746031744,2511,0.045,in,6730.533831800775,-0.3713426319542094,0.14153212366795226,0.000635915619998747,-0.028717296260307796
6550.0,156.46,2025-11-19 20:42:01,0,2025-11-28,6642.16015625,0.031746031746031744,2511,0.045,in,6730.533831800775,-0.3713426319542094,0.20791415616887862,0.001372326867791011,-0.027189412082254498
6555.0,133.2,2025-11-19 17:46:05,0,2025-11-28,6642.16015625,0.031746031746031744,2511,0.045,in,6730.533831800775,-0.3713426319542094,0.1606775427571082,0.0008195959602051533,-0.0264263445137519
6560.0,127.9,2025-11-19 19:25:50,0,2025-11-28,6642.16015625,0.031746031746031744,2511,0.045,in,6730.533831800775,-0.3713426319542094,0.15616087429426662,0.0007741656717571346,-0.025663858773417408
6565.0,123.8,2025-11-19 17:45:48,0,2025-11-28,6642.16015625,0.031746031746031744,2511,0.045,in,6730.533831800775,-0.3713426319542094,0.15449375758666478,0.0007577244804205442,-0.02490195397465559
6570.0,120.5,2025-11-19 17:45:48,0,2025-11-28,6642.16015625,0.031746031746031744,2511,0.045,in,6730.533831800775,-0.3713426319542094,0.15463802266651483,0.0007591402556891922,-0.024140629232895974
6575.0,125.0,2025-11-19 20:01:48,0,2025-11-28,6642.16015625,0.031746031746031744,2511,0.045,in,6730.533831800775,-0.3713426319542094,0.1726510316552407,0.000946297737511712,-0.023379883665586885
6580.0,121.0,2025-11-19 19:08:14,0,2025-11-28,6642.16015625,0.031746031746031744,2511,0.045,in,6730.533831800775,-0.3713426319542094,0.17078676506564705,0.0009259720356059847,-0.022619716392189203
6585.0,118.9,2025-11-19 19:08:40,0,2025-11-28,6642.16015625,0.031746031746031744,2511,0.045,in,6730.533831800775,-0.3713426319542094,0.17312085344534692,0.0009514549173855646,-0.02186012653417069
6590.0,107.24,2025-11-19 19:25:42,0,2025-11-28,6642.16015625,0.031746031746031744,2511,0.045,in,6730.533831800775,-0.3713426319542094,0.15390722715381408,0.0007519820498468484,-0.02110111321499922
6595.0,125.7,2025-11-19 20:21:23,0,2025-11-28,6642.16015625,0.031746031746031744,2511,0.045,in,6730.533831800775,-0.3713426319542094,0.2015270859461301,0.0012893068688869494,-0.020342675560137167
6605.0,104.8,2025-11-19 19:10:01,0,2025-11-28,6642.16015625,0.031746031746031744,2511,0.045,in,6730.533831800775,-0.3713426319542094,0.1686406856373104,0.0009028470111816556,-0.01882752375512648
6610.0,108.33,2025-11-19 20:46:10,0,2025-11-28,6642.16015625,0.031746031746031744,2511,0.045,in,6730.533831800775,-0.3713426319542094,0.18259394687005626,0.0010584301407487277,-0.018070807865820222
6615.0,104.3,2025-11-19 16:06:00,0,2025-11-28,6642.16015625,0.031746031746031744,2511,0.045,in,6730.533831800775,-0.3713426319542094,0.1799944278767084,0.0010285077481480501,-0.017314664162496038
6620.0,103.5,2025-11-19 20:54:14,0,2025-11-28,6642.16015625,0.031746031746031744,2511,0.045,in,6730.533831800775,-0.3713426319542094,0.18425136088936994,0.0010777321901455506,-0.01655909178049822
6625.0,98.4,2025-11-19 20:59:41,0,2025-11-28,6642.16015625,0.031746031746031744,2511,0.045,in,6730.533831800775,-0.3713426319542094,0.17918141654774178,0.0010192374614620746,-0.015804089857129174
6630.0,91.76,2025-11-19 21:02:24,0,2025-11-28,6642.16015625,0.031746031746031744,2511,0.045,in,6730.533831800775,-0.3713426319542094,0.17075724206956105,0.0009256519275937355,-0.015049657531643956
6635.0,93.71,2025-11-19 20:54:16,0,2025-11-28,6642.16015625,0.031746031746031744,2511,0.045,in,6730.533831800775,-0.3713426319542094,0.18055521590463022,0.0010349265393767501,-0.01429579394524428
6640.0,87.75,2025-11-19 20:49:32,0,2025-11-28,6642.16015625,0.031746031746031744,2511,0.045,in,6730.533831800775,-0.3713426319542094,0.17341246483577494,0.0009546629511244087,-0.013542498241072645
6645.0,89.34,2025-11-19 20:55:04,0,2025-11-28,6642.16015625,0.031746031746031744,2511,0.045,out,6730.533831800775,-0.3713426319542094,0.18220049229884844,0.0010538736315537374,-0.01278976956420638
6650.0,84.62,2025-11-19 21:13:41,0,2025-11-28,6642.16015625,0.031746031746031744,2511,0.045,out,6730.533831800775,-0.3713426319542094,0.17750227834240495,0.0010002240894204635,-0.01203760706165228
6655.0,82.18,2025-11-19 20:56:48,0,2025-11-28,6642.16015625,0.031746031746031744,2511,0.045,out,6730.533831800775,-0.3713426319542094,0.1775381688073699,0.0010006286153483863,-0.011286009882340112
6665.0,78.85,2025-11-19 20:35:54,0,2025-11-28,6642.16015625,0.031746031746031744,2511,0.045,out,6730.533831800775,-0.3713426319542094,0.1805959954385265,0.0010353940815375328,-0.00978450809874311
6670.0,72.33,2025-11-19 21:00:59,0,2025-11-28,6642.16015625,0.031746031746031744,2511,0.045,out,6730.533831800775,-0.3713426319542094,0.17167142450024767,0.0009355897774585471,-0.009034601801882768
6685.0,64.69,2025-11-19 20:50:37,0,2025-11-28,6642.16015625,0.031746031746031744,2511,0.045,out,6730.533831800775,-0.3713426319542094,0.16953691434976065,0.0009124687405472404,-0.006788251175508556
6690.0,62.54,2025-11-19 20:54:16,0,2025-11-28,6642.16015625,0.031746031746031744,2511,0.045,out,6730.533831800775,-0.3713426319542094,0.1694602354869043,0.0009116435368659385,-0.006040587589277992
6695.0,61.89,2025-11-19 20:55:56,0,2025-11-28,6642.16015625,0.031746031746031744,2511,0.045,out,6730.533831800775,-0.3713426319542094,0.17251859722049745,0.0009448465519659755,-0.005293482586279261
6700.0,56.1,2025-11-19 21:19:20,0,2025-11-28,6642.16015625,0.031746031746031744,2511,0.045,out,6730.533831800775,-0.3713426319542094,0.16433766115936554,0.0008573608531850934,-0.004546935332494732
6705.0,55.15,2025-11-19 20:54:16,0,2025-11-28,6642.16015625,0.031746031746031744,2511,0.045,out,6730.533831800775,-0.3713426319542094,0.16653971739774281,0.0008804913482831758,-0.0038009449957732777
6710.0,52.75,2025-11-19 20:54:16,0,2025-11-28,6642.16015625,0.031746031746031744,2511,0.045,out,6730.533831800775,-0.3713426319542094,0.16546955423498166,0.0008692118532928107,-0.0030555107458247162
6715.0,52.11,2025-11-19 20:55:56,0,2025-11-28,6642.16015625,0.031746031746031744,2511,0.045,out,6730.533831800775,-0.3713426319542094,0.16818238356104245,0.0008979464806436065,-0.0023106317542141495
6730.0,43.0,2025-11-19 21:11:02,0,2025-11-28,6642.16015625,0.031746031746031744,2511,0.045,out,6730.533831800775,-0.3713426319542094,0.15956983168940422,0.0008083343233455489,-7.931807277866024e-05
6740.0,42.76,2025-11-19 20:40:05,0,2025-11-28,6642.16015625,0.031746031746031744,2511,0.045,out,6730.533831800775,-0.3713426319542094,0.16659492480274865,0.0008810752053978882,0.0014054631948006466
6745.0,36.46,2025-11-19 20:59:38,0,2025-11-28,6642.16015625,0.031746031746031744,2511,0.045,out,6730.533831800775,-0.3713426319542094,0.15544599371821474,0.000767093871842643,0.0021470279303041676
6760.0,31.41,2025-11-19 21:06:03,0,2025-11-28,6642.16015625,0.031746031746031744,2511,0.045,out,6730.533831800775,-0.3713426319542094,0.1536374419399334,0.0007493480497094096,0.004368428325457636
6765.0,29.9,2025-11-19 21:04:50,0,2025-11-28,6642.16015625,0.031746031746031744,2511,0.045,out,6730.533831800775,-0.3713426319542094,0.15320648720758598,0.0007451500864281969,0.005107799893336259
6770.0,28.3,2025-11-19 21:08:50,0,2025-11-28,6642.16015625,0.031746031746031744,2511,0.045,out,6730.533831800775,-0.3713426319542094,0.1524130643300687,0.0007374521326502114,0.005846625194768505
6780.0,25.2,2025-11-19 21:04:50,0,2025-11-28,6642.16015625,0.031746031746031744,2511,0.045,out,6730.533831800775,-0.3713426319542094,0.1506535332260193,0.0007205233991582,0.007322640222889048
6785.0,23.45,2025-11-19 21:12:19,0,2025-11-28,6642.16015625,0.031746031746031744,2511,0.045,out,6730.533831800775,-0.3713426319542094,0.14898879880852178,0.0007046876879494026,0.008059831557417295
6790.0,22.05,2025-11-19 21:12:19,0,2025-11-28,6642.16015625,0.031746031746031744,2511,0.045,out,6730.533831800775,-0.3713426319542094,0.14812223636620964,0.000696514187496104,0.008796479841189574
6815.0,16.1,2025-11-19 21:04:50,0,2025-11-28,6642.16015625,0.031746031746031744,2511,0.045,out,6730.533831800775,-0.3713426319542094,0.14457527369906423,0.0006635558655606137,0.012471603419080888
6835.0,11.9,2025-11-19 20:59:43,0,2025-11-28,6642.16015625,0.031746031746031744,2511,0.045,out,6730.533831800775,-0.3713426319542094,0.1405561732921084,0.0006271758047784509,0.015402008446497768
6845.0,10.8,2025-11-19 20:33:21,0,2025-11-28,6642.16015625,0.031746031746031744,2511,0.045,out,6730.533831800775,-0.3713426319542094,0.14134174682029846,0.0006342060125147095,0.016863997010997063
6865.0,8.05,2025-11-19 20:44:50,0,2025-11-28,6642.16015625,0.031746031746031744,2511,0.045,out,6730.533831800775,-0.3713426319542094,0.13911186754726215,0.0006143527521424448,0.019781577490519377
6875.0,6.3,2025-11-19 20:57:15,0,2025-11-28,6642.16015625,0.031746031746031744,2511,0.045,out,6730.533831800775,-0.3713426319542094,0.13490090082556347,0.0005777223188428098,0.021237181823219962
6905.0,4.0,2025-11-19 20:41:18,0,2025-11-28,6642.16015625,0.031746031746031744,2511,0.045,out,6730.533831800775,-0.3713426319542094,0.13350052893907258,0.0005657901976829255,0.025591325131840315
6910.0,3.05,2025-11-19 20:59:41,0,2025-11-28,6642.16015625,0.031746031746031744,2511,0.045,out,6730.533831800775,-0.3713426319542094,0.1281596950048041,0.0005214256324991874,0.026315176050163386
6915.0,2.75,2025-11-19 21:04:01,0,2025-11-28,6642.16015625,0.031746031746031744,2511,0.045,out,6730.533831800775,-0.3713426319542094,0.12748851475018308,0.0005159784569272269,0.027038503387306373
6925.0,2.36,2025-11-19 21:05:34,0,2025-11-28,6642.16015625,0.031746031746031744,2511,0.045,out,6730.533831800775,-0.3713426319542094,0.12756980106858046,0.0005166366395135616,0.028483590343987005
6930.0,2.15,2025-11-19 20:46:09,0,2025-11-28,6642.16015625,0.031746031746031744,2511,0.045,out,6730.533831800775,-0.3713426319542094,0.12724982913747632,0.0005140482227148227,0.029205351472396873
6935.0,2.22,2025-11-19 20:40:08,0,2025-11-28,6642.16015625,0.031746031746031744,2511,0.045,out,6730.533831800775,-0.3713426319542094,0.1298210993375907,0.000535032312165733,0.029926592037379903
6945.0,1.05,2025-11-19 19:58:57,0,2025-11-28,6642.16015625,0.031746031746031744,2511,0.045,out,6730.533831800775,-0.3713426319542094,0.11798455935526606,0.00044191607130972374,0.031367514476892046
6955.0,1.15,2025-11-19 20:12:41,0,2025-11-28,6642.16015625,0.031746031746031744,2511,0.045,out,6730.533831800775,-0.3713426319542094,0.12299237191562988,0.0004802261444264324,0.03280636364599116
6960.0,0.9,2025-11-19 19:58:50,0,2025-11-28,6642.16015625,0.031746031746031744,2511,0.045,out,6730.533831800775,-0.3713426319542094,0.12018393423779358,0.0004585453348848981,0.03352501261691319
6965.0,1.21,2025-11-19 20:24:41,0,2025-11-28,6642.16015625,0.031746031746031744,2511,0.045,out,6730.533831800775,-0.3713426319542094,0.12731561482500245,0.000514579865976774,0.03424314550235392
6970.0,0.7,2025-11-19 19:58:51,0,2025-11-28,6642.16015625,0.031746031746031744,2511,0.045,out,6730.533831800775,-0.3713426319542094,0.11912257017550962,0.0004504821182609274,0.034960763043017394
6975.0,1.02,2025-11-19 20:40:35,0,2025-11-28,6642.16015625,0.031746031746031744,2511,0.045,out,6730.533831800775,-0.3713426319542094,0.12733628384776963,0.0005147469582272938,0.03567786597801419
6980.0,0.6,2025-11-19 19:58:51,0,2025-11-28,6642.16015625,0.031746031746031744,2511,0.045,out,6730.533831800775,-0.3713426319542094,0.11974414875378883,0.0004551955924053812,0.03639445504486595
6985.0,0.6,2025-11-19 19:58:49,0,2025-11-28,6642.16015625,0.031746031746031744,2511,0.045,out,6730.533831800775,-0.3713426319542094,0.12128066140320203,0.00046695234382216304,0.03711053097950997
6995.0,0.5,2025-11-19 19:58:49,0,2025-11-28,6642.16015625,0.031746031746031744,2511,0.045,out,6730.533831800775,-0.3713426319542094,0.12144475340265616,0.00046821676600101477,0.03854114638802951
7010.0,0.47,2025-11-19 20:47:24,0,2025-11-28,6642.16015625,0.031746031746031744,2511,0.045,out,6730.533831800775,-0.3713426319542094,0.12495597002428199,0.0004956823633241034,0.04068323931708368
7025.0,0.47,2025-11-19 20:37:48,0,2025-11-28,6642.16015625,0.031746031746031744,2511,0.045,out,6730.533831800775,-0.3713426319542094,0.12938529795544357,0.0005314462008577431,0.042820753490394374
7030.0,0.52,2025-11-19 15:28:45,0,2025-11-28,6642.16015625,0.031746031746031744,2511,0.045,out,6730.533831800775,-0.3713426319542094,0.13251538408149227,0.0005574706989925528,0.04353224409315844
7040.0,0.3,2025-11-19 19:45:18,0,2025-11-28,6642.16015625,0.031746031746031744,2511,0.045,out,6730.533831800775,-0.3713426319542094,0.1268730393057057,0.0005110085111957823,0.0449537084405359
7045.0,0.42,2025-11-19 15:36:07,0,2025-11-28,6642.16015625,0.031746031746031744,2511,0.045,out,6730.533831800775,-0.3713426319542094,0.1334137774018159,0.0005650551111308344,0.04566368362122839
7055.0,0.25,2025-11-19 18:04:46,0,2025-11-28,6642.16015625,0.031746031746031744,2511,0.045,out,6730.533831800775,-0.3713426319542094,0.1284376647440094,0.0005236899595204619,0.04708212357536214
7065.0,0.2,2025-11-19 18:04:46,0,2025-11-28,6642.16015625,0.031746031746031744,2511,0.045,out,6730.533831800775,-0.3713426319542094,0.12807828156819823,0.0005207633717289735,0.04849855440707576
7070.0,0.2,2025-11-19 20:51:19,0,2025-11-28,6642.16015625,0.031746031746031744,2511,0.045,out,6730.533831800775,-0.3713426319542094,0.12941770730088817,0.0005317124750164559,0.04920601817906637
7075.0,0.25,2025-11-19 20:54:09,0,2025-11-28,6642.16015625,0.031746031746031744,2511,0.045,out,6730.533831800775,-0.3713426319542094,0.13390521478914436,0.0005692256046897423,0.04991298179988629
7080.0,0.22,2025-11-19 14:57:16,0,2025-11-28,6642.16015625,0.031746031746031744,2511,0.045,out,6730.533831800775,-0.3713426319542094,0.13342297950618454,0.0005651330622319917,0.050619445976213345
7085.0,0.22,2025-11-19 16:23:37,0,2025-11-28,6642.16015625,0.031746031746031744,2511,0.045,out,6730.533831800775,-0.3713426319542094,0.13476629537690957,0.0005765699799878233,0.051325411413228696
7090.0,0.15,2025-11-19 19:46:10,0,2025-11-28,6642.16015625,0.031746031746031744,2511,0.045,out,6730.533831800775,-0.3713426319542094,0.13086009136086285,0.0005436305876499483,0.05203087881462105
7095.0,0.22,2025-11-19 16:20:22,0,2025-11-28,6642.16015625,0.031746031746031744,2511,0.045,out,6730.533831800775,-0.3713426319542094,0.1374459385375618,0.0005997265403324195,0.052735848882590884
7100.0,0.17,2025-11-19 20:33:56,0,2025-11-28,6642.16015625,0.031746031746031744,2511,0.045,out,6730.533831800775,-0.3713426319542094,0.135135222509009,0.000579731059128869,0.05344032231785462
7110.0,0.14,2025-11-19 17:59:06,0,2025-11-28,6642.16015625,0.031746031746031744,2511,0.045,out,6730.533831800775,-0.3713426319542094,0.1351121375328897,0.0005795330066256032,0.05484778208573436
7120.0,0.17,2025-11-19 16:20:22,0,2025-11-28,6642.16015625,0.031746031746031744,2511,0.045,out,6730.533831800775,-0.3713426319542094,0.14034398753582916,0.0006252836456335546,0.05625326369446922
7125.0,0.17,2025-11-19 16:23:51,0,2025-11-28,6642.16015625,0.031746031746031744,2511,0.045,out,6730.533831800775,-0.3713426319542094,0.14164087004261058,0.0006368932084580222,0.05695526442529903
7130.0,0.2,2025-11-19 16:23:20,0,2025-11-28,6642.16015625,0.031746031746031744,2511,0.045,out,6730.533831800775,-0.3713426319542094,0.1453123108661187,0.0006703386568016356,0.05765677269678957
7140.0,0.15,2025-11-19 16:23:20,0,2025-11-28,6642.16015625,0.031746031746031744,2511,0.045,out,6730.533831800775,-0.3713426319542094,0.14372857053132648,0.0006558064122850314,0.05905831462207799
7150.0,0.15,2025-11-19 17:05:34,0,2025-11-28,6642.16015625,0.031746031746031744,2511,0.045,out,6730.533831800775,-0.3713426319542094,0.1462777475633187,0.0006792755375300949,0.060457894976501225
5820.0,1030.96,2025-11-11 19:08:55,0,2025-11-21,6642.16015625,0.03571428571428571,2511,0.045,in,6730.533831800775,-0.3250823395148528,1.092549093838257,0.04263084008738558,-0.14535419998606858
6000.0,744.24,2025-11-14 20:43:38,0,2025-11-24,6642.16015625,0.03571428571428571,2511,0.045,in,6730.533831800775,-0.3250823395148528,0.6675849038596178,0.015916771566473396,-0.1148949925013601
6115.0,719.0,2025-11-11 14:32:14,0,2025-11-21,6642.16015625,0.03571428571428571,2511,0.045,in,6730.533831800775,-0.3250823395148528,0.8204253524417257,0.024039205676040346,-0.09590969259027936
6250.0,410.16,2025-11-18 17:42:22,0,2025-11-28,6642.16015625,0.03571428571428571,2511,0.045,in,6730.533831800775,-0.3250823395148528,0.22102978076494173,0.001744791570892793,-0.07407299798110491
6275.0,387.17,2025-11-18 20:25:23,0,2025-11-28,6642.16015625,0.03571428571428571,2511,0.045,in,6730.533831800775,-0.3250823395148528,0.22130369808944972,0.001749118813859511,-0.07008097671156754
6280.0,382.37,2025-11-18 20:25:23,0,2025-11-28,6642.16015625,0.03571428571428571,2511,0.045,in,6730.533831800775,-0.3250823395148528,0.22004168905585839,0.0017292266043769666,-0.06928448124930783
6320.0,360.34,2025-11-18 19:14:13,0,2025-11-28,6642.16015625,0.03571428571428571,2511,0.045,in,6730.533831800775,-0.3250823395148528,0.2727781188300487,0.0026574250754450063,-0.062935253570649
6330.0,351.11,2025-11-18 19:14:13,0,2025-11-28,6642.16015625,0.03571428571428571,2511,0.045,in,6730.533831800775,-0.3250823395148528,0.2696870336199756,0.0025975391465264948,-0.06135422557333027
6375.0,290.0,2025-11-18 14:51:04,0,2025-11-28,6642.16015625,0.03571428571428571,2511,0.045,in,6730.533831800775,-0.3250823395148528,0.18657938523535736,0.0012432809641001387,-0.05427037068492529
6385.0,285.11,2025-11-18 20:37:36,0,2025-11-28,6642.16015625,0.03571428571428571,2511,0.045,in,6730.533831800775,-0.3250823395148528,0.20143323248355577,0.0014491195410276509,-0.05270297224491244
6410.0,415.3,2025-11-11 14:52:14,0,2025-11-21,6642.16015625,0.03571428571428571,2511,0.045,in,6730.533831800775,-0.3250823395148528,0.5645289233456094,0.011381889474776892,-0.04879519079683647
6430.0,242.78,2025-11-18 16:40:27,0,2025-11-28,6642.16015625,0.03571428571428571,2511,0.045,in,6730.533831800775,-0.3250823395148528,0.18608520085853023,0.001236703642091412,-0.04567992347988707
6460.0,216.8,2025-11-18 16:40:27,0,2025-11-28,6642.16015625,0.03571428571428571,2511,0.045,in,6730.533831800775,-0.3250823395148528,0.18124729605303286,0.0011732350830905621,-0.0410251439349046
6480.0,204.99,2025-11-18 20:37:33,0,2025-11-28,6642.16015625,0.03571428571428571,2511,0.045,in,6730.533831800775,-0.3250823395148528,0.19169664585154933,0.0013124144296690831,-0.037933951365231706
6490.0,192.41,2025-11-18 20:46:39,0,2025-11-28,6642.16015625,0.03571428571428571,2511,0.045,in,6730.533831800775,-0.3250823395148528,0.17856465336284644,0.0011387619796640537,-0.036391931013416444
6505.0,200.02,2025-11-18 20:02:59,0,2025-11-28,6642.16015625,0.03571428571428571,2511,0.045,in,6730.533831800775,-0.3250823395148528,0.22406583537324656,0.001793053520768244,-0.03408334976494652
6510.0,172.64,2025-11-18 17:09:51,0,2025-11-28,6642.16015625,0.03571428571428571,2511,0.045,in,6730.533831800775,-0.3250823395148528,0.16643560018232642,0.0009893146074304005,-0.03331500550893726
6525.0,150.21,2025-11-18 15:42:33,0,2025-11-28,6642.16015625,0.03571428571428571,2511,0.045,in,6730.533831800775,-0.3250823395148528,0.13756604200520395,0.0006758719968920549,-0.03101350852065797
6530.0,141.85,2025-11-18 15:48:48,0,2025-11-28,6642.16015625,0.03571428571428571,2511,0.045,in,6730.533831800775,-0.3250823395148528,0.12541717114736167,0.0005617666720930932,-0.0302475184410754
7060.0,0.55,2025-11-18 15:15:51,0,2025-11-28,6642.16015625,0.03571428571428571,2511,0.045,out,6730.533831800775,-0.3250823395148528,0.1338626315874451,0.0006399715762684305,0.04779058977573572
5200.0,1552.41,2025-11-17 15:00:15,0,2025-11-28,6642.16015625,0.03968253968253968,2511,0.045,in,6730.533831800775,-0.28807410556336754,1.1678328339659414,0.05412037809876674,-0.2579958361420334
5640.0,1165.0,2025-11-10 14:35:51,0,2025-11-21,6642.16015625,0.03968253968253968,2511,0.045,in,6730.533831800775,-0.28807410556336754,1.041285331921445,0.04302679136804578,-0.1767703962194476
5810.0,899.0,2025-11-17 18:52:24,0,2025-11-28,6642.16015625,0.03968253968253968,2511,0.045,in,6730.533831800775,-0.28807410556336754,0.6337684497826219,0.015938986029359833,-0.14707389086559527
5880.0,909.68,2025-11-10 16:14:11,0,2025-11-21,6642.16015625,0.03968253968253968,2511,0.045,in,6730.533831800775,-0.28807410556336754,0.8337528136398012,0.027585069613185915,-0.1350976998188796
6000.0,687.94,2025-11-17 19:03:45,0,2025-11-28,6642.16015625,0.03968253968253968,2511,0.045,in,6730.533831800775,-0.28807410556336754,0.4510864645003059,0.008074563430769274,-0.1148949925013601
6070.0,599.44,2025-11-17 20:31:39,0,2025-11-28,6642.16015625,0.03968253968253968,2511,0.045,in,6730.533831800775,-0.28807410556336754,0.3355865917220734,0.0044689825612554595,-0.10329585665800821
6075.0,637.98,2025-11-17 16:23:37,0,2025-11-28,6642.16015625,0.03968253968253968,2511,0.045,in,6730.533831800775,-0.28807410556336754,0.4944274691638746,0.009700735010468023,-0.10247247250280297
6100.0,677.25,2025-11-14 17:20:26,0,2025-11-25,6642.16015625,0.03968253968253968,2511,0.045,in,6730.533831800775,-0.28807410556336754,0.652207120258274,0.01687992570299963,-0.09836569055014953
6125.0,589.92,2025-11-17 16:23:37,0,2025-11-28,6642.16015625,0.03968253968253968,2511,0.045,in,6730.533831800775,-0.28807410556336754,0.4707832584825535,0.00879511414553376,-0.09427570529862439
6160.0,602.81,2025-11-17 14:56:17,0,2025-11-28,6642.16015625,0.03968253968253968,2511,0.045,in,6730.533831800775,-0.28807410556336754,0.575981466058718,0.013164867033458337,-0.08857768418398666
6175.0,565.01,2025-11-17 15:33:05,0,2025-11-28,6642.16015625,0.03968253968253968,2511,0.045,in,6730.533831800775,-0.28807410556336754,0.5086088940838747,0.01026519869608024,-0.08614557921537423
6235.0,500.82,2025-11-17 14:33:47,0,2025-11-28,6642.16015625,0.03968253968253968,2511,0.045,in,6730.533831800775,-0.28807410556336754,0.4594869306207795,0.00837810473854385,-0.07647588259741533
6320.0,522.94,2025-11-10 20:55:42,0,2025-11-21,6642.16015625,0.03968253968253968,2511,0.045,in,6730.533831800775,-0.28807410556336754,0.6413516301706278,0.01632269498105245,-0.062935253570649
6345.0,334.74,2025-11-17 20:39:28,0,2025-11-28,6642.16015625,0.03968253968253968,2511,0.045,in,6730.533831800775,-0.28807410556336754,0.24053080404279018,0.0022958360195821873,-0.05898736056306416
6350.0,330.26,2025-11-17 20:39:28,0,2025-11-28,6642.16015625,0.03968253968253968,2511,0.045,in,6730.533831800775,-0.28807410556336754,0.23949901544972726,0.0022761816825947897,-0.058199648824814765
6405.0,279.7,2025-11-17 20:39:09,0,2025-11-28,6642.16015625,0.03968253968253968,2511,0.045,in,6730.533831800775,-0.28807410556336754,0.22236902820184928,0.0019622216152156684,-0.04957552638071755
6410.0,275.45,2025-11-17 20:39:09,0,2025-11-28,6642.16015625,0.03968253968253968,2511,0.045,in,6730.533831800775,-0.28807410556336754,0.2216151298096196,0.0019489391174815293,-0.04879519079683647
6475.0,222.07,2025-11-17 20:40:49,0,2025-11-28,6642.16015625,0.03968253968253968,2511,0.045,in,6730.533831800775,-0.28807410556336754,0.21217006299056612,0.0017863545884690792,-0.03870585414381369
6545.0,215.62,2025-11-17 13:52:12,0,2025-11-28,6642.16015625,0.03968253968253968,2511,0.045,in,6730.533831800775,-0.28807410556336754,0.29643008823542505,0.0034869363972722966,-0.027953062367551892
6690.0,101.04,2025-11-20 03:55:28,0,2025-12-01,6642.16015625,0.03968253968253968,2512,0.045,out,6689.026206958043,-0.13218293197343078,0.2231958291484814,0.001976840402749131,0.00014557009286218837
6700.0,93.88,2025-11-20 03:40:09,0,2025-12-01,6642.16015625,0.03968253968253968,2512,0.045,out,6689.026206958043,-0.13218293197343078,0.21783448345151674,0.0018830104039916314,0.0016392223496454624
6720.0,77.1,2025-11-20 01:15:05,0,2025-12-01,6642.16015625,0.03968253968253968,2512,0.045,out,6689.026206958043,-0.13218293197343078,0.20136367062264066,0.001609020946294576,0.0046198504877832235
6735.0,68.55,2025-11-20 01:15:05,0,2025-12-01,6642.16015625,0.03968253968253968,2512,0.045,out,6689.026206958043,-0.13218293197343078,0.19585124277537636,0.0015221313212960082,0.006849505815052437
6825.0,28.81,2025-11-20 01:30:16,0,2025-12-01,6642.16015625,0.03968253968253968,2512,0.045,out,6689.026206958043,-0.13218293197343078,0.16723090148890546,0.0011097688259044444,0.020124037023748605
6880.0,13.9,2025-11-20 04:34:18,0,2025-12-01,6642.16015625,0.03968253968253968,2512,0.045,out,6689.026206958043,-0.13218293197343078,0.15182546974562888,0.0009147211612492409,0.02815034789797747
6900.0,9.95,2025-11-20 05:42:52,0,2025-12-01,6642.16015625,0.03968253968253968,2512,0.045,out,6689.026206958043,-0.13218293197343078,0.14583362980809883,0.0008439463326589527,0.031053107555938837
6930.0,5.65,2025-11-20 05:42:52,0,2025-12-01,6642.16015625,0.03968253968253968,2512,0.045,out,6689.026206958043,-0.13218293197343078,0.1375134888705508,0.0007503952230694878,0.03539150915453695
6940.0,4.5,2025-11-20 07:00:14,0,2025-12-01,6642.16015625,0.03968253968253968,2512,0.045,out,6689.026206958043,-0.13218293197343078,0.1343312853872134,0.0007160672314992449,0.036833470471438194
6980.0,2.05,2025-11-20 06:38:04,0,2025-12-01,6642.16015625,0.03968253968253968,2512,0.045,out,6689.026206958043,-0.13218293197343078,0.12808529873567562,0.0006510255457225104,0.042580612727006306
6000.0,662.72,2025-11-19 20:35:01,0,2025-12-01,6642.16015625,0.04365079365079365,2512,0.045,in,6689.026206958043,-0.11607539270311888,0.30511086766044915,0.004063567687339814,-0.10870883481921988
6400.0,285.15,2025-11-19 20:35:22,0,2025-12-01,6642.16015625,0.04365079365079365,2512,0.045,in,6689.026206958043,-0.11607539270311888,0.2134601899216366,0.0019889594424412414,-0.044170313681648705
6450.0,209.46,2025-11-19 17:39:52,0,2025-12-01,6642.16015625,0.04365079365079365,2512,0.045,in,6689.026206958043,-0.11607539270311888,0.10343188417146254,0.0004669829416501876,-0.036388173239593744
6515.0,272.0,2025-11-14 19:40:05,0,2025-11-26,6642.16015625,0.04365079365079365,2511,0.045,in,6730.533831800775,-0.2577946414212432,0.35433633052289826,0.005480542009574439,-0.0325472511526066
6475.0,206.55,2025-11-19 16:55:46,0,2025-12-01,6642.16015625,0.04365079365079365,2512,0.045,in,6689.026206958043,-0.11607539270311888,0.16339041454503694,0.001165320250861862,-0.03251969646167335
6500.0,187.71,2025-11-19 16:54:48,0,2025-12-01,6642.16015625,0.04365079365079365,2512,0.045,in,6689.026206958043,-0.11607539270311888,0.16410239690054249,0.0011754982672759322,-0.028666127145683427
6550.0,162.3,2025-11-19 20:35:22,0,2025-12-01,6642.16015625,0.04365079365079365,2512,0.045,in,6689.026206958043,-0.11607539270311888,0.1843530540594584,0.0014835179918712123,-0.02100325440011429
6560.0,146.0,2025-11-19 14:35:06,0,2025-12-01,6642.16015625,0.04365079365079365,2512,0.045,in,6689.026206958043,-0.11607539270311888,0.16496719175220403,0.001187920309129734,-0.019477701091277187
6570.0,121.97,2025-11-19 17:38:12,0,2025-12-01,6642.16015625,0.04365079365079365,2512,0.045,in,6689.026206958043,-0.11607539270311888,0.1300684821956077,0.0007384758359815886,-0.017954471550755736
6575.0,132.2,2025-11-19 14:33:52,0,2025-12-01,6642.16015625,0.04365079365079365,2512,0.045,in,6689.026206958043,-0.11607539270311888,0.15688360455324105,0.001074353647435694,-0.017193725983446644
6590.0,108.0,2025-11-19 17:37:30,0,2025-12-01,6642.16015625,0.04365079365079365,2512,0.045,in,6689.026206958043,-0.11607539270311888,0.12841104543547202,0.0007197752479688074,-0.014914955532858957
6600.0,117.25,2025-11-19 16:56:18,0,2025-12-01,6642.16015625,0.04365079365079365,2512,0.045,in,6689.026206958043,-0.11607539270311888,0.15767901157483954,0.0010852753079500087,-0.013398655014894966
6620.0,112.6,2025-11-19 14:51:08,0,2025-12-01,6642.16015625,0.04365079365079365,2512,0.045,in,6689.026206958043,-0.11607539270311888,0.17021411750339194,0.0012646877133811257,-0.010372934098358025
6625.0,89.7,2025-11-19 19:47:07,0,2025-12-01,6642.16015625,0.04365079365079365,2512,0.045,in,6689.026206958043,-0.11607539270311888,0.13331926541014807,0.0007758503643830021,-0.009617932174988972
6630.0,93.0,2025-11-19 20:02:14,0,2025-12-01,6642.16015625,0.04365079365079365,2512,0.045,in,6689.026206958043,-0.11607539270311888,0.14439059128079848,0.0009100598069627165,-0.008863499849503747
6640.0,95.4,2025-11-19 20:50:22,0,2025-12-01,6642.16015625,0.04365079365079365,2512,0.045,in,6689.026206958043,-0.11607539270311888,0.15840996447799652,0.0010953606559727035,-0.007356340558932423
6645.0,91.98,2025-11-19 20:15:58,0,2025-12-01,6642.16015625,0.04365079365079365,2512,0.045,out,6689.026206958043,-0.11607539270311888,0.1568846048324264,0.0010743673474908429,-0.006603611882066153
6650.0,90.57,2025-11-19 21:13:41,0,2025-12-01,6642.16015625,0.04365079365079365,2512,0.045,out,6689.026206958043,-0.11607539270311888,0.15891463096593003,0.001102351028910377,-0.005851449379512043
6660.0,85.0,2025-11-19 20:54:16,0,2025-12-01,6642.16015625,0.04365079365079365,2512,0.045,out,6689.026206958043,-0.11607539270311888,0.15775512110905462,0.0010863232563391165,-0.004348819494977066
6665.0,80.36,2025-11-19 20:15:58,0,2025-12-01,6642.16015625,0.04365079365079365,2512,0.045,out,6689.026206958043,-0.11607539270311888,0.15370067826913886,0.001031201918667963,-0.0035983504166028526
6670.0,71.47,2025-11-19 17:44:04,0,2025-12-01,6642.16015625,0.04365079365079365,2512,0.045,out,6689.026206958043,-0.11607539270311888,0.14186692011909255,0.0008785256081938367,-0.0028484441197425044
6675.0,68.0,2025-11-19 18:46:29,0,2025-12-01,6642.16015625,0.04365079365079365,2512,0.045,out,6689.026206958043,-0.11607539270311888,0.139730819558527,0.0008522687352360078,-0.002099099760961637
6680.0,70.48,2025-11-19 20:15:09,0,2025-12-01,6642.16015625,0.04365079365079365,2512,0.045,out,6689.026206958043,-0.11607539270311888,0.14830471230987188,0.0009600681135970338,-0.001350316498720516
6685.0,60.61,2025-11-19 17:45:32,0,2025-12-01,6642.16015625,0.04365079365079365,2512,0.045,out,6689.026206958043,-0.11607539270311888,0.13432513474020993,0.0007876018256060758,-0.0006020934933683833
6695.0,52.6,2025-11-19 19:40:23,0,2025-12-01,6642.16015625,0.04365079365079365,2512,0.045,out,6689.026206958043,-0.11607539270311888,0.12729817733389615,0.000707353513801003,0.0008926750958610369
6705.0,57.73,2025-11-19 20:15:09,0,2025-12-01,6642.16015625,0.04365079365079365,2512,0.045,out,6689.026206958043,-0.11607539270311888,0.1442080132078963,0.000907759769075622,0.0023852126863670342
6710.0,59.3,2025-11-19 20:26:05,0,2025-12-01,6642.16015625,0.04365079365079365,2512,0.045,out,6689.026206958043,-0.11607539270311888,0.15077817981932617,0.000992359740499681,0.003130646936315492
6715.0,54.2,2025-11-19 18:38:23,0,2025-12-01,6642.16015625,0.04365079365079365,2512,0.045,out,6689.026206958043,-0.11607539270311888,0.1448328874050636,0.0009156437222816115,0.0038755259279260653
6725.0,51.22,2025-11-19 21:09:51,0,2025-12-01,6642.16015625,0.04365079365079365,2512,0.045,out,6689.026206958043,-0.11607539270311888,0.1461673054661146,0.0009325940200772578,0.005363621440627952
6730.0,48.9,2025-11-19 20:46:55,0,2025-12-01,6642.16015625,0.04365079365079365,2512,0.045,out,6689.026206958043,-0.11607539270311888,0.1451235512695279,0.0009193226050153657,0.006106839609361685
6740.0,43.1,2025-11-19 18:58:19,0,2025-12-01,6642.16015625,0.04365079365079365,2512,0.045,out,6689.026206958043,-0.11607539270311888,0.14042739683872718,0.0008607872683012499,0.007591620876940895
6745.0,41.02,2025-11-19 21:04:41,0,2025-12-01,6642.16015625,0.04365079365079365,2512,0.045,out,6689.026206958043,-0.11607539270311888,0.13949637510007712,0.0008494112116137918,0.008333185612444314
6750.0,39.2,2025-11-19 21:11:09,0,2025-12-01,6642.16015625,0.04365079365079365,2512,0.045,out,6689.026206958043,-0.11607539270311888,0.13897653750837172,0.0008430922926824378,0.009074200837163666
6755.0,37.44,2025-11-19 20:15:58,0,2025-12-01,6642.16015625,0.04365079365079365,2512,0.045,out,6689.026206958043,-0.11607539270311888,0.13847467952462314,0.000837014307793325,0.00981466736488727
6760.0,34.07,2025-11-19 20:12:25,0,2025-12-01,6642.16015625,0.04365079365079365,2512,0.045,out,6689.026206958043,-0.11607539270311888,0.13451214962963984,0.0007897964380073522,0.010554586007597913
6760.0,60.34,2025-11-20 01:22:34,0,2025-12-02,6642.16015625,0.04365079365079365,2512,0.045,out,6689.026206958043,-0.11607539270311888,0.18711955483143125,0.00152837700715652,0.010554586007597913
6765.0,30.0,2025-11-19 19:57:25,0,2025-12-01,6642.16015625,0.04365079365079365,2512,0.045,out,6689.026206958043,-0.11607539270311888,0.12879547693104412,0.000724091363717644,0.011293957575476432
6770.0,35.2,2025-11-19 20:41:56,0,2025-12-01,6642.16015625,0.04365079365079365,2512,0.045,out,6689.026206958043,-0.11607539270311888,0.1427853392293418,0.0008899372384413507,0.012032782876908796
6770.0,58.37,2025-11-20 05:35:17,0,2025-12-02,6642.16015625,0.04365079365079365,2512,0.045,out,6689.026206958043,-0.11607539270311888,0.18973838430599405,0.0015714571399584917,0.012032782876908796
6775.0,31.8,2025-11-19 20:54:42,0,2025-12-01,6642.16015625,0.04365079365079365,2512,0.045,out,6689.026206958043,-0.11607539270311888,0.13840993146143404,0.0008362317476140776,0.01277106271848965
6780.0,24.38,2025-11-19 19:25:31,0,2025-12-01,6642.16015625,0.04365079365079365,2512,0.045,out,6689.026206958043,-0.11607539270311888,0.12462922072648144,0.0006780034493959934,0.013508797905029353
6785.0,27.05,2025-11-19 21:11:09,0,2025-12-01,6642.16015625,0.04365079365079365,2512,0.045,out,6689.026206958043,-0.11607539270311888,0.13345353343462293,0.0007774138946351041,0.014245989239557715
6790.0,24.45,2025-11-19 16:31:10,0,2025-12-01,6642.16015625,0.04365079365079365,2512,0.045,out,6689.026206958043,-0.11607539270311888,0.13013557273813484,0.0007392378579789929,0.014982637523329892
6790.0,48.82,2025-11-20 04:42:40,0,2025-12-02,6642.16015625,0.04365079365079365,2512,0.045,out,6689.026206958043,-0.11607539270311888,0.18298097263530747,0.0014615174595722005,0.014982637523329892
6795.0,31.8,2025-11-19 15:26:50,0,2025-12-01,6642.16015625,0.04365079365079365,2512,0.045,out,6689.026206958043,-0.11607539270311888,0.1496308887673682,0.0009773152047874508,0.015718743555832266
6800.0,23.55,2025-11-19 20:46:04,0,2025-12-01,6642.16015625,0.04365079365079365,2512,0.045,out,6689.026206958043,-0.11607539270311888,0.1332384941071551,0.0007749105532990732,0.016454308134786128
6805.0,19.31,2025-11-19 18:50:22,0,2025-12-01,6642.16015625,0.04365079365079365,2512,0.045,out,6689.026206958043,-0.11607539270311888,0.1252499808534843,0.0006847743442134126,0.017189332056154607
6810.0,18.95,2025-11-19 16:47:29,0,2025-12-01,6642.16015625,0.04365079365079365,2512,0.045,out,6689.026206958043,-0.11607539270311888,0.12678879855400083,0.0007017039437557024,0.01792381611414609
6815.0,26.33,2025-11-19 15:12:18,0,2025-12-01,6642.16015625,0.04365079365079365,2512,0.045,out,6689.026206958043,-0.11607539270311888,0.1476984684808286,0.0009522349742357361,0.01865776110122113
6820.0,17.97,2025-11-19 20:58:07,0,2025-12-01,6642.16015625,0.04365079365079365,2512,0.045,out,6689.026206958043,-0.11607539270311888,0.12905072132834242,0.0007269641882103985,0.019391167808095806
6830.0,17.18,2025-11-19 16:00:42,0,2025-12-01,6642.16015625,0.04365079365079365,2512,0.045,out,6689.026206958043,-0.11607539270311888,0.1316403810446885,0.0007564328934027723,0.02085636953542375
6835.0,16.66,2025-11-19 14:43:03,0,2025-12-01,6642.16015625,0.04365079365079365,2512,0.045,out,6689.026206958043,-0.11607539270311888,0.13251864373903519,0.0007665599219157405,0.021588166128638037
6840.0,11.0,2025-11-19 17:35:06,0,2025-12-01,6642.16015625,0.04365079365079365,2512,0.045,out,6689.026206958043,-0.11607539270311888,0.11750728831033648,0.0006027285351846585,0.022319427587184346
6845.0,12.57,2025-11-19 20:59:58,0,2025-12-01,6642.16015625,0.04365079365079365,2512,0.045,out,6689.026206958043,-0.11607539270311888,0.12477844607190587,0.0006796280422433124,0.023050154693137346
6850.0,12.1,2025-11-19 20:46:04,0,2025-12-01,6642.16015625,0.04365079365079365,2512,0.045,out,6689.026206958043,-0.11607539270311888,0.1254364663440985,0.0006868149919755385,0.023780348226859156
6855.0,8.5,2025-11-19 19:31:10,0,2025-12-01,6642.16015625,0.04365079365079365,2512,0.045,out,6689.026206958043,-0.11607539270311888,0.11491063508577525,0.0005763848992618183,0.02451000896700283
6860.0,7.8,2025-11-19 17:36:30,0,2025-12-01,6642.16015625,0.04365079365079365,2512,0.045,out,6689.026206958043,-0.11607539270311888,0.11419254031618412,0.0005692035670733995,0.02523913769051907
6865.0,10.6,2025-11-19 20:55:39,0,2025-12-01,6642.16015625,0.04365079365079365,2512,0.045,out,6689.026206958043,-0.11607539270311888,0.12670501467315548,0.0007007768578435317,0.02596773517265947
6870.0,7.0,2025-11-19 19:59:42,0,2025-12-01,6642.16015625,0.04365079365079365,2512,0.045,out,6689.026206958043,-0.11607539270311888,0.11481434649500194,0.0005754193483008651,0.026695802186983166
6875.0,8.11,2025-11-19 20:46:11,0,2025-12-01,6642.16015625,0.04365079365079365,2512,0.045,out,6689.026206958043,-0.11607539270311888,0.12137498843365334,0.000643058595198271,0.027423339505360068
6885.0,7.66,2025-11-19 20:53:15,0,2025-12-01,6642.16015625,0.04365079365079365,2512,0.045,out,6689.026206958043,-0.11607539270311888,0.12342517294180788,0.00066496629552725,0.02887682813334323
6885.0,15.3,2025-11-20 07:05:48,0,2025-12-02,6642.16015625,0.04365079365079365,2512,0.045,out,6689.026206958043,-0.11607539270311888,0.15089412019182574,0.0009938864706076059,0.02887682813334323
6890.0,6.36,2025-11-19 20:16:32,0,2025-12-01,6642.16015625,0.04365079365079365,2512,0.045,out,6689.026206958043,-0.11607539270311888,0.11957691691551948,0.0006241469430525061,0.02960278097829236
6890.0,13.47,2025-11-20 02:03:37,0,2025-12-02,6642.16015625,0.04365079365079365,2512,0.045,out,6689.026206958043,-0.11607539270311888,0.14707325576553773,0.0009441903499056669,0.02960278097829236
6895.0,4.5,2025-11-19 19:58:54,0,2025-12-01,6642.16015625,0.04365079365079365,2512,0.045,out,6689.026206958043,-0.11607539270311888,0.11197514677431318,0.0005473125732000744,0.030328207197990176
6905.0,3.9,2025-11-19 19:58:51,0,2025-12-01,6642.16015625,0.04365079365079365,2512,0.045,out,6689.026206958043,-0.11607539270311888,0.11196352020889379,0.0005471989223541312,0.03177748281398068
6910.0,5.15,2025-11-19 20:53:15,0,2025-12-01,6642.16015625,0.04365079365079365,2512,0.045,out,6689.026206958043,-0.11607539270311888,0.12086332217162618,0.0006376482901189895,0.03250133373230365
6915.0,4.03,2025-11-19 20:59:46,0,2025-12-01,6642.16015625,0.04365079365079365,2512,0.045,out,6689.026206958043,-0.11607539270311888,0.11620106216031395,0.0005894029972977643,0.03322466106944675
6920.0,3.95,2025-11-19 21:09:55,0,2025-12-01,6642.16015625,0.04365079365079365,2512,0.045,out,6689.026206958043,-0.11607539270311888,0.11741629457223364,0.0006017954307214642,0.0339474655823033
6925.0,3.16,2025-11-19 21:01:29,0,2025-12-01,6642.16015625,0.04365079365079365,2512,0.045,out,6689.026206958043,-0.11607539270311888,0.11381193106689094,0.0005654155245433416,0.03466974802612739
6950.0,2.21,2025-11-19 20:46:11,0,2025-12-01,6642.16015625,0.04365079365079365,2512,0.045,out,6689.026206958043,-0.11607539270311888,0.11412905909091424,0.0005685708865823466,0.03827335552942581
6960.0,1.35,2025-11-19 19:58:56,0,2025-12-01,6642.16015625,0.04365079365079365,2512,0.045,out,6689.026206958043,-0.11607539270311888,0.10791825626467805,0.0005083724221718093,0.039711170299053515
6970.0,1.55,2025-11-19 21:09:55,0,2025-12-01,6642.16015625,0.04365079365079365,2512,0.045,out,6689.026206958043,-0.11607539270311888,0.1132885827226987,0.0005602275108273619,0.041146920725157736
6975.0,1.0,2025-11-19 19:58:56,0,2025-12-01,6642.16015625,0.04365079365079365,2512,0.045,out,6689.026206958043,-0.11607539270311888,0.10723741704856468,0.0005019781736814512,0.04186402366015443
6990.0,1.2,2025-11-19 20:17:30,0,2025-12-01,6642.16015625,0.04365079365079365,2512,0.045,out,6689.026206958043,-0.11607539270311888,0.11446091626364426,0.0005718822018692174,0.04401225219844407
7000.0,0.9,2025-11-19 21:08:04,0,2025-12-01,6642.16015625,0.04365079365079365,2512,0.045,out,6689.026206958043,-0.11607539270311888,0.11243136262960755,0.000551781445754974,0.04544184500803847
7010.0,0.6,2025-11-19 19:58:52,0,2025-12-01,6642.16015625,0.04365079365079365,2512,0.045,out,6689.026206958043,-0.11607539270311888,0.10896312445076607,0.0005182642356777956,0.046869396999223864
7020.0,0.75,2025-11-19 20:44:22,0,2025-12-01,6642.16015625,0.04365079365079365,2512,0.045,out,6689.026206958043,-0.11607539270311888,0.1149064449576924,0.0005763428651625679,0.048294913990444874
7025.0,0.4,2025-11-19 19:58:56,0,2025-12-01,6642.16015625,0.04365079365079365,2512,0.045,out,6689.026206958043,-0.11607539270311888,0.10725892006547014,0.0005021795050385716,0.04900691117253468
7050.0,0.5,2025-11-19 20:35:46,0,2025-12-01,6642.16015625,0.04365079365079365,2512,0.045,out,6689.026206958043,-0.11607539270311888,0.11653078553280599,0.0005927526339119884,0.05255931277690235
7075.0,0.36,2025-11-19 20:35:46,0,2025-12-01,6642.16015625,0.04365079365079365,2512,0.045,out,6689.026206958043,-0.11607539270311888,0.11804617685097696,0.0006082694387319579,0.05609913948202645
7100.0,0.3,2025-11-19 21:12:22,0,2025-12-01,6642.16015625,0.04365079365079365,2512,0.045,out,6689.026206958043,-0.11607539270311888,0.12150030116097969,0.0006443871230329221,0.05962647999999492
7125.0,0.2,2025-11-19 20:59:53,0,2025-12-01,6642.16015625,0.04365079365079365,2512,0.045,out,6689.026206958043,-0.11607539270311888,0.12194810530134964,0.0006491458105257129,0.06314142210743946
7150.0,0.2,2025-11-19 17:20:56,0,2025-12-01,6642.16015625,0.04365079365079365,2512,0.045,out,6689.026206958043,-0.11607539270311888,0.1275301925972031,0.000709934326439194,0.06664405265864139
6525.0,185.18,2025-11-18 14:38:50,0,2025-12-01,6642.16015625,0.047619047619047616,2512,0.045,in,6689.026206958043,-0.10265244331119232,0.18705979460367653,0.0016662555598652214,-0.0248273508385178
6525.0,172.19,2025-11-19 16:35:32,0,2025-12-02,6642.16015625,0.047619047619047616,2512,0.045,in,6689.026206958043,-0.10265244331119232,0.1609936758065459,0.0012342363642715807,-0.0248273508385178
6530.0,176.4,2025-11-18 14:42:16,0,2025-12-01,6642.16015625,0.047619047619047616,2512,0.045,in,6689.026206958043,-0.10265244331119232,0.17645281288398257,0.0014826473892699886,-0.024061360758935106
6550.0,166.0,2025-11-19 20:18:42,0,2025-12-02,6642.16015625,0.047619047619047616,2512,0.045,in,6689.026206958043,-0.10265244331119232,0.182078087719244,0.00157868714416651,-0.02100325440011429
6570.0,140.5,2025-11-19 14:33:52,0,2025-12-02,6642.16015625,0.047619047619047616,2512,0.045,in,6689.026206958043,-0.10265244331119232,0.15834291151420332,0.0011939275060378488,-0.017954471550755736
6580.0,151.3,2025-11-18 19:40:43,0,2025-12-01,6642.16015625,0.047619047619047616,2512,0.045,in,6689.026206958043,-0.10265244331119232,0.18953500072231436,0.001710643642800367,-0.016433558710049066
6580.0,120.65,2025-11-19 19:37:56,0,2025-12-02,6642.16015625,0.047619047619047616,2512,0.045,in,6689.026206958043,-0.10265244331119232,0.1331779235886703,0.000844588539589986,-0.016433558710049066
6600.0,147.22,2025-11-19 15:20:34,0,2025-12-02,6642.16015625,0.047619047619047616,2512,0.045,in,6689.026206958043,-0.10265244331119232,0.20308833518675415,0.0019640415185203527,-0.013398655014894966
6605.0,143.57,2025-11-19 15:20:34,0,2025-12-02,6642.16015625,0.047619047619047616,2512,0.045,in,6689.026206958043,-0.10265244331119232,0.2016147138350462,0.001935642515942265,-0.012641366072986196
6610.0,115.22,2025-11-18 20:44:24,0,2025-12-01,6642.16015625,0.047619047619047616,2512,0.045,in,6689.026206958043,-0.10265244331119232,0.15650841160946222,0.001166422995453183,-0.011884650183679929
6625.0,104.0,2025-11-19 19:55:14,0,2025-12-02,6642.16015625,0.047619047619047616,2512,0.045,in,6689.026206958043,-0.10265244331119232,0.15157623838140993,0.0010940645734218099,-0.009617932174988972
6635.0,94.78,2025-11-19 19:59:41,0,2025-12-02,6642.16015625,0.047619047619047616,2512,0.045,in,6689.026206958043,-0.10265244331119232,0.14492756751608643,0.0010001904679109424,-0.008109636263104065
6650.0,111.43,2025-11-19 15:32:26,0,2025-12-02,6642.16015625,0.047619047619047616,2512,0.045,out,6689.026206958043,-0.10265244331119232,0.18722627145699122,0.0016692227011279506,-0.005851449379512043
6660.0,89.8,2025-11-19 20:54:15,0,2025-12-02,6642.16015625,0.047619047619047616,2512,0.045,out,6689.026206958043,-0.10265244331119232,0.15834290659112366,0.0011939274317964432,-0.004348819494977066
6670.0,77.5,2025-11-19 20:09:30,0,2025-12-02,6642.16015625,0.047619047619047616,2512,0.045,out,6689.026206958043,-0.10265244331119232,0.1453109943465328,0.0010054897656180041,-0.0028484441197425044
6675.0,77.0,2025-11-19 18:40:44,0,2025-12-02,6642.16015625,0.047619047619047616,2512,0.045,out,6689.026206958043,-0.10265244331119232,0.1484521778050202,0.001049430909288254,-0.002099099760961637
6680.0,73.3,2025-11-19 18:52:18,0,2025-12-02,6642.16015625,0.047619047619047616,2512,0.045,out,6689.026206958043,-0.10265244331119232,0.14596563395004325,0.0010145698235446675,-0.001350316498720516
6685.0,84.6,2025-11-19 15:46:04,0,2025-12-02,6642.16015625,0.047619047619047616,2512,0.045,out,6689.026206958043,-0.10265244331119232,0.1694818150326626,0.0013678136012745552,-0.0006020934933683833
6690.0,87.0,2025-11-19 15:34:09,0,2025-12-02,6642.16015625,0.047619047619047616,2512,0.045,out,6689.026206958043,-0.10265244331119232,0.17750289444166617,0.0015003465492937755,0.00014557009286218837
6695.0,62.42,2025-11-19 17:19:40,0,2025-12-02,6642.16015625,0.047619047619047616,2512,0.045,out,6689.026206958043,-0.10265244331119232,0.1383140509804588,0.0009109893666011883,0.0008926750958610369
6700.0,69.74,2025-11-19 20:42:42,0,2025-12-02,6642.16015625,0.047619047619047616,2512,0.045,out,6689.026206958043,-0.10265244331119232,0.15483012567319643,0.0011415413245703715,0.0016392223496454624
6710.0,62.6,2025-11-19 20:51:38,0,2025-12-02,6642.16015625,0.047619047619047616,2512,0.045,out,6689.026206958043,-0.10265244331119232,0.14939079673738997,0.0010627433404681982,0.003130646936315492
6715.0,61.12,2025-11-19 20:53:46,0,2025-12-02,6642.16015625,0.047619047619047616,2512,0.045,out,6689.026206958043,-0.10265244331119232,0.15024153595516213,0.001074881863150775,0.0038755259279260653
6720.0,59.3,2025-11-19 14:42:30,0,2025-12-02,6642.16015625,0.047619047619047616,2512,0.045,out,6689.026206958043,-0.10265244331119232,0.15041350048770838,0.001077343863284088,0.0046198504877832235
6725.0,48.45,2025-11-19 17:46:56,0,2025-12-02,6642.16015625,0.047619047619047616,2512,0.045,out,6689.026206958043,-0.10265244331119232,0.1340983482858675,0.0008563031910951344,0.005363621440627952
6730.0,48.2,2025-11-19 20:09:30,0,2025-12-02,6642.16015625,0.047619047619047616,2512,0.045,out,6689.026206958043,-0.10265244331119232,0.13688244173728054,0.0008922287074266666,0.006106839609361685
6740.0,49.77,2025-11-19 20:26:03,0,2025-12-02,6642.16015625,0.047619047619047616,2512,0.045,out,6689.026206958043,-0.10265244331119232,0.1461704381039697,0.0010174189035955447,0.007591620876940895
6745.0,43.87,2025-11-19 18:54:56,0,2025-12-02,6642.16015625,0.047619047619047616,2512,0.045,out,6689.026206958043,-0.10265244331119232,0.1382391918947007,0.000910003532176185,0.008333185612444314
6750.0,43.25,2025-11-19 20:15:58,0,2025-12-02,6642.16015625,0.047619047619047616,2512,0.045,out,6689.026206958043,-0.10265244331119232,0.14011049285482244,0.0009348071527629166,0.009074200837163666
6755.0,33.7,2025-11-19 19:27:13,0,2025-12-02,6642.16015625,0.047619047619047616,2512,0.045,out,6689.026206958043,-0.10265244331119232,0.12450148583308142,0.0007381247606973796,0.00981466736488727
6760.0,64.34,2025-11-20 01:22:34,0,2025-12-03,6642.16015625,0.047619047619047616,2512,0.045,out,6689.026206958043,-0.10265244331119232,0.1858010236511376,0.0016439057328481235,0.010554586007597913
6765.0,34.83,2025-11-19 16:48:01,0,2025-12-02,6642.16015625,0.047619047619047616,2512,0.045,out,6689.026206958043,-0.10265244331119232,0.13246109655801191,0.0008355210524452837,0.011293957575476432
6775.0,30.47,2025-11-19 17:47:40,0,2025-12-02,6642.16015625,0.047619047619047616,2512,0.045,out,6689.026206958043,-0.10265244331119232,0.12909232279473531,0.0007935632287876256,0.01277106271848965
6780.0,31.06,2025-11-19 21:01:31,0,2025-12-02,6642.16015625,0.047619047619047616,2512,0.045,out,6689.026206958043,-0.10265244331119232,0.13303362849502146,0.0008427593481214945,0.013508797905029353
6790.0,52.72,2025-11-20 04:42:40,0,2025-12-03,6642.16015625,0.047619047619047616,2512,0.045,out,6689.026206958043,-0.10265244331119232,0.18210278552934261,0.0015791154522640835,0.014982637523329892
6795.0,29.5,2025-11-19 20:21:36,0,2025-12-02,6642.16015625,0.047619047619047616,2512,0.045,out,6689.026206958043,-0.10265244331119232,0.13767772539900522,0.0009026264795735184,0.015718743555832266
6795.0,45.8,2025-11-20 01:15:02,0,2025-12-03,6642.16015625,0.047619047619047616,2512,0.045,out,6689.026206958043,-0.10265244331119232,0.1713763001122004,0.0013985636304831893,0.015718743555832266
6800.0,27.8,2025-11-19 20:55:37,0,2025-12-02,6642.16015625,0.047619047619047616,2512,0.045,out,6689.026206958043,-0.10265244331119232,0.1365452089678519,0.0008878378139083021,0.016454308134786128
6800.0,48.07,2025-11-20 05:27:14,0,2025-12-03,6642.16015625,0.047619047619047616,2512,0.045,out,6689.026206958043,-0.10265244331119232,0.17872336353499804,0.0015210495558696698,0.016454308134786128
6805.0,22.35,2025-11-19 16:50:03,0,2025-12-02,6642.16015625,0.047619047619047616,2512,0.045,out,6689.026206958043,-0.10265244331119232,0.12663525371159637,0.0007636422610762086,0.017189332056154607
6805.0,45.38,2025-11-20 02:02:33,0,2025-12-03,6642.16015625,0.047619047619047616,2512,0.045,out,6689.026206958043,-0.10265244331119232,0.17614359782661906,0.001477455574062177,0.017189332056154607
6810.0,29.2,2025-11-19 15:40:04,0,2025-12-02,6642.16015625,0.047619047619047616,2512,0.045,out,6689.026206958043,-0.10265244331119232,0.14476042283019727,0.0009978847627608333,0.01792381611414609
6815.0,20.3,2025-11-19 18:15:43,0,2025-12-02,6642.16015625,0.047619047619047616,2512,0.045,out,6689.026206958043,-0.10265244331119232,0.12651833693059197,0.0007622328371277519,0.01865776110122113
6820.0,21.5,2025-11-19 16:04:49,0,2025-12-02,6642.16015625,0.047619047619047616,2512,0.045,out,6689.026206958043,-0.10265244331119232,0.1318307027850702,0.0008275873427050245,0.019391167808095806
6820.0,39.32,2025-11-20 07:05:48,0,2025-12-03,6642.16015625,0.047619047619047616,2512,0.045,out,6689.026206958043,-0.10265244331119232,0.17181455440592477,0.0014057257669384039,0.019391167808095806
6825.0,17.3,2025-11-19 17:28:14,0,2025-12-02,6642.16015625,0.047619047619047616,2512,0.045,out,6689.026206958043,-0.10265244331119232,0.12354108625908862,0.0007267809520988368,0.020124037023748605
6830.0,20.72,2025-11-19 20:41:14,0,2025-12-02,6642.16015625,0.047619047619047616,2512,0.045,out,6689.026206958043,-0.10265244331119232,0.13461110834275014,0.0008628643090125531,0.02085636953542375
6835.0,17.13,2025-11-19 21:12:05,0,2025-12-02,6642.16015625,0.047619047619047616,2512,0.045,out,6689.026206958043,-0.10265244331119232,0.12759979595804452,0.0007753194251683141,0.021588166128638037
6840.0,17.27,2025-11-19 20:55:08,0,2025-12-02,6642.16015625,0.047619047619047616,2512,0.045,out,6689.026206958043,-0.10265244331119232,0.13021081294068076,0.0008073740860320457,0.022319427587184346
6845.0,11.46,2025-11-19 19:37:56,0,2025-12-02,6642.16015625,0.047619047619047616,2512,0.045,out,6689.026206958043,-0.10265244331119232,0.11551710555855631,0.000635438175077459,0.023050154693137346
6850.0,14.7,2025-11-19 20:51:24,0,2025-12-02,6642.16015625,0.047619047619047616,2512,0.045,out,6689.026206958043,-0.10265244331119232,0.12739864854277086,0.0007728769357392595,0.023780348226859156
6855.0,12.2,2025-11-19 17:06:34,0,2025-12-02,6642.16015625,0.047619047619047616,2512,0.045,out,6689.026206958043,-0.10265244331119232,0.12196948803973184,0.0007084074291749662,0.02451000896700283
6860.0,10.27,2025-11-19 19:54:13,0,2025-12-02,6642.16015625,0.047619047619047616,2512,0.045,out,6689.026206958043,-0.10265244331119232,0.11771219918566464,0.0006598172303393136,0.02523913769051907
6865.0,9.52,2025-11-19 19:54:13,0,2025-12-02,6642.16015625,0.047619047619047616,2512,0.045,out,6689.026206958043,-0.10265244331119232,0.11709405339979828,0.000652905587694991,0.02596773517265947
6870.0,11.78,2025-11-19 20:36:22,0,2025-12-02,6642.16015625,0.047619047619047616,2512,0.045,out,6689.026206958043,-0.10265244331119232,0.1267480949380617,0.0007650037890679952,0.026695802186983166
6875.0,10.8,2025-11-19 20:28:32,0,2025-12-02,6642.16015625,0.047619047619047616,2512,0.045,out,6689.026206958043,-0.10265244331119232,0.12547611894035468,0.0007497264963968588,0.027423339505360068
6880.0,7.05,2025-11-19 19:38:27,0,2025-12-02,6642.16015625,0.047619047619047616,2512,0.045,out,6689.026206958043,-0.10265244331119232,0.11337115643535593,0.0006120485291185689,0.02815034789797747
6895.0,8.18,2025-11-19 20:36:22,0,2025-12-02,6642.16015625,0.047619047619047616,2512,0.045,out,6689.026206958043,-0.10265244331119232,0.12351623461053794,0.0007264885815412118,0.030328207197990176
6895.0,15.0,2025-11-20 06:34:13,0,2025-12-03,6642.16015625,0.047619047619047616,2512,0.045,out,6689.026206958043,-0.10265244331119232,0.14717740347910999,0.0010314851473739396,0.030328207197990176
6900.0,6.88,2025-11-19 20:50:22,0,2025-12-02,6642.16015625,0.047619047619047616,2512,0.045,out,6689.026206958043,-0.10265244331119232,0.11993037973098135,0.0006849188563055897,0.031053107555938837
6900.0,14.51,2025-11-20 07:05:48,0,2025-12-03,6642.16015625,0.047619047619047616,2512,0.045,out,6689.026206958043,-0.10265244331119232,0.14768886006531312,0.00103866663749484,0.031053107555938837
6905.0,5.7,2025-11-19 19:05:29,0,2025-12-02,6642.16015625,0.047619047619047616,2512,0.045,out,6689.026206958043,-0.10265244331119232,0.11629980666827924,0.0006440783348132919,0.03177748281398068
6910.0,4.9,2025-11-19 20:09:54,0,2025-12-02,6642.16015625,0.047619047619047616,2512,0.045,out,6689.026206958043,-0.10265244331119232,0.11399918949643975,0.0006188483431354846,0.03250133373230365
6915.0,5.33,2025-11-19 16:27:51,0,2025-12-02,6642.16015625,0.047619047619047616,2512,0.045,out,6689.026206958043,-0.10265244331119232,0.11792638369044545,0.0006622205700145789,0.03322466106944675
6920.0,3.83,2025-11-19 17:37:31,0,2025-12-02,6642.16015625,0.047619047619047616,2512,0.045,out,6689.026206958043,-0.10265244331119232,0.11128850556636616,0.0005897681652950053,0.0339474655823033
6925.0,4.69,2025-11-19 20:50:22,0,2025-12-02,6642.16015625,0.047619047619047616,2512,0.045,out,6689.026206958043,-0.10265244331119232,0.1179204199341886,0.0006621535922597801,0.03466974802612739
6930.0,4.58,2025-11-19 20:41:25,0,2025-12-02,6642.16015625,0.047619047619047616,2512,0.045,out,6689.026206958043,-0.10265244331119232,0.11896992841613374,0.0006739925651114279,0.03539150915453695
6940.0,3.9,2025-11-19 20:41:25,0,2025-12-02,6642.16015625,0.047619047619047616,2512,0.045,out,6689.026206958043,-0.10265244331119232,0.1181972127977604,0.0006652657672932882,0.036833470471438194
6950.0,3.05,2025-11-19 20:51:05,0,2025-12-02,6642.16015625,0.047619047619047616,2512,0.045,out,6689.026206958043,-0.10265244331119232,0.11561504801741253,0.0006365161584794573,0.03827335552942581
6960.0,2.54,2025-11-19 21:10:03,0,2025-12-02,6642.16015625,0.047619047619047616,2512,0.045,out,6689.026206958043,-0.10265244331119232,0.1147025941003053,0.0006265088139685424,0.039711170299053515
6970.0,2.07,2025-11-19 20:15:46,0,2025-12-02,6642.16015625,0.047619047619047616,2512,0.045,out,6689.026206958043,-0.10265244331119232,0.11349763522480913,0.0006134149143630397,0.041146920725157736
6980.0,1.8,2025-11-19 20:57:17,0,2025-12-02,6642.16015625,0.047619047619047616,2512,0.045,out,6689.026206958043,-0.10265244331119232,0.11367407690226886,0.0006153236075991873,0.042580612727006306
6990.0,1.55,2025-11-19 20:47:31,0,2025-12-02,6642.16015625,0.047619047619047616,2512,0.045,out,6689.026206958043,-0.10265244331119232,0.11370466648109047,0.0006156548180750484,0.04401225219844407
7000.0,1.15,2025-11-19 20:59:03,0,2025-12-02,6642.16015625,0.047619047619047616,2512,0.045,out,6689.026206958043,-0.10265244331119232,0.1112294354084689,0.0005891422524422264,0.04544184500803847
7020.0,1.35,2025-11-19 15:35:47,0,2025-12-02,6642.16015625,0.047619047619047616,2512,0.045,out,6689.026206958043,-0.10265244331119232,0.11939481799278673,0.000678815360168127,0.048294913990444874
7025.0,0.82,2025-11-19 17:46:56,0,2025-12-02,6642.16015625,0.047619047619047616,2512,0.045,out,6689.026206958043,-0.10265244331119232,0.11232201658885499,0.0006007731147898578,0.04900691117253468
7050.0,0.59,2025-11-19 21:11:07,0,2025-12-02,6642.16015625,0.047619047619047616,2512,0.045,out,6689.026206958043,-0.10265244331119232,0.11361191880713013,0.0006146508616684728,0.05255931277690235
7075.0,0.45,2025-11-19 16:41:46,0,2025-12-02,6642.16015625,0.047619047619047616,2512,0.045,out,6689.026206958043,-0.10265244331119232,0.11573910754900758,0.0006378829055352735,0.05609913948202645
7100.0,0.29,2025-11-19 21:11:07,0,2025-12-02,6642.16015625,0.047619047619047616,2512,0.045,out,6689.026206958043,-0.10265244331119232,0.115608192574979,0.0006364406757358775,0.05962647999999492
7150.0,0.2,2025-11-19 20:37:27,0,2025-12-02,6642.16015625,0.047619047619047616,2512,0.045,out,6689.026206958043,-0.10265244331119232,0.12182897549937677,0.0007067761557727497,0.06664405265864139
5330.0,1335.4,2025-11-07 15:55:11,0,2025-11-21,6642.16015625,0.051587301587301584,2511,0.045,in,6730.533831800775,-0.21121085043335963,0.5478493992021877,0.015483359264605452,-0.2333032235516619
5340.0,1324.37,2025-11-07 15:57:13,0,2025-11-21,6642.16015625,0.051587301587301584,2511,0.045,in,6730.533831800775,-0.21121085043335963,0.5340615680715272,0.014713820874536664,-0.23142880875731164
5420.0,1344.5,2025-11-14 16:35:18,0,2025-11-28,6642.16015625,0.051587301587301584,2511,0.045,in,6730.533831800775,-0.21121085043335963,0.9278860635093689,0.044415250432991514,-0.21655864627786017
5610.0,1158.59,2025-11-14 16:37:33,0,2025-11-28,6642.16015625,0.051587301587301584,2511,0.045,in,6730.533831800775,-0.21121085043335963,0.8300414335399386,0.03554204030995822,-0.18210374219481018
5925.0,761.57,2025-11-14 14:37:37,0,2025-11-28,6642.16015625,0.051587301587301584,2511,0.045,in,6730.533831800775,-0.21121085043335963,0.414935273177157,0.008881851793832638,-0.1274737747082202
5995.0,729.4,2025-11-07 19:43:51,0,2025-11-21,6642.16015625,0.051587301587301584,2511,0.045,in,6730.533831800775,-0.21121085043335963,0.4986955937192077,0.012829622371168213,-0.1157286732499375
6045.0,668.52,2025-11-14 14:53:33,0,2025-11-28,6642.16015625,0.051587301587301584,2511,0.045,in,6730.533831800775,-0.21121085043335963,0.44325950240293616,0.010135820730620956,-0.10742297766265914
6130.0,568.9,2025-11-07 14:59:01,0,2025-11-21,6642.16015625,0.051587301587301584,2511,0.045,in,6730.533831800775,-0.21121085043335963,0.359798701038794,0.006678239557538274,-0.09345971178129506
6130.0,627.84,2025-11-14 19:08:32,0,2025-11-28,6642.16015625,0.051587301587301584,2511,0.045,in,6730.533831800775,-0.21121085043335963,0.506284144855148,0.01322304467981036,-0.09345971178129506
6140.0,616.92,2025-11-14 20:23:44,0,2025-11-28,6642.16015625,0.051587301587301584,2511,0.045,in,6730.533831800775,-0.21121085043335963,0.49847338057517715,0.012818191447803929,-0.09182971957036402
6160.0,539.28,2025-11-07 15:20:02,0,2025-11-21,6642.16015625,0.051587301587301584,2511,0.045,in,6730.533831800775,-0.21121085043335963,0.3462810775487844,0.00618586349479569,-0.08857768418398666
6210.0,480.45,2025-11-07 18:28:04,0,2025-11-21,6642.16015625,0.051587301587301584,2511,0.045,in,6730.533831800775,-0.21121085043335963,0.29692871445528723,0.004548280155098824,-0.08049356578402773
6220.0,471.16,2025-11-07 18:28:04,0,2025-11-21,6642.16015625,0.051587301587301584,2511,0.045,in,6730.533831800775,-0.21121085043335963,0.29425948560759757,0.004466874536946916,-0.07888455497832697
6245.0,534.42,2025-11-14 16:38:53,0,2025-11-28,6642.16015625,0.051587301587301584,2511,0.045,in,6730.533831800775,-0.21121085043335963,0.48412748353974644,0.012091001841828796,-0.07487331815187415
6335.0,423.63,2025-11-14 16:12:49,0,2025-11-28,6642.16015625,0.051587301587301584,2511,0.045,in,6730.533831800775,-0.21121085043335963,0.38739632292788645,0.007742011282677042,-0.06056464795631273
6340.0,423.35,2025-11-14 20:23:44,0,2025-11-28,6642.16015625,0.051587301587301584,2511,0.045,in,6730.533831800775,-0.21121085043335963,0.39373892650769116,0.007997597020700702,-0.05977569328028057
6345.0,337.77,2025-11-07 16:09:16,0,2025-11-21,6642.16015625,0.051587301587301584,2511,0.045,in,6730.533831800775,-0.21121085043335963,0.2115152892254738,0.0023079497162292292,-0.05898736056306416
6350.0,311.19,2025-11-19 17:42:09,0,2025-12-03,6642.16015625,0.051587301587301584,2512,0.045,in,6689.026206958043,-0.09129456305648521,0.12923423162693806,0.0008615846274391507,-0.05201349114267462
6425.0,313.56,2025-11-14 15:19:09,0,2025-11-28,6642.16015625,0.051587301587301584,2511,0.045,in,6730.533831800775,-0.21121085043335963,0.2932944320844567,0.004437623454732824,-0.04645783094813158
6455.0,304.91,2025-11-14 15:44:34,0,2025-11-28,6642.16015625,0.051587301587301584,2511,0.045,in,6730.533831800775,-0.21121085043335963,0.31508985909742704,0.0051216708372161645,-0.04179943743080924
6465.0,309.5,2025-11-14 20:26:39,0,2025-11-28,6642.16015625,0.051587301587301584,2511,0.045,in,6730.533831800775,-0.21121085043335963,0.33531243431810553,0.005800188777414048,-0.0402514495055943
6520.0,162.3,2025-11-18 15:40:33,0,2025-12-02,6642.16015625,0.051587301587301584,2512,0.045,in,6689.026206958043,-0.09129456305648521,0.12484540805904425,0.000804059074899129,-0.025593928108713308
6540.0,165.03,2025-11-19 16:24:52,0,2025-12-03,6642.16015625,0.051587301587301584,2512,0.045,in,6689.026206958043,-0.09129456305648521,0.15938800660801736,0.0013105514938738334,-0.02253113857816749
6550.0,148.8,2025-11-19 19:26:37,0,2025-12-03,6642.16015625,0.051587301587301584,2512,0.045,in,6689.026206958043,-0.09129456305648521,0.14155310564040471,0.0010336692948958986,-0.02100325440011429
6560.0,161.22,2025-11-19 14:45:26,0,2025-12-03,6642.16015625,0.051587301587301584,2512,0.045,in,6689.026206958043,-0.09129456305648521,0.17653432946064745,0.0016076857270458946,-0.019477701091277187
6575.0,156.27,2025-11-18 18:30:26,0,2025-12-02,6642.16015625,0.051587301587301584,2512,0.045,in,6689.026206958043,-0.09129456305648521,0.18425875357759283,0.001751455347260258,-0.017193725983446644
6590.0,134.64,2025-11-18 20:32:42,0,2025-12-02,6642.16015625,0.051587301587301584,2512,0.045,in,6689.026206958043,-0.09129456305648521,0.16236986372451265,0.0013600462079242797,-0.014914955532858957
6600.0,126.53,2025-11-19 18:25:41,0,2025-12-03,6642.16015625,0.051587301587301584,2512,0.045,in,6689.026206958043,-0.09129456305648521,0.15861907320027938,0.0012979370435631057,-0.013398655014894966
6625.0,110.37,2025-11-19 19:02:52,0,2025-12-03,6642.16015625,0.051587301587301584,2512,0.045,in,6689.026206958043,-0.09129456305648521,0.15525594151398367,0.001243481332857602,-0.009617932174988972
6650.0,98.9,2025-11-19 20:50:57,0,2025-12-03,6642.16015625,0.051587301587301584,2512,0.045,out,6689.026206958043,-0.09129456305648521,0.15804746068623868,0.00128859919754677,-0.005851449379512043
6660.0,96.4,2025-11-19 20:27:31,0,2025-12-03,6642.16015625,0.051587301587301584,2512,0.045,out,6689.026206958043,-0.09129456305648521,0.16213538284786883,0.0013561209159758927,-0.004348819494977066
6670.0,84.37,2025-11-19 20:12:45,0,2025-12-03,6642.16015625,0.051587301587301584,2512,0.045,out,6689.026206958043,-0.09129456305648521,0.1501070786721817,0.0011623720471327585,-0.0028484441197425044
6675.0,74.3,2025-11-19 19:51:47,0,2025-12-03,6642.16015625,0.051587301587301584,2512,0.045,out,6689.026206958043,-0.09129456305648521,0.1372205399167996,0.0009713618868085473,-0.002099099760961637
6680.0,96.86,2025-11-19 15:07:52,0,2025-12-03,6642.16015625,0.051587301587301584,2512,0.045,out,6689.026206958043,-0.09129456305648521,0.1786031824616984,0.001645588326233363,-0.001350316498720516
6685.0,75.1,2025-11-19 18:25:59,0,2025-12-03,6642.16015625,0.051587301587301584,2512,0.045,out,6689.026206958043,-0.09129456305648521,0.14607952351154746,0.001100833148657499,-0.0006020934933683833
6690.0,73.11,2025-11-19 20:50:00,0,2025-12-03,6642.16015625,0.051587301587301584,2512,0.045,out,6689.026206958043,-0.09129456305648521,0.1464205778858976,0.0011059794173401694,0.00014557009286218837
6700.0,65.61,2025-11-19 19:55:29,0,2025-12-03,6642.16015625,0.051587301587301584,2512,0.045,out,6689.026206958043,-0.09129456305648521,0.14094420719370565,0.0010247956509484481,0.0016392223496454624
6710.0,66.25,2025-11-19 20:56:57,0,2025-12-03,6642.16015625,0.051587301587301584,2512,0.045,out,6689.026206958043,-0.09129456305648521,0.14893341421975945,0.001144266287003999,0.003130646936315492
6715.0,53.78,2025-11-19 19:26:09,0,2025-12-03,6642.16015625,0.051587301587301584,2512,0.045,out,6689.026206958043,-0.09129456305648521,0.13093419775716117,0.0008844005311509843,0.0038755259279260653
6720.0,62.83,2025-11-19 20:25:04,0,2025-12-03,6642.16015625,0.051587301587301584,2512,0.045,out,6689.026206958043,-0.09129456305648521,0.14979925496978294,0.0011576095962838352,0.0046198504877832235
6725.0,58.9,2025-11-19 20:56:57,0,2025-12-03,6642.16015625,0.051587301587301584,2512,0.045,out,6689.026206958043,-0.09129456305648521,0.14629209935765014,0.0011040393585241726,0.005363621440627952
6730.0,44.91,2025-11-19 17:37:47,0,2025-12-03,6642.16015625,0.051587301587301584,2512,0.045,out,6689.026206958043,-0.09129456305648521,0.12493899970028784,0.000805265069045281,0.006106839609361685
6735.0,49.79,2025-11-19 19:56:09,0,2025-12-03,6642.16015625,0.051587301587301584,2512,0.045,out,6689.026206958043,-0.09129456305648521,0.13667264752780264,0.0009636204903546297,0.006849505815052437
6740.0,41.51,2025-11-19 17:37:23,0,2025-12-03,6642.16015625,0.051587301587301584,2512,0.045,out,6689.026206958043,-0.09129456305648521,0.12486502720813755,0.0008043118065712544,0.007591620876940895
6740.0,83.6,2025-11-20 05:32:32,0,2025-12-04,6642.16015625,0.051587301587301584,2512,0.045,out,6689.026206958043,-0.09129456305648521,0.19860806059179015,0.0020348694544302316,0.007591620876940895
6750.0,49.23,2025-11-19 20:33:02,0,2025-12-03,6642.16015625,0.051587301587301584,2512,0.045,out,6689.026206958043,-0.09129456305648521,0.14476373186244595,0.0010810912492684442,0.009074200837163666
6755.0,45.03,2025-11-19 09:28:12,0,2025-12-03,6642.16015625,0.051587301587301584,2512,0.045,out,6689.026206958043,-0.09129456305648521,0.1400806449406119,0.0010122763179790121,0.00981466736488727
6765.0,46.8,2025-11-19 15:50:23,0,2025-12-03,6642.16015625,0.051587301587301584,2512,0.045,out,6689.026206958043,-0.09129456305648521,0.14911009270504763,0.0011469827647008041,0.011293957575476432
6770.0,44.33,2025-11-19 20:39:17,0,2025-12-03,6642.16015625,0.051587301587301584,2512,0.045,out,6689.026206958043,-0.09129456305648521,0.14737296179503465,0.0011204137630441652,0.012032782876908796
6775.0,34.92,2025-11-19 19:12:08,0,2025-12-03,6642.16015625,0.051587301587301584,2512,0.045,out,6689.026206958043,-0.09129456305648521,0.1321856873816032,0.0009013878068694844,0.01277106271848965
6780.0,38.6,2025-11-19 20:21:49,0,2025-12-03,6642.16015625,0.051587301587301584,2512,0.045,out,6689.026206958043,-0.09129456305648521,0.14202087096898505,0.001040512147937533,0.013508797905029353
6785.0,30.3,2025-11-19 17:48:13,0,2025-12-03,6642.16015625,0.051587301587301584,2512,0.045,out,6689.026206958043,-0.09129456305648521,0.12823231936218288,0.0008482772241153302,0.014245989239557715
6810.0,29.13,2025-11-19 20:20:22,0,2025-12-03,6642.16015625,0.051587301587301584,2512,0.045,out,6689.026206958043,-0.09129456305648521,0.13833598195534627,0.000987218137881542,0.01792381611414609
6815.0,26.04,2025-11-19 20:55:16,0,2025-12-03,6642.16015625,0.051587301587301584,2512,0.045,out,6689.026206958043,-0.09129456305648521,0.13406232453138262,0.0009271634490629,0.01865776110122113
6825.0,21.85,2025-11-19 20:59:58,0,2025-12-03,6642.16015625,0.051587301587301584,2512,0.045,out,6689.026206958043,-0.09129456305648521,0.12920595016731024,0.0008612075724693925,0.020124037023748605
6830.0,21.31,2025-11-19 20:47:10,0,2025-12-03,6642.16015625,0.051587301587301584,2512,0.045,out,6689.026206958043,-0.09129456305648521,0.13019566366464488,0.000874451749531767,0.02085636953542375
6835.0,15.79,2025-11-19 19:45:10,0,2025-12-03,6642.16015625,0.051587301587301584,2512,0.045,out,6689.026206958043,-0.09129456305648521,0.1185766042500288,0.0007253386665916006,0.021588166128638037
6840.0,19.5,2025-11-19 20:44:34,0,2025-12-03,6642.16015625,0.051587301587301584,2512,0.045,out,6689.026206958043,-0.09129456305648521,0.13023484637810112,0.0008749781656534079,0.022319427587184346
6845.0,20.72,2025-11-19 14:55:41,0,2025-12-03,6642.16015625,0.051587301587301584,2512,0.045,out,6689.026206958043,-0.09129456305648521,0.13545249807270224,0.0009464917858879373,0.023050154693137346
6850.0,17.72,2025-11-19 20:28:58,0,2025-12-03,6642.16015625,0.051587301587301584,2512,0.045,out,6689.026206958043,-0.09129456305648521,0.13002266981484092,0.0008721294867267018,0.023780348226859156
6855.0,13.7,2025-11-19 18:46:19,0,2025-12-03,6642.16015625,0.051587301587301584,2512,0.045,out,6689.026206958043,-0.09129456305648521,0.121110051759683,0.0007566642074763103,0.02451000896700283
6860.0,12.85,2025-11-19 18:46:19,0,2025-12-03,6642.16015625,0.051587301587301584,2512,0.045,out,6689.026206958043,-0.09129456305648521,0.12063084281595779,0.0007506881075410638,0.02523913769051907
6870.0,12.35,2025-11-19 16:57:37,0,2025-12-03,6642.16015625,0.051587301587301584,2512,0.045,out,6689.026206958043,-0.09129456305648521,0.1230681843613726,0.0007813298175637394,0.026695802186983166
6875.0,9.14,2025-11-19 19:38:27,0,2025-12-03,6642.16015625,0.051587301587301584,2512,0.045,out,6689.026206958043,-0.09129456305648521,0.11446546272045471,0.0006759144762916726,0.027423339505360068
6880.0,10.9,2025-11-19 20:59:04,0,2025-12-03,6642.16015625,0.051587301587301584,2512,0.045,out,6689.026206958043,-0.09129456305648521,0.12231627877325656,0.0007718116535245284,0.02815034789797747
6885.0,10.2,2025-11-19 20:59:04,0,2025-12-03,6642.16015625,0.051587301587301584,2512,0.045,out,6689.026206958043,-0.09129456305648521,0.12185568233961526,0.0007660099013487773,0.02887682813334323
6890.0,9.3,2025-11-19 20:15:29,0,2025-12-03,6642.16015625,0.051587301587301584,2512,0.045,out,6689.026206958043,-0.09129456305648521,0.12056213491793641,0.0007498332098715044,0.02960278097829236
6905.0,7.5,2025-11-19 20:15:29,0,2025-12-03,6642.16015625,0.051587301587301584,2512,0.045,out,6689.026206958043,-0.09129456305648521,0.11909122518514019,0.0007316482496399642,0.03177748281398068
6910.0,9.9,2025-11-19 15:29:53,0,2025-12-03,6642.16015625,0.051587301587301584,2512,0.045,out,6689.026206958043,-0.09129456305648521,0.13002781969339078,0.000872198573908017,0.03250133373230365
6915.0,7.2,2025-11-19 20:30:20,0,2025-12-03,6642.16015625,0.051587301587301584,2512,0.045,out,6689.026206958043,-0.09129456305648521,0.12132651232481026,0.0007593714036021045,0.03322466106944675
6920.0,6.1,2025-11-19 20:57:59,0,2025-12-03,6642.16015625,0.051587301587301584,2512,0.045,out,6689.026206958043,-0.09129456305648521,0.11819557639390152,0.0007206846255084361,0.0339474655823033
6925.0,5.5,2025-11-19 20:58:14,0,2025-12-03,6642.16015625,0.051587301587301584,2512,0.045,out,6689.026206958043,-0.09129456305648521,0.1170133670056453,0.0007063399394998884,0.03466974802612739
6930.0,4.7,2025-11-19 21:01:54,0,2025-12-03,6642.16015625,0.051587301587301584,2512,0.045,out,6689.026206958043,-0.09129456305648521,0.1145534428031289,0.0006769539141057398,0.03539150915453695
6940.0,4.3,2025-11-19 20:58:14,0,2025-12-03,6642.16015625,0.051587301587301584,2512,0.045,out,6689.026206958043,-0.09129456305648521,0.11551651490170917,0.0006883843166487235,0.036833470471438194
6940.0,8.6,2025-11-20 01:20:53,0,2025-12-04,6642.16015625,0.051587301587301584,2512,0.045,out,6689.026206958043,-0.09129456305648521,0.1357522117606973,0.0009506849959245064,0.036833470471438194
6950.0,3.4,2025-11-19 21:01:24,0,2025-12-03,6642.16015625,0.051587301587301584,2512,0.045,out,6689.026206958043,-0.09129456305648521,0.11308905337998645,0.0006597569124085655,0.03827335552942581
6960.0,2.9,2025-11-19 21:01:19,0,2025-12-03,6642.16015625,0.051587301587301584,2512,0.045,out,6689.026206958043,-0.09129456305648521,0.11258992176729674,0.0006539459376442777,0.039711170299053515
6970.0,2.7,2025-11-19 20:57:59,0,2025-12-03,6642.16015625,0.051587301587301584,2512,0.045,out,6689.026206958043,-0.09129456305648521,0.11399181976297071,0.0006703323597117332,0.041146920725157736
6975.0,3.2,2025-11-18 20:01:01,0,2025-12-02,6642.16015625,0.051587301587301584,2512,0.045,out,6689.026206958043,-0.09129456305648521,0.11917662929882873,0.0007326980024737926,0.04186402366015443
6975.0,2.85,2025-11-19 20:52:17,0,2025-12-03,6642.16015625,0.051587301587301584,2512,0.045,out,6689.026206958043,-0.09129456305648521,0.11659737156243095,0.0007013266338034863,0.04186402366015443
6975.0,5.2,2025-11-20 02:02:33,0,2025-12-04,6642.16015625,0.051587301587301584,2512,0.045,out,6689.026206958043,-0.09129456305648521,0.1315525255102493,0.0008927732959746915,0.04186402366015443
6980.0,1.95,2025-11-19 21:01:33,0,2025-12-03,6642.16015625,0.051587301587301584,2512,0.045,out,6689.026206958043,-0.09129456305648521,0.11035234077025631,0.000628211541568143,0.042580612727006306
6990.0,1.75,2025-11-19 20:59:50,0,2025-12-03,6642.16015625,0.051587301587301584,2512,0.045,out,6689.026206958043,-0.09129456305648521,0.1110822873060793,0.000636549877741883,0.04401225219844407
7000.0,1.74,2025-11-19 21:14:59,0,2025-12-03,6642.16015625,0.051587301587301584,2512,0.045,out,6689.026206958043,-0.09129456305648521,0.11367954335049203,0.0006666646884638617,0.04544184500803847
7000.0,3.4,2025-11-20 03:13:35,0,2025-12-04,6642.16015625,0.051587301587301584,2512,0.045,out,6689.026206958043,-0.09129456305648521,0.1279602972271657,0.0008446821018414272,0.04544184500803847
7010.0,1.05,2025-11-18 20:58:38,0,2025-12-02,6642.16015625,0.051587301587301584,2512,0.045,out,6689.026206958043,-0.09129456305648521,0.10765320287034118,0.0005978561791553843,0.046869396999223864
7010.0,1.35,2025-11-19 20:59:56,0,2025-12-03,6642.16015625,0.051587301587301584,2512,0.045,out,6689.026206958043,-0.09129456305648521,0.11178870188617672,0.0006446717472307713,0.046869396999223864
7020.0,1.15,2025-11-19 20:59:56,0,2025-12-03,6642.16015625,0.051587301587301584,2512,0.045,out,6689.026206958043,-0.09129456305648521,0.11165838827776207,0.0006431696180406236,0.048294913990444874
7025.0,1.17,2025-11-19 21:14:59,0,2025-12-03,6642.16015625,0.051587301587301584,2512,0.045,out,6689.026206958043,-0.09129456305648521,0.11321767765643916,0.0006612585434163719,0.04900691117253468
7025.0,2.18,2025-11-20 02:12:43,0,2025-12-04,6642.16015625,0.051587301587301584,2512,0.045,out,6689.026206958043,-0.09129456305648521,0.12494224928483262,0.0008053069584626681,0.04900691117253468
7050.0,1.15,2025-11-19 15:37:04,0,2025-12-03,6642.16015625,0.051587301587301584,2512,0.045,out,6689.026206958043,-0.09129456305648521,0.11924146252146195,0.0007334954087116817,0.05255931277690235
7075.0,0.5,2025-11-19 18:06:24,0,2025-12-03,6642.16015625,0.051587301587301584,2512,0.045,out,6689.026206958043,-0.09129456305648521,0.11234336130471545,0.0006510849237307296,0.05609913948202645
7075.0,1.08,2025-11-20 02:12:43,0,2025-12-04,6642.16015625,0.051587301587301584,2512,0.045,out,6689.026206958043,-0.09129456305648521,0.1243639776503669,0.0007978697864336208,0.05609913948202645
7125.0,0.47,2025-11-18 16:26:49,0,2025-12-02,6642.16015625,0.051587301587301584,2512,0.045,out,6689.026206958043,-0.09129456305648521,0.12273129753106277,0.0007770580480855447,0.06314142210743946
7125.0,0.42,2025-11-19 15:31:20,0,2025-12-03,6642.16015625,0.051587301587301584,2512,0.045,out,6689.026206958043,-0.09129456305648521,0.12111564745775044,0.0007567341300334571,0.06314142210743946
7150.0,0.25,2025-11-19 19:57:09,0,2025-12-03,6642.16015625,0.051587301587301584,2512,0.045,out,6689.026206958043,-0.09129456305648521,0.1195341757807136,0.000737100989422496,0.06664405265864139
5500.0,1185.27,2025-11-17 19:06:00,0,2025-12-02,6642.16015625,0.05555555555555555,2512,0.045,in,6689.026206958043,-0.08155923712387912,0.5755942869865446,0.018406043511752703,-0.19572021180884966
5660.0,1082.02,2025-11-06 17:46:29,0,2025-11-21,6642.16015625,0.05555555555555555,2511,0.045,in,6730.533831800775,-0.19291007540240535,0.6980109321366046,0.027067736743456198,-0.1732305695143235
6100.0,568.9,2025-11-19 14:45:34,0,2025-12-04,6642.16015625,0.05555555555555555,2512,0.045,in,6689.026206958043,-0.08155923712387912,0.251085987653659,0.003502454066445189,-0.09217953286800928
6200.0,659.5,2025-11-11 20:44:47,0,2025-11-26,6642.16015625,0.05555555555555555,2511,0.045,in,6730.533831800775,-0.19291007540240535,0.6452108620230459,0.02312761424847344,-0.08210516967836923
6205.0,550.58,2025-11-06 15:37:59,0,2025-11-21,6642.16015625,0.05555555555555555,2511,0.045,in,6730.533831800775,-0.19291007540240535,0.43963580163093025,0.01073775767087059,-0.08129904307284458
6200.0,467.09,2025-11-19 16:16:07,0,2025-12-04,6642.16015625,0.05555555555555555,2512,0.045,in,6689.026206958043,-0.08155923712387912,0.2044942097083022,0.002323215655790171,-0.07591901199622894
6240.0,498.38,2025-11-06 20:59:44,0,2025-11-21,6642.16015625,0.05555555555555555,2511,0.045,in,6730.533831800775,-0.19291007540240535,0.3839927213532012,0.008191689447346513,-0.07567427934807883
6300.0,560.8,2025-11-11 20:44:47,0,2025-11-26,6642.16015625,0.05555555555555555,2511,0.045,in,6730.533831800775,-0.19291007540240535,0.5820953549188692,0.018824166789895794,-0.0661048283319281
6530.0,188.36,2025-11-17 19:58:27,0,2025-12-02,6642.16015625,0.05555555555555555,2512,0.045,in,6689.026206958043,-0.08155923712387912,0.1821738878724625,0.0018437403012538077,-0.024061360758935106
6550.0,174.57,2025-11-19 15:56:33,0,2025-12-04,6642.16015625,0.05555555555555555,2512,0.045,in,6689.026206958043,-0.08155923712387912,0.1809018735945196,0.0018180826594448635,-0.02100325440011429
6550.0,227.95,2025-11-20 06:52:39,0,2025-12-05,6642.16015625,0.05555555555555555,2512,0.045,in,6689.026206958043,-0.08155923712387912,0.2714944978616422,0.004094959020508069,-0.02100325440011429
6560.0,144.92,2025-11-19 19:42:23,0,2025-12-04,6642.16015625,0.05555555555555555,2512,0.045,in,6689.026206958043,-0.08155923712387912,0.1401961649559676,0.0010919424815756043,-0.019477701091277187
6575.0,154.6,2025-11-19 14:45:13,0,2025-12-04,6642.16015625,0.05555555555555555,2512,0.045,in,6689.026206958043,-0.08155923712387912,0.17352891714380328,0.0016729047269500523,-0.017193725983446644
6575.0,207.02,2025-11-20 07:09:13,0,2025-12-05,6642.16015625,0.05555555555555555,2512,0.045,in,6689.026206958043,-0.08155923712387912,0.26075497080191,0.0037773974887724965,-0.017193725983446644
6600.0,137.63,2025-11-19 20:23:45,0,2025-12-04,6642.16015625,0.05555555555555555,2512,0.045,in,6689.026206958043,-0.08155923712387912,0.1700511507944031,0.0016065218825833793,-0.013398655014894966
6605.0,144.54,2025-11-19 15:47:30,0,2025-12-04,6642.16015625,0.05555555555555555,2512,0.045,in,6689.026206958043,-0.08155923712387912,0.18607875824525588,0.0019236280150053547,-0.012641366072986196
6610.0,130.87,2025-11-19 20:53:50,0,2025-12-04,6642.16015625,0.05555555555555555,2512,0.045,in,6689.026206958043,-0.08155923712387912,0.1683328328622661,0.0015742190344130897,-0.011884650183679929
6620.0,109.23,2025-11-18 15:07:25,0,2025-12-03,6642.16015625,0.05555555555555555,2512,0.045,in,6689.026206958043,-0.08155923712387912,0.14218737825981131,0.0011231805853554812,-0.010372934098358025
6625.0,121.2,2025-11-19 20:55:00,0,2025-12-04,6642.16015625,0.05555555555555555,2512,0.045,in,6689.026206958043,-0.08155923712387912,0.16610836307346263,0.0015328882379414045,-0.009617932174988972
6630.0,117.76,2025-11-19 20:53:50,0,2025-12-04,6642.16015625,0.05555555555555555,2512,0.045,in,6689.026206958043,-0.08155923712387912,0.16490341535579053,0.0015107297997780207,-0.008863499849503747
6645.0,107.5,2025-11-19 20:16:46,0,2025-12-04,6642.16015625,0.05555555555555555,2512,0.045,out,6689.026206958043,-0.08155923712387912,0.1610452344608884,0.0014408648634756953,-0.006603611882066153
6650.0,106.7,2025-11-19 20:23:16,0,2025-12-04,6642.16015625,0.05555555555555555,2512,0.045,out,6689.026206958043,-0.08155923712387912,0.1638430211122919,0.0014913630870668293,-0.005851449379512043
6655.0,90.7,2025-11-19 19:23:25,0,2025-12-04,6642.16015625,0.05555555555555555,2512,0.045,out,6689.026206958043,-0.08155923712387912,0.14222229204827413,0.0011237322419702543,-0.00509985220019987
6660.0,100.07,2025-11-19 20:43:27,0,2025-12-04,6642.16015625,0.05555555555555555,2512,0.045,out,6689.026206958043,-0.08155923712387912,0.1611838052324606,0.0014433455038453218,-0.004348819494977066
6670.0,84.05,2025-11-19 18:47:11,0,2025-12-04,6642.16015625,0.05555555555555555,2512,0.045,out,6689.026206958043,-0.08155923712387912,0.14323482660885334,0.001139789752981571,-0.0028484441197425044
6675.0,95.05,2025-11-19 20:37:23,0,2025-12-04,6642.16015625,0.05555555555555555,2512,0.045,out,6689.026206958043,-0.08155923712387912,0.16461772390016188,0.0015054997234483294,-0.002099099760961637
6680.0,78.65,2025-11-19 18:47:11,0,2025-12-04,6642.16015625,0.05555555555555555,2512,0.045,out,6689.026206958043,-0.08155923712387912,0.14200496609717297,0.001120300577569958,-0.001350316498720516
6690.0,86.37,2025-11-19 20:37:23,0,2025-12-04,6642.16015625,0.05555555555555555,2512,0.045,out,6689.026206958043,-0.08155923712387912,0.1616241144339736,0.0014512419092536772,0.00014557009286218837
6700.0,64.15,2025-11-19 19:36:04,0,2025-12-04,6642.16015625,0.05555555555555555,2512,0.045,out,6689.026206958043,-0.08155923712387912,0.13263349963600934,0.0009773136236497385,0.0016392223496454624
6700.0,112.5,2025-11-20 02:54:06,0,2025-12-05,6642.16015625,0.05555555555555555,2512,0.045,out,6689.026206958043,-0.08155923712387912,0.21077553402545815,0.0024681292079842816,0.0016392223496454624
6705.0,78.14,2025-11-19 20:37:23,0,2025-12-04,6642.16015625,0.05555555555555555,2512,0.045,out,6689.026206958043,-0.08155923712387912,0.15875875619279017,0.0014002412593267662,0.0023852126863670342
6710.0,64.0,2025-11-19 17:17:11,0,2025-12-04,6642.16015625,0.05555555555555555,2512,0.045,out,6689.026206958043,-0.08155923712387912,0.13904164802341196,0.001074032215837021,0.003130646936315492
6720.0,60.0,2025-11-19 19:55:45,0,2025-12-04,6642.16015625,0.05555555555555555,2512,0.045,out,6689.026206958043,-0.08155923712387912,0.13890068381187534,0.0010718555535225872,0.0046198504877832235
6720.0,99.5,2025-11-20 03:43:22,0,2025-12-05,6642.16015625,0.05555555555555555,2512,0.045,out,6689.026206958043,-0.08155923712387912,0.20356793634862957,0.0023022169282910943,0.0046198504877832235
6725.0,57.6,2025-11-19 18:18:06,0,2025-12-04,6642.16015625,0.05555555555555555,2512,0.045,out,6689.026206958043,-0.08155923712387912,0.13805305359702047,0.0010588136448589892,0.005363621440627952
6730.0,57.61,2025-11-19 21:03:27,0,2025-12-04,6642.16015625,0.05555555555555555,2512,0.045,out,6689.026206958043,-0.08155923712387912,0.14116715691229442,0.0011071203439277975,0.006106839609361685
6750.0,43.08,2025-11-19 19:35:54,0,2025-12-04,6642.16015625,0.05555555555555555,2512,0.045,out,6689.026206958043,-0.08155923712387912,0.12806264355234026,0.0009111133707563197,0.009074200837163666
6750.0,78.98,2025-11-20 01:17:57,0,2025-12-05,6642.16015625,0.05555555555555555,2512,0.045,out,6689.026206958043,-0.08155923712387912,0.18921862577535184,0.001989093796684036,0.009074200837163666
6760.0,40.16,2025-11-19 19:25:44,0,2025-12-04,6642.16015625,0.05555555555555555,2512,0.045,out,6689.026206958043,-0.08155923712387912,0.12840788800853434,0.0009160325390451277,0.010554586007597913
6760.0,73.33,2025-11-20 01:17:57,0,2025-12-05,6642.16015625,0.05555555555555555,2512,0.045,out,6689.026206958043,-0.08155923712387912,0.18584120164127643,0.0019187195681929757,0.010554586007597913
6770.0,42.57,2025-11-19 20:15:56,0,2025-12-04,6642.16015625,0.05555555555555555,2512,0.045,out,6689.026206958043,-0.08155923712387912,0.1381829767274921,0.0010608075031817014,0.012032782876908796
6775.0,42.3,2025-11-19 20:52:49,0,2025-12-04,6642.16015625,0.05555555555555555,2512,0.045,out,6689.026206958043,-0.08155923712387912,0.14038261844756325,0.0010948488645663402,0.01277106271848965
6780.0,37.8,2025-11-19 21:03:32,0,2025-12-04,6642.16015625,0.05555555555555555,2512,0.045,out,6689.026206958043,-0.08155923712387912,0.13473402965021938,0.0010085143747658996,0.013508797905029353
6790.0,45.2,2025-11-19 15:19:56,0,2025-12-04,6642.16015625,0.05555555555555555,2512,0.045,out,6689.026206958043,-0.08155923712387912,0.15365503830894756,0.0013116594887624523,0.014982637523329892
6800.0,32.65,2025-11-19 21:07:50,0,2025-12-04,6642.16015625,0.05555555555555555,2512,0.045,out,6689.026206958043,-0.08155923712387912,0.1349764675146017,0.0010121470434844627,0.016454308134786128
6800.0,55.5,2025-11-20 03:00:12,0,2025-12-05,6642.16015625,0.05555555555555555,2512,0.045,out,6689.026206958043,-0.08155923712387912,0.17767813768719837,0.0017538622562217234,0.016454308134786128
6805.0,51.8,2025-11-20 01:29:17,0,2025-12-05,6642.16015625,0.05555555555555555,2512,0.045,out,6689.026206958043,-0.08155923712387912,0.17365191057152546,0.0016752770025078374,0.017189332056154607
6810.0,26.72,2025-11-19 18:35:47,0,2025-12-04,6642.16015625,0.05555555555555555,2512,0.045,out,6689.026206958043,-0.08155923712387912,0.12774164344883845,0.0009065515261672317,0.01792381611414609
6810.0,48.44,2025-11-20 01:20:28,0,2025-12-05,6642.16015625,0.05555555555555555,2512,0.045,out,6689.026206958043,-0.08155923712387912,0.1700972584457298,0.0016073931850418552,0.01792381611414609
6820.0,22.53,2025-11-19 19:59:49,0,2025-12-04,6642.16015625,0.05555555555555555,2512,0.045,out,6689.026206958043,-0.08155923712387912,0.12327943796096087,0.0008443233235539111,0.019391167808095806
6825.0,24.27,2025-11-19 20:59:20,0,2025-12-04,6642.16015625,0.05555555555555555,2512,0.045,out,6689.026206958043,-0.08155923712387912,0.12935378236040282,0.0009295778339412477,0.020124037023748605
6830.0,22.97,2025-11-19 20:59:20,0,2025-12-04,6642.16015625,0.05555555555555555,2512,0.045,out,6689.026206958043,-0.08155923712387912,0.12869409655106018,0.0009201205826163111,0.02085636953542375
6840.0,20.9,2025-11-19 20:59:45,0,2025-12-04,6642.16015625,0.05555555555555555,2512,0.045,out,6689.026206958043,-0.08155923712387912,0.12829619373919146,0.0009144396293313416,0.022319427587184346
6845.0,36.5,2025-11-20 03:04:45,0,2025-12-05,6642.16015625,0.05555555555555555,2512,0.045,out,6689.026206958043,-0.08155923712387912,0.1643131652091618,0.0014999342367251834,0.023050154693137346
6850.0,18.37,2025-11-19 20:15:34,0,2025-12-04,6642.16015625,0.05555555555555555,2512,0.045,out,6689.026206958043,-0.08155923712387912,0.1264116973115034,0.0008877731787319531,0.023780348226859156
6860.0,16.71,2025-11-19 20:17:40,0,2025-12-04,6642.16015625,0.05555555555555555,2512,0.045,out,6689.026206958043,-0.08155923712387912,0.12627681893850595,0.0008858797222904563,0.02523913769051907
6870.0,14.7,2025-11-19 20:17:40,0,2025-12-04,6642.16015625,0.05555555555555555,2512,0.045,out,6689.026206958043,-0.08155923712387912,0.12484424580481424,0.000865893650587382,0.026695802186983166
6875.0,14.7,2025-11-19 20:19:02,0,2025-12-04,6642.16015625,0.05555555555555555,2512,0.045,out,6689.026206958043,-0.08155923712387912,0.1267859895509046,0.0008930381748001159,0.027423339505360068
6880.0,17.44,2025-11-19 15:18:51,0,2025-12-04,6642.16015625,0.05555555555555555,2512,0.045,out,6689.026206958043,-0.08155923712387912,0.13618626070645784,0.0010303720891781834,0.02815034789797747
6900.0,10.0,2025-11-19 21:09:16,0,2025-12-04,6642.16015625,0.05555555555555555,2512,0.045,out,6689.026206958043,-0.08155923712387912,0.12167771082566589,0.0008225258506541316,0.031053107555938837
6900.0,19.7,2025-11-20 06:45:25,0,2025-12-05,6642.16015625,0.05555555555555555,2512,0.045,out,6689.026206958043,-0.08155923712387912,0.15007710506698654,0.0012512854147381843,0.031053107555938837
6910.0,6.92,2025-11-19 19:28:16,0,2025-12-04,6642.16015625,0.05555555555555555,2512,0.045,out,6689.026206958043,-0.08155923712387912,0.1137035568168358,0.0007182499351555226,0.03250133373230365
6920.0,6.97,2025-11-19 17:15:21,0,2025-12-04,6642.16015625,0.05555555555555555,2512,0.045,out,6689.026206958043,-0.08155923712387912,0.11721704854000625,0.0007633242482461212,0.0339474655823033
6920.0,14.9,2025-11-20 03:38:52,0,2025-12-05,6642.16015625,0.05555555555555555,2512,0.045,out,6689.026206958043,-0.08155923712387912,0.1444571025900101,0.0011593252493722612,0.0339474655823033
6925.0,7.0,2025-11-19 20:47:27,0,2025-12-04,6642.16015625,0.05555555555555555,2512,0.045,out,6689.026206958043,-0.08155923712387912,0.11898769831093615,0.00078655957496302,0.03466974802612739
6930.0,5.92,2025-11-19 17:50:27,0,2025-12-04,6642.16015625,0.05555555555555555,2512,0.045,out,6689.026206958043,-0.08155923712387912,0.11590006506956572,0.0007462680601738649,0.03539150915453695
6930.0,13.08,2025-11-20 03:00:12,0,2025-12-05,6642.16015625,0.05555555555555555,2512,0.045,out,6689.026206958043,-0.08155923712387912,0.14253701822239534,0.001128711197985081,0.03539150915453695
6950.0,4.0,2025-11-19 20:09:14,0,2025-12-04,6642.16015625,0.05555555555555555,2512,0.045,out,6689.026206958043,-0.08155923712387912,0.112249700231417,0.0006999997334468321,0.03827335552942581
6950.0,10.5,2025-11-20 05:07:35,0,2025-12-05,6642.16015625,0.05555555555555555,2512,0.045,out,6689.026206958043,-0.08155923712387912,0.14088517640063264,0.0011027018294131874,0.03827335552942581
6960.0,3.8,2025-11-19 20:59:50,0,2025-12-04,6642.16015625,0.05555555555555555,2512,0.045,out,6689.026206958043,-0.08155923712387912,0.11401944405825938,0.0007222463124085855,0.039711170299053515
6975.0,6.41,2025-11-20 01:23:00,0,2025-12-05,6642.16015625,0.05555555555555555,2512,0.045,out,6689.026206958043,-0.08155923712387912,0.13241008678230506,0.0009740239489831977,0.04186402366015443
7000.0,4.38,2025-11-20 01:23:00,0,2025-12-05,6642.16015625,0.05555555555555555,2512,0.045,out,6689.026206958043,-0.08155923712387912,0.12924360493813508,0.0009279949676335963,0.04544184500803847
7050.0,1.1,2025-11-19 20:47:31,0,2025-12-04,6642.16015625,0.05555555555555555,2512,0.045,out,6689.026206958043,-0.08155923712387912,0.11386251605140202,0.000720259586753099,0.05255931277690235
7100.0,0.74,2025-11-18 19:15:04,0,2025-12-03,6642.16015625,0.05555555555555555,2512,0.045,out,6689.026206958043,-0.08155923712387912,0.11919367939009654,0.0007892851781416179,0.05962647999999492
7100.0,0.5,2025-11-19 19:48:03,0,2025-12-04,6642.16015625,0.05555555555555555,2512,0.045,out,6689.026206958043,-0.08155923712387912,0.1134500177816383,0.0007150503630363359,0.05962647999999492
7100.0,1.02,2025-11-20 01:15:05,0,2025-12-05,6642.16015625,0.05555555555555555,2512,0.045,out,6689.026206958043,-0.08155923712387912,0.12445849622353049,0.0008605509601234752,0.05962647999999492
7125.0,0.37,2025-11-19 17:26:39,0,2025-12-04,6642.16015625,0.05555555555555555,2512,0.045,out,6689.026206958043,-0.08155923712387912,0.1147483078135323,0.0007315096747816199,0.06314142210743946
5860.0,975.64,2025-11-05 19:38:00,0,2025-11-21,6642.16015625,0.05952380952380952,2511,0.045,in,6730.533831800775,-0.1770494037089117,0.7816557550183564,0.03636819758055457,-0.13850485814049382
5890.0,945.28,2025-11-05 19:38:00,0,2025-11-21,6642.16015625,0.05952380952380952,2511,0.045,in,6730.533831800775,-0.1770494037089117,0.7632115604699325,0.0346721360735089,-0.1333984640659197
5975.0,809.6,2025-11-05 14:40:16,0,2025-11-21,6642.16015625,0.05952380952380952,2511,0.045,in,6730.533831800775,-0.1770494037089117,0.6086832295596147,0.022053290115900157,-0.11907036391184075
6025.0,636.74,2025-11-19 16:17:39,0,2025-12-05,6642.16015625,0.05952380952380952,2512,0.045,in,6689.026206958043,-0.07312195464895385,0.21394766031669943,0.0027246191282732026,-0.10455082467055611
6290.0,369.43,2025-11-19 19:50:08,0,2025-12-05,6642.16015625,0.05952380952380952,2512,0.045,in,6689.026206958043,-0.07312195464895385,0.098332158450723,0.0005755484158082199,-0.06150723333492573
6400.0,286.86,2025-11-19 20:10:44,0,2025-12-05,6642.16015625,0.05952380952380952,2512,0.045,in,6689.026206958043,-0.07312195464895385,0.1781277181817908,0.0018886597609911594,-0.044170313681648705
6425.0,254.31,2025-11-19 19:50:08,0,2025-12-05,6642.16015625,0.05952380952380952,2512,0.045,in,6689.026206958043,-0.07312195464895385,0.14836659978703398,0.001310276662640828,-0.04027167326599132
6450.0,266.93,2025-11-19 20:38:01,0,2025-12-05,6642.16015625,0.05952380952380952,2512,0.045,in,6689.026206958043,-0.07312195464895385,0.21631628336543557,0.0027852818124425843,-0.036388173239593744
6500.0,216.33,2025-11-19 20:26:00,0,2025-12-05,6642.16015625,0.05952380952380952,2512,0.045,in,6689.026206958043,-0.07312195464895385,0.1880075546157749,0.002103978606702594,-0.028666127145683427
6555.0,173.5,2025-11-19 14:43:10,0,2025-12-05,6642.16015625,0.05952380952380952,2512,0.045,in,6689.026206958043,-0.07312195464895385,0.17706311534231556,0.0018661515961146513,-0.020240186831611686
6570.0,153.46,2025-11-19 19:55:04,0,2025-12-05,6642.16015625,0.05952380952380952,2512,0.045,in,6689.026206958043,-0.07312195464895385,0.15947894324302614,0.0015139007939233542,-0.017954471550755736
6580.0,139.9,2025-11-19 17:45:48,0,2025-12-05,6642.16015625,0.05952380952380952,2512,0.045,in,6689.026206958043,-0.07312195464895385,0.14741469326071974,0.00129351736840191,-0.016433558710049066
6585.0,136.5,2025-11-19 17:45:48,0,2025-12-05,6642.16015625,0.05952380952380952,2512,0.045,in,6689.026206958043,-0.07312195464895385,0.14691641680507103,0.0012847877099310331,-0.015673968852030432
6590.0,141.43,2025-11-19 19:05:33,0,2025-12-05,6642.16015625,0.05952380952380952,2512,0.045,in,6689.026206958043,-0.07312195464895385,0.15984431541407426,0.0015208455458448843,-0.014914955532858957
6595.0,136.6,2025-11-19 17:08:30,0,2025-12-05,6642.16015625,0.05952380952380952,2512,0.045,in,6689.026206958043,-0.07312195464895385,0.15685689562110033,0.0014645289109457597,-0.014156517877996896
6600.0,143.0,2025-11-19 20:43:12,0,2025-12-05,6642.16015625,0.05952380952380952,2512,0.045,in,6689.026206958043,-0.07312195464895385,0.17174970628979,0.0017558310482517338,-0.013398655014894966
6605.0,129.6,2025-11-19 17:54:55,0,2025-12-05,6642.16015625,0.05952380952380952,2512,0.045,in,6689.026206958043,-0.07312195464895385,0.15501822903178605,0.001430395912628052,-0.012641366072986196
6610.0,117.5,2025-11-19 19:42:26,0,2025-12-05,6642.16015625,0.05952380952380952,2512,0.045,in,6689.026206958043,-0.07312195464895385,0.14036688580176954,0.0011727894422432744,-0.011884650183679929
6615.0,134.1,2025-11-19 16:03:46,0,2025-12-05,6642.16015625,0.05952380952380952,2512,0.045,in,6689.026206958043,-0.07312195464895385,0.17108404724400988,0.0017422470965113455,-0.01112850648035585
6620.0,119.64,2025-11-19 19:14:10,0,2025-12-05,6642.16015625,0.05952380952380952,2512,0.045,in,6689.026206958043,-0.07312195464895385,0.15270919229841468,0.0013881010364544162,-0.010372934098358025
6625.0,109.1,2025-11-19 19:28:27,0,2025-12-05,6642.16015625,0.05952380952380952,2512,0.045,in,6689.026206958043,-0.07312195464895385,0.14050465776235987,0.001175092788864159,-0.009617932174988972
6630.0,123.8,2025-11-19 20:43:30,0,2025-12-05,6642.16015625,0.05952380952380952,2512,0.045,in,6689.026206958043,-0.07312195464895385,0.16774693749217182,0.0016749425617858687,-0.008863499849503747
6635.0,120.6,2025-11-19 20:43:30,0,2025-12-05,6642.16015625,0.05952380952380952,2512,0.045,in,6689.026206958043,-0.07312195464895385,0.16689606003401694,0.0016579937413617968,-0.008109636263104065
6640.0,115.28,2025-11-19 21:10:24,0,2025-12-05,6642.16015625,0.05952380952380952,2512,0.045,in,6689.026206958043,-0.07312195464895385,0.16269758700478018,0.0015756252867367864,-0.007356340558932423
6645.0,111.08,2025-11-19 20:51:04,0,2025-12-05,6642.16015625,0.05952380952380952,2512,0.045,out,6689.026206958043,-0.07312195464895385,0.1601928493847993,0.0015274850591679163,-0.006603611882066153
6650.0,109.5,2025-11-19 20:54:50,0,2025-12-05,6642.16015625,0.05952380952380952,2512,0.045,out,6689.026206958043,-0.07312195464895385,0.16169555314517264,0.001556276899221628,-0.005851449379512043
6655.0,101.7,2025-11-19 18:25:26,0,2025-12-05,6642.16015625,0.05952380952380952,2512,0.045,out,6689.026206958043,-0.07312195464895385,0.15350793805704396,0.0014026599432455504,-0.00509985220019987
6660.0,107.57,2025-11-19 20:22:37,0,2025-12-05,6642.16015625,0.05952380952380952,2512,0.045,out,6689.026206958043,-0.07312195464895385,0.16641970236564682,0.001648542698539909,-0.004348819494977066
6665.0,94.76,2025-11-19 17:57:19,0,2025-12-05,6642.16015625,0.05952380952380952,2512,0.045,out,6689.026206958043,-0.07312195464895385,0.15037062409540725,0.0013459121780263256,-0.0035983504166028526
6670.0,97.5,2025-11-19 20:53:32,0,2025-12-05,6642.16015625,0.05952380952380952,2512,0.045,out,6689.026206958043,-0.07312195464895385,0.15831621536536725,0.0014919061933103181,-0.0028484441197425044
6675.0,93.9,2025-11-19 20:48:49,0,2025-12-05,6642.16015625,0.05952380952380952,2512,0.045,out,6689.026206958043,-0.07312195464895385,0.15639394650422206,0.0014558968156646113,-0.002099099760961637
6680.0,88.49,2025-11-19 20:15:01,0,2025-12-05,6642.16015625,0.05952380952380952,2512,0.045,out,6689.026206958043,-0.07312195464895385,0.15160317952640306,0.0013680669072925475,-0.001350316498720516
6685.0,87.89,2025-11-19 20:47:13,0,2025-12-05,6642.16015625,0.05952380952380952,2512,0.045,out,6689.026206958043,-0.07312195464895385,0.1542033450443303,0.0014153971204083802,-0.0006020934933683833
6690.0,86.25,2025-11-19 20:54:57,0,2025-12-05,6642.16015625,0.05952380952380952,2512,0.045,out,6689.026206958043,-0.07312195464895385,0.15513379481469733,0.0014325294222386077,0.00014557009286218837
6695.0,72.22,2025-11-19 19:52:16,0,2025-12-05,6642.16015625,0.05952380952380952,2512,0.045,out,6689.026206958043,-0.07312195464895385,0.13668115928917443,0.001112008291942421,0.0008926750958610369
6705.0,71.95,2025-11-19 19:06:19,0,2025-12-05,6642.16015625,0.05952380952380952,2512,0.045,out,6689.026206958043,-0.07312195464895385,0.14287645296928092,0.001215100048397806,0.0023852126863670342
6710.0,74.3,2025-11-19 20:58:42,0,2025-12-05,6642.16015625,0.05952380952380952,2512,0.045,out,6689.026206958043,-0.07312195464895385,0.14981884328844558,0.0013360527264457034,0.003130646936315492
6715.0,59.1,2025-11-18 16:16:03,0,2025-12-04,6642.16015625,0.05952380952380952,2512,0.045,out,6689.026206958043,-0.07312195464895385,0.12892762221292237,0.0009894245100879782,0.0038755259279260653
6715.0,72.03,2025-11-19 20:47:13,0,2025-12-05,6642.16015625,0.05952380952380952,2512,0.045,out,6689.026206958043,-0.07312195464895385,0.14944522421040493,0.00132939732376775,0.0038755259279260653
6725.0,66.2,2025-11-19 21:04:45,0,2025-12-05,6642.16015625,0.05952380952380952,2512,0.045,out,6689.026206958043,-0.07312195464895385,0.14643957214412712,0.0012764612077235124,0.005363621440627952
6730.0,58.8,2025-11-19 17:23:57,0,2025-12-05,6642.16015625,0.05952380952380952,2512,0.045,out,6689.026206958043,-0.07312195464895385,0.13758822556816372,0.0011268166556545178,0.006106839609361685
6735.0,56.68,2025-11-19 19:58:27,0,2025-12-05,6642.16015625,0.05952380952380952,2512,0.045,out,6689.026206958043,-0.07312195464895385,0.1371177788746169,0.0011191241240183533,0.006849505815052437
6740.0,61.38,2025-11-19 20:54:30,0,2025-12-05,6642.16015625,0.05952380952380952,2512,0.045,out,6689.026206958043,-0.07312195464895385,0.14770226829677371,0.0012985690511911978,0.007591620876940895
6745.0,53.8,2025-11-18 17:01:40,0,2025-12-04,6642.16015625,0.05952380952380952,2512,0.045,out,6689.026206958043,-0.07312195464895385,0.13819671732183308,0.0011368055165792048,0.008333185612444314
6745.0,51.2,2025-11-19 19:23:25,0,2025-12-05,6642.16015625,0.05952380952380952,2512,0.045,out,6689.026206958043,-0.07312195464895385,0.13389700015533035,0.001067167062535508,0.008333185612444314
6755.0,60.2,2025-11-19 20:38:23,0,2025-12-05,6642.16015625,0.05952380952380952,2512,0.045,out,6689.026206958043,-0.07312195464895385,0.15445704454303422,0.0014200582505338605,0.00981466736488727
6765.0,43.3,2025-11-19 19:23:26,0,2025-12-05,6642.16015625,0.05952380952380952,2512,0.045,out,6689.026206958043,-0.07312195464895385,0.13150039735818025,0.0010293068157951964,0.011293957575476432
6770.0,48.9,2025-11-19 20:24:51,0,2025-12-05,6642.16015625,0.05952380952380952,2512,0.045,out,6689.026206958043,-0.07312195464895385,0.14379496931688313,0.0012307734048121047,0.012032782876908796
6775.0,48.1,2025-11-19 20:22:04,0,2025-12-05,6642.16015625,0.05952380952380952,2512,0.045,out,6689.026206958043,-0.07312195464895385,0.14508461861253794,0.0012529491998777135,0.01277106271848965
6780.0,40.07,2025-11-19 20:08:19,0,2025-12-05,6642.16015625,0.05952380952380952,2512,0.045,out,6689.026206958043,-0.07312195464895385,0.13361965145664742,0.001062750669964044,0.013508797905029353
6785.0,37.8,2025-11-19 20:05:21,0,2025-12-05,6642.16015625,0.05952380952380952,2512,0.045,out,6689.026206958043,-0.07312195464895385,0.13206312023340394,0.00103813498367753,0.014245989239557715
6790.0,43.16,2025-11-19 20:37:22,0,2025-12-05,6642.16015625,0.05952380952380952,2512,0.045,out,6689.026206958043,-0.07312195464895385,0.14420391175854683,0.0012377838194325452,0.014982637523329892
6795.0,31.0,2025-11-19 19:27:00,0,2025-12-05,6642.16015625,0.05952380952380952,2512,0.045,out,6689.026206958043,-0.07312195464895385,0.12431231853371515,0.000919854317811182,0.015718743555832266
6815.0,33.32,2025-11-19 20:42:21,0,2025-12-05,6642.16015625,0.05952380952380952,2512,0.045,out,6689.026206958043,-0.07312195464895385,0.1381623139981911,0.0011362395838889732,0.01865776110122113
6820.0,25.69,2025-11-19 19:59:49,0,2025-12-05,6642.16015625,0.05952380952380952,2512,0.045,out,6689.026206958043,-0.07312195464895385,0.12522005433885358,0.000933337024322943,0.019391167808095806
6825.0,25.65,2025-11-19 20:10:26,0,2025-12-05,6642.16015625,0.05952380952380952,2512,0.045,out,6689.026206958043,-0.07312195464895385,0.12733634082137996,0.0009651514103439664,0.020124037023748605
6830.0,26.77,2025-11-19 20:58:34,0,2025-12-05,6642.16015625,0.05952380952380952,2512,0.045,out,6689.026206958043,-0.07312195464895385,0.131859672445191,0.0010349388819853012,0.02085636953542375
6835.0,26.4,2025-11-19 20:55:13,0,2025-12-05,6642.16015625,0.05952380952380952,2512,0.045,out,6689.026206958043,-0.07312195464895385,0.13327216855762059,0.001057230411431597,0.021588166128638037
6840.0,25.0,2025-11-19 20:54:39,0,2025-12-05,6642.16015625,0.05952380952380952,2512,0.045,out,6689.026206958043,-0.07312195464895385,0.13245901018467549,0.001044368415422855,0.022319427587184346
6850.0,21.53,2025-11-19 20:58:34,0,2025-12-05,6642.16015625,0.05952380952380952,2512,0.045,out,6689.026206958043,-0.07312195464895385,0.1289987376043967,0.0009905163275909519,0.023780348226859156
6855.0,21.3,2025-11-19 20:55:03,0,2025-12-05,6642.16015625,0.05952380952380952,2512,0.045,out,6689.026206958043,-0.07312195464895385,0.130523648753832,0.0010140727907151017,0.02451000896700283
6860.0,20.6,2025-11-19 20:42:34,0,2025-12-05,6642.16015625,0.05952380952380952,2512,0.045,out,6689.026206958043,-0.07312195464895385,0.13093104703748,0.0010204130403768331,0.02523913769051907
6865.0,18.16,2025-11-19 20:58:34,0,2025-12-05,6642.16015625,0.05952380952380952,2512,0.045,out,6689.026206958043,-0.07312195464895385,0.1270733512411738,0.0009611688449799242,0.02596773517265947
6870.0,13.79,2025-11-19 19:44:40,0,2025-12-05,6642.16015625,0.05952380952380952,2512,0.045,out,6689.026206958043,-0.07312195464895385,0.11769198977159567,0.000824488360499844,0.026695802186983166
6875.0,16.5,2025-11-19 20:48:43,0,2025-12-05,6642.16015625,0.05952380952380952,2512,0.045,out,6689.026206958043,-0.07312195464895385,0.1267689876056908,0.0009565700130102255,0.027423339505360068
6880.0,16.44,2025-11-19 20:19:31,0,2025-12-05,6642.16015625,0.05952380952380952,2512,0.045,out,6689.026206958043,-0.07312195464895385,0.12851945641296994,0.0009831696831360285,0.02815034789797747
6885.0,14.95,2025-11-19 20:55:19,0,2025-12-05,6642.16015625,0.05952380952380952,2512,0.045,out,6689.026206958043,-0.07312195464895385,0.12643704286802093,0.0009515670124529621,0.02887682813334323
6890.0,13.83,2025-11-19 20:54:24,0,2025-12-05,6642.16015625,0.05952380952380952,2512,0.045,out,6689.026206958043,-0.07312195464895385,0.12517997208751458,0.000932739607847079,0.02960278097829236
6895.0,11.42,2025-11-19 20:05:33,0,2025-12-05,6642.16015625,0.05952380952380952,2512,0.045,out,6689.026206958043,-0.07312195464895385,0.11989042454394734,0.0008555782081742815,0.030328207197990176
6905.0,12.53,2025-11-19 20:37:22,0,2025-12-05,6642.16015625,0.05952380952380952,2512,0.045,out,6689.026206958043,-0.07312195464895385,0.12679578675352665,0.0009569744963360597,0.03177748281398068
6910.0,8.5,2025-11-19 19:42:12,0,2025-12-05,6642.16015625,0.05952380952380952,2512,0.045,out,6689.026206958043,-0.07312195464895385,0.1153725570588606,0.0007923111263273835,0.03250133373230365
6915.0,8.82,2025-11-19 20:05:33,0,2025-12-05,6642.16015625,0.05952380952380952,2512,0.045,out,6689.026206958043,-0.07312195464895385,0.11817170167308991,0.0008312232783520095,0.03322466106944675
6925.0,8.7,2025-11-19 21:13:18,0,2025-12-05,6642.16015625,0.05952380952380952,2512,0.045,out,6689.026206958043,-0.07312195464895385,0.12104458043863657,0.0008721303841408071,0.03466974802612739
6935.0,7.1,2025-11-19 21:01:16,0,2025-12-05,6642.16015625,0.05952380952380952,2512,0.045,out,6689.026206958043,-0.07312195464895385,0.11813382597294966,0.0008306905261313783,0.03611274971952009
6940.0,6.2,2025-11-19 21:01:33,0,2025-12-05,6642.16015625,0.05952380952380952,2512,0.045,out,6689.026206958043,-0.07312195464895385,0.115903682541284,0.0007996228349184964,0.036833470471438194
6945.0,6.4,2025-11-19 21:01:01,0,2025-12-05,6642.16015625,0.05952380952380952,2512,0.045,out,6689.026206958043,-0.07312195464895385,0.1183199283192915,0.0008333098474691832,0.03755367215903225
6955.0,5.5,2025-11-19 20:58:14,0,2025-12-05,6642.16015625,0.05952380952380952,2512,0.045,out,6689.026206958043,-0.07312195464895385,0.11727247627904105,0.0008186210531320384,0.03899252132813137
6960.0,5.1,2025-11-19 20:58:14,0,2025-12-05,6642.16015625,0.05952380952380952,2512,0.045,out,6689.026206958043,-0.07312195464895385,0.11680959229514742,0.0008121714792951526,0.039711170299053515
6965.0,5.45,2025-11-19 20:55:39,0,2025-12-05,6642.16015625,0.05952380952380952,2512,0.045,out,6689.026206958043,-0.07312195464895385,0.12002101441757487,0.0008574430893942687,0.04042930318449414
6970.0,5.0,2025-11-19 20:52:17,0,2025-12-05,6642.16015625,0.05952380952380952,2512,0.045,out,6689.026206958043,-0.07312195464895385,0.11924820041945314,0.0008464365061475037,0.041146920725157736
6980.0,3.9,2025-11-19 20:58:12,0,2025-12-05,6642.16015625,0.05952380952380952,2512,0.045,out,6689.026206958043,-0.07312195464895385,0.1160455870418089,0.0008015820399927407,0.042580612727006306
6985.0,4.95,2025-11-19 14:47:23,0,2025-12-05,6642.16015625,0.05952380952380952,2512,0.045,out,6689.026206958043,-0.07312195464895385,0.12336228840091869,0.0009058484642566331,0.04329668866165023
6990.0,3.4,2025-11-19 20:15:39,0,2025-12-05,6642.16015625,0.05952380952380952,2512,0.045,out,6689.026206958043,-0.07312195464895385,0.11570188624288114,0.0007968408619143219,0.04401225219844407
7010.0,2.88,2025-11-19 20:39:48,0,2025-12-05,6642.16015625,0.05952380952380952,2512,0.045,out,6689.026206958043,-0.07312195464895385,0.11748041065789147,0.0008215266004968345,0.046869396999223864
7020.0,1.89,2025-11-19 19:37:40,0,2025-12-05,6642.16015625,0.05952380952380952,2512,0.045,out,6689.026206958043,-0.07312195464895385,0.11169820979568656,0.00074264821854531,0.048294913990444874
7025.0,2.26,2025-11-19 20:54:37,0,2025-12-05,6642.16015625,0.05952380952380952,2512,0.045,out,6689.026206958043,-0.07312195464895385,0.11638770942383506,0.0008063154110075632,0.04900691117253468
7030.0,1.88,2025-11-19 17:25:06,0,2025-12-05,6642.16015625,0.05952380952380952,2512,0.045,out,6689.026206958043,-0.07312195464895385,0.11410419833305754,0.0007749861950731983,0.04971840177529864
7040.0,1.85,2025-11-19 20:19:56,0,2025-12-05,6642.16015625,0.05952380952380952,2512,0.045,out,6689.026206958043,-0.07312195464895385,0.11629164787581285,0.0008049849622423838,0.05113986612267612
7050.0,1.55,2025-11-19 20:51:57,0,2025-12-05,6642.16015625,0.05952380952380952,2512,0.045,out,6689.026206958043,-0.07312195464895385,0.11548993213370246,0.0007939240728718571,0.05255931277690235
7060.0,1.89,2025-11-19 15:40:37,0,2025-12-05,6642.16015625,0.05952380952380952,2512,0.045,out,6689.026206958043,-0.07312195464895385,0.12164811934112947,0.0008808491035258142,0.05397674745787576
7070.0,1.37,2025-11-19 16:06:12,0,2025-12-05,6642.16015625,0.05952380952380952,2512,0.045,out,6689.026206958043,-0.07312195464895385,0.11807670158275635,0.0008298873486109104,0.05539217586120663
7075.0,1.1,2025-11-19 20:54:37,0,2025-12-05,6642.16015625,0.05952380952380952,2512,0.045,out,6689.026206958043,-0.07312195464895385,0.11549746370612132,0.0007940276263420722,0.05609913948202645
7080.0,1.35,2025-11-19 15:48:55,0,2025-12-05,6642.16015625,0.05952380952380952,2512,0.045,out,6689.026206958043,-0.07312195464895385,0.1201733583142131,0.0008596211933640624,0.05680560365835362
7090.0,0.88,2025-11-19 19:09:02,0,2025-12-05,6642.16015625,0.05952380952380952,2512,0.045,out,6689.026206958043,-0.07312195464895385,0.11531808634003392,0.0007915631569718759,0.05821703649676134
7120.0,0.7,2025-11-19 14:30:06,0,2025-12-05,6642.16015625,0.05952380952380952,2512,0.045,out,6689.026206958043,-0.07312195464895385,0.11838290255780429,0.0008341971201196776,0.06243942137660955
7125.0,0.52,2025-11-19 21:06:19,0,2025-12-05,6642.16015625,0.05952380952380952,2512,0.045,out,6689.026206958043,-0.07312195464895385,0.11511909017191234,0.0007888336263100526,0.06314142210743946
7140.0,0.6,2025-11-19 16:41:01,0,2025-12-05,6642.16015625,0.05952380952380952,2512,0.045,out,6689.026206958043,-0.07312195464895385,0.12033628397349158,0.0008619536452707622,0.06524447230421813
7150.0,0.3,2025-11-18 20:58:16,0,2025-12-04,6642.16015625,0.05952380952380952,2512,0.045,out,6689.026206958043,-0.07312195464895385,0.11298124406936892,0.0007598072328251375,0.06664405265864139
7150.0,0.45,2025-11-19 18:57:08,0,2025-12-05,6642.16015625,0.05952380952380952,2512,0.045,out,6689.026206958043,-0.07312195464895385,0.11828490934830677,0.0008328166535438779,0.06664405265864139
5400.0,1278.07,2025-11-17 19:35:43,0,2025-12-04,6642.16015625,0.06349206349206349,2512,0.045,in,6689.026206958043,-0.06573933248339424,0.5339654463834176,0.01810279986866301,-0.2140693504770461
5990.0,813.01,2025-11-04 17:29:04,0,2025-11-21,6642.16015625,0.06349206349206349,2511,0.045,in,6730.533831800775,-0.16317131597710471,0.6170880848859597,0.024177632032268023,-0.11656304960205707
6180.0,612.8,2025-11-04 18:18:17,0,2025-11-21,6642.16015625,0.06349206349206349,2511,0.045,in,6730.533831800775,-0.16317131597710471,0.4927484917651595,0.015415941342021552,-0.08533619025981574
6200.0,472.61,2025-11-18 14:44:28,0,2025-12-05,6642.16015625,0.06349206349206349,2512,0.045,in,6689.026206958043,-0.06573933248339424,0.20632424985514775,0.002702837846240599,-0.07591901199622894
6300.0,380.26,2025-11-18 20:25:52,0,2025-12-05,6642.16015625,0.06349206349206349,2512,0.045,in,6689.026206958043,-0.06573933248339424,0.19439962327946864,0.0023994421289650365,-0.059918670649787904
6350.0,412.47,2025-11-14 15:46:12,0,2025-12-01,6642.16015625,0.06349206349206349,2512,0.045,in,6689.026206958043,-0.06573933248339424,0.343632442314668,0.007497349549913881,-0.05201349114267462
6375.0,389.42,2025-11-14 15:46:12,0,2025-12-01,6642.16015625,0.06349206349206349,2512,0.045,in,6689.026206958043,-0.06573933248339424,0.3332539892959902,0.007051315643282028,-0.04808421300278499
6420.0,286.61,2025-11-18 19:23:00,0,2025-12-05,6642.16015625,0.06349206349206349,2512,0.045,in,6689.026206958043,-0.06573933248339424,0.2032985645253832,0.002624146434163898,-0.041050186345405
6475.0,247.32,2025-11-07 18:38:38,0,2025-11-24,6642.16015625,0.06349206349206349,2511,0.045,in,6730.533831800775,-0.16317131597710471,0.20453259381929823,0.0026561004402825415,-0.03870585414381369
6520.0,190.84,2025-11-18 20:58:20,0,2025-12-05,6642.16015625,0.06349206349206349,2512,0.045,in,6689.026206958043,-0.06573933248339424,0.1603367002964148,0.0016322449182185617,-0.025593928108713308
6525.0,194.7,2025-11-18 17:41:11,0,2025-12-05,6642.16015625,0.06349206349206349,2512,0.045,in,6689.026206958043,-0.06573933248339424,0.17282375955321921,0.0018963842454672337,-0.0248273508385178
6545.0,188.44,2025-11-18 19:11:48,0,2025-12-05,6642.16015625,0.06349206349206349,2512,0.045,in,6689.026206958043,-0.06573933248339424,0.18414266521411932,0.0021529219779148714,-0.02176690468541158
6560.0,168.71,2025-11-18 20:37:33,0,2025-12-05,6642.16015625,0.06349206349206349,2512,0.045,in,6689.026206958043,-0.06573933248339424,0.1676202616994227,0.001783908071884632,-0.019477701091277187
6890.0,32.01,2025-11-17 14:47:16,0,2025-12-04,6642.16015625,0.06349206349206349,2512,0.045,out,6689.026206958043,-0.06573933248339424,0.16291167326286696,0.0016850929070036267,0.02960278097829236
6970.0,6.15,2025-11-17 19:38:40,0,2025-12-04,6642.16015625,0.06349206349206349,2512,0.045,out,6689.026206958043,-0.06573933248339424,0.12050980180759084,0.0009220706242352269,0.041146920725157736
6980.0,5.9,2025-11-17 21:10:56,0,2025-12-04,6642.16015625,0.06349206349206349,2512,0.045,out,6689.026206958043,-0.06573933248339424,0.12228320651299703,0.0009494084187365256,0.042580612727006306
7110.0,1.37,2025-11-18 15:23:17,0,2025-12-05,6642.16015625,0.06349206349206349,2512,0.045,out,6689.026206958043,-0.06573933248339424,0.12312379477921136,0.0009625059581481494,0.061033939767874676
7130.0,0.54,2025-11-18 21:00:50,0,2025-12-05,6642.16015625,0.06349206349206349,2512,0.045,out,6689.026206958043,-0.06573933248339424,0.11273435422838729,0.0008069228332248572,0.0638429303789297
5400.0,1262.18,2025-11-17 20:13:48,0,2025-12-05,6642.16015625,0.06746031746031746,2512,0.045,in,6689.026206958043,-0.05922525410201811,0.3819598360093301,0.009842009434574061,-0.2140693504770461
5700.0,1049.84,2025-11-13 19:14:09,0,2025-12-01,6642.16015625,0.06746031746031746,2512,0.045,in,6689.026206958043,-0.05922525410201811,0.6278531466371474,0.02659282838736843,-0.16000212920677037
5925.0,935.79,2025-11-03 16:38:44,0,2025-11-21,6642.16015625,0.06746031746031746,2511,0.045,in,6730.533831800775,-0.15092594444903973,0.7427342258302515,0.03721476275291377,-0.1274737747082202
5950.0,897.97,2025-11-03 15:39:48,0,2025-11-21,6642.16015625,0.06746031746031746,2511,0.045,in,6730.533831800775,-0.15092594444903973,0.7046430082810272,0.03349551617074884,-0.12326324217187663
6450.0,268.49,2025-11-07 18:36:45,0,2025-11-25,6642.16015625,0.06746031746031746,2511,0.045,in,6730.533831800775,-0.15092594444903973,0.20302477803523075,0.0027806509064933734,-0.042574330921733926
6530.0,245.83,2025-11-17 16:05:30,0,2025-12-05,6642.16015625,0.06746031746031746,2512,0.045,in,6689.026206958043,-0.05922525410201811,0.25225616512861004,0.0042927140411574355,-0.024061360758935106
6540.0,200.16,2025-11-17 19:44:10,0,2025-12-05,6642.16015625,0.06746031746031746,2512,0.045,in,6689.026206958043,-0.05922525410201811,0.1909202864492263,0.002458966064379081,-0.02253113857816749
6720.0,104.0,2025-11-20 03:43:22,0,2025-12-08,6642.16015625,0.06746031746031746,2512,0.045,out,6689.026206958043,-0.05922525410201811,0.18914864480228283,0.0024135419330126293,0.0046198504877832235
6740.0,91.23,2025-11-20 03:40:09,0,2025-12-08,6642.16015625,0.06746031746031746,2512,0.045,out,6689.026206958043,-0.05922525410201811,0.18228463542945664,0.0022415504021113036,0.007591620876940895
6770.0,74.76,2025-11-20 03:37:34,0,2025-12-08,6642.16015625,0.06746031746031746,2512,0.045,out,6689.026206958043,-0.05922525410201811,0.1743009011129347,0.0020494986912272923,0.012032782876908796
6880.0,28.15,2025-11-20 03:00:12,0,2025-12-08,6642.16015625,0.06746031746031746,2512,0.045,out,6689.026206958043,-0.05922525410201811,0.14577220634950394,0.0014335004541588892,0.02815034789797747
6890.0,25.23,2025-11-20 03:00:12,0,2025-12-08,6642.16015625,0.06746031746031746,2512,0.045,out,6689.026206958043,-0.05922525410201811,0.14353290831582433,0.0013897969368380165,0.02960278097829236
6960.0,11.0,2025-11-20 04:25:45,0,2025-12-08,6642.16015625,0.06746031746031746,2512,0.045,out,6689.026206958043,-0.05922525410201811,0.13143449347601213,0.0011653787431747217,0.039711170299053515
6970.0,8.77,2025-11-20 02:22:05,0,2025-12-08,6642.16015625,0.06746031746031746,2512,0.045,out,6689.026206958043,-0.05922525410201811,0.1268811506469805,0.0010860319389743248,0.041146920725157736
7125.0,1.25,2025-11-20 03:00:46,0,2025-12-08,6642.16015625,0.06746031746031746,2512,0.045,out,6689.026206958043,-0.05922525410201811,0.12082722848282786,0.0009848679580488303,0.06314142210743946
5400.0,1383.71,2025-11-13 16:07:52,0,2025-12-02,6642.16015625,0.07142857142857142,2512,0.045,in,6689.026206958043,-0.05343496220746155,0.8367889402696914,0.05001540932554808,-0.2140693504770461
6300.0,379.62,2025-11-19 16:32:30,0,2025-12-08,6642.16015625,0.07142857142857142,2512,0.045,in,6689.026206958043,-0.05343496220746155,0.17583755967448328,0.00220848909944839,-0.059918670649787904
6450.0,280.46,2025-11-07 19:21:34,0,2025-11-26,6642.16015625,0.07142857142857142,2511,0.045,in,6730.533831800775,-0.14004116975742642,0.21633884930984623,0.0033430355514791677,-0.042574330921733926
6475.0,307.0,2025-11-14 18:51:51,0,2025-12-03,6642.16015625,0.07142857142857142,2512,0.045,in,6689.026206958043,-0.05343496220746155,0.2852240773541957,0.0058109124501823,-0.03251969646167335
6500.0,281.7,2025-11-14 18:45:03,0,2025-12-03,6642.16015625,0.07142857142857142,2512,0.045,in,6689.026206958043,-0.05343496220746155,0.2704292903815578,0.0052237143640194925,-0.028666127145683427
6500.0,212.64,2025-11-19 16:27:27,0,2025-12-08,6642.16015625,0.07142857142857142,2512,0.045,in,6689.026206958043,-0.05343496220746155,0.16141976475346778,0.0018611671752189198,-0.028666127145683427
6600.0,140.4,2025-11-19 16:46:26,0,2025-12-08,6642.16015625,0.07142857142857142,2512,0.045,in,6689.026206958043,-0.05343496220746155,0.1500125455742368,0.0016074117021187477,-0.013398655014894966
6610.0,130.4,2025-11-19 17:42:44,0,2025-12-08,6642.16015625,0.07142857142857142,2512,0.045,in,6689.026206958043,-0.05343496220746155,0.14389247856511186,0.0014789318134007983,-0.011884650183679929
6620.0,128.15,2025-11-19 07:42:30,0,2025-12-08,6642.16015625,0.07142857142857142,2512,0.045,in,6689.026206958043,-0.05343496220746155,0.14879295263912135,0.0015813816253619861,-0.010372934098358025
6650.0,105.09,2025-11-19 17:24:52,0,2025-12-08,6642.16015625,0.07142857142857142,2512,0.045,out,6689.026206958043,-0.05343496220746155,0.1387991834767005,0.001376086666699912,-0.005851449379512043
6660.0,99.8,2025-11-19 17:42:43,0,2025-12-08,6642.16015625,0.07142857142857142,2512,0.045,out,6689.026206958043,-0.05343496220746155,0.13845692463227063,0.0013693085699018764,-0.004348819494977066
6670.0,93.06,2025-11-19 17:20:20,0,2025-12-08,6642.16015625,0.07142857142857142,2512,0.045,out,6689.026206958043,-0.05343496220746155,0.1358402461640942,0.0013180408912801221,-0.0028484441197425044
6680.0,92.41,2025-11-19 18:37:46,0,2025-12-08,6642.16015625,0.07142857142857142,2512,0.045,out,6689.026206958043,-0.05343496220746155,0.14159927099583583,0.001432168110468011,-0.001350316498720516
6690.0,97.67,2025-11-19 15:50:32,0,2025-12-08,6642.16015625,0.07142857142857142,2512,0.045,out,6689.026206958043,-0.05343496220746155,0.15552651868468317,0.0017277498581555074,0.00014557009286218837
6700.0,85.35,2025-11-19 20:54:57,0,2025-12-08,6642.16015625,0.07142857142857142,2512,0.045,out,6689.026206958043,-0.05343496220746155,0.14434189856655763,0.0014881845486998866,0.0016392223496454624
6710.0,68.8,2025-11-19 19:50:28,0,2025-12-08,6642.16015625,0.07142857142857142,2512,0.045,out,6689.026206958043,-0.05343496220746155,0.12673992905046344,0.001147357829694036,0.003130646936315492
6725.0,65.72,2025-11-19 17:19:40,0,2025-12-08,6642.16015625,0.07142857142857142,2512,0.045,out,6689.026206958043,-0.05343496220746155,0.13095164245863677,0.0012248809044724744,0.005363621440627952
6730.0,73.3,2025-11-19 15:55:40,0,2025-12-08,6642.16015625,0.07142857142857142,2512,0.045,out,6689.026206958043,-0.05343496220746155,0.14479976692786184,0.0014976408930259364,0.006106839609361685
6745.0,101.0,2025-11-14 20:34:05,0,2025-12-03,6642.16015625,0.07142857142857142,2512,0.045,out,6689.026206958043,-0.05343496220746155,0.1934307353589216,0.002672532098678083,0.008333185612444314
6750.0,62.32,2025-11-19 20:29:03,0,2025-12-08,6642.16015625,0.07142857142857142,2512,0.045,out,6689.026206958043,-0.05343496220746155,0.13964315704779254,0.0013928722364481751,0.009074200837163666
6760.0,59.27,2025-11-19 20:20:32,0,2025-12-08,6642.16015625,0.07142857142857142,2512,0.045,out,6689.026206958043,-0.05343496220746155,0.14031352691355065,0.0014062775596371214,0.010554586007597913
6775.0,51.95,2025-11-19 20:41:48,0,2025-12-08,6642.16015625,0.07142857142857142,2512,0.045,out,6689.026206958043,-0.05343496220746155,0.13668963094932485,0.0013345753720759017,0.01277106271848965
6780.0,43.5,2025-11-19 18:03:46,0,2025-12-08,6642.16015625,0.07142857142857142,2512,0.045,out,6689.026206958043,-0.05343496220746155,0.12580336386522256,0.0011304633114146846,0.013508797905029353
6780.0,73.14,2025-11-20 03:50:24,0,2025-12-09,6642.16015625,0.07142857142857142,2512,0.045,out,6689.026206958043,-0.05343496220746155,0.17154030821991742,0.0021018626674417333,0.013508797905029353
6790.0,40.96,2025-11-19 18:42:31,0,2025-12-08,6642.16015625,0.07142857142857142,2512,0.045,out,6689.026206958043,-0.05343496220746155,0.1263732286654407,0.0011407280659519832,0.014982637523329892
6800.0,40.87,2025-11-19 20:24:39,0,2025-12-08,6642.16015625,0.07142857142857142,2512,0.045,out,6689.026206958043,-0.05343496220746155,0.1307979629015164,0.00122200764994189,0.016454308134786128
6810.0,30.05,2025-11-19 19:45:24,0,2025-12-08,6642.16015625,0.07142857142857142,2512,0.045,out,6689.026206958043,-0.05343496220746155,0.11666303336593388,0.0009721616681529286,0.01792381611414609
6820.0,31.52,2025-11-19 18:37:46,0,2025-12-08,6642.16015625,0.07142857142857142,2512,0.045,out,6689.026206958043,-0.05343496220746155,0.12349995685277898,0.0010894456673313049,0.019391167808095806
6825.0,31.4,2025-11-19 16:57:29,0,2025-12-08,6642.16015625,0.07142857142857142,2512,0.045,out,6689.026206958043,-0.05343496220746155,0.12537799254680723,0.001122831501076232,0.020124037023748605
6830.0,30.97,2025-11-19 20:24:39,0,2025-12-08,6642.16015625,0.07142857142857142,2512,0.045,out,6689.026206958043,-0.05343496220746155,0.12667561872224414,0.0011461937413330978,0.02085636953542375
6850.0,26.52,2025-11-19 20:42:09,0,2025-12-08,6642.16015625,0.07142857142857142,2512,0.045,out,6689.026206958043,-0.05343496220746155,0.1263632523540003,0.0011405479675343402,0.023780348226859156
6865.0,44.9,2025-11-14 17:32:36,0,2025-12-03,6642.16015625,0.07142857142857142,2512,0.045,out,6689.026206958043,-0.05343496220746155,0.16610134034389162,0.001970689661716951,0.02596773517265947
6870.0,24.7,2025-11-19 15:02:59,0,2025-12-08,6642.16015625,0.07142857142857142,2512,0.045,out,6689.026206958043,-0.05343496220746155,0.13043790114396997,0.0012152890039174343,0.026695802186983166
6875.0,15.56,2025-11-19 19:30:51,0,2025-12-08,6642.16015625,0.07142857142857142,2512,0.045,out,6689.026206958043,-0.05343496220746155,0.11221167954641605,0.0008993900733305403,0.027423339505360068
6900.0,14.83,2025-11-19 20:55:16,0,2025-12-08,6642.16015625,0.07142857142857142,2512,0.045,out,6689.026206958043,-0.05343496220746155,0.11893710808275759,0.0010104311199349686,0.031053107555938837
6920.0,8.87,2025-11-19 17:40:13,0,2025-12-08,6642.16015625,0.07142857142857142,2512,0.045,out,6689.026206958043,-0.05343496220746155,0.1084296584223105,0.0008397850589699237,0.0339474655823033
6925.0,8.37,2025-11-19 19:28:35,0,2025-12-08,6642.16015625,0.07142857142857142,2512,0.045,out,6689.026206958043,-0.05343496220746155,0.10828648342580723,0.0008375687494805445,0.03466974802612739
6930.0,13.28,2025-11-19 15:11:33,0,2025-12-08,6642.16015625,0.07142857142857142,2512,0.045,out,6689.026206958043,-0.05343496220746155,0.12467865953638546,0.0011103405816992801,0.03539150915453695
6940.0,10.0,2025-11-19 20:38:03,0,2025-12-08,6642.16015625,0.07142857142857142,2512,0.045,out,6689.026206958043,-0.05343496220746155,0.118120059220464,0.0009965963135889942,0.036833470471438194
6950.0,7.21,2025-11-19 21:00:34,0,2025-12-08,6642.16015625,0.07142857142857142,2512,0.045,out,6689.026206958043,-0.05343496220746155,0.11149647600138198,0.0008879617257661961,0.03827335552942581
6950.0,13.8,2025-11-20 03:48:25,0,2025-12-09,6642.16015625,0.07142857142857142,2512,0.045,out,6689.026206958043,-0.05343496220746155,0.13251698245597315,0.0012543393313740499,0.03827335552942581
6975.0,5.13,2025-11-19 17:25:17,0,2025-12-08,6642.16015625,0.07142857142857142,2512,0.045,out,6689.026206958043,-0.05343496220746155,0.10980323814904218,0.0008611965077153765,0.04186402366015443
6980.0,4.18,2025-11-19 19:30:04,0,2025-12-08,6642.16015625,0.07142857142857142,2512,0.045,out,6689.026206958043,-0.05343496220746155,0.10646074416625155,0.0008095635748880045,0.042580612727006306
7000.0,4.06,2025-11-19 20:54:28,0,2025-12-08,6642.16015625,0.07142857142857142,2512,0.045,out,6689.026206958043,-0.05343496220746155,0.11097640421164037,0.0008796973065532421,0.04544184500803847
7025.0,2.75,2025-11-19 21:06:15,0,2025-12-08,6642.16015625,0.07142857142857142,2512,0.045,out,6689.026206958043,-0.05343496220746155,0.10905330561046235,0.0008494731046120641,0.04900691117253468
7050.0,1.85,2025-11-19 21:00:34,0,2025-12-08,6642.16015625,0.07142857142857142,2512,0.045,out,6689.026206958043,-0.05343496220746155,0.10756688915764737,0.0008264739745038281,0.05255931277690235
7075.0,1.7,2025-11-19 16:24:12,0,2025-12-08,6642.16015625,0.07142857142857142,2512,0.045,out,6689.026206958043,-0.05343496220746155,0.11167663539321779,0.0008908336351964075,0.05609913948202645
7100.0,1.6,2025-11-19 15:05:54,0,2025-12-08,6642.16015625,0.07142857142857142,2512,0.045,out,6689.026206958043,-0.05343496220746155,0.11608642864279621,0.0009625756367885011,0.05962647999999492
7100.0,1.8,2025-11-20 02:31:49,0,2025-12-09,6642.16015625,0.07142857142857142,2512,0.045,out,6689.026206958043,-0.05343496220746155,0.11821794284392033,0.0009982487150177438,0.05962647999999492
7150.0,0.83,2025-11-19 15:16:12,0,2025-12-08,6642.16015625,0.07142857142857142,2512,0.045,out,6689.026206958043,-0.05343496220746155,0.11571760810080424,0.0009564689160408081,0.06664405265864139
5400.0,1353.65,2025-11-13 19:24:16,0,2025-12-03,6642.16015625,0.07539682539682539,2512,0.045,in,6689.026206958043,-0.0482541747228583,0.7373134069683766,0.04098805611829754,-0.2140693504770461
6000.0,665.85,2025-11-18 14:41:58,0,2025-12-08,6642.16015625,0.07539682539682539,2512,0.045,in,6689.026206958043,-0.0482541747228583,0.1969536488697643,0.002924698635949102,-0.10870883481921988
6550.0,190.25,2025-11-18 18:22:04,0,2025-12-08,6642.16015625,0.07539682539682539,2512,0.045,in,6689.026206958043,-0.0482541747228583,0.17307825640758,0.0022585935475423497,-0.02100325440011429
6550.0,175.78,2025-11-19 16:52:20,0,2025-12-09,6642.16015625,0.07539682539682539,2512,0.045,in,6689.026206958043,-0.0482541747228583,0.15142209926333242,0.0017287475823848228,-0.02100325440011429
6575.0,158.9,2025-11-19 17:04:54,0,2025-12-09,6642.16015625,0.07539682539682539,2512,0.045,in,6689.026206958043,-0.0482541747228583,0.14995478432358408,0.0016954059900361894,-0.017193725983446644
6590.0,153.05,2025-11-19 18:38:01,0,2025-12-09,6642.16015625,0.07539682539682539,2512,0.045,in,6689.026206958043,-0.0482541747228583,0.1546544350705272,0.0018033408390979934,-0.014914955532858957
6600.0,167.9,2025-11-19 15:31:20,0,2025-12-09,6642.16015625,0.07539682539682539,2512,0.045,in,6689.026206958043,-0.0482541747228583,0.18392937850333307,0.0025506758303802573,-0.013398655014894966
6625.0,137.0,2025-11-18 14:35:19,0,2025-12-08,6642.16015625,0.07539682539682539,2512,0.045,in,6689.026206958043,-0.0482541747228583,0.1600924306801919,0.001932389447860115,-0.009617932174988972
6625.0,130.44,2025-11-19 18:37:27,0,2025-12-09,6642.16015625,0.07539682539682539,2512,0.045,in,6689.026206958043,-0.0482541747228583,0.1509583126064689,0.001718173931566886,-0.009617932174988972
6630.0,126.72,2025-11-18 16:38:32,0,2025-12-08,6642.16015625,0.07539682539682539,2512,0.045,in,6689.026206958043,-0.0482541747228583,0.14956690239447637,0.0016866464585146728,-0.008863499849503747
6640.0,125.22,2025-11-19 20:50:47,0,2025-12-09,6642.16015625,0.07539682539682539,2512,0.045,in,6689.026206958043,-0.0482541747228583,0.15486791591518287,0.0018083228421362336,-0.007356340558932423
6650.0,135.4,2025-11-19 15:31:57,0,2025-12-09,6642.16015625,0.07539682539682539,2512,0.045,out,6689.026206958043,-0.0482541747228583,0.17602638295127285,0.002336192311124028,-0.005851449379512043
6675.0,95.66,2025-11-19 18:01:24,0,2025-12-09,6642.16015625,0.07539682539682539,2512,0.045,out,6689.026206958043,-0.0482541747228583,0.13829104227323838,0.001441919980505371,-0.002099099760961637
6680.0,99.28,2025-11-19 20:16:34,0,2025-12-09,6642.16015625,0.07539682539682539,2512,0.045,out,6689.026206958043,-0.0482541747228583,0.14650740076096444,0.0016183490122100913,-0.001350316498720516
6700.0,88.08,2025-11-19 20:16:34,0,2025-12-09,6642.16015625,0.07539682539682539,2512,0.045,out,6689.026206958043,-0.0482541747228583,0.14354824019993706,0.0015536343175614194,0.0016392223496454624
6710.0,70.32,2025-11-19 19:48:32,0,2025-12-09,6642.16015625,0.07539682539682539,2512,0.045,out,6689.026206958043,-0.0482541747228583,0.12479394560077109,0.001174194636164905,0.003130646936315492
6720.0,81.31,2025-11-19 20:21:15,0,2025-12-09,6642.16015625,0.07539682539682539,2512,0.045,out,6689.026206958043,-0.0482541747228583,0.14590327711709408,0.0016050299968120771,0.0046198504877832235
6725.0,64.24,2025-11-19 19:35:37,0,2025-12-09,6642.16015625,0.07539682539682539,2512,0.045,out,6689.026206958043,-0.0482541747228583,0.1247020069576611,0.0011724651597067562,0.005363621440627952
6730.0,85.22,2025-11-19 15:38:31,0,2025-12-09,6642.16015625,0.07539682539682539,2512,0.045,out,6689.026206958043,-0.0482541747228583,0.1570533353238075,0.00185971925631077,0.006106839609361685
6740.0,64.2,2025-11-19 16:37:47,0,2025-12-09,6642.16015625,0.07539682539682539,2512,0.045,out,6689.026206958043,-0.0482541747228583,0.13275427873955187,0.0013287709204345794,0.007591620876940895
6750.0,53.1,2025-11-19 19:43:12,0,2025-12-09,6642.16015625,0.07539682539682539,2512,0.045,out,6689.026206958043,-0.0482541747228583,0.12185545746784972,0.0011195488007114272,0.009074200837163666
6760.0,55.0,2025-11-19 17:04:30,0,2025-12-09,6642.16015625,0.07539682539682539,2512,0.045,out,6689.026206958043,-0.0482541747228583,0.12967608347251433,0.0012678644677406332,0.010554586007597913
6770.0,62.7,2025-11-19 15:45:04,0,2025-12-09,6642.16015625,0.07539682539682539,2512,0.045,out,6689.026206958043,-0.0482541747228583,0.14602433993112982,0.00160769463965921,0.012032782876908796
6775.0,63.87,2025-11-19 15:30:07,0,2025-12-09,6642.16015625,0.07539682539682539,2512,0.045,out,6689.026206958043,-0.0482541747228583,0.15024010290719084,0.0017018638171019942,0.01277106271848965
6780.0,79.44,2025-11-20 03:50:24,0,2025-12-10,6642.16015625,0.07539682539682539,2512,0.045,out,6689.026206958043,-0.0482541747228583,0.1755362920826361,0.002323201614778929,0.013508797905029353
6790.0,41.98,2025-11-19 17:22:06,0,2025-12-09,6642.16015625,0.07539682539682539,2512,0.045,out,6689.026206958043,-0.0482541747228583,0.12407411530956776,0.0011606878401078827,0.014982637523329892
6800.0,42.97,2025-11-19 20:54:28,0,2025-12-09,6642.16015625,0.07539682539682539,2512,0.045,out,6689.026206958043,-0.0482541747228583,0.13013410135196465,0.0012768365172975587,0.016454308134786128
6810.0,34.2,2025-11-19 17:34:00,0,2025-12-09,6642.16015625,0.07539682539682539,2512,0.045,out,6689.026206958043,-0.0482541747228583,0.12013209419035284,0.0010881058771295092,0.01792381611414609
6820.0,43.8,2025-11-19 15:31:17,0,2025-12-09,6642.16015625,0.07539682539682539,2512,0.045,out,6689.026206958043,-0.0482541747228583,0.14027833421789634,0.001483659563365114,0.019391167808095806
6825.0,33.5,2025-11-19 16:32:07,0,2025-12-09,6642.16015625,0.07539682539682539,2512,0.045,out,6689.026206958043,-0.0482541747228583,0.1251872302143936,0.0011816071808185716,0.020124037023748605
6830.0,35.31,2025-11-19 20:41:14,0,2025-12-09,6642.16015625,0.07539682539682539,2512,0.045,out,6689.026206958043,-0.0482541747228583,0.1303614846418261,0.0012813024479460323,0.02085636953542375
6840.0,24.85,2025-11-18 15:58:20,0,2025-12-08,6642.16015625,0.07539682539682539,2512,0.045,out,6689.026206958043,-0.0482541747228583,0.11554535398699756,0.0010066025703636145,0.022319427587184346
6840.0,36.2,2025-11-19 15:44:26,0,2025-12-09,6642.16015625,0.07539682539682539,2512,0.045,out,6689.026206958043,-0.0482541747228583,0.13600330486309015,0.0013946074592855958,0.022319427587184346
6850.0,29.7,2025-11-19 14:50:09,0,2025-12-09,6642.16015625,0.07539682539682539,2512,0.045,out,6689.026206958043,-0.0482541747228583,0.1284444851751948,0.0012438957526448248,0.023780348226859156
6860.0,24.94,2025-11-18 19:33:23,0,2025-12-08,6642.16015625,0.07539682539682539,2512,0.045,out,6689.026206958043,-0.0482541747228583,0.1232695875467386,0.001145684258194119,0.02523913769051907
6860.0,22.32,2025-11-19 20:10:26,0,2025-12-09,6642.16015625,0.07539682539682539,2512,0.045,out,6689.026206958043,-0.0482541747228583,0.11807948903420051,0.0010512402733372209,0.02523913769051907
6870.0,23.8,2025-11-19 20:36:26,0,2025-12-09,6642.16015625,0.07539682539682539,2512,0.045,out,6689.026206958043,-0.0482541747228583,0.12471313934498958,0.0011726745054776704,0.026695802186983166
6875.0,21.11,2025-11-19 07:11:34,0,2025-12-09,6642.16015625,0.07539682539682539,2512,0.045,out,6689.026206958043,-0.0482541747228583,0.12101019189444275,0.0011040708900962987,0.027423339505360068
6890.0,19.3,2025-11-19 20:36:26,0,2025-12-09,6642.16015625,0.07539682539682539,2512,0.045,out,6689.026206958043,-0.0482541747228583,0.12238469072628472,0.001129294595076186,0.02960278097829236
6900.0,16.67,2025-11-19 20:56:13,0,2025-12-09,6642.16015625,0.07539682539682539,2512,0.045,out,6689.026206958043,-0.0482541747228583,0.11979052824962408,0.0010819271528101416,0.031053107555938837
6910.0,14.03,2025-11-18 17:00:16,0,2025-12-08,6642.16015625,0.07539682539682539,2512,0.045,out,6689.026206958043,-0.0482541747228583,0.11659626029834304,0.0010249963110937313,0.03250133373230365
6920.0,14.64,2025-11-19 14:49:46,0,2025-12-09,6642.16015625,0.07539682539682539,2512,0.045,out,6689.026206958043,-0.0482541747228583,0.12135910941556347,0.00111044696557395,0.0339474655823033
6925.0,13.96,2025-11-19 14:49:46,0,2025-12-09,6642.16015625,0.07539682539682539,2512,0.045,out,6689.026206958043,-0.0482541747228583,0.12119638118656903,0.001107471005720963,0.03466974802612739
6930.0,9.32,2025-11-19 19:45:07,0,2025-12-09,6642.16015625,0.07539682539682539,2512,0.045,out,6689.026206958043,-0.0482541747228583,0.1095357948334855,0.0009046179231994647,0.03539150915453695
6940.0,8.8,2025-11-19 20:01:05,0,2025-12-09,6642.16015625,0.07539682539682539,2512,0.045,out,6689.026206958043,-0.0482541747228583,0.11080088335216959,0.0009256344415904791,0.036833470471438194
6960.0,7.27,2025-11-19 18:03:48,0,2025-12-09,6642.16015625,0.07539682539682539,2512,0.045,out,6689.026206958043,-0.0482541747228583,0.11118152572260176,0.0009320051649924823,0.039711170299053515
6970.0,7.35,2025-11-19 16:30:16,0,2025-12-09,6642.16015625,0.07539682539682539,2512,0.045,out,6689.026206958043,-0.0482541747228583,0.11424861290875182,0.0009841355773012002,0.041146920725157736
6975.0,7.4,2025-11-19 15:59:25,0,2025-12-09,6642.16015625,0.07539682539682539,2512,0.045,out,6689.026206958043,-0.0482541747228583,0.11581550431402658,0.0010113150386933884,0.04186402366015443
6980.0,7.65,2025-11-19 15:55:05,0,2025-12-09,6642.16015625,0.07539682539682539,2512,0.045,out,6689.026206958043,-0.0482541747228583,0.11812630280917454,0.0010520739876663933,0.042580612727006306
7000.0,4.5,2025-11-19 17:48:24,0,2025-12-09,6642.16015625,0.07539682539682539,2512,0.045,out,6689.026206958043,-0.0482541747228583,0.10997805213026074,0.0009119375676863516,0.04544184500803847
7050.0,2.55,2025-11-19 20:36:12,0,2025-12-09,6642.16015625,0.07539682539682539,2512,0.045,out,6689.026206958043,-0.0482541747228583,0.11018733884356022,0.0009154116793138315,0.05255931277690235
7050.0,5.2,2025-11-20 02:34:05,0,2025-12-10,6642.16015625,0.07539682539682539,2512,0.045,out,6689.026206958043,-0.0482541747228583,0.12607270715484872,0.0011983818345146534,0.05255931277690235
7125.0,1.36,2025-11-19 14:59:12,0,2025-12-09,6642.16015625,0.07539682539682539,2512,0.045,out,6689.026206958043,-0.0482541747228583,0.11516997038764377,0.0010000726964393815,0.06314142210743946
7150.0,1.02,2025-11-19 14:59:12,0,2025-12-09,6642.16015625,0.07539682539682539,2512,0.045,out,6689.026206958043,-0.0482541747228583,0.11552531026610208,0.0010062533687678723,0.06664405265864139
5650.0,1227.44,2025-10-31 14:48:02,0,2025-11-21,6642.16015625,0.07936507936507936,2511,0.045,in,6730.533831800775,-0.12153705278168377,0.8563003815421883,0.058194471700737875,-0.1749989165710656
5870.0,981.99,2025-10-31 18:18:41,0,2025-11-21,6642.16015625,0.07936507936507936,2511,0.045,in,6730.533831800775,-0.12153705278168377,0.6943079637391911,0.03825901178663983,-0.13679982788941003
6050.0,657.2,2025-11-14 14:44:13,0,2025-12-05,6642.16015625,0.07936507936507936,2512,0.045,in,6689.026206958043,-0.043591465986715386,0.32599702486093307,0.008434449223665064,-0.10041003200452477
6060.0,649.18,2025-11-14 14:44:13,0,2025-12-05,6642.16015625,0.07936507936507936,2512,0.045,in,6689.026206958043,-0.043591465986715386,0.32687572323821434,0.008479979241468705,-0.09875850396605179
6075.0,629.58,2025-11-14 14:43:15,0,2025-12-05,6642.16015625,0.07936507936507936,2512,0.045,in,6689.026206958043,-0.043591465986715386,0.30979571146481455,0.007616935146189732,-0.09628631482066276
6365.0,352.35,2025-11-07 18:28:01,0,2025-11-28,6642.16015625,0.07936507936507936,2511,0.045,in,6730.533831800775,-0.12153705278168377,0.2187708056486974,0.0037984655082682634,-0.05584022972004525
6380.0,372.98,2025-11-07 20:47:49,0,2025-11-28,6642.16015625,0.07936507936507936,2511,0.045,in,6730.533831800775,-0.12153705278168377,0.27240289980883875,0.005889153954306686,-0.05348636437271652
6440.0,339.45,2025-11-14 20:59:59,0,2025-12-05,6642.16015625,0.07936507936507936,2512,0.045,in,6689.026206958043,-0.043591465986715386,0.2832339306614009,0.006366782498246607,-0.0379397639310126
6490.0,273.46,2025-11-14 14:57:23,0,2025-12-05,6642.16015625,0.07936507936507936,2512,0.045,in,6689.026206958043,-0.043591465986715386,0.23322882725827745,0.004317117925735827,-0.030205773331276206
6510.0,280.05,2025-11-14 20:54:19,0,2025-12-05,6642.16015625,0.07936507936507936,2512,0.045,in,6689.026206958043,-0.043591465986715386,0.26095006859517844,0.005404360182526058,-0.027128847826797
6525.0,239.3,2025-11-17 16:19:47,0,2025-12-08,6642.16015625,0.07936507936507936,2512,0.045,in,6689.026206958043,-0.043591465986715386,0.2157710602408936,0.003695011939482487,-0.0248273508385178
6525.0,202.2,2025-11-18 20:35:01,0,2025-12-09,6642.16015625,0.07936507936507936,2512,0.045,in,6689.026206958043,-0.043591465986715386,0.16119417895206498,0.002062187565716694,-0.0248273508385178
6525.0,235.6,2025-11-19 15:15:21,0,2025-12-10,6642.16015625,0.07936507936507936,2512,0.045,in,6689.026206958043,-0.043591465986715386,0.21043137121425645,0.0035143938088184282,-0.0248273508385178
6530.0,269.27,2025-11-13 19:23:54,0,2025-12-04,6642.16015625,0.07936507936507936,2512,0.045,in,6689.026206958043,-0.043591465986715386,0.26272663435209936,0.005478197174442994,-0.024061360758935106
6575.0,163.5,2025-11-19 17:23:45,0,2025-12-10,6642.16015625,0.07936507936507936,2512,0.045,in,6689.026206958043,-0.043591465986715386,0.15166952977005385,0.0018256862111642263,-0.017193725983446644
6590.0,163.5,2025-11-19 20:17:21,0,2025-12-10,6642.16015625,0.07936507936507936,2512,0.045,in,6689.026206958043,-0.043591465986715386,0.1643228249882316,0.0021430151438184917,-0.014914955532858957
6600.0,147.8,2025-11-19 19:09:10,0,2025-12-10,6642.16015625,0.07936507936507936,2512,0.045,in,6689.026206958043,-0.043591465986715386,0.15065617844339718,0.0018013717542197404,-0.013398655014894966
6610.0,144.7,2025-11-19 18:39:26,0,2025-12-10,6642.16015625,0.07936507936507936,2512,0.045,in,6689.026206958043,-0.043591465986715386,0.15429502807113257,0.00188944092757711,-0.011884650183679929
6620.0,144.98,2025-11-19 20:45:18,0,2025-12-10,6642.16015625,0.07936507936507936,2512,0.045,in,6689.026206958043,-0.043591465986715386,0.16228929764517777,0.002090302867473421,-0.010372934098358025
6625.0,144.4,2025-11-19 20:21:03,0,2025-12-10,6642.16015625,0.07936507936507936,2512,0.045,in,6689.026206958043,-0.043591465986715386,0.16520381862639746,0.0021660556895828275,-0.009617932174988972
6630.0,129.5,2025-11-19 19:07:15,0,2025-12-10,6642.16015625,0.07936507936507936,2512,0.045,in,6689.026206958043,-0.043591465986715386,0.1486779266955812,0.001754375070356874,-0.008863499849503747
6640.0,128.4,2025-11-17 20:39:41,0,2025-12-08,6642.16015625,0.07936507936507936,2512,0.045,in,6689.026206958043,-0.043591465986715386,0.15439351183477212,0.001891853690212216,-0.007356340558932423
6670.0,118.0,2025-11-18 18:40:38,0,2025-12-09,6642.16015625,0.07936507936507936,2512,0.045,out,6689.026206958043,-0.043591465986715386,0.1607393170228175,0.0020505657172191923,-0.0028484441197425044
6680.0,97.2,2025-11-19 17:46:17,0,2025-12-10,6642.16015625,0.07936507936507936,2512,0.045,out,6689.026206958043,-0.043591465986715386,0.1392607604374741,0.0015391713807637738,-0.001350316498720516
6700.0,98.1,2025-11-19 14:45:52,0,2025-12-10,6642.16015625,0.07936507936507936,2512,0.045,out,6689.026206958043,-0.043591465986715386,0.15270148383224724,0.00185061453687064,0.0016392223496454624
6720.0,75.25,2025-11-19 19:23:33,0,2025-12-10,6642.16015625,0.07936507936507936,2512,0.045,out,6689.026206958043,-0.043591465986715386,0.13327404447440233,0.0014096802325845215,0.0046198504877832235
6725.0,77.47,2025-11-19 16:25:03,0,2025-12-10,6642.16015625,0.07936507936507936,2512,0.045,out,6689.026206958043,-0.043591465986715386,0.1390693929198572,0.0015349441307220338,0.005363621440627952
6730.0,73.02,2025-11-19 20:03:56,0,2025-12-10,6642.16015625,0.07936507936507936,2512,0.045,out,6689.026206958043,-0.043591465986715386,0.13568886635724645,0.0014612276550249749,0.006106839609361685
6740.0,68.37,2025-11-19 20:03:56,0,2025-12-10,6642.16015625,0.07936507936507936,2512,0.045,out,6689.026206958043,-0.043591465986715386,0.1345770023073632,0.0014373785357171458,0.007591620876940895
6750.0,66.48,2025-11-19 20:12:45,0,2025-12-10,6642.16015625,0.07936507936507936,2512,0.045,out,6689.026206958043,-0.043591465986715386,0.1371110604868338,0.0014920192783987457,0.009074200837163666
6760.0,60.02,2025-11-19 20:04:35,0,2025-12-10,6642.16015625,0.07936507936507936,2512,0.045,out,6689.026206958043,-0.043591465986715386,0.13299673629521702,0.00140381998929996,0.010554586007597913
6770.0,63.43,2025-11-19 20:40:08,0,2025-12-10,6642.16015625,0.07936507936507936,2512,0.045,out,6689.026206958043,-0.043591465986715386,0.1427833802148484,0.0016180233067919017,0.012032782876908796
6775.0,61.22,2025-11-19 20:40:08,0,2025-12-10,6642.16015625,0.07936507936507936,2512,0.045,out,6689.026206958043,-0.043591465986715386,0.1420338597113867,0.0016010807384534826,0.01277106271848965
6790.0,58.96,2025-11-19 14:58:24,0,2025-12-10,6642.16015625,0.07936507936507936,2512,0.045,out,6689.026206958043,-0.043591465986715386,0.14586233793118916,0.001688557271964478,0.014982637523329892
6800.0,49.37,2025-11-19 20:56:13,0,2025-12-10,6642.16015625,0.07936507936507936,2512,0.045,out,6689.026206958043,-0.043591465986715386,0.13612773627344726,0.0014706952843597785,0.016454308134786128
6810.0,36.59,2025-11-19 17:38:05,0,2025-12-10,6642.16015625,0.07936507936507936,2512,0.045,out,6689.026206958043,-0.043591465986715386,0.12047895849717014,0.0011519983682986383,0.01792381611414609
6820.0,33.56,2025-11-19 17:38:05,0,2025-12-10,6642.16015625,0.07936507936507936,2512,0.045,out,6689.026206958043,-0.043591465986715386,0.11961343335827636,0.0011355058285519696,0.019391167808095806
6825.0,45.05,2025-11-19 14:56:59,0,2025-12-10,6642.16015625,0.07936507936507936,2512,0.045,out,6689.026206958043,-0.043591465986715386,0.14030780560824968,0.0015624031995716172,0.020124037023748605
6830.0,40.0,2025-11-19 20:19:34,0,2025-12-10,6642.16015625,0.07936507936507936,2512,0.045,out,6689.026206958043,-0.043591465986715386,0.13429820215473365,0.0014314291350788653,0.02085636953542375
6840.0,32.9,2025-11-19 18:12:07,0,2025-12-10,6642.16015625,0.07936507936507936,2512,0.045,out,6689.026206958043,-0.043591465986715386,0.126464072255644,0.0012692985374191065,0.022319427587184346
6850.0,32.0,2025-11-19 20:23:28,0,2025-12-10,6642.16015625,0.07936507936507936,2512,0.045,out,6689.026206958043,-0.043591465986715386,0.12879356350914564,0.0013164906350305026,0.023780348226859156
6860.0,29.18,2025-11-19 20:56:52,0,2025-12-10,6642.16015625,0.07936507936507936,2512,0.045,out,6689.026206958043,-0.043591465986715386,0.12756746229180113,0.001291544240918262,0.02523913769051907
6870.0,26.63,2025-11-19 20:27:00,0,2025-12-10,6642.16015625,0.07936507936507936,2512,0.045,out,6689.026206958043,-0.043591465986715386,0.12654461460929703,0.0012709158322710722,0.026695802186983166
6875.0,26.16,2025-11-19 16:05:04,0,2025-12-10,6642.16015625,0.07936507936507936,2512,0.045,out,6689.026206958043,-0.043591465986715386,0.1274675824448258,0.001289522585264164,0.027423339505360068
6880.0,26.29,2025-11-18 18:41:19,0,2025-12-09,6642.16015625,0.07936507936507936,2512,0.045,out,6689.026206958043,-0.043591465986715386,0.12951996649882075,0.00133138267633775,0.02815034789797747
6880.0,25.8,2025-11-19 14:50:24,0,2025-12-10,6642.16015625,0.07936507936507936,2512,0.045,out,6689.026206958043,-0.043591465986715386,0.12857692337812077,0.0013120654940780268,0.02815034789797747
6890.0,25.83,2025-11-19 15:45:04,0,2025-12-10,6642.16015625,0.07936507936507936,2512,0.045,out,6689.026206958043,-0.043591465986715386,0.13220423155606334,0.0013871395905816835,0.02960278097829236
6900.0,19.9,2025-11-19 20:53:36,0,2025-12-10,6642.16015625,0.07936507936507936,2512,0.045,out,6689.026206958043,-0.043591465986715386,0.12352481478164459,0.0012109825291142541,0.031053107555938837
6910.0,15.75,2025-11-18 14:55:41,0,2025-12-09,6642.16015625,0.07936507936507936,2512,0.045,out,6689.026206958043,-0.043591465986715386,0.11743359944117765,0.001094496053786584,0.03250133373230365
6925.0,15.55,2025-11-19 20:45:09,0,2025-12-10,6642.16015625,0.07936507936507936,2512,0.045,out,6689.026206958043,-0.043591465986715386,0.1217058356624904,0.0011755801931988188,0.03466974802612739
6930.0,16.6,2025-11-19 15:50:42,0,2025-12-10,6642.16015625,0.07936507936507936,2512,0.045,out,6689.026206958043,-0.043591465986715386,0.1258223340594435,0.0012564491863623966,0.03539150915453695
6950.0,10.35,2025-11-19 18:45:18,0,2025-12-10,6642.16015625,0.07936507936507936,2512,0.045,out,6689.026206958043,-0.043591465986715386,0.11527775080577154,0.0010546793516537747,0.03827335552942581
6975.0,8.45,2025-11-19 16:40:52,0,2025-12-10,6642.16015625,0.07936507936507936,2512,0.045,out,6689.026206958043,-0.043591465986715386,0.11624548664501083,0.0010724613623282057,0.04186402366015443
7000.0,8.05,2025-11-19 14:57:45,0,2025-12-10,6642.16015625,0.07936507936507936,2512,0.045,out,6689.026206958043,-0.043591465986715386,0.12161996322735241,0.0011739218615414724,0.04544184500803847
7000.0,12.16,2025-11-20 05:55:34,0,2025-12-11,6642.16015625,0.07936507936507936,2512,0.045,out,6689.026206958043,-0.043591465986715386,0.13504632582648207,0.001447421438034314,0.04544184500803847
7025.0,4.57,2025-11-18 16:51:54,0,2025-12-09,6642.16015625,0.07936507936507936,2512,0.045,out,6689.026206958043,-0.043591465986715386,0.11335672946474071,0.0010198212789636837,0.04900691117253468
7075.0,2.67,2025-11-18 16:51:54,0,2025-12-09,6642.16015625,0.07936507936507936,2512,0.045,out,6689.026206958043,-0.043591465986715386,0.11354949627318822,0.0010232927066583164,0.05609913948202645
7075.0,2.81,2025-11-19 20:34:36,0,2025-12-10,6642.16015625,0.07936507936507936,2512,0.045,out,6689.026206958043,-0.043591465986715386,0.11456405145806087,0.0010416604671813665,0.05609913948202645
7100.0,2.3,2025-11-19 17:00:52,0,2025-12-10,6642.16015625,0.07936507936507936,2512,0.045,out,6689.026206958043,-0.043591465986715386,0.11610977225866768,0.0010699586677745774,0.05962647999999492
7150.0,1.21,2025-11-19 17:24:00,0,2025-12-10,6642.16015625,0.07936507936507936,2512,0.045,out,6689.026206958043,-0.043591465986715386,0.11504938276015779,0.0010505047994835946,0.06664405265864139
5350.0,1467.05,2025-11-13 14:40:09,0,2025-12-05,6642.16015625,0.08333333333333333,2512,0.045,in,6689.026206958043,-0.03937282474925276,0.8676594703455099,0.06273607970668757,-0.22337174313935962
5500.0,1229.74,2025-11-06 18:18:59,0,2025-11-28,6642.16015625,0.08333333333333333,2511,0.045,in,6730.533831800775,-0.11360671693493692,0.5919430430185593,0.02919971384817266,-0.20190636949098986
6100.0,766.86,2025-11-11 19:52:50,0,2025-12-03,6642.16015625,0.08333333333333333,2512,0.045,in,6689.026206958043,-0.03937282474925276,0.5828485595252224,0.028309370278385558,-0.09217953286800928
6180.0,571.71,2025-11-06 20:55:13,0,2025-11-28,6642.16015625,0.08333333333333333,2511,0.045,in,6730.533831800775,-0.11360671693493692,0.35335094873214384,0.010404741080825512,-0.08533619025981574
6190.0,562.19,2025-11-06 20:55:13,0,2025-11-28,6642.16015625,0.08333333333333333,2511,0.045,in,6730.533831800775,-0.11360671693493692,0.34977284161342265,0.01019508672752737,-0.08371937503291033
6230.0,518.64,2025-11-06 20:59:44,0,2025-11-28,6642.16015625,0.08333333333333333,2511,0.045,in,6730.533831800775,-0.11360671693493692,0.325730967813866,0.00884172194941315,-0.07727812893005331
6240.0,508.76,2025-11-06 20:59:44,0,2025-11-28,6642.16015625,0.08333333333333333,2511,0.045,in,6730.533831800775,-0.11360671693493692,0.3214943395245263,0.00861321752885928,-0.07567427934807883
6250.0,526.34,2025-11-13 18:58:46,0,2025-12-05,6642.16015625,0.08333333333333333,2512,0.045,in,6689.026206958043,-0.03937282474925276,0.36336724306705626,0.011002979444512763,-0.06788684029896468
6275.0,455.23,2025-11-17 18:57:14,0,2025-12-09,6642.16015625,0.08333333333333333,2512,0.045,in,6689.026206958043,-0.03937282474925276,0.27331679998592995,0.00622517276287907,-0.06389481902942727
6300.0,397.0,2025-11-18 20:20:18,0,2025-12-10,6642.16015625,0.08333333333333333,2512,0.045,in,6689.026206958043,-0.03937282474925276,0.19796290864512722,0.003265776099936582,-0.059918670649787904
6435.0,459.9,2025-10-30 13:54:42,0,2025-11-21,6642.16015625,0.08333333333333333,2511,0.045,in,6730.533831800775,-0.11360671693493692,0.4414188493422591,0.016237550046220336,-0.044902620681325126
6425.0,423.32,2025-11-10 19:14:36,0,2025-12-02,6642.16015625,0.08333333333333333,2512,0.045,in,6689.026206958043,-0.03937282474925276,0.38199074504046626,0.01215974410804754,-0.04027167326599132
6470.0,318.35,2025-11-13 20:50:24,0,2025-12-05,6642.16015625,0.08333333333333333,2512,0.045,in,6689.026206958043,-0.03937282474925276,0.2726355044426156,0.006194176523556622,-0.03329219553446571
6475.0,321.5,2025-11-13 18:58:46,0,2025-12-05,6642.16015625,0.08333333333333333,2512,0.045,in,6689.026206958043,-0.03937282474925276,0.2815744846303628,0.006607015866237867,-0.03251969646167335
6650.0,138.92,2025-11-19 14:57:13,0,2025-12-11,6642.16015625,0.08333333333333333,2512,0.045,out,6689.026206958043,-0.03937282474925276,0.17046702453985751,0.002421583871289365,-0.005851449379512043
6670.0,116.0,2025-11-18 18:58:33,0,2025-12-10,6642.16015625,0.08333333333333333,2512,0.045,out,6689.026206958043,-0.03937282474925276,0.15349611259115553,0.001963421381716391,-0.0028484441197425044
6675.0,113.1,2025-11-18 18:58:33,0,2025-12-10,6642.16015625,0.08333333333333333,2512,0.045,out,6689.026206958043,-0.03937282474925276,0.15285609620402357,0.0019470821788944758,-0.002099099760961637
6680.0,101.8,2025-11-19 17:46:17,0,2025-12-11,6642.16015625,0.08333333333333333,2512,0.045,out,6689.026206958043,-0.03937282474925276,0.14118740641508504,0.0016611569775181996,-0.001350316498720516
6690.0,121.5,2025-11-19 15:11:35,0,2025-12-11,6642.16015625,0.08333333333333333,2512,0.045,out,6689.026206958043,-0.03937282474925276,0.17305160965563915,0.0024955716337006417,0.00014557009286218837
6710.0,83.73,2025-11-18 14:55:33,0,2025-12-10,6642.16015625,0.08333333333333333,2512,0.045,out,6689.026206958043,-0.03937282474925276,0.13513306091897484,0.001521745346110947,0.003130646936315492
6710.0,91.5,2025-11-19 16:14:34,0,2025-12-11,6642.16015625,0.08333333333333333,2512,0.045,out,6689.026206958043,-0.03937282474925276,0.14538819625914984,0.0017614773009574224,0.003130646936315492
6720.0,84.35,2025-11-19 16:25:03,0,2025-12-11,6642.16015625,0.08333333333333333,2512,0.045,out,6689.026206958043,-0.03937282474925276,0.14150843325307666,0.001668719723478371,0.0046198504877832235
6725.0,95.1,2025-11-19 15:45:51,0,2025-12-11,6642.16015625,0.08333333333333333,2512,0.045,out,6689.026206958043,-0.03937282474925276,0.15851158255539377,0.002093826817017951,0.005363621440627952
6740.0,91.0,2025-11-19 15:07:57,0,2025-12-11,6642.16015625,0.08333333333333333,2512,0.045,out,6689.026206958043,-0.03937282474925276,0.16115535925810962,0.0021642541514675312,0.007591620876940895
6750.0,67.41,2025-11-19 17:20:09,0,2025-12-11,6642.16015625,0.08333333333333333,2512,0.045,out,6689.026206958043,-0.03937282474925276,0.13447670245071563,0.0015069986251681922,0.009074200837163666
6775.0,58.68,2025-11-19 17:06:20,0,2025-12-11,6642.16015625,0.08333333333333333,2512,0.045,out,6689.026206958043,-0.03937282474925276,0.13446052790707902,0.0015066361304208646,0.01277106271848965
6780.0,55.78,2025-11-19 17:23:03,0,2025-12-11,6642.16015625,0.08333333333333333,2512,0.045,out,6689.026206958043,-0.03937282474925276,0.13266323753024406,0.0014666278826671627,0.013508797905029353
6790.0,54.68,2025-11-19 16:29:29,0,2025-12-11,6642.16015625,0.08333333333333333,2512,0.045,out,6689.026206958043,-0.03937282474925276,0.13564007321365676,0.0015331857884505137,0.014982637523329892
6800.0,52.05,2025-11-19 21:07:50,0,2025-12-11,6642.16015625,0.08333333333333333,2512,0.045,out,6689.026206958043,-0.03937282474925276,0.13626753399181238,0.0015474034016841453,0.016454308134786128
6820.0,53.83,2025-11-19 15:13:30,0,2025-12-11,6642.16015625,0.08333333333333333,2512,0.045,out,6689.026206958043,-0.03937282474925276,0.14760471794616611,0.0018155960633306043,0.019391167808095806
6825.0,44.8,2025-11-19 15:58:25,0,2025-12-11,6642.16015625,0.08333333333333333,2512,0.045,out,6689.026206958043,-0.03937282474925276,0.1360363245566841,0.0015421567999076243,0.020124037023748605
6840.0,46.1,2025-11-19 15:11:09,0,2025-12-11,6642.16015625,0.08333333333333333,2512,0.045,out,6689.026206958043,-0.03937282474925276,0.14421447471039833,0.0017331512263330101,0.022319427587184346
6850.0,31.17,2025-11-19 17:27:50,0,2025-12-11,6642.16015625,0.08333333333333333,2512,0.045,out,6689.026206958043,-0.03937282474925276,0.12380744547568248,0.0012773569629345074,0.023780348226859156
6860.0,28.54,2025-11-19 17:27:50,0,2025-12-11,6642.16015625,0.08333333333333333,2512,0.045,out,6689.026206958043,-0.03937282474925276,0.12290846778014644,0.0012588742876719413,0.02523913769051907
6870.0,29.18,2025-11-19 16:57:28,0,2025-12-11,6642.16015625,0.08333333333333333,2512,0.045,out,6689.026206958043,-0.03937282474925276,0.12768708941961346,0.0013586660670376967,0.026695802186983166
6880.0,24.42,2025-11-19 20:08:34,0,2025-12-11,6642.16015625,0.08333333333333333,2512,0.045,out,6689.026206958043,-0.03937282474925276,0.12243193043213901,0.001249131465778344,0.02815034789797747
6900.0,22.0,2025-11-19 20:59:37,0,2025-12-11,6642.16015625,0.08333333333333333,2512,0.045,out,6689.026206958043,-0.03937282474925276,0.12447498724976291,0.0012911685375690532,0.031053107555938837
6910.0,18.37,2025-11-19 20:08:34,0,2025-12-11,6642.16015625,0.08333333333333333,2512,0.045,out,6689.026206958043,-0.03937282474925276,0.12010863195478491,0.001202173622504165,0.03250133373230365
6920.0,18.6,2025-11-18 14:51:45,0,2025-12-10,6642.16015625,0.08333333333333333,2512,0.045,out,6689.026206958043,-0.03937282474925276,0.12380707052075894,0.0012773492259110148,0.0339474655823033
6950.0,13.5,2025-11-19 16:13:42,0,2025-12-11,6642.16015625,0.08333333333333333,2512,0.045,out,6689.026206958043,-0.03937282474925276,0.12081147164831421,0.0012162843068192857,0.03827335552942581
6970.0,9.9,2025-11-18 15:04:20,0,2025-12-10,6642.16015625,0.08333333333333333,2512,0.045,out,6689.026206958043,-0.03937282474925276,0.11637571790371706,0.0011286089764671276,0.041146920725157736
6975.0,11.13,2025-11-19 14:41:12,0,2025-12-11,6642.16015625,0.08333333333333333,2512,0.045,out,6689.026206958043,-0.03937282474925276,0.12144854750240991,0.0012291458075370928,0.04186402366015443
6980.0,10.25,2025-11-18 06:46:02,0,2025-12-10,6642.16015625,0.08333333333333333,2512,0.045,out,6689.026206958043,-0.03937282474925276,0.12020240266838612,0.00120405146727107,0.042580612727006306
7025.0,6.7,2025-11-18 14:32:07,0,2025-12-10,6642.16015625,0.08333333333333333,2512,0.045,out,6689.026206958043,-0.03937282474925276,0.119705612652198,0.0011941194750365056,0.04900691117253468
7025.0,10.81,2025-11-20 05:55:34,0,2025-12-12,6642.16015625,0.08333333333333333,2512,0.045,out,6689.026206958043,-0.03937282474925276,0.13420678682078926,0.0015009551357300646,0.04900691117253468
7120.0,3.6,2025-11-20 01:55:28,0,2025-12-12,6642.16015625,0.08333333333333333,2512,0.045,out,6689.026206958043,-0.03937282474925276,0.12662442670470983,0.0013361454531913694,0.06243942137660955
7125.0,3.1,2025-11-18 14:39:07,0,2025-12-10,6642.16015625,0.08333333333333333,2512,0.045,out,6689.026206958043,-0.03937282474925276,0.12437711391902925,0.0012891388722355984,0.06314142210743946
7125.0,1.95,2025-11-19 18:49:28,0,2025-12-11,6642.16015625,0.08333333333333333,2512,0.045,out,6689.026206958043,-0.03937282474925276,0.11517728778919875,0.0011054839685396593,0.06314142210743946
5780.0,1141.57,2025-10-29 15:27:38,0,2025-11-21,6642.16015625,0.0873015873015873,2511,0.045,in,6730.533831800775,-0.10639732071062159,0.8215255524769784,0.05892021084998929,-0.15225077904512904
5880.0,906.57,2025-11-05 14:36:17,0,2025-11-28,6642.16015625,0.0873015873015873,2511,0.045,in,6730.533831800775,-0.10639732071062159,0.539097152804886,0.02537208842687048,-0.1350976998188796
6310.0,617.05,2025-10-29 15:05:35,0,2025-11-21,6642.16015625,0.0873015873015873,2511,0.045,in,6730.533831800775,-0.10639732071062159,0.5445901534316859,0.02589176815366841,-0.06451878517629335
6300.0,396.13,2025-11-19 16:32:30,0,2025-12-12,6642.16015625,0.0873015873015873,2512,0.045,in,6689.026206958043,-0.03553769635155944,0.18948635361863492,0.0031345703197186506,-0.059918670649787904
6350.0,402.92,2025-11-17 18:13:53,0,2025-12-10,6642.16015625,0.0873015873015873,2512,0.045,in,6689.026206958043,-0.03553769635155944,0.2708275460188219,0.006403358384986889,-0.05201349114267462
6425.0,425.37,2025-11-10 19:14:36,0,2025-12-03,6642.16015625,0.0873015873015873,2512,0.045,in,6689.026206958043,-0.03553769635155944,0.3750725672634592,0.012281537601981139,-0.04027167326599132
6450.0,396.01,2025-11-10 17:56:48,0,2025-12-03,6642.16015625,0.0873015873015873,2512,0.045,in,6689.026206958043,-0.03553769635155944,0.3555252986336896,0.011034766806780283,-0.036388173239593744
6450.0,278.81,2025-11-19 20:26:00,0,2025-12-12,6642.16015625,0.0873015873015873,2512,0.045,in,6689.026206958043,-0.03553769635155944,0.1881390438382078,0.003090153158570681,-0.036388173239593744
6470.0,255.5,2025-11-19 18:36:38,0,2025-12-12,6642.16015625,0.0873015873015873,2512,0.045,in,6689.026206958043,-0.03553769635155944,0.1740888031860165,0.002645841470969329,-0.03329219553446571
6500.0,242.81,2025-11-19 20:28:59,0,2025-12-12,6642.16015625,0.0873015873015873,2512,0.045,in,6689.026206958043,-0.03553769635155944,0.18591482628761122,0.0030175202299133268,-0.028666127145683427
6525.0,211.0,2025-11-19 14:12:43,0,2025-12-12,6642.16015625,0.0873015873015873,2512,0.045,in,6689.026206958043,-0.03553769635155944,0.16409335058894237,0.0023507373395441353,-0.0248273508385178
6550.0,202.67,2025-11-18 20:12:05,0,2025-12-11,6642.16015625,0.0873015873015873,2512,0.045,in,6689.026206958043,-0.03553769635155944,0.17487662728883943,0.0026698427181834623,-0.02100325440011429
6550.0,196.09,2025-11-19 18:23:01,0,2025-12-12,6642.16015625,0.0873015873015873,2512,0.045,in,6689.026206958043,-0.03553769635155944,0.16584009883682696,0.0024010501762245545,-0.02100325440011429
6560.0,189.82,2025-11-19 16:12:34,0,2025-12-12,6642.16015625,0.0873015873015873,2512,0.045,in,6689.026206958043,-0.03553769635155944,0.1658133683929444,0.0024002762263171202,-0.019477701091277187
6570.0,199.5,2025-11-19 14:56:12,0,2025-12-12,6642.16015625,0.0873015873015873,2512,0.045,in,6689.026206958043,-0.03553769635155944,0.1870136429358524,0.003053294675281932,-0.017954471550755736
6580.0,171.3,2025-11-19 17:54:36,0,2025-12-12,6642.16015625,0.0873015873015873,2512,0.045,in,6689.026206958043,-0.03553769635155944,0.15729030358697155,0.002159862187518241,-0.016433558710049066
6590.0,169.49,2025-11-19 16:12:06,0,2025-12-12,6642.16015625,0.0873015873015873,2512,0.045,in,6689.026206958043,-0.03553769635155944,0.1627835388194295,0.002313359409653522,-0.014914955532858957
6595.0,153.02,2025-11-19 19:30:21,0,2025-12-12,6642.16015625,0.0873015873015873,2512,0.045,in,6689.026206958043,-0.03553769635155944,0.1448410261672353,0.0018314932656583738,-0.014156517877996896
6600.0,149.5,2025-11-19 19:45:30,0,2025-12-12,6642.16015625,0.0873015873015873,2512,0.045,in,6689.026206958043,-0.03553769635155944,0.14407344556140902,0.0018121328164706285,-0.013398655014894966
6610.0,152.2,2025-11-19 17:56:02,0,2025-12-12,6642.16015625,0.0873015873015873,2512,0.045,in,6689.026206958043,-0.03553769635155944,0.15517278092472253,0.002102099296341518,-0.011884650183679929
6615.0,137.5,2025-11-19 19:41:08,0,2025-12-12,6642.16015625,0.0873015873015873,2512,0.045,in,6689.026206958043,-0.03553769635155944,0.13965667923714634,0.001702729115960468,-0.01112850648035585
6620.0,162.2,2025-11-19 20:38:24,0,2025-12-12,6642.16015625,0.0873015873015873,2512,0.045,in,6689.026206958043,-0.03553769635155944,0.17537730218399888,0.002685152216942176,-0.010372934098358025
6625.0,139.8,2025-11-19 17:23:57,0,2025-12-12,6642.16015625,0.0873015873015873,2512,0.045,in,6689.026206958043,-0.03553769635155944,0.14989520641835494,0.0019615420792001076,-0.009617932174988972
6630.0,131.44,2025-11-19 19:28:27,0,2025-12-12,6642.16015625,0.0873015873015873,2512,0.045,in,6689.026206958043,-0.03553769635155944,0.14260596032352219,0.0017754052310931256,-0.008863499849503747
6635.0,140.0,2025-11-19 20:59:17,0,2025-12-12,6642.16015625,0.0873015873015873,2512,0.045,in,6689.026206958043,-0.03553769635155944,0.15712222518153682,0.002155248651634708,-0.008109636263104065
6640.0,130.48,2025-11-19 18:48:26,0,2025-12-12,6642.16015625,0.0873015873015873,2512,0.045,in,6689.026206958043,-0.03553769635155944,0.1482773566100947,0.0019194279310797548,-0.007356340558932423
6645.0,130.9,2025-11-19 18:05:23,0,2025-12-12,6642.16015625,0.0873015873015873,2512,0.045,out,6689.026206958043,-0.03553769635155944,0.1521831304882839,0.00202187902585202,-0.006603611882066153
6650.0,130.59,2025-11-19 21:04:41,0,2025-12-12,6642.16015625,0.0873015873015873,2512,0.045,out,6689.026206958043,-0.03553769635155944,0.155097094336902,0.0021000491697559416,-0.005851449379512043
6660.0,123.7,2025-11-19 18:22:49,0,2025-12-12,6642.16015625,0.0873015873015873,2512,0.045,out,6689.026206958043,-0.03553769635155944,0.15276007049173118,0.002037238337325599,-0.004348819494977066
6665.0,110.29,2025-11-19 19:30:21,0,2025-12-12,6642.16015625,0.0873015873015873,2512,0.045,out,6689.026206958043,-0.03553769635155944,0.13879703333221183,0.0016818315958734469,-0.0035983504166028526
6670.0,115.7,2025-11-19 17:54:24,0,2025-12-12,6642.16015625,0.0873015873015873,2512,0.045,out,6689.026206958043,-0.03553769635155944,0.14884403000372623,0.0019341269678194578,-0.0028484441197425044
6675.0,108.8,2025-11-18 14:53:45,0,2025-12-11,6642.16015625,0.0873015873015873,2512,0.045,out,6689.026206958043,-0.03553769635155944,0.14311962033915435,0.0017882181189385754,-0.002099099760961637
6675.0,119.6,2025-11-19 16:05:02,0,2025-12-12,6642.16015625,0.0873015873015873,2512,0.045,out,6689.026206958043,-0.03553769635155944,0.15691372879443982,0.002149532548618453,-0.002099099760961637
6680.0,110.08,2025-11-19 18:06:26,0,2025-12-12,6642.16015625,0.0873015873015873,2512,0.045,out,6689.026206958043,-0.03553769635155944,0.14779963036583152,0.0019070796674527037,-0.001350316498720516
6685.0,104.3,2025-11-19 18:48:13,0,2025-12-12,6642.16015625,0.0873015873015873,2512,0.045,out,6689.026206958043,-0.03553769635155944,0.1434160297344304,0.0017956328050210896,-0.0006020934933683833
6690.0,141.68,2025-11-17 16:30:29,0,2025-12-10,6642.16015625,0.0873015873015873,2512,0.045,out,6689.026206958043,-0.03553769635155944,0.19415746286728586,0.003291018446489495,0.00014557009286218837
6690.0,102.8,2025-11-19 17:17:18,0,2025-12-12,6642.16015625,0.0873015873015873,2512,0.045,out,6689.026206958043,-0.03553769635155944,0.14445672060310868,0.0018217871857257987,0.00014557009286218837
6695.0,100.1,2025-11-19 17:17:18,0,2025-12-12,6642.16015625,0.0873015873015873,2512,0.045,out,6689.026206958043,-0.03553769635155944,0.14391836450639225,0.0018082337465408144,0.0008926750958610369
6700.0,91.96,2025-11-18 17:37:12,0,2025-12-11,6642.16015625,0.0873015873015873,2512,0.045,out,6689.026206958043,-0.03553769635155944,0.13635516342426607,0.0016231748929923916,0.0016392223496454624
6700.0,101.44,2025-11-19 21:04:41,0,2025-12-12,6642.16015625,0.0873015873015873,2512,0.045,out,6689.026206958043,-0.03553769635155944,0.14851439177329084,0.0019255696047753626,0.0016392223496454624
6705.0,96.65,2025-11-19 21:02:13,0,2025-12-12,6642.16015625,0.0873015873015873,2512,0.045,out,6689.026206958043,-0.03553769635155944,0.14520856729293616,0.0018408000648249114,0.0023852126863670342
6710.0,99.99,2025-11-19 20:33:28,0,2025-12-12,6642.16015625,0.0873015873015873,2512,0.045,out,6689.026206958043,-0.03553769635155944,0.15230649523447917,0.0020251583602913866,0.003130646936315492
6715.0,90.7,2025-11-19 16:50:47,0,2025-12-12,6642.16015625,0.0873015873015873,2512,0.045,out,6689.026206958043,-0.03553769635155944,0.14310663649422248,0.0017878936785363875,0.0038755259279260653
6720.0,79.93,2025-11-19 19:47:34,0,2025-12-12,6642.16015625,0.0873015873015873,2512,0.045,out,6689.026206958043,-0.03553769635155944,0.1318787603686117,0.0015183498555553874,0.0046198504877832235
6725.0,97.95,2025-11-19 20:38:23,0,2025-12-12,6642.16015625,0.0873015873015873,2512,0.045,out,6689.026206958043,-0.03553769635155944,0.1579090199309661,0.0021768876534217518,0.005363621440627952
6730.0,88.0,2025-11-18 14:42:43,0,2025-12-11,6642.16015625,0.0873015873015873,2512,0.045,out,6689.026206958043,-0.03553769635155944,0.14767806424802743,0.001903943787781664,0.006106839609361685
6730.0,76.51,2025-11-19 19:30:21,0,2025-12-12,6642.16015625,0.0873015873015873,2512,0.045,out,6689.026206958043,-0.03553769635155944,0.13270029362159932,0.0015373257714273445,0.006106839609361685
6735.0,78.57,2025-11-19 20:00:42,0,2025-12-12,6642.16015625,0.0873015873015873,2512,0.045,out,6689.026206958043,-0.03553769635155944,0.13798652176606302,0.0016622466831750634,0.006849505815052437
6740.0,89.9,2025-11-19 20:38:23,0,2025-12-12,6642.16015625,0.0873015873015873,2512,0.045,out,6689.026206958043,-0.03553769635155944,0.15538944093652943,0.0021079735071447524,0.007591620876940895
6745.0,81.95,2025-11-19 20:33:27,0,2025-12-12,6642.16015625,0.0873015873015873,2512,0.045,out,6689.026206958043,-0.03553769635155944,0.14754332588309382,0.001900471136024548,0.008333185612444314
6750.0,81.46,2025-11-19 20:36:57,0,2025-12-12,6642.16015625,0.0873015873015873,2512,0.045,out,6689.026206958043,-0.03553769635155944,0.14942645946270564,0.0019492931322472676,0.009074200837163666
6755.0,72.03,2025-11-19 20:11:47,0,2025-12-12,6642.16015625,0.0873015873015873,2512,0.045,out,6689.026206958043,-0.03553769635155944,0.13940814341819294,0.0016966740870189045,0.00981466736488727
6760.0,62.13,2025-11-19 19:47:34,0,2025-12-12,6642.16015625,0.0873015873015873,2512,0.045,out,6689.026206958043,-0.03553769635155944,0.12852863794260797,0.001442188241946048,0.010554586007597913
6765.0,69.5,2025-11-19 18:38:18,0,2025-12-12,6642.16015625,0.0873015873015873,2512,0.045,out,6689.026206958043,-0.03553769635155944,0.14086262002351618,0.0017322623406252737,0.011293957575476432
6770.0,74.31,2025-11-18 17:58:12,0,2025-12-11,6642.16015625,0.0873015873015873,2512,0.045,out,6689.026206958043,-0.03553769635155944,0.1497288315128622,0.001957190101970459,0.012032782876908796
6770.0,65.36,2025-11-19 20:11:47,0,2025-12-12,6642.16015625,0.0873015873015873,2512,0.045,out,6689.026206958043,-0.03553769635155944,0.13763536827569117,0.0016537971476526705,0.012032782876908796
6775.0,63.26,2025-11-19 20:11:47,0,2025-12-12,6642.16015625,0.0873015873015873,2512,0.045,out,6689.026206958043,-0.03553769635155944,0.13710622554116647,0.0016411054595523596,0.01277106271848965
6780.0,61.2,2025-11-19 18:22:49,0,2025-12-12,6642.16015625,0.0873015873015873,2512,0.045,out,6689.026206958043,-0.03553769635155944,0.1365788589656225,0.0016285050149195668,0.013508797905029353
6785.0,55.9,2025-11-19 19:58:39,0,2025-12-12,6642.16015625,0.0873015873015873,2512,0.045,out,6689.026206958043,-0.03553769635155944,0.13147902130026504,0.0015091592338319921,0.014245989239557715
6790.0,57.04,2025-11-19 20:11:47,0,2025-12-12,6642.16015625,0.0873015873015873,2512,0.045,out,6689.026206958043,-0.03553769635155944,0.1353047151350275,0.0015982621056784155,0.014982637523329892
6795.0,55.75,2025-11-19 18:22:49,0,2025-12-12,6642.16015625,0.0873015873015873,2512,0.045,out,6689.026206958043,-0.03553769635155944,0.13569920708792152,0.001607595419422196,0.015718743555832266
6800.0,58.32,2025-11-19 20:22:44,0,2025-12-12,6642.16015625,0.0873015873015873,2512,0.045,out,6689.026206958043,-0.03553769635155944,0.14152543952365662,0.0017486027806032226,0.016454308134786128
6805.0,50.6,2025-11-19 17:54:27,0,2025-12-12,6642.16015625,0.0873015873015873,2512,0.045,out,6689.026206958043,-0.03553769635155944,0.1326661945291019,0.0015365358006283216,0.017189332056154607
6810.0,53.32,2025-11-18 20:12:05,0,2025-12-11,6642.16015625,0.0873015873015873,2512,0.045,out,6689.026206958043,-0.03553769635155944,0.13872357929635634,0.0016800519522279138,0.01792381611414609
6810.0,46.52,2025-11-19 19:19:12,0,2025-12-12,6642.16015625,0.0873015873015873,2512,0.045,out,6689.026206958043,-0.03553769635155944,0.12881924572180137,0.0014487172916799382,0.01792381611414609
6820.0,48.64,2025-11-19 20:57:04,0,2025-12-12,6642.16015625,0.0873015873015873,2512,0.045,out,6689.026206958043,-0.03553769635155944,0.13609553648489686,0.0016169995679542128,0.019391167808095806
6825.0,46.6,2025-11-19 21:10:51,0,2025-12-12,6642.16015625,0.0873015873015873,2512,0.045,out,6689.026206958043,-0.03553769635155944,0.13511695422770298,0.0015938294009324046,0.020124037023748605
6830.0,48.73,2025-11-19 20:38:00,0,2025-12-12,6642.16015625,0.0873015873015873,2512,0.045,out,6689.026206958043,-0.03553769635155944,0.14033803587516927,0.0017193841860817718,0.02085636953542375
6835.0,38.42,2025-11-19 19:19:12,0,2025-12-12,6642.16015625,0.0873015873015873,2512,0.045,out,6689.026206958043,-0.03553769635155944,0.1265834011746648,0.0013988645395429159,0.021588166128638037
6840.0,45.8,2025-11-19 20:38:44,0,2025-12-12,6642.16015625,0.0873015873015873,2512,0.045,out,6689.026206958043,-0.03553769635155944,0.13995491395658327,0.001710009185290007,0.022319427587184346
6845.0,35.8,2025-11-19 18:07:40,0,2025-12-12,6642.16015625,0.0873015873015873,2512,0.045,out,6689.026206958043,-0.03553769635155944,0.12625354356055746,0.0013915835704569313,0.023050154693137346
6850.0,39.36,2025-11-19 20:55:16,0,2025-12-12,6642.16015625,0.0873015873015873,2512,0.045,out,6689.026206958043,-0.03553769635155944,0.1338529164815542,0.0015641479028317236,0.023780348226859156
6855.0,33.95,2025-11-19 17:51:33,0,2025-12-12,6642.16015625,0.0873015873015873,2512,0.045,out,6689.026206958043,-0.03553769635155944,0.1269811106683965,0.001407668469304565,0.02451000896700283
6870.0,35.44,2025-11-19 20:38:00,0,2025-12-12,6642.16015625,0.0873015873015873,2512,0.045,out,6689.026206958043,-0.03553769635155944,0.13498346993802823,0.0015906818152509228,0.026695802186983166
6875.0,31.95,2025-11-19 20:35:52,0,2025-12-12,6642.16015625,0.0873015873015873,2512,0.045,out,6689.026206958043,-0.03553769635155944,0.13089895873100618,0.0014958723124244306,0.027423339505360068
6880.0,30.39,2025-11-19 20:33:28,0,2025-12-12,6642.16015625,0.0873015873015873,2512,0.045,out,6689.026206958043,-0.03553769635155944,0.12997178298740977,0.0014747564135094424,0.02815034789797747
6885.0,28.2,2025-11-19 20:46:09,0,2025-12-12,6642.16015625,0.0873015873015873,2512,0.045,out,6689.026206958043,-0.03553769635155944,0.12783427744353376,0.0014266478363858253,0.02887682813334323
6890.0,22.6,2025-11-19 19:42:06,0,2025-12-12,6642.16015625,0.0873015873015873,2512,0.045,out,6689.026206958043,-0.03553769635155944,0.11909680314517587,0.0012382899501064168,0.02960278097829236
6895.0,25.9,2025-11-19 20:50:57,0,2025-12-12,6642.16015625,0.0873015873015873,2512,0.045,out,6689.026206958043,-0.03553769635155944,0.1270408949815696,0.0014089942775785723,0.030328207197990176
6900.0,25.1,2025-11-19 21:14:54,0,2025-12-12,6642.16015625,0.0873015873015873,2512,0.045,out,6689.026206958043,-0.03553769635155944,0.12721499870815212,0.0014128588480910047,0.031053107555938837
6905.0,23.4,2025-11-19 20:59:09,0,2025-12-12,6642.16015625,0.0873015873015873,2512,0.045,out,6689.026206958043,-0.03553769635155944,0.12560027233046392,0.0013772199405107436,0.03177748281398068
6910.0,24.0,2025-11-19 20:40:44,0,2025-12-12,6642.16015625,0.0873015873015873,2512,0.045,out,6689.026206958043,-0.03553769635155944,0.1284132599747122,0.0014396001484973271,0.03250133373230365
6915.0,23.7,2025-11-19 14:46:35,0,2025-12-12,6642.16015625,0.0873015873015873,2512,0.045,out,6689.026206958043,-0.03553769635155944,0.1294623215782501,0.0014632176174026402,0.03322466106944675
6920.0,18.7,2025-11-19 19:15:18,0,2025-12-12,6642.16015625,0.0873015873015873,2512,0.045,out,6689.026206958043,-0.03553769635155944,0.12079130717611422,0.0012737772919242715,0.0339474655823033
6925.0,18.26,2025-11-18 17:21:26,0,2025-12-11,6642.16015625,0.0873015873015873,2512,0.045,out,6689.026206958043,-0.03553769635155944,0.12138921360234844,0.001286418674356844,0.03466974802612739
6925.0,18.64,2025-11-19 18:19:59,0,2025-12-12,6642.16015625,0.0873015873015873,2512,0.045,out,6689.026206958043,-0.03553769635155944,0.12221549110001802,0.0013039911818492414,0.03466974802612739
6930.0,17.5,2025-11-19 17:43:14,0,2025-12-12,6642.16015625,0.0873015873015873,2512,0.045,out,6689.026206958043,-0.03553769635155944,0.12124731575349827,0.0012834129154897906,0.03539150915453695
6940.0,15.6,2025-11-19 17:42:58,0,2025-12-12,6642.16015625,0.0873015873015873,2512,0.045,out,6689.026206958043,-0.03553769635155944,0.11989639674807254,0.0012549730594038364,0.036833470471438194
6950.0,16.55,2025-11-19 20:36:57,0,2025-12-12,6642.16015625,0.0873015873015873,2512,0.045,out,6689.026206958043,-0.03553769635155944,0.12510351708242134,0.0013663475384945124,0.03827335552942581
6960.0,12.7,2025-11-19 18:45:52,0,2025-12-12,6642.16015625,0.0873015873015873,2512,0.045,out,6689.026206958043,-0.03553769635155944,0.11845508843157919,0.001224981648640204,0.039711170299053515
6970.0,11.6,2025-11-19 19:09:00,0,2025-12-12,6642.16015625,0.0873015873015873,2512,0.045,out,6689.026206958043,-0.03553769635155944,0.11826632414651388,0.001221080616654057,0.041146920725157736
6975.0,12.11,2025-11-19 20:57:15,0,2025-12-12,6642.16015625,0.0873015873015873,2512,0.045,out,6689.026206958043,-0.03553769635155944,0.12106282294916855,0.0012795101436876113,0.04186402366015443
6980.0,11.75,2025-11-19 20:35:43,0,2025-12-12,6642.16015625,0.0873015873015873,2512,0.045,out,6689.026206958043,-0.03553769635155944,0.12144300964048556,0.0012875591309200773,0.042580612727006306
6990.0,9.3,2025-11-19 17:42:10,0,2025-12-12,6642.16015625,0.0873015873015873,2512,0.045,out,6689.026206958043,-0.03553769635155944,0.11684617051403268,0.0011919309777915746,0.04401225219844407
7000.0,9.3,2025-11-19 20:58:02,0,2025-12-12,6642.16015625,0.0873015873015873,2512,0.045,out,6689.026206958043,-0.03553769635155944,0.1194707784844955,0.0012460788573698833,0.04544184500803847
7010.0,8.3,2025-11-19 20:59:40,0,2025-12-12,6642.16015625,0.0873015873015873,2512,0.045,out,6689.026206958043,-0.03553769635155944,0.11873738327802745,0.00123082720686385,0.046869396999223864
7020.0,8.27,2025-11-19 20:37:39,0,2025-12-12,6642.16015625,0.0873015873015873,2512,0.045,out,6689.026206958043,-0.03553769635155944,0.1211804315880775,0.0012819973571317463,0.048294913990444874
7025.0,6.91,2025-11-18 17:21:26,0,2025-12-11,6642.16015625,0.0873015873015873,2512,0.045,out,6689.026206958043,-0.03553769635155944,0.11745886735631939,0.0012044638152930455,0.04900691117253468
7030.0,7.47,2025-11-19 20:37:39,0,2025-12-12,6642.16015625,0.0873015873015873,2512,0.045,out,6689.026206958043,-0.03553769635155944,0.12081268741762732,0.0012742282527917665,0.04971840177529864
7050.0,5.4,2025-11-18 20:29:15,0,2025-12-11,6642.16015625,0.0873015873015873,2512,0.045,out,6689.026206958043,-0.03553769635155944,0.11719441122286964,0.0011990462717509983,0.05255931277690235
7050.0,5.85,2025-11-19 20:28:24,0,2025-12-12,6642.16015625,0.0873015873015873,2512,0.045,out,6689.026206958043,-0.03553769635155944,0.11918574615262988,0.0012401401821075428,0.05255931277690235
7060.0,4.85,2025-11-19 18:21:53,0,2025-12-12,6642.16015625,0.0873015873015873,2512,0.045,out,6689.026206958043,-0.03553769635155944,0.1169413267104258,0.0011938731176249207,0.05397674745787576
7075.0,4.43,2025-11-18 16:32:03,0,2025-12-11,6642.16015625,0.0873015873015873,2512,0.045,out,6689.026206958043,-0.03553769635155944,0.11824557742372688,0.0012206522411347337,0.05609913948202645
7075.0,4.35,2025-11-19 20:33:27,0,2025-12-12,6642.16015625,0.0873015873015873,2512,0.045,out,6689.026206958043,-0.03553769635155944,0.11782651753044537,0.0012120156394196497,0.05609913948202645
7080.0,4.12,2025-11-19 18:38:16,0,2025-12-12,6642.16015625,0.0873015873015873,2512,0.045,out,6689.026206958043,-0.03553769635155944,0.1177126346346755,0.0012096738720555767,0.05680560365835362
7090.0,3.44,2025-11-19 17:44:51,0,2025-12-12,6642.16015625,0.0873015873015873,2512,0.045,out,6689.026206958043,-0.03553769635155944,0.11597585667511072,0.001174241211482413,0.05821703649676134
7100.0,3.6,2025-11-18 19:53:36,0,2025-12-11,6642.16015625,0.0873015873015873,2512,0.045,out,6689.026206958043,-0.03553769635155944,0.11912016181037566,0.0012387757337065943,0.05962647999999492
7100.0,3.15,2025-11-19 20:49:21,0,2025-12-12,6642.16015625,0.0873015873015873,2512,0.045,out,6689.026206958043,-0.03553769635155944,0.11628626010828794,0.0011805352157912411,0.05962647999999492
7125.0,2.45,2025-11-19 19:09:29,0,2025-12-12,6642.16015625,0.0873015873015873,2512,0.045,out,6689.026206958043,-0.03553769635155944,0.1164935044541274,0.001184746844286046,0.06314142210743946
7150.0,2.22,2025-11-18 19:53:36,0,2025-12-11,6642.16015625,0.0873015873015873,2512,0.045,out,6689.026206958043,-0.03553769635155944,0.1196565193212719,0.0012499564188642941,0.06664405265864139
7150.0,1.8,2025-11-19 17:41:49,0,2025-12-12,6642.16015625,0.0873015873015873,2512,0.045,out,6689.026206958043,-0.03553769635155944,0.11578888464902229,0.0011704581261183372,0.06664405265864139
5475.0,1312.25,2025-11-04 14:38:27,0,2025-11-28,6642.16015625,0.09126984126984126,2511,0.045,in,6730.533831800775,-0.09981482850581196,0.7060729769756562,0.045501579852186926,-0.2064621860268506
5760.0,1031.51,2025-11-04 14:38:27,0,2025-11-28,6642.16015625,0.09126984126984126,2511,0.045,in,6730.533831800775,-0.09981482850581196,0.5880092904148496,0.031556997179071525,-0.15571698702161518
6000.0,676.52,2025-11-18 14:41:58,0,2025-12-12,6642.16015625,0.09126984126984126,2512,0.045,in,6689.026206958043,-0.032036057379752514,0.21927476705645263,0.004388383887921492,-0.10870883481921988
6175.0,530.6,2025-11-18 18:11:25,0,2025-12-12,6642.16015625,0.09126984126984126,2512,0.045,in,6689.026206958043,-0.032036057379752514,0.24876639088414504,0.005648208318932676,-0.07995942153323399
6400.0,332.56,2025-11-18 18:11:25,0,2025-12-12,6642.16015625,0.09126984126984126,2512,0.045,in,6689.026206958043,-0.032036057379752514,0.2100992539395169,0.004028805633478797,-0.044170313681648705
6425.0,295.57,2025-11-18 14:47:12,0,2025-12-12,6642.16015625,0.09126984126984126,2512,0.045,in,6689.026206958043,-0.032036057379752514,0.18046888293533087,0.0029725690765170696,-0.04027167326599132
6460.0,417.2,2025-11-11 18:01:18,0,2025-12-05,6642.16015625,0.09126984126984126,2512,0.045,in,6689.026206958043,-0.032036057379752514,0.38282884324899386,0.013376318389433896,-0.03483898625276441
6460.0,241.46,2025-11-18 17:31:28,0,2025-12-12,6642.16015625,0.09126984126984126,2512,0.045,in,6689.026206958043,-0.032036057379752514,0.13461826130011567,0.001653999025141758,-0.03483898625276441
6480.0,226.66,2025-11-18 17:31:28,0,2025-12-12,6642.16015625,0.09126984126984126,2512,0.045,in,6689.026206958043,-0.032036057379752514,0.13536693296331323,0.0016724474222919253,-0.03174779368309149
6520.0,208.24,2025-11-18 15:20:56,0,2025-12-12,6642.16015625,0.09126984126984126,2512,0.045,in,6689.026206958043,-0.032036057379752514,0.15074775252261796,0.0020740966368423446,-0.025593928108713308
6530.0,192.22,2025-11-18 15:48:20,0,2025-12-12,6642.16015625,0.09126984126984126,2512,0.045,in,6689.026206958043,-0.032036057379752514,0.13755907311545837,0.0017270534433207637,-0.024061360758935106
6575.0,248.82,2025-11-17 14:52:38,0,2025-12-11,6642.16015625,0.09126984126984126,2512,0.045,in,6689.026206958043,-0.032036057379752514,0.24943825565037442,0.005678758721364029,-0.017193725983446644
6575.0,196.31,2025-11-18 17:58:05,0,2025-12-12,6642.16015625,0.09126984126984126,2512,0.045,in,6689.026206958043,-0.032036057379752514,0.18169359709834415,0.003013051405596486,-0.017193725983446644
6605.0,171.7,2025-11-18 14:45:43,0,2025-12-12,6642.16015625,0.09126984126984126,2512,0.045,in,6689.026206958043,-0.032036057379752514,0.17223502993113066,0.0027075112194987374,-0.012641366072986196
6760.0,85.4,2025-11-17 19:25:21,0,2025-12-11,6642.16015625,0.09126984126984126,2512,0.045,out,6689.026206958043,-0.032036057379752514,0.15553541307830474,0.002207932891242438,0.010554586007597913
6815.0,48.05,2025-11-18 15:33:59,0,2025-12-12,6642.16015625,0.09126984126984126,2512,0.045,out,6689.026206958043,-0.032036057379752514,0.12973023497313388,0.001536065392548588,0.01865776110122113
6860.0,40.2,2025-11-18 19:51:22,0,2025-12-12,6642.16015625,0.09126984126984126,2512,0.045,out,6689.026206958043,-0.032036057379752514,0.1354945358241443,0.0016756019542801882,0.02523913769051907
6865.0,36.6,2025-11-18 20:30:08,0,2025-12-12,6642.16015625,0.09126984126984126,2512,0.045,out,6689.026206958043,-0.032036057379752514,0.13164027685095658,0.0015816299097465053,0.02596773517265947
6875.0,51.89,2025-11-17 15:36:05,0,2025-12-11,6642.16015625,0.09126984126984126,2512,0.045,out,6689.026206958043,-0.032036057379752514,0.15904092341516626,0.0023085807634016745,0.027423339505360068
7040.0,8.0,2025-11-18 14:51:58,0,2025-12-12,6642.16015625,0.09126984126984126,2512,0.045,out,6689.026206958043,-0.032036057379752514,0.12219341024233808,0.0013627709470357288,0.05113986612267612
7070.0,6.4,2025-11-18 14:51:27,0,2025-12-12,6642.16015625,0.09126984126984126,2512,0.045,out,6689.026206958043,-0.032036057379752514,0.1232249818261061,0.0013858774260278415,0.05539217586120663
5200.0,1604.22,2025-11-10 14:30:05,0,2025-12-05,6642.16015625,0.09523809523809523,2512,0.045,in,6689.026206958043,-0.02882622165559616,0.8491160802990791,0.06866648741166402,-0.25180967845989316
5300.0,1504.32,2025-11-10 14:30:05,0,2025-12-05,6642.16015625,0.09523809523809523,2512,0.045,in,6689.026206958043,-0.02882622165559616,0.8035661562365838,0.06149700642369884,-0.23276148348919867
5800.0,1055.0,2025-11-03 15:18:28,0,2025-11-28,6642.16015625,0.09523809523809523,2511,0.045,in,6730.533831800775,-0.09378087731806979,0.6670440284915229,0.04237597485201901,-0.14879654417704144
5875.0,993.42,2025-10-31 15:38:28,0,2025-11-25,6642.16015625,0.09523809523809523,2511,0.045,in,6730.533831800775,-0.09378087731806979,0.6530937063693697,0.04062203707612195,-0.13594840169919248
6000.0,839.68,2025-11-10 18:45:51,0,2025-12-05,6642.16015625,0.09523809523809523,2512,0.045,in,6689.026206958043,-0.02882622165559616,0.5482233013494915,0.028623694108812887,-0.10870883481921988
6340.0,480.2,2025-11-10 17:03:00,0,2025-12-05,6642.16015625,0.09523809523809523,2512,0.045,in,6689.026206958043,-0.02882622165559616,0.35876819397412874,0.012258534953091243,-0.053589535598140316
6350.0,470.45,2025-11-10 17:03:00,0,2025-12-05,6642.16015625,0.09523809523809523,2512,0.045,in,6689.026206958043,-0.02882622165559616,0.3542781345005285,0.011953618722397575,-0.05201349114267462
6430.0,457.65,2025-10-27 16:17:18,0,2025-11-21,6642.16015625,0.09523809523809523,2511,0.045,in,6730.533831800775,-0.09378087731806979,0.40355038463829607,0.015509801232544446,-0.04567992347988707
6510.0,232.96,2025-11-07 18:14:07,0,2025-12-02,6642.16015625,0.09523809523809523,2512,0.045,in,6689.026206958043,-0.02882622165559616,0.17146664262975905,0.002800077098544905,-0.027128847826797
6690.0,169.74,2025-11-14 17:39:02,0,2025-12-09,6642.16015625,0.09523809523809523,2512,0.045,out,6689.026206958043,-0.02882622165559616,0.21884937425621032,0.004561433201174744,0.00014557009286218837
7000.0,15.0,2025-11-20 01:16:28,0,2025-12-15,6642.16015625,0.09523809523809523,2512,0.045,out,6689.026206958043,-0.02882622165559616,0.129315532012796,0.0015926196971192824,0.04544184500803847
7025.0,11.5,2025-11-20 01:19:55,0,2025-12-15,6642.16015625,0.09523809523809523,2512,0.045,out,6689.026206958043,-0.02882622165559616,0.12659405381673336,0.001526290901119427,0.04900691117253468
7110.0,7.64,2025-11-17 15:27:16,0,2025-12-12,6642.16015625,0.09523809523809523,2512,0.045,out,6689.026206958043,-0.02882622165559616,0.1343867765413558,0.0017199814961120284,0.061033939767874676
6550.0,194.36,2025-11-19 17:42:45,0,2025-12-15,6642.16015625,0.0992063492063492,2512,0.045,in,6689.026206958043,-0.025873172789372317,0.1504305701606384,0.0022449758371879715,-0.02100325440011429
6600.0,159.93,2025-11-19 17:21:20,0,2025-12-15,6642.16015625,0.0992063492063492,2512,0.045,in,6689.026206958043,-0.025873172789372317,0.14552574036191412,0.002100966379750321,-0.013398655014894966
6625.0,144.86,2025-11-19 17:17:22,0,2025-12-15,6642.16015625,0.0992063492063492,2512,0.045,in,6689.026206958043,-0.025873172789372317,0.14439935491541792,0.002068568819443336,-0.009617932174988972
6650.0,138.98,2025-11-19 20:34:45,0,2025-12-15,6642.16015625,0.0992063492063492,2512,0.045,out,6689.026206958043,-0.025873172789372317,0.15338271086062388,0.0023339539673565227,-0.005851449379512043
6670.0,128.53,2025-11-19 16:01:57,0,2025-12-15,6642.16015625,0.0992063492063492,2512,0.045,out,6689.026206958043,-0.025873172789372317,0.15291118052141942,0.0023196259056006067,-0.0028484441197425044
6675.0,124.2,2025-11-19 20:30:25,0,2025-12-15,6642.16015625,0.0992063492063492,2512,0.045,out,6689.026206958043,-0.025873172789372317,0.1506431127053106,0.0022513241473754875,-0.002099099760961637
6680.0,113.63,2025-11-19 18:06:26,0,2025-12-15,6642.16015625,0.0992063492063492,2512,0.045,out,6689.026206958043,-0.025873172789372317,0.1408619945471193,0.0019684624511699077,-0.001350316498720516
6690.0,107.11,2025-11-19 14:33:15,0,2025-12-15,6642.16015625,0.0992063492063492,2512,0.045,out,6689.026206958043,-0.025873172789372317,0.13869639647853058,0.0019084018250128717,0.00014557009286218837
6700.0,102.16,2025-11-19 16:35:36,0,2025-12-15,6642.16015625,0.0992063492063492,2512,0.045,out,6689.026206958043,-0.025873172789372317,0.1382484439933347,0.0018960944708906941,0.0016392223496454624
6720.0,90.99,2025-11-19 17:18:44,0,2025-12-15,6642.16015625,0.0992063492063492,2512,0.045,out,6689.026206958043,-0.025873172789372317,0.1353159603373056,0.0018165088414689747,0.0046198504877832235
6730.0,84.16,2025-11-19 17:20:09,0,2025-12-15,6642.16015625,0.0992063492063492,2512,0.045,out,6689.026206958043,-0.025873172789372317,0.1320617195677216,0.0017301882713475739,0.006106839609361685
6740.0,82.15,2025-11-19 20:11:24,0,2025-12-15,6642.16015625,0.0992063492063492,2512,0.045,out,6689.026206958043,-0.025873172789372317,0.13451234086177302,0.0017949970083446243,0.007591620876940895
6750.0,82.78,2025-11-19 20:34:45,0,2025-12-15,6642.16015625,0.0992063492063492,2512,0.045,out,6689.026206958043,-0.025873172789372317,0.1400916143128978,0.00194699011912636,0.009074200837163666
6760.0,86.52,2025-11-19 15:01:35,0,2025-12-15,6642.16015625,0.0992063492063492,2512,0.045,out,6689.026206958043,-0.025873172789372317,0.14944114677693884,0.0022155413045641444,0.010554586007597913
6770.0,76.57,2025-11-19 20:39:17,0,2025-12-15,6642.16015625,0.0992063492063492,2512,0.045,out,6689.026206958043,-0.025873172789372317,0.14166289870732662,0.0019909104037859407,0.012032782876908796
6775.0,64.63,2025-11-19 17:23:03,0,2025-12-15,6642.16015625,0.0992063492063492,2512,0.045,out,6689.026206958043,-0.025873172789372317,0.12878552369610835,0.001645407848579453,0.01277106271848965
6780.0,63.26,2025-11-19 16:41:13,0,2025-12-15,6642.16015625,0.0992063492063492,2512,0.045,out,6689.026206958043,-0.025873172789372317,0.12921170783716143,0.0016563160160908694,0.013508797905029353
6790.0,67.5,2025-11-19 20:39:17,0,2025-12-15,6642.16015625,0.0992063492063492,2512,0.045,out,6689.026206958043,-0.025873172789372317,0.13898864102068467,0.0019164526123786455,0.014982637523329892
6800.0,57.75,2025-11-19 20:15:46,0,2025-12-15,6642.16015625,0.0992063492063492,2512,0.045,out,6689.026206958043,-0.025873172789372317,0.13050469587516053,0.001689630520383744,0.016454308134786128
6810.0,56.3,2025-11-19 20:55:11,0,2025-12-15,6642.16015625,0.0992063492063492,2512,0.045,out,6689.026206958043,-0.025873172789372317,0.1326729303946549,0.001746240720188982,0.01792381611414609
6820.0,53.22,2025-11-19 20:41:50,0,2025-12-15,6642.16015625,0.0992063492063492,2512,0.045,out,6689.026206958043,-0.025873172789372317,0.1325252817937915,0.0017423561819964132,0.019391167808095806
6825.0,49.7,2025-11-19 21:09:51,0,2025-12-15,6642.16015625,0.0992063492063492,2512,0.045,out,6689.026206958043,-0.025873172789372317,0.12965843006816521,0.0016677885404505245,0.020124037023748605
6830.0,52.4,2025-11-19 15:51:08,0,2025-12-15,6642.16015625,0.0992063492063492,2512,0.045,out,6689.026206958043,-0.025873172789372317,0.13532989174535467,0.0018168828968064894,0.02085636953542375
6840.0,42.1,2025-11-19 18:22:45,0,2025-12-15,6642.16015625,0.0992063492063492,2512,0.045,out,6689.026206958043,-0.025873172789372317,0.12460621153423262,0.0015403480112017784,0.022319427587184346
6850.0,39.4,2025-11-19 18:13:10,0,2025-12-15,6642.16015625,0.0992063492063492,2512,0.045,out,6689.026206958043,-0.025873172789372317,0.12430354953557833,0.0015328742487246006,0.023780348226859156
6860.0,38.95,2025-11-19 20:30:27,0,2025-12-15,6642.16015625,0.0992063492063492,2512,0.045,out,6689.026206958043,-0.025873172789372317,0.12721347750168335,0.001605483021634057,0.02523913769051907
6870.0,35.95,2025-11-19 20:30:27,0,2025-12-15,6642.16015625,0.0992063492063492,2512,0.045,out,6689.026206958043,-0.025873172789372317,0.12614730064368074,0.0015786846686197595,0.026695802186983166
6875.0,32.3,2025-11-19 18:13:10,0,2025-12-15,6642.16015625,0.0992063492063492,2512,0.045,out,6689.026206958043,-0.025873172789372317,0.12211491297614996,0.0014793702352353846,0.027423339505360068
6880.0,29.57,2025-11-19 20:10:26,0,2025-12-15,6642.16015625,0.0992063492063492,2512,0.045,out,6689.026206958043,-0.025873172789372317,0.11935523305480596,0.0014132610771395875,0.02815034789797747
6890.0,30.76,2025-11-19 14:37:43,0,2025-12-15,6642.16015625,0.0992063492063492,2512,0.045,out,6689.026206958043,-0.025873172789372317,0.12461912448683934,0.0015406672805422976,0.02960278097829236
6900.0,26.3,2025-11-19 16:43:04,0,2025-12-15,6642.16015625,0.0992063492063492,2512,0.045,out,6689.026206958043,-0.025873172789372317,0.12028844784912696,0.0014354474886857278,0.031053107555938837
6925.0,26.75,2025-11-19 15:19:41,0,2025-12-15,6642.16015625,0.0992063492063492,2512,0.045,out,6689.026206958043,-0.025873172789372317,0.1289329605398011,0.0016491774120593163,0.03466974802612739
6940.0,36.07,2025-11-14 19:48:46,0,2025-12-10,6642.16015625,0.0992063492063492,2512,0.045,out,6689.026206958043,-0.025873172789372317,0.14975328814944644,0.0022248062809098346,0.036833470471438194
6950.0,18.0,2025-11-19 20:42:41,0,2025-12-15,6642.16015625,0.0992063492063492,2512,0.045,out,6689.026206958043,-0.025873172789372317,0.11943490248932082,0.0014151484060152353,0.03827335552942581
6975.0,12.4,2025-11-19 18:06:50,0,2025-12-15,6642.16015625,0.0992063492063492,2512,0.045,out,6689.026206958043,-0.025873172789372317,0.11333501882594094,0.0012742883424877367,0.04186402366015443
7050.0,6.6,2025-11-19 20:32:23,0,2025-12-15,6642.16015625,0.0992063492063492,2512,0.045,out,6689.026206958043,-0.025873172789372317,0.11390140973721923,0.0012870566607267756,0.05255931277690235
7100.0,3.9,2025-11-19 17:49:23,0,2025-12-15,6642.16015625,0.0992063492063492,2512,0.045,out,6689.026206958043,-0.025873172789372317,0.1126279722979613,0.0012584385063442794,0.05962647999999492
7125.0,3.48,2025-11-19 16:20:45,0,2025-12-15,6642.16015625,0.0992063492063492,2512,0.045,out,6689.026206958043,-0.025873172789372317,0.11532812851261129,0.0013195017089505342,0.06314142210743946
7150.0,2.25,2025-11-19 17:37:30,0,2025-12-15,6642.16015625,0.0992063492063492,2512,0.045,out,6689.026206958043,-0.025873172789372317,0.11176903625098009,0.0012393172087770733,0.06664405265864139
6000.0,764.32,2025-11-14 20:43:38,0,2025-12-11,6642.16015625,0.10317460317460317,2512,0.045,in,6689.026206958043,-0.023147281528242608,0.40319858506682144,0.0167730022777661,-0.10870883481921988
6025.0,658.19,2025-11-07 17:43:25,0,2025-12-04,6642.16015625,0.10317460317460317,2512,0.045,in,6689.026206958043,-0.023147281528242608,0.21403302475975997,0.004726442570964732,-0.10455082467055611
6400.0,330.64,2025-11-18 17:56:31,0,2025-12-15,6642.16015625,0.10317460317460317,2512,0.045,in,6689.026206958043,-0.023147281528242608,0.19096442130269856,0.003762510576548961,-0.044170313681648705
6460.0,262.18,2025-11-07 17:02:10,0,2025-12-04,6642.16015625,0.10317460317460317,2512,0.045,in,6689.026206958043,-0.023147281528242608,0.15455827803183989,0.0024646618810014106,-0.03483898625276441
6475.0,250.87,2025-11-07 17:01:31,0,2025-12-04,6642.16015625,0.10317460317460317,2512,0.045,in,6689.026206958043,-0.023147281528242608,0.15391609321839525,0.0024442232442141157,-0.03251969646167335
6500.0,231.84,2025-11-07 17:03:32,0,2025-12-04,6642.16015625,0.10317460317460317,2512,0.045,in,6689.026206958043,-0.023147281528242608,0.15195330218451583,0.002382281576048604,-0.028666127145683427
6500.0,251.08,2025-11-18 17:56:31,0,2025-12-15,6642.16015625,0.10317460317460317,2512,0.045,in,6689.026206958043,-0.023147281528242608,0.17788303325227073,0.0032646893313283323,-0.028666127145683427
6575.0,171.76,2025-11-18 14:59:56,0,2025-12-15,6642.16015625,0.10317460317460317,2512,0.045,in,6689.026206958043,-0.023147281528242608,0.13790443183999204,0.0019621366680511363,-0.017193725983446644
6650.0,134.1,2025-11-19 17:23:04,0,2025-12-16,6642.16015625,0.10317460317460317,2512,0.045,out,6689.026206958043,-0.023147281528242608,0.14392060344040336,0.00213707000976546,-0.005851449379512043
6690.0,109.5,2025-11-19 17:22:23,0,2025-12-16,6642.16015625,0.10317460317460317,2512,0.045,out,6689.026206958043,-0.023147281528242608,0.13815933357028165,0.0019693969752666396,0.00014557009286218837
6700.0,111.99,2025-11-19 15:58:02,0,2025-12-16,6642.16015625,0.10317460317460317,2512,0.045,out,6689.026206958043,-0.023147281528242608,0.14650203345406906,0.0022144205990500257,0.0016392223496454624
6720.0,94.59,2025-11-19 17:18:44,0,2025-12-16,6642.16015625,0.10317460317460317,2512,0.045,out,6689.026206958043,-0.023147281528242608,0.13635669785317994,0.0019183407749405101,0.0046198504877832235
6725.0,94.3,2025-11-18 14:49:28,0,2025-12-15,6642.16015625,0.10317460317460317,2512,0.045,out,6689.026206958043,-0.023147281528242608,0.1385235035596849,0.0019797928055543686,0.005363621440627952
6740.0,78.63,2025-11-19 19:46:14,0,2025-12-16,6642.16015625,0.10317460317460317,2512,0.045,out,6689.026206958043,-0.023147281528242608,0.1270904035677866,0.0016664731652960092,0.007591620876940895
6750.0,97.0,2025-11-19 15:14:32,0,2025-12-16,6642.16015625,0.10317460317460317,2512,0.045,out,6689.026206958043,-0.023147281528242608,0.1539339171763115,0.0024447893741600464,0.009074200837163666
6770.0,68.5,2025-11-19 17:42:09,0,2025-12-16,6642.16015625,0.10317460317460317,2512,0.045,out,6689.026206958043,-0.023147281528242608,0.12840835613859744,0.0017012156908001535,0.012032782876908796
6780.0,97.18,2025-11-20 02:16:17,0,2025-12-17,6642.16015625,0.10317460317460317,2512,0.045,out,6689.026206958043,-0.023147281528242608,0.168083576461937,0.0029148980380243306,0.013508797905029353
6800.0,63.76,2025-11-19 20:43:17,0,2025-12-16,6642.16015625,0.10317460317460317,2512,0.045,out,6689.026206958043,-0.023147281528242608,0.13520829628451012,0.0018861641586831613,0.016454308134786128
6820.0,55.82,2025-11-19 20:43:17,0,2025-12-16,6642.16015625,0.10317460317460317,2512,0.045,out,6689.026206958043,-0.023147281528242608,0.13293256758691935,0.0018232053795893765,0.019391167808095806
6850.0,40.5,2025-11-19 18:30:34,0,2025-12-16,6642.16015625,0.10317460317460317,2512,0.045,out,6689.026206958043,-0.023147281528242608,0.12304969759157557,0.0015621901984596552,0.023780348226859156
6860.0,42.25,2025-11-19 20:55:16,0,2025-12-16,6642.16015625,0.10317460317460317,2512,0.045,out,6689.026206958043,-0.023147281528242608,0.1291312917976767,0.0017204252125188686,0.02523913769051907
6900.0,29.45,2025-11-19 18:38:14,0,2025-12-16,6642.16015625,0.10317460317460317,2512,0.045,out,6689.026206958043,-0.023147281528242608,0.1228662400363579,0.0015575354621328167,0.031053107555938837
6910.0,25.65,2025-11-18 15:14:56,0,2025-12-15,6642.16015625,0.10317460317460317,2512,0.045,out,6689.026206958043,-0.023147281528242608,0.11953770770026956,0.0014742890976909213,0.03250133373230365
6910.0,30.25,2025-11-19 14:54:18,0,2025-12-16,6642.16015625,0.10317460317460317,2512,0.045,out,6689.026206958043,-0.023147281528242608,0.12736288907414178,0.001673626759309983,0.03250133373230365
6925.0,24.0,2025-11-19 18:38:14,0,2025-12-16,6642.16015625,0.10317460317460317,2512,0.045,out,6689.026206958043,-0.023147281528242608,0.12114740564678073,0.0015142620685261372,0.03466974802612739
6960.0,31.61,2025-11-13 21:01:51,0,2025-12-10,6642.16015625,0.10317460317460317,2512,0.045,out,6689.026206958043,-0.023147281528242608,0.145192478026338,0.0021750089188934314,0.039711170299053515
7000.0,12.2,2025-11-19 20:59:37,0,2025-12-16,6642.16015625,0.10317460317460317,2512,0.045,out,6689.026206958043,-0.023147281528242608,0.11666327546241562,0.0014042393487385162,0.04544184500803847
7025.0,10.6,2025-11-19 20:39:25,0,2025-12-16,6642.16015625,0.10317460317460317,2512,0.045,out,6689.026206958043,-0.023147281528242608,0.11849533723128473,0.0014486895578748145,0.04900691117253468
7050.0,7.0,2025-11-19 20:05:11,0,2025-12-16,6642.16015625,0.10317460317460317,2512,0.045,out,6689.026206958043,-0.023147281528242608,0.11287324871307107,0.0013144826474250507,0.05255931277690235
7075.0,6.3,2025-11-18 17:44:00,0,2025-12-15,6642.16015625,0.10317460317460317,2512,0.045,out,6689.026206958043,-0.023147281528242608,0.11577153967457482,0.0013828543030323926,0.05609913948202645
7075.0,6.07,2025-11-19 14:30:41,0,2025-12-16,6642.16015625,0.10317460317460317,2512,0.045,out,6689.026206958043,-0.023147281528242608,0.11485844239762301,0.001361127010080199,0.05609913948202645
7100.0,4.4,2025-11-19 20:05:11,0,2025-12-16,6642.16015625,0.10317460317460317,2512,0.045,out,6689.026206958043,-0.023147281528242608,0.11273796297274434,0.0013113335542711932,0.05962647999999492
5110.0,1757.4,2025-10-31 14:09:01,0,2025-11-28,6642.16015625,0.10714285714285714,2511,0.045,in,6730.533831800775,-0.07836077983828427,0.9624119261972628,0.09923964810929202,-0.27545505751380206
5100.0,1635.32,2025-11-14 15:37:48,0,2025-12-12,6642.16015625,0.10714285714285714,2512,0.045,in,6689.026206958043,-0.02062330813830769,0.6736076718329101,0.04861578166630217,-0.2712277643169948
5170.0,1706.23,2025-10-31 19:46:54,0,2025-11-28,6642.16015625,0.10714285714285714,2511,0.045,in,6730.533831800775,-0.07836077983828427,0.9504991607590146,0.09679807013609905,-0.2637817732090773
5775.0,1107.7,2025-10-31 19:32:24,0,2025-11-28,6642.16015625,0.10714285714285714,2511,0.045,in,6730.533831800775,-0.07836077983828427,0.6798251969963507,0.04951738912190646,-0.1531162053215579
5850.0,1004.39,2025-10-31 16:14:22,0,2025-11-28,6642.16015625,0.10714285714285714,2511,0.045,in,6730.533831800775,-0.07836077983828427,0.6021851355825448,0.038852886162489414,-0.1402128004856499
5860.0,1021.98,2025-10-31 15:27:20,0,2025-11-28,6642.16015625,0.10714285714285714,2511,0.045,in,6730.533831800775,-0.07836077983828427,0.6396837451851246,0.0438423529129358,-0.13850485814049382
5900.0,979.76,2025-10-31 19:49:57,0,2025-11-28,6642.16015625,0.10714285714285714,2511,0.045,in,6730.533831800775,-0.07836077983828427,0.6180163830768074,0.04092259818764348,-0.13170211081774133
5940.0,944.76,2025-10-31 14:42:42,0,2025-11-28,6642.16015625,0.10714285714285714,2511,0.045,in,6730.533831800775,-0.07836077983828427,0.6069750429686552,0.03947343244144295,-0.12494532835486157
5950.0,923.46,2025-10-31 13:43:03,0,2025-11-28,6642.16015625,0.10714285714285714,2511,0.045,in,6730.533831800775,-0.07836077983828427,0.5858534284100745,0.036774025669268386,-0.12326324217187663
6040.0,787.27,2025-10-24 19:03:21,0,2025-11-21,6642.16015625,0.10714285714285714,2511,0.045,in,6730.533831800775,-0.07836077983828427,0.47753097586074095,0.024432410668554807,-0.10825044978269154
6120.0,706.39,2025-10-24 15:48:11,0,2025-11-21,6642.16015625,0.10714285714285714,2511,0.045,in,6730.533831800775,-0.07836077983828427,0.4414294138535784,0.02087784936590505,-0.09509236520518033
6155.0,726.45,2025-10-31 14:32:35,0,2025-11-28,6642.16015625,0.10714285714285714,2511,0.045,in,6730.533831800775,-0.07836077983828427,0.5025839327716399,0.027063279587165173,-0.08938970209299822
6175.0,660.84,2025-11-13 15:01:20,0,2025-12-11,6642.16015625,0.10714285714285714,2512,0.045,in,6689.026206958043,-0.02062330813830769,0.43060342756698256,0.019866354839189315,-0.07995942153323399
6210.0,506.0,2025-11-07 18:28:04,0,2025-12-05,6642.16015625,0.10714285714285714,2512,0.045,in,6689.026206958043,-0.02062330813830769,0.2308627140682628,0.005710456365746193,-0.07430740810188743
6220.0,497.11,2025-11-07 18:28:04,0,2025-12-05,6642.16015625,0.10714285714285714,2512,0.045,in,6689.026206958043,-0.02062330813830769,0.22946495883320836,0.005641517928463501,-0.07269839729618678
6360.0,366.48,2025-11-07 15:08:01,0,2025-12-05,6642.16015625,0.10714285714285714,2512,0.045,in,6689.026206958043,-0.02062330813830769,0.19497762540222324,0.004073172257945324,-0.050439926695244025
6400.0,447.4,2025-11-13 15:33:02,0,2025-12-11,6642.16015625,0.10714285714285714,2512,0.045,in,6689.026206958043,-0.02062330813830769,0.34250249366452384,0.012568709803544699,-0.044170313681648705
6450.0,281.51,2025-11-18 20:35:36,0,2025-12-16,6642.16015625,0.10714285714285714,2512,0.045,in,6689.026206958043,-0.02062330813830769,0.16780913065671862,0.0030171326069746776,-0.036388173239593744
6500.0,332.1,2025-11-04 18:30:28,0,2025-12-02,6642.16015625,0.10714285714285714,2512,0.045,in,6689.026206958043,-0.02062330813830769,0.27496585553129976,0.008100666611577816,-0.028666127145683427
6650.0,135.24,2025-11-19 19:10:53,0,2025-12-17,6642.16015625,0.10714285714285714,2512,0.045,out,6689.026206958043,-0.02062330813830769,0.14183721507075167,0.0021554780977528568,-0.005851449379512043
6675.0,138.0,2025-11-18 19:40:30,0,2025-12-16,6642.16015625,0.10714285714285714,2512,0.045,out,6689.026206958043,-0.02062330813830769,0.15953511533106066,0.002726941395395874,-0.002099099760961637
6725.0,87.0,2025-11-18 15:15:51,0,2025-12-16,6642.16015625,0.10714285714285714,2512,0.045,out,6689.026206958043,-0.02062330813830769,0.1268266107389084,0.0017233916990912783,0.005363621440627952
6730.0,89.28,2025-11-19 17:42:05,0,2025-12-17,6642.16015625,0.10714285714285714,2512,0.045,out,6689.026206958043,-0.02062330813830769,0.13191942650235072,0.001864578759504548,0.006106839609361685
6740.0,90.5,2025-11-19 21:01:30,0,2025-12-17,6642.16015625,0.10714285714285714,2512,0.045,out,6689.026206958043,-0.02062330813830769,0.13813591330700623,0.002044449701267222,0.007591620876940895
6750.0,81.05,2025-11-19 18:29:14,0,2025-12-17,6642.16015625,0.10714285714285714,2512,0.045,out,6689.026206958043,-0.02062330813830769,0.1316449640046351,0.0018568282015480361,0.009074200837163666
6770.0,70.88,2025-11-19 17:42:05,0,2025-12-17,6642.16015625,0.10714285714285714,2512,0.045,out,6689.026206958043,-0.02062330813830769,0.12837668497320848,0.001765775704790401,0.012032782876908796
6775.0,79.53,2025-11-18 17:59:56,0,2025-12-16,6642.16015625,0.10714285714285714,2512,0.045,out,6689.026206958043,-0.02062330813830769,0.14101636703357814,0.0021306016897873737,0.01277106271848965
6775.0,70.7,2025-11-19 16:49:18,0,2025-12-17,6642.16015625,0.10714285714285714,2512,0.045,out,6689.026206958043,-0.02062330813830769,0.1303168814880809,0.0018195524572262704,0.01277106271848965
6790.0,61.5,2025-11-19 17:35:15,0,2025-12-17,6642.16015625,0.10714285714285714,2512,0.045,out,6689.026206958043,-0.02062330813830769,0.12528148033627015,0.0016816552837764904,0.014982637523329892
6800.0,62.41,2025-11-19 18:54:55,0,2025-12-17,6642.16015625,0.10714285714285714,2512,0.045,out,6689.026206958043,-0.02062330813830769,0.1304936016476375,0.0018244907218898895,0.016454308134786128
6810.0,63.01,2025-11-18 18:29:46,0,2025-12-16,6642.16015625,0.10714285714285714,2512,0.045,out,6689.026206958043,-0.02062330813830769,0.1352678350056464,0.001960434341476583,0.01792381611414609
6825.0,52.85,2025-11-19 18:54:55,0,2025-12-17,6642.16015625,0.10714285714285714,2512,0.045,out,6689.026206958043,-0.02062330813830769,0.12801129730435198,0.001755738454022485,0.020124037023748605
6830.0,94.4,2025-11-13 16:24:26,0,2025-12-11,6642.16015625,0.10714285714285714,2512,0.045,out,6689.026206958043,-0.02062330813830769,0.18248983764651186,0.0035681293761696702,0.02085636953542375
6840.0,53.43,2025-11-18 18:11:10,0,2025-12-16,6642.16015625,0.10714285714285714,2512,0.045,out,6689.026206958043,-0.02062330813830769,0.1344128529021175,0.001935730181280672,0.022319427587184346
6840.0,58.5,2025-11-19 15:11:49,0,2025-12-17,6642.16015625,0.10714285714285714,2512,0.045,out,6689.026206958043,-0.02062330813830769,0.1411098316041752,0.0021334269187884302,0.022319427587184346
6850.0,40.0,2025-11-19 19:45:10,0,2025-12-17,6642.16015625,0.10714285714285714,2512,0.045,out,6689.026206958043,-0.02062330813830769,0.11961341757235693,0.0015329324639291812,0.023780348226859156
6860.0,45.45,2025-11-19 14:46:03,0,2025-12-17,6642.16015625,0.10714285714285714,2512,0.045,out,6689.026206958043,-0.02062330813830769,0.13079431418972343,0.0018329092097528665,0.02523913769051907
6870.0,38.38,2025-11-18 16:44:55,0,2025-12-16,6642.16015625,0.10714285714285714,2512,0.045,out,6689.026206958043,-0.02062330813830769,0.12414997848232479,0.0016514161239816114,0.026695802186983166
6870.0,47.25,2025-11-19 15:19:58,0,2025-12-17,6642.16015625,0.10714285714285714,2512,0.045,out,6689.026206958043,-0.02062330813830769,0.13683206612068233,0.002006037248448726,0.026695802186983166
6875.0,35.9,2025-11-19 17:42:45,0,2025-12-17,6642.16015625,0.10714285714285714,2512,0.045,out,6689.026206958043,-0.02062330813830769,0.1221579639943761,0.0015988465893483521,0.027423339505360068
6880.0,41.73,2025-11-18 18:41:19,0,2025-12-16,6642.16015625,0.10714285714285714,2512,0.045,out,6689.026206958043,-0.02062330813830769,0.13242245663891128,0.0018788257523876077,0.02815034789797747
6890.0,64.94,2025-11-13 16:51:14,0,2025-12-11,6642.16015625,0.10714285714285714,2512,0.045,out,6689.026206958043,-0.02062330813830769,0.1681871487046911,0.0030307411060086294,0.02960278097829236
6890.0,37.36,2025-11-18 19:20:22,0,2025-12-16,6642.16015625,0.10714285714285714,2512,0.045,out,6689.026206958043,-0.02062330813830769,0.12931049264343128,0.0017915575186807388,0.02960278097829236
6900.0,32.8,2025-11-19 20:52:18,0,2025-12-17,6642.16015625,0.10714285714285714,2512,0.045,out,6689.026206958043,-0.02062330813830769,0.12553457906194634,0.0016884568435992916,0.031053107555938837
6910.0,34.18,2025-11-19 15:23:11,0,2025-12-17,6642.16015625,0.10714285714285714,2512,0.045,out,6689.026206958043,-0.02062330813830769,0.1308861847151823,0.0018354850017103736,0.03250133373230365
6925.0,22.98,2025-11-19 19:23:35,0,2025-12-17,6642.16015625,0.10714285714285714,2512,0.045,out,6689.026206958043,-0.02062330813830769,0.11669236831448933,0.0014589759453047606,0.03466974802612739
6950.0,20.92,2025-11-18 20:30:06,0,2025-12-16,6642.16015625,0.10714285714285714,2512,0.045,out,6689.026206958043,-0.02062330813830769,0.12001105742589187,0.001543141489765791,0.03827335552942581
6950.0,18.4,2025-11-19 17:35:42,0,2025-12-17,6642.16015625,0.10714285714285714,2512,0.045,out,6689.026206958043,-0.02062330813830769,0.11505656983859755,0.0014183586710382937,0.03827335552942581
6975.0,15.52,2025-11-19 17:25:48,0,2025-12-17,6642.16015625,0.10714285714285714,2512,0.045,out,6689.026206958043,-0.02062330813830769,0.11567616385774702,0.0014336758805190363,0.04186402366015443
7000.0,13.6,2025-11-19 20:59:37,0,2025-12-17,6642.16015625,0.10714285714285714,2512,0.045,out,6689.026206958043,-0.02062330813830769,0.11764276134557507,0.0014828377818227067,0.04544184500803847
7050.0,8.7,2025-11-19 20:23:45,0,2025-12-17,6642.16015625,0.10714285714285714,2512,0.045,out,6689.026206958043,-0.02062330813830769,0.1161601294132595,0.0014456973927112707,0.05255931277690235
7100.0,5.55,2025-11-19 20:23:45,0,2025-12-17,6642.16015625,0.10714285714285714,2512,0.045,out,6689.026206958043,-0.02062330813830769,0.11557890189515894,0.0014312659889240116,0.05962647999999492
7125.0,5.25,2025-11-19 15:50:47,0,2025-12-17,6642.16015625,0.10714285714285714,2512,0.045,out,6689.026206958043,-0.02062330813830769,0.11941085653124651,0.0015277449275920647,0.06314142210743946
7150.0,3.65,2025-11-19 16:39:03,0,2025-12-17,6642.16015625,0.10714285714285714,2512,0.045,out,6689.026206958043,-0.02062330813830769,0.1162738866166975,0.0014485303616734958,0.06664405265864139
5250.0,1617.08,2025-10-30 15:55:29,0,2025-11-28,6642.16015625,0.1111111111111111,2511,0.045,in,6730.533831800775,-0.07395503770120268,0.8784485621294147,0.0857413195896929,-0.24842638512588278
6070.0,680.0,2025-10-23 13:46:22,0,2025-11-21,6642.16015625,0.1111111111111111,2511,0.045,in,6730.533831800775,-0.07395503770120268,0.33510410260504603,0.012477195509192579,-0.10329585665800821
6170.0,712.73,2025-10-30 18:12:20,0,2025-11-28,6642.16015625,0.1111111111111111,2511,0.045,in,6730.533831800775,-0.07395503770120268,0.4873734590442886,0.02639254317564387,-0.08695562381211866
6225.0,641.7,2025-10-30 19:30:57,0,2025-11-28,6642.16015625,0.1111111111111111,2511,0.045,in,6730.533831800775,-0.07395503770120268,0.44094622602765865,0.021603730472003892,-0.07808101937864376
6200.0,633.08,2025-11-04 16:54:46,0,2025-12-03,6642.16015625,0.1111111111111111,2512,0.045,in,6689.026206958043,-0.018279618561939562,0.4070981312027653,0.01841432093653154,-0.07591901199622894
6225.0,608.77,2025-11-04 16:54:46,0,2025-12-03,6642.16015625,0.1111111111111111,2512,0.045,in,6689.026206958043,-0.018279618561939562,0.39707364658218924,0.017518608978897482,-0.07189486169650355
6225.0,606.43,2025-11-10 17:40:43,0,2025-12-09,6642.16015625,0.1111111111111111,2512,0.045,in,6689.026206958043,-0.018279618561939562,0.3939097792719967,0.01724054602290146,-0.07189486169650355
6285.0,582.59,2025-10-30 19:28:38,0,2025-11-28,6642.16015625,0.1111111111111111,2511,0.045,in,6730.533831800775,-0.07395503770120268,0.41451226817595827,0.019091157829819724,-0.06848861968720431
6250.0,612.1,2025-11-10 20:56:00,0,2025-12-09,6642.16015625,0.1111111111111111,2512,0.045,in,6689.026206958043,-0.018279618561939562,0.4234889443978652,0.019926987336357574,-0.06788684029896468
6300.0,562.87,2025-11-10 19:53:52,0,2025-12-09,6642.16015625,0.1111111111111111,2512,0.045,in,6689.026206958043,-0.018279618561939562,0.4015091429744941,0.017912176876901414,-0.059918670649787904
6325.0,462.61,2025-11-17 17:32:16,0,2025-12-16,6642.16015625,0.1111111111111111,2512,0.045,in,6689.026206958043,-0.018279618561939562,0.29155722015889296,0.009445068069642352,-0.05595826943369091
6350.0,509.69,2025-11-10 19:40:34,0,2025-12-09,6642.16015625,0.1111111111111111,2512,0.045,in,6689.026206958043,-0.018279618561939562,0.3742316656608765,0.015561037731479339,-0.05201349114267462
6425.0,374.47,2025-11-17 17:32:16,0,2025-12-16,6642.16015625,0.1111111111111111,2512,0.045,in,6689.026206958043,-0.018279618561939562,0.2638521223530042,0.0077353269411316325,-0.04027167326599132
6525.0,242.8,2025-11-18 19:47:32,0,2025-12-17,6642.16015625,0.1111111111111111,2512,0.045,in,6689.026206958043,-0.018279618561939562,0.1794670016164987,0.003578711629912927,-0.0248273508385178
6525.0,228.89,2025-11-19 14:39:32,0,2025-12-18,6642.16015625,0.1111111111111111,2512,0.045,in,6689.026206958043,-0.018279618561939562,0.16219908907770325,0.0029231716108485237,-0.0248273508385178
6600.0,170.75,2025-11-19 16:41:21,0,2025-12-18,6642.16015625,0.1111111111111111,2512,0.045,in,6689.026206958043,-0.018279618561939562,0.14776978194027093,0.002426212050519469,-0.013398655014894966
6600.0,226.3,2025-11-20 01:36:22,0,2025-12-19,6642.16015625,0.1111111111111111,2512,0.045,in,6689.026206958043,-0.018279618561939562,0.21223142397099917,0.005004686368973111,-0.013398655014894966
6615.0,210.75,2025-11-20 01:15:06,0,2025-12-19,6642.16015625,0.1111111111111111,2512,0.045,in,6689.026206958043,-0.018279618561939562,0.20369366328113106,0.004610123162320756,-0.01112850648035585
6630.0,159.53,2025-11-19 21:01:13,0,2025-12-18,6642.16015625,0.1111111111111111,2512,0.045,in,6689.026206958043,-0.018279618561939562,0.1541956345557138,0.002641810412893249,-0.008863499849503747
6650.0,144.34,2025-11-19 18:39:42,0,2025-12-18,6642.16015625,0.1111111111111111,2512,0.045,out,6689.026206958043,-0.018279618561939562,0.14893614909306124,0.0024646640562967295,-0.005851449379512043
6670.0,128.09,2025-11-18 16:40:26,0,2025-12-17,6642.16015625,0.1111111111111111,2512,0.045,out,6689.026206958043,-0.018279618561939562,0.14199445273553787,0.0022402694008516553,-0.0028484441197425044
6675.0,133.08,2025-11-19 20:23:36,0,2025-12-18,6642.16015625,0.1111111111111111,2512,0.045,out,6689.026206958043,-0.018279618561939562,0.15043073706134946,0.0025143785169800953,-0.002099099760961637
6715.0,141.37,2025-11-20 02:28:47,0,2025-12-19,6642.16015625,0.1111111111111111,2512,0.045,out,6689.026206958043,-0.018279618561939562,0.18094786330817758,0.0036380143595327688,0.0038755259279260653
6725.0,88.11,2025-11-18 15:05:06,0,2025-12-17,6642.16015625,0.1111111111111111,2512,0.045,out,6689.026206958043,-0.018279618561939562,0.12523776849744991,0.0017427220731356507,0.005363621440627952
6725.0,94.7,2025-11-19 19:52:27,0,2025-12-18,6642.16015625,0.1111111111111111,2512,0.045,out,6689.026206958043,-0.018279618561939562,0.13278361789621754,0.001959054353512078,0.005363621440627952
6730.0,106.51,2025-11-19 15:51:38,0,2025-12-18,6642.16015625,0.1111111111111111,2512,0.045,out,6689.026206958043,-0.018279618561939562,0.14870826929055533,0.0024571277061547023,0.006106839609361685
6750.0,121.6,2025-11-20 01:56:32,0,2025-12-19,6642.16015625,0.1111111111111111,2512,0.045,out,6689.026206958043,-0.018279618561939562,0.17553334668541112,0.0034235506442867477,0.009074200837163666
6760.0,100.5,2025-11-19 15:17:01,0,2025-12-18,6642.16015625,0.1111111111111111,2512,0.045,out,6689.026206958043,-0.018279618561939562,0.15585311154403272,0.0026989102642174115,0.010554586007597913
6800.0,97.42,2025-11-20 03:12:12,0,2025-12-19,6642.16015625,0.1111111111111111,2512,0.045,out,6689.026206958043,-0.018279618561939562,0.1698278914449951,0.0032046125236281156,0.016454308134786128
6810.0,54.04,2025-11-18 15:05:06,0,2025-12-17,6642.16015625,0.1111111111111111,2512,0.045,out,6689.026206958043,-0.018279618561939562,0.12110738512140723,0.0016296665256605386,0.01792381611414609
6825.0,62.74,2025-11-17 20:47:55,0,2025-12-16,6642.16015625,0.1111111111111111,2512,0.045,out,6689.026206958043,-0.018279618561939562,0.13783822071117507,0.002111041676535846,0.020124037023748605
6850.0,48.22,2025-11-19 16:06:13,0,2025-12-18,6642.16015625,0.1111111111111111,2512,0.045,out,6689.026206958043,-0.018279618561939562,0.1282580203563918,0.0018277910873045126,0.023780348226859156
6850.0,68.6,2025-11-20 01:19:00,0,2025-12-19,6642.16015625,0.1111111111111111,2512,0.045,out,6689.026206958043,-0.018279618561939562,0.1547529711240126,0.0026609424524121636,0.023780348226859156
6875.0,40.47,2025-11-19 16:06:13,0,2025-12-18,6642.16015625,0.1111111111111111,2512,0.045,out,6689.026206958043,-0.018279618561939562,0.12616144287698117,0.0017685232965335314,0.027423339505360068
6900.0,34.1,2025-11-19 20:59:37,0,2025-12-18,6642.16015625,0.1111111111111111,2512,0.045,out,6689.026206958043,-0.018279618561939562,0.12488302057030712,0.00173286320297375,0.031053107555938837
6925.0,27.6,2025-11-19 20:49:09,0,2025-12-18,6642.16015625,0.1111111111111111,2512,0.045,out,6689.026206958043,-0.018279618561939562,0.12216445043875274,0.0016582392167780527,0.03466974802612739
6950.0,22.9,2025-11-19 20:59:41,0,2025-12-18,6642.16015625,0.1111111111111111,2512,0.045,out,6689.026206958043,-0.018279618561939562,0.1211776330962872,0.0016315576403131552,0.03827335552942581
6975.0,20.8,2025-11-17 20:59:50,0,2025-12-16,6642.16015625,0.1111111111111111,2512,0.045,out,6689.026206958043,-0.018279618561939562,0.12410400545827678,0.001711311574531999,0.04186402366015443
6975.0,17.9,2025-11-19 21:01:54,0,2025-12-18,6642.16015625,0.1111111111111111,2512,0.045,out,6689.026206958043,-0.018279618561939562,0.11830613482831007,0.0015551490597793642,0.04186402366015443
7000.0,14.7,2025-11-19 20:59:50,0,2025-12-18,6642.16015625,0.1111111111111111,2512,0.045,out,6689.026206958043,-0.018279618561939562,0.11778203576357008,0.0015414008831789888,0.04544184500803847
7025.0,12.65,2025-11-19 20:53:01,0,2025-12-18,6642.16015625,0.1111111111111111,2512,0.045,out,6689.026206958043,-0.018279618561939562,0.11898347102248404,0.001573007375173144,0.04900691117253468
7050.0,9.8,2025-11-19 14:14:02,0,2025-12-18,6642.16015625,0.1111111111111111,2512,0.045,out,6689.026206958043,-0.018279618561939562,0.1171011689736801,0.0015236315305558199,0.05255931277690235
7060.0,14.0,2025-11-20 01:32:51,0,2025-12-19,6642.16015625,0.1111111111111111,2512,0.045,out,6689.026206958043,-0.018279618561939562,0.1307810564321468,0.0019004094135009293,0.05397674745787576
7075.0,6.83,2025-11-19 17:40:18,0,2025-12-18,6642.16015625,0.1111111111111111,2512,0.045,out,6689.026206958043,-0.018279618561939562,0.11298766689366131,0.0014184680966747743,0.05609913948202645
7080.0,11.7,2025-11-20 01:27:12,0,2025-12-19,6642.16015625,0.1111111111111111,2512,0.045,out,6689.026206958043,-0.018279618561939562,0.1293934743488129,0.001860296800450767,0.05680560365835362
7095.0,10.7,2025-11-20 05:26:19,0,2025-12-19,6642.16015625,0.1111111111111111,2512,0.045,out,6689.026206958043,-0.018279618561939562,0.1299365098303051,0.001875944065208997,0.05892200656473107
7100.0,6.5,2025-11-19 20:27:12,0,2025-12-18,6642.16015625,0.1111111111111111,2512,0.045,out,6689.026206958043,-0.018279618561939562,0.11702903390022489,0.0015217549750688871,0.05962647999999492
7125.0,5.25,2025-11-19 20:21:25,0,2025-12-18,6642.16015625,0.1111111111111111,2512,0.045,out,6689.026206958043,-0.018279618561939562,0.11700434465360701,0.001521112963091117,0.06314142210743946
7150.0,4.6,2025-11-17 19:31:38,0,2025-12-16,6642.16015625,0.1111111111111111,2512,0.045,out,6689.026206958043,-0.018279618561939562,0.11891230976950877,0.00157112637941329,0.06664405265864139
7150.0,4.25,2025-11-19 20:27:12,0,2025-12-18,6642.16015625,0.1111111111111111,2512,0.045,out,6689.026206958043,-0.018279618561939562,0.11715551788848114,0.0015250461524131359,0.06664405265864139
5100.0,1712.93,2025-11-05 15:06:49,0,2025-12-05,6642.16015625,0.11507936507936507,2512,0.045,in,6689.026206958043,-0.016097562749458887,0.825023744317133,0.0783304015155746,-0.2712277643169948
5500.0,1354.64,2025-11-03 15:20:37,0,2025-12-03,6642.16015625,0.11507936507936507,2512,0.045,in,6689.026206958043,-0.016097562749458887,0.7299267688765646,0.061313490276805035,-0.19572021180884966
5575.0,1132.75,2025-11-19 15:25:12,0,2025-12-19,6642.16015625,0.11507936507936507,2512,0.045,in,6689.026206958043,-0.016097562749458887,0.4046734377725275,0.01884546486476363,-0.18217598670109236
5600.0,1255.64,2025-11-03 15:20:37,0,2025-12-03,6642.16015625,0.11507936507936507,2512,0.045,in,6689.026206958043,-0.016097562749458887,0.6882684974040744,0.054514651631138916,-0.17770170630617133
5675.0,998.84,2025-11-19 20:51:35,0,2025-12-19,6642.16015625,0.11507936507936507,2512,0.045,in,6689.026206958043,-0.016097562749458887,0.21988781523178558,0.005564162251328684,-0.16439774067980853
5710.0,963.9,2025-11-19 20:58:53,0,2025-12-19,6642.16015625,0.11507936507936507,2512,0.045,in,6689.026206958043,-0.016097562749458887,0.21107175634243894,0.005126933743805458,-0.158249280379356
5800.0,1026.67,2025-11-10 15:06:27,0,2025-12-10,6642.16015625,0.11507936507936507,2512,0.045,in,6689.026206958043,-0.016097562749458887,0.5572659054381875,0.03573735472837876,-0.14261038649490115
5900.0,979.56,2025-11-12 15:01:57,0,2025-12-12,6642.16015625,0.11507936507936507,2512,0.045,in,6689.026206958043,-0.016097562749458887,0.5939477894652668,0.04059700524487949,-0.12551595313560113
5950.0,768.0,2025-11-19 15:06:55,0,2025-12-19,6642.16015625,0.11507936507936507,2512,0.045,in,6689.026206958043,-0.016097562749458887,0.30895031622158275,0.010984359678210568,-0.1170770844897365
6000.0,692.75,2025-11-18 19:02:08,0,2025-12-18,6642.16015625,0.11507936507936507,2512,0.045,in,6689.026206958043,-0.016097562749458887,0.23104949436548503,0.006143381732340645,-0.10870883481921988
6000.0,679.68,2025-11-19 20:10:44,0,2025-12-19,6642.16015625,0.11507936507936507,2512,0.045,in,6689.026206958043,-0.016097562749458887,0.18166899027115024,0.003798035868087457,-0.10870883481921988
6145.0,547.21,2025-11-19 18:05:25,0,2025-12-19,6642.16015625,0.11507936507936507,2512,0.045,in,6689.026206958043,-0.016097562749458887,0.18761014519229235,0.004050513614258402,-0.08482956102927668
6150.0,542.81,2025-11-19 18:53:18,0,2025-12-19,6642.16015625,0.11507936507936507,2512,0.045,in,6689.026206958043,-0.016097562749458887,0.18777719561979603,0.004057730081945314,-0.08401622222884833
6170.0,525.22,2025-11-19 19:01:05,0,2025-12-19,6642.16015625,0.11507936507936507,2512,0.045,in,6689.026206958043,-0.016097562749458887,0.18812543888695113,0.004072794610856474,-0.08076946612997843
6220.0,711.17,2025-10-29 17:50:43,0,2025-11-28,6642.16015625,0.11507936507936507,2511,0.045,in,6730.533831800775,-0.06985313984943707,0.5167268899147399,0.030726959063761237,-0.07888455497832697
6195.0,520.45,2025-11-19 15:53:02,0,2025-12-19,6642.16015625,0.11507936507936507,2512,0.045,in,6689.026206958043,-0.016097562749458887,0.2233598289545462,0.00574126501002984,-0.07672578896616904
6235.0,509.22,2025-10-22 20:01:20,0,2025-11-21,6642.16015625,0.11507936507936507,2511,0.045,in,6730.533831800775,-0.06985313984943707,0.25829383196589967,0.007677600814750889,-0.07647588259741533
6260.0,672.0,2025-10-29 17:50:43,0,2025-11-28,6642.16015625,0.11507936507936507,2511,0.045,in,6730.533831800775,-0.06985313984943707,0.4986594075641224,0.02861577356275335,-0.07247427661740792
6270.0,475.5,2025-10-22 16:55:51,0,2025-11-21,6642.16015625,0.11507936507936507,2511,0.045,in,6730.533831800775,-0.06985313984943707,0.24736778842007467,0.007041801030505262,-0.07087810708458578
6300.0,405.69,2025-11-19 18:00:02,0,2025-12-19,6642.16015625,0.11507936507936507,2512,0.045,in,6689.026206958043,-0.016097562749458887,0.17075936261844776,0.003355571578309117,-0.059918670649787904
6375.0,353.98,2025-11-19 17:00:52,0,2025-12-19,6642.16015625,0.11507936507936507,2512,0.045,in,6689.026206958043,-0.016097562749458887,0.18385920065660025,0.003890166525065221,-0.04808421300278499
6390.0,324.23,2025-11-19 17:35:21,0,2025-12-19,6642.16015625,0.11507936507936507,2512,0.045,in,6689.026206958043,-0.016097562749458887,0.15571262371358977,0.0027902627552751184,-0.04573403565783142
6400.0,334.01,2025-11-19 20:51:20,0,2025-12-19,6642.16015625,0.11507936507936507,2512,0.045,in,6689.026206958043,-0.016097562749458887,0.18201625989698114,0.003812570028332048,-0.044170313681648705
6425.0,308.22,2025-11-19 16:29:29,0,2025-12-19,6642.16015625,0.11507936507936507,2512,0.045,in,6689.026206958043,-0.016097562749458887,0.17149357533941173,0.003384489464675159,-0.04027167326599132
6430.0,321.33,2025-11-19 15:50:27,0,2025-12-19,6642.16015625,0.11507936507936507,2512,0.045,in,6689.026206958043,-0.016097562749458887,0.19435613615671118,0.004347043342028634,-0.039493765797746806
6435.0,294.13,2025-11-19 19:19:35,0,2025-12-19,6642.16015625,0.11507936507936507,2512,0.045,in,6689.026206958043,-0.016097562749458887,0.16194389964148698,0.003018051477387572,-0.03871646299918485
6440.0,325.6,2025-11-19 15:33:09,0,2025-12-19,6642.16015625,0.11507936507936507,2512,0.045,in,6689.026206958043,-0.016097562749458887,0.2089988536367685,0.005026726602472295,-0.0379397639310126
6450.0,262.08,2025-11-18 15:51:12,0,2025-12-18,6642.16015625,0.11507936507936507,2512,0.045,in,6689.026206958043,-0.016097562749458887,0.1314705086482917,0.001989088669376888,-0.036388173239593744
6450.0,292.11,2025-11-19 20:50:57,0,2025-12-19,6642.16015625,0.11507936507936507,2512,0.045,in,6689.026206958043,-0.016097562749458887,0.17408196614714735,0.0034874261793334926,-0.036388173239593744
6475.0,244.94,2025-11-18 15:51:39,0,2025-12-18,6642.16015625,0.11507936507936507,2512,0.045,in,6689.026206958043,-0.016097562749458887,0.1340044580584492,0.0020665025738357996,-0.03251969646167335
6495.0,263.98,2025-11-19 12:42:33,0,2025-12-19,6642.16015625,0.11507936507936507,2512,0.045,in,6689.026206958043,-0.016097562749458887,0.1775516614559285,0.003627830087647058,-0.029435653924711983
6500.0,259.67,2025-11-18 18:38:54,0,2025-12-18,6642.16015625,0.11507936507936507,2512,0.045,in,6689.026206958043,-0.016097562749458887,0.1762919630283558,0.0035765350421561267,-0.028666127145683427
6500.0,264.97,2025-11-19 20:20:37,0,2025-12-19,6642.16015625,0.11507936507936507,2512,0.045,in,6689.026206958043,-0.016097562749458887,0.18287855181417617,0.0038487792726026155,-0.028666127145683427
6505.0,243.25,2025-11-19 17:54:13,0,2025-12-19,6642.16015625,0.11507936507936507,2512,0.045,in,6689.026206958043,-0.016097562749458887,0.15984627419987366,0.002940373451951804,-0.027897192082806267
6510.0,267.8,2025-11-19 15:33:45,0,2025-12-19,6642.16015625,0.11507936507936507,2512,0.045,in,6689.026206958043,-0.016097562749458887,0.19422457499823553,0.00434116023993695,-0.027128847826797
6525.0,229.7,2025-11-19 19:09:32,0,2025-12-19,6642.16015625,0.11507936507936507,2512,0.045,in,6689.026206958043,-0.016097562749458887,0.15944183258664388,0.0029255128626152135,-0.0248273508385178
6535.0,211.89,2025-11-19 17:35:33,0,2025-12-19,6642.16015625,0.11507936507936507,2512,0.045,in,6689.026206958043,-0.016097562749458887,0.1455271739429368,0.0024371690171377603,-0.02329595697108954
6540.0,204.43,2025-11-19 19:47:37,0,2025-12-19,6642.16015625,0.11507936507936507,2512,0.045,in,6689.026206958043,-0.016097562749458887,0.14035984635587595,0.0022671655063583648,-0.02253113857816749
6545.0,221.03,2025-11-19 17:02:08,0,2025-12-19,6642.16015625,0.11507936507936507,2512,0.045,in,6689.026206958043,-0.016097562749458887,0.1644172951205212,0.0031109458774115405,-0.02176690468541158
6550.0,208.04,2025-11-18 17:00:04,0,2025-12-18,6642.16015625,0.11507936507936507,2512,0.045,in,6689.026206958043,-0.016097562749458887,0.15259554284238322,0.0026796690125614553,-0.02100325440011429
6550.0,200.8,2025-11-19 19:42:26,0,2025-12-19,6642.16015625,0.11507936507936507,2512,0.045,in,6689.026206958043,-0.016097562749458887,0.14384889235977275,0.0023812802030193296,-0.02100325440011429
6555.0,197.97,2025-11-19 17:35:33,0,2025-12-19,6642.16015625,0.11507936507936507,2512,0.045,in,6689.026206958043,-0.016097562749458887,0.14427893872000558,0.0023955394943927085,-0.020240186831611686
6565.0,209.2,2025-11-19 20:47:32,0,2025-12-19,6642.16015625,0.11507936507936507,2512,0.045,in,6689.026206958043,-0.016097562749458887,0.16497839784971693,0.0031322154006139884,-0.018715796292515362
6570.0,195.5,2025-11-19 18:31:43,0,2025-12-19,6642.16015625,0.11507936507936507,2512,0.045,in,6689.026206958043,-0.016097562749458887,0.15243616247140931,0.0026740743065130435,-0.017954471550755736
6575.0,334.78,2025-11-03 19:15:02,0,2025-12-03,6642.16015625,0.11507936507936507,2512,0.045,in,6689.026206958043,-0.016097562749458887,0.3155260517458209,0.011456920597535265,-0.017193725983446644
6575.0,198.74,2025-11-19 16:05:59,0,2025-12-19,6642.16015625,0.11507936507936507,2512,0.045,in,6689.026206958043,-0.016097562749458887,0.15977130808839474,0.0029376160942858162,-0.017193725983446644
6585.0,184.6,2025-11-19 18:48:35,0,2025-12-19,6642.16015625,0.11507936507936507,2512,0.045,in,6689.026206958043,-0.016097562749458887,0.1502421131471091,0.0025976511282712433,-0.015673968852030432
6590.0,184.4,2025-11-19 16:26:16,0,2025-12-19,6642.16015625,0.11507936507936507,2512,0.045,in,6689.026206958043,-0.016097562749458887,0.15342939381289208,0.002709034871777596,-0.014914955532858957
6595.0,190.9,2025-11-19 20:42:44,0,2025-12-19,6642.16015625,0.11507936507936507,2512,0.045,in,6689.026206958043,-0.016097562749458887,0.16425108658838994,0.003104659380629112,-0.014156517877996896
6605.0,167.8,2025-11-19 19:23:25,0,2025-12-19,6642.16015625,0.11507936507936507,2512,0.045,in,6689.026206958043,-0.016097562749458887,0.14434296391817075,0.002397666054554714,-0.012641366072986196
6610.0,171.0,2025-11-19 20:08:25,0,2025-12-19,6642.16015625,0.11507936507936507,2512,0.045,in,6689.026206958043,-0.016097562749458887,0.15125552807038548,0.002632812731681285,-0.011884650183679929
6620.0,168.25,2025-11-19 21:06:08,0,2025-12-19,6642.16015625,0.11507936507936507,2512,0.045,in,6689.026206958043,-0.016097562749458887,0.15446960112083186,0.0027458923509620556,-0.010372934098358025
6625.0,171.9,2025-11-19 20:36:41,0,2025-12-19,6642.16015625,0.11507936507936507,2512,0.045,in,6689.026206958043,-0.016097562749458887,0.16168678300886485,0.003008475627749669,-0.009617932174988972
6630.0,165.2,2025-11-19 20:31:00,0,2025-12-19,6642.16015625,0.11507936507936507,2512,0.045,in,6689.026206958043,-0.016097562749458887,0.15718150959014218,0.002843153895849376,-0.008863499849503747
6635.0,164.2,2025-11-19 20:18:44,0,2025-12-19,6642.16015625,0.11507936507936507,2512,0.045,in,6689.026206958043,-0.016097562749458887,0.1590706237829657,0.002911906496707748,-0.008109636263104065
6640.0,161.7,2025-11-19 20:36:04,0,2025-12-19,6642.16015625,0.11507936507936507,2512,0.045,in,6689.026206958043,-0.016097562749458887,0.15923844756300926,0.002918054017008096,-0.007356340558932423
6645.0,161.0,2025-11-19 20:37:44,0,2025-12-19,6642.16015625,0.11507936507936507,2512,0.045,out,6689.026206958043,-0.016097562749458887,0.16139037053500044,0.0029974551561163386,-0.006603611882066153
6650.0,148.4,2025-11-19 21:00:49,0,2025-12-19,6642.16015625,0.11507936507936507,2512,0.045,out,6689.026206958043,-0.016097562749458887,0.1501979284668847,0.0025961234672879324,-0.005851449379512043
6655.0,152.4,2025-11-19 20:28:25,0,2025-12-19,6642.16015625,0.11507936507936507,2512,0.045,out,6689.026206958043,-0.016097562749458887,0.1575438079767093,0.0028562757600089895,-0.00509985220019987
6660.0,258.06,2025-11-11 18:22:29,0,2025-12-11,6642.16015625,0.11507936507936507,2512,0.045,out,6689.026206958043,-0.016097562749458887,0.2782213235563266,0.008907960482387267,-0.004348819494977066
6660.0,145.0,2025-11-19 20:58:53,0,2025-12-19,6642.16015625,0.11507936507936507,2512,0.045,out,6689.026206958043,-0.016097562749458887,0.15212330578217345,0.002663109145638106,-0.004348819494977066
6665.0,142.0,2025-11-19 21:12:22,0,2025-12-19,6642.16015625,0.11507936507936507,2512,0.045,out,6689.026206958043,-0.016097562749458887,0.15158552901042194,0.0026443135141099787,-0.0035983504166028526
6670.0,137.58,2025-11-19 21:08:06,0,2025-12-19,6642.16015625,0.11507936507936507,2512,0.045,out,6689.026206958043,-0.016097562749458887,0.14943516415326874,0.002569822143967924,-0.0028484441197425044
6675.0,138.8,2025-11-19 20:43:18,0,2025-12-19,6642.16015625,0.11507936507936507,2512,0.045,out,6689.026206958043,-0.016097562749458887,0.15353212989805118,0.0027126640175394036,-0.002099099760961637
6680.0,137.38,2025-11-19 20:55:00,0,2025-12-19,6642.16015625,0.11507936507936507,2512,0.045,out,6689.026206958043,-0.016097562749458887,0.15465647040278907,0.002752540044785771,-0.001350316498720516
6685.0,128.5,2025-11-19 21:15:16,0,2025-12-19,6642.16015625,0.11507936507936507,2512,0.045,out,6689.026206958043,-0.016097562749458887,0.1474498916430641,0.002501994626273766,-0.0006020934933683833
6690.0,125.6,2025-11-19 20:16:25,0,2025-12-19,6642.16015625,0.11507936507936507,2512,0.045,out,6689.026206958043,-0.016097562749458887,0.1468636531400265,0.002482139070616613,0.00014557009286218837
6700.0,124.5,2025-11-18 19:53:03,0,2025-12-18,6642.16015625,0.11507936507936507,2512,0.045,out,6689.026206958043,-0.016097562749458887,0.15082444797662553,0.0026178270203022253,0.0016392223496454624
6700.0,119.1,2025-11-19 20:59:13,0,2025-12-19,6642.16015625,0.11507936507936507,2512,0.045,out,6689.026206958043,-0.016097562749458887,0.1448112257999041,0.002413247787351006,0.0016392223496454624
6705.0,114.0,2025-11-19 16:43:16,0,2025-12-19,6642.16015625,0.11507936507936507,2512,0.045,out,6689.026206958043,-0.016097562749458887,0.1416707805514056,0.0023097130626956,0.0023852126863670342
6710.0,109.1,2025-11-19 20:08:32,0,2025-12-19,6642.16015625,0.11507936507936507,2512,0.045,out,6689.026206958043,-0.016097562749458887,0.13871264853361276,0.0022142649485439596,0.003130646936315492
6720.0,113.38,2025-11-17 19:49:24,0,2025-12-17,6642.16015625,0.11507936507936507,2512,0.045,out,6689.026206958043,-0.016097562749458887,0.14842559251974582,0.002535216424326552,0.0046198504877832235
6720.0,105.0,2025-11-18 20:54:23,0,2025-12-18,6642.16015625,0.11507936507936507,2512,0.045,out,6689.026206958043,-0.016097562749458887,0.13904825412069535,0.002224992429549169,0.0046198504877832235
6720.0,112.8,2025-11-19 20:22:07,0,2025-12-19,6642.16015625,0.11507936507936507,2512,0.045,out,6689.026206958043,-0.016097562749458887,0.14777689047109704,0.0025131042514360785,0.0046198504877832235
6725.0,108.65,2025-11-19 21:12:59,0,2025-12-19,6642.16015625,0.11507936507936507,2512,0.045,out,6689.026206958043,-0.016097562749458887,0.14555582121346508,0.002438128633272461,0.005363621440627952
6730.0,105.12,2025-11-19 20:53:11,0,2025-12-19,6642.16015625,0.11507936507936507,2512,0.045,out,6689.026206958043,-0.016097562749458887,0.14398923264085428,0.002385928866581586,0.006106839609361685
6735.0,113.8,2025-11-19 15:06:03,0,2025-12-19,6642.16015625,0.11507936507936507,2512,0.045,out,6689.026206958043,-0.016097562749458887,0.1561123374393287,0.002804606329850611,0.006849505815052437
6740.0,100.2,2025-11-19 20:54:49,0,2025-12-19,6642.16015625,0.11507936507936507,2512,0.045,out,6689.026206958043,-0.016097562749458887,0.1431492382785527,0.0023581723340165305,0.007591620876940895
6745.0,97.9,2025-11-19 20:32:07,0,2025-12-19,6642.16015625,0.11507936507936507,2512,0.045,out,6689.026206958043,-0.016097562749458887,0.14285682248884177,0.0023485479373676387,0.008333185612444314
6750.0,86.33,2025-11-18 20:59:03,0,2025-12-18,6642.16015625,0.11507936507936507,2512,0.045,out,6689.026206958043,-0.016097562749458887,0.13198331641722616,0.0020046360260404746,0.009074200837163666
6755.0,84.6,2025-11-19 17:16:31,0,2025-12-19,6642.16015625,0.11507936507936507,2512,0.045,out,6689.026206958043,-0.016097562749458887,0.13223365242419546,0.0020122477228962103,0.00981466736488727
6760.0,95.5,2025-11-19 20:38:16,0,2025-12-19,6642.16015625,0.11507936507936507,2512,0.045,out,6689.026206958043,-0.016097562749458887,0.14690552219799657,0.0024835545282369674,0.010554586007597913
6765.0,88.8,2025-11-19 20:31:47,0,2025-12-19,6642.16015625,0.11507936507936507,2512,0.045,out,6689.026206958043,-0.016097562749458887,0.14144531746849617,0.002302367290393438,0.011293957575476432
6770.0,87.9,2025-11-19 20:28:37,0,2025-12-19,6642.16015625,0.11507936507936507,2512,0.045,out,6689.026206958043,-0.016097562749458887,0.14258554380792515,0.0023396368324882957,0.012032782876908796
6775.0,72.0,2025-11-18 16:12:11,0,2025-12-18,6642.16015625,0.11507936507936507,2512,0.045,out,6689.026206958043,-0.016097562749458887,0.12626076667555636,0.001834570058902695,0.01277106271848965
6775.0,78.75,2025-11-19 21:02:58,0,2025-12-19,6642.16015625,0.11507936507936507,2512,0.045,out,6689.026206958043,-0.016097562749458887,0.1341374060802566,0.0020706050301121035,0.01277106271848965
6780.0,72.99,2025-11-19 19:19:35,0,2025-12-19,6642.16015625,0.11507936507936507,2512,0.045,out,6689.026206958043,-0.016097562749458887,0.12950157290951678,0.0019299566039489198,0.013508797905029353
6785.0,80.8,2025-11-19 20:41:37,0,2025-12-19,6642.16015625,0.11507936507936507,2512,0.045,out,6689.026206958043,-0.016097562749458887,0.1407275203046835,0.0022790587863573335,0.014245989239557715
6790.0,78.7,2025-11-19 20:41:55,0,2025-12-19,6642.16015625,0.11507936507936507,2512,0.045,out,6689.026206958043,-0.016097562749458887,0.14034171784331617,0.0022665799017824446,0.014982637523329892
6795.0,67.75,2025-11-19 17:17:06,0,2025-12-19,6642.16015625,0.11507936507936507,2512,0.045,out,6689.026206958043,-0.016097562749458887,0.12940578683207102,0.0019271026678698202,0.015718743555832266
6800.0,72.6,2025-11-18 19:26:51,0,2025-12-18,6642.16015625,0.11507936507936507,2512,0.045,out,6689.026206958043,-0.016097562749458887,0.13719517831943878,0.0021660833002737126,0.016454308134786128
6805.0,59.6,2025-11-19 19:45:49,0,2025-12-19,6642.16015625,0.11507936507936507,2512,0.045,out,6689.026206958043,-0.016097562749458887,0.1234899635968305,0.0017549339768462265,0.017189332056154607
6810.0,59.98,2025-11-19 19:17:06,0,2025-12-19,6642.16015625,0.11507936507936507,2512,0.045,out,6689.026206958043,-0.016097562749458887,0.1258772193604956,0.0018234410962856328,0.01792381611414609
6815.0,69.7,2025-11-19 20:38:16,0,2025-12-19,6642.16015625,0.11507936507936507,2512,0.045,out,6689.026206958043,-0.016097562749458887,0.13964584570152916,0.0022441583509093784,0.01865776110122113
6820.0,63.21,2025-11-19 20:16:07,0,2025-12-19,6642.16015625,0.11507936507936507,2512,0.045,out,6689.026206958043,-0.016097562749458887,0.13366277131467624,0.002055977605674856,0.019391167808095806
6825.0,52.6,2025-11-18 15:40:20,0,2025-12-18,6642.16015625,0.11507936507936507,2512,0.045,out,6689.026206958043,-0.016097562749458887,0.12230884941164966,0.0017215245424112941,0.020124037023748605
6825.0,59.6,2025-11-19 20:50:19,0,2025-12-19,6642.16015625,0.11507936507936507,2512,0.045,out,6689.026206958043,-0.016097562749458887,0.1310897976056853,0.001977585381161454,0.020124037023748605
6830.0,67.2,2025-11-19 15:29:58,0,2025-12-19,6642.16015625,0.11507936507936507,2512,0.045,out,6689.026206958043,-0.016097562749458887,0.14236827778572483,0.0023325121788512937,0.02085636953542375
6835.0,53.0,2025-11-19 18:02:36,0,2025-12-19,6642.16015625,0.11507936507936507,2512,0.045,out,6689.026206958043,-0.016097562749458887,0.12646068177042002,0.0018403841943704122,0.021588166128638037
6840.0,55.8,2025-11-19 20:59:26,0,2025-12-19,6642.16015625,0.11507936507936507,2512,0.045,out,6689.026206958043,-0.016097562749458887,0.1318419353125306,0.0020003435765938555,0.022319427587184346
6845.0,54.13,2025-11-19 20:58:23,0,2025-12-19,6642.16015625,0.11507936507936507,2512,0.045,out,6689.026206958043,-0.016097562749458887,0.1315116300011344,0.00199033315849644,0.023050154693137346
6855.0,46.7,2025-11-19 18:22:54,0,2025-12-19,6642.16015625,0.11507936507936507,2512,0.045,out,6689.026206958043,-0.016097562749458887,0.1253243565263572,0.0018074588723159496,0.02451000896700283
6860.0,49.0,2025-11-19 20:58:00,0,2025-12-19,6642.16015625,0.11507936507936507,2512,0.045,out,6689.026206958043,-0.016097562749458887,0.1301067471020067,0.0019480365222321442,0.02523913769051907
6865.0,43.78,2025-11-19 20:03:59,0,2025-12-19,6642.16015625,0.11507936507936507,2512,0.045,out,6689.026206958043,-0.016097562749458887,0.1248046816259148,0.0017925001909390188,0.02596773517265947
6870.0,39.25,2025-11-19 19:24:16,0,2025-12-19,6642.16015625,0.11507936507936507,2512,0.045,out,6689.026206958043,-0.016097562749458887,0.1202130541973682,0.0016630324348584212,0.026695802186983166
6875.0,41.1,2025-11-19 19:06:00,0,2025-12-19,6642.16015625,0.11507936507936507,2512,0.045,out,6689.026206958043,-0.016097562749458887,0.12444423315361143,0.0017821613007560383,0.027423339505360068
6880.0,42.83,2025-11-19 20:42:42,0,2025-12-19,6642.16015625,0.11507936507936507,2512,0.045,out,6689.026206958043,-0.016097562749458887,0.12850076912114175,0.0019002419931627948,0.02815034789797747
6885.0,41.27,2025-11-19 20:42:42,0,2025-12-19,6642.16015625,0.11507936507936507,2512,0.045,out,6689.026206958043,-0.016097562749458887,0.12795961463647434,0.0018842707395219666,0.02887682813334323
6890.0,42.25,2025-11-19 20:38:16,0,2025-12-19,6642.16015625,0.11507936507936507,2512,0.045,out,6689.026206958043,-0.016097562749458887,0.13096842555732055,0.0019739251043489644,0.02960278097829236
6895.0,34.39,2025-11-19 20:09:54,0,2025-12-19,6642.16015625,0.11507936507936507,2512,0.045,out,6689.026206958043,-0.016097562749458887,0.12120692017853535,0.0016906444741103543,0.030328207197990176
6900.0,38.04,2025-11-19 20:52:45,0,2025-12-19,6642.16015625,0.11507936507936507,2512,0.045,out,6689.026206958043,-0.016097562749458887,0.1281508494882793,0.0018899070099700824,0.031053107555938837
6905.0,35.4,2025-11-19 21:00:28,0,2025-12-19,6642.16015625,0.11507936507936507,2512,0.045,out,6689.026206958043,-0.016097562749458887,0.12582496234361012,0.001821927433787128,0.03177748281398068
6910.0,35.9,2025-11-19 20:55:54,0,2025-12-19,6642.16015625,0.11507936507936507,2512,0.045,out,6689.026206958043,-0.016097562749458887,0.12812280923562064,0.0018890800521682136,0.03250133373230365
6915.0,35.15,2025-11-19 20:38:16,0,2025-12-19,6642.16015625,0.11507936507936507,2512,0.045,out,6689.026206958043,-0.016097562749458887,0.12853815758000844,0.001901347939158053,0.03322466106944675
6920.0,28.5,2025-11-19 17:42:55,0,2025-12-19,6642.16015625,0.11507936507936507,2512,0.045,out,6689.026206958043,-0.016097562749458887,0.11967787507451365,0.0016482580146356188,0.0339474655823033
6925.0,29.7,2025-11-19 21:01:38,0,2025-12-19,6642.16015625,0.11507936507936507,2512,0.045,out,6689.026206958043,-0.016097562749458887,0.12307999148921218,0.001743300971605364,0.03466974802612739
6930.0,28.3,2025-11-19 21:01:33,0,2025-12-19,6642.16015625,0.11507936507936507,2512,0.045,out,6689.026206958043,-0.016097562749458887,0.12228119884364179,0.0017207462544782126,0.03539150915453695
6935.0,31.2,2025-11-19 15:02:44,0,2025-12-19,6642.16015625,0.11507936507936507,2512,0.045,out,6689.026206958043,-0.016097562749458887,0.1284297400758955,0.0018981418489797631,0.03611274971952009
6940.0,23.69,2025-11-19 19:19:00,0,2025-12-19,6642.16015625,0.11507936507936507,2512,0.045,out,6689.026206958043,-0.016097562749458887,0.1173495073617684,0.001584747220093025,0.036833470471438194
6945.0,29.0,2025-11-19 15:02:27,0,2025-12-19,6642.16015625,0.11507936507936507,2512,0.045,out,6689.026206958043,-0.016097562749458887,0.1277805593150823,0.0018790010667753285,0.03755367215903225
6950.0,25.9,2025-11-19 20:56:59,0,2025-12-19,6642.16015625,0.11507936507936507,2512,0.045,out,6689.026206958043,-0.016097562749458887,0.12398973846758239,0.0017691674687004956,0.03827335552942581
6955.0,24.1,2025-11-19 21:00:28,0,2025-12-19,6642.16015625,0.11507936507936507,2512,0.045,out,6689.026206958043,-0.016097562749458887,0.12224711581813788,0.0017197871525783462,0.03899252132813137
6960.0,21.26,2025-11-19 18:59:11,0,2025-12-19,6642.16015625,0.11507936507936507,2512,0.045,out,6689.026206958043,-0.016097562749458887,0.11846307996164604,0.00161496642105548,0.039711170299053515
6965.0,21.7,2025-11-19 21:01:38,0,2025-12-19,6642.16015625,0.11507936507936507,2512,0.045,out,6689.026206958043,-0.016097562749458887,0.1206307025109348,0.001674608036746698,0.04042930318449414
6970.0,24.1,2025-11-19 15:31:03,0,2025-12-19,6642.16015625,0.11507936507936507,2512,0.045,out,6689.026206958043,-0.016097562749458887,0.12637841125676652,0.0018379904052450314,0.041146920725157736
6975.0,20.1,2025-11-19 20:35:30,0,2025-12-19,6642.16015625,0.11507936507936507,2512,0.045,out,6689.026206958043,-0.016097562749458887,0.12027013706374937,0.0016646121833756298,0.04186402366015443
6980.0,18.1,2025-11-19 20:13:57,0,2025-12-19,6642.16015625,0.11507936507936507,2512,0.045,out,6689.026206958043,-0.016097562749458887,0.11762435021691199,0.0015921791474387784,0.042580612727006306
6985.0,17.42,2025-11-19 16:46:29,0,2025-12-19,6642.16015625,0.11507936507936507,2512,0.045,out,6689.026206958043,-0.016097562749458887,0.11752088526841609,0.0015893793482297392,0.04329668866165023
6990.0,16.7,2025-11-19 20:13:57,0,2025-12-19,6642.16015625,0.11507936507936507,2512,0.045,out,6689.026206958043,-0.016097562749458887,0.1172898773872891,0.0015831370824929921,0.04401225219844407
6995.0,20.14,2025-11-19 15:17:47,0,2025-12-19,6642.16015625,0.11507936507936507,2512,0.045,out,6689.026206958043,-0.016097562749458887,0.12559572273830755,0.0018152947679943524,0.04472730407016957
7000.0,16.46,2025-11-19 21:10:28,0,2025-12-19,6642.16015625,0.11507936507936507,2512,0.045,out,6689.026206958043,-0.016097562749458887,0.11929903651055808,0.0016378394573733199,0.04544184500803847
7005.0,14.05,2025-11-19 19:06:41,0,2025-12-19,6642.16015625,0.11507936507936507,2512,0.045,out,6689.026206958043,-0.016097562749458887,0.11516708921367155,0.0015263503757958082,0.04615587574169537
7010.0,13.38,2025-11-19 19:58:40,0,2025-12-19,6642.16015625,0.11507936507936507,2512,0.045,out,6689.026206958043,-0.016097562749458887,0.11480881669789766,0.0015168685212522718,0.046869396999223864
7015.0,15.54,2025-11-19 20:53:21,0,2025-12-19,6642.16015625,0.11507936507936507,2512,0.045,out,6689.026206958043,-0.016097562749458887,0.12100585654750887,0.0016850400882741767,0.0475824095071495
7020.0,13.11,2025-11-19 19:19:21,0,2025-12-19,6642.16015625,0.11507936507936507,2512,0.045,out,6689.026206958043,-0.016097562749458887,0.11655789417778184,0.0015634386434905186,0.048294913990444874
7025.0,13.2,2025-11-19 21:00:00,0,2025-12-19,6642.16015625,0.11507936507936507,2512,0.045,out,6689.026206958043,-0.016097562749458887,0.11796795746299962,0.0016014949629038515,0.04900691117253468
7030.0,11.33,2025-11-19 19:58:40,0,2025-12-19,6642.16015625,0.11507936507936507,2512,0.045,out,6689.026206958043,-0.016097562749458887,0.11442488777282421,0.0015067404496542818,0.04971840177529864
7035.0,13.55,2025-11-19 16:00:31,0,2025-12-19,6642.16015625,0.11507936507936507,2512,0.045,out,6689.026206958043,-0.016097562749458887,0.12119749178464265,0.001690381462030822,0.05042938651907758
7040.0,10.7,2025-11-19 19:55:17,0,2025-12-19,6642.16015625,0.11507936507936507,2512,0.045,out,6689.026206958043,-0.016097562749458887,0.1150406451703426,0.0015230005999803625,0.05113986612267612
7045.0,13.1,2025-11-19 15:50:57,0,2025-12-19,6642.16015625,0.11507936507936507,2512,0.045,out,6689.026206958043,-0.016097562749458887,0.12245011860335903,0.0017255036302909685,0.05184984130336873
7050.0,9.6,2025-11-19 19:29:18,0,2025-12-19,6642.16015625,0.11507936507936507,2512,0.045,out,6689.026206958043,-0.016097562749458887,0.11420503395901634,0.0015009559669278657,0.05255931277690235
7055.0,9.89,2025-11-19 18:43:55,0,2025-12-19,6642.16015625,0.11507936507936507,2512,0.045,out,6689.026206958043,-0.016097562749458887,0.11615993477394664,0.0015527808847378513,0.05326828125750249
7065.0,9.2,2025-11-19 17:31:11,0,2025-12-19,6642.16015625,0.11507936507936507,2512,0.045,out,6689.026206958043,-0.016097562749458887,0.11634287258860672,0.0015576756192972004,0.05468471208921591
7070.0,8.65,2025-11-19 18:29:52,0,2025-12-19,6642.16015625,0.11507936507936507,2512,0.045,out,6689.026206958043,-0.016097562749458887,0.11574543718542554,0.0015417189708258469,0.05539217586120663
7075.0,8.3,2025-11-19 18:07:32,0,2025-12-19,6642.16015625,0.11507936507936507,2512,0.045,out,6689.026206958043,-0.016097562749458887,0.11571676195404082,0.0015409551623679217,0.05609913948202645
7085.0,7.65,2025-11-19 19:56:44,0,2025-12-19,6642.16015625,0.11507936507936507,2512,0.045,out,6689.026206958043,-0.016097562749458887,0.11570655702559336,0.0015406833842174195,0.05751156909536887
7090.0,8.1,2025-11-19 21:06:15,0,2025-12-19,6642.16015625,0.11507936507936507,2512,0.045,out,6689.026206958043,-0.016097562749458887,0.11827533441052544,0.0016098515363798694,0.05821703649676134
7100.0,7.0,2025-11-19 21:07:02,0,2025-12-19,6642.16015625,0.11507936507936507,2512,0.045,out,6689.026206958043,-0.016097562749458887,0.11657504764078576,0.0015638988501630658,0.05962647999999492
7105.0,6.35,2025-11-19 18:59:11,0,2025-12-19,6642.16015625,0.11507936507936507,2512,0.045,out,6689.026206958043,-0.016097562749458887,0.11518788523353056,0.0015269016596532428,0.06033045750178903
7110.0,6.7,2025-11-19 16:56:50,0,2025-12-19,6642.16015625,0.11507936507936507,2512,0.045,out,6689.026206958043,-0.016097562749458887,0.11753456296952337,0.0015897493304788443,0.061033939767874676
7115.0,6.3,2025-11-19 20:22:44,0,2025-12-19,6642.16015625,0.11507936507936507,2512,0.045,out,6689.026206958043,-0.016097562749458887,0.11702931722479848,0.0015761109984641782,0.061736927494540746
7120.0,6.0,2025-11-19 20:22:42,0,2025-12-19,6642.16015625,0.11507936507936507,2512,0.045,out,6689.026206958043,-0.016097562749458887,0.1168538576255865,0.0015713884810216047,0.06243942137660955
7125.0,5.8,2025-11-19 20:22:46,0,2025-12-19,6642.16015625,0.11507936507936507,2512,0.045,out,6689.026206958043,-0.016097562749458887,0.11704268407366564,0.0015764710593645602,0.06314142210743946
7130.0,5.4,2025-11-19 17:10:31,0,2025-12-19,6642.16015625,0.11507936507936507,2512,0.045,out,6689.026206958043,-0.016097562749458887,0.11635251935441122,0.0015579339446168273,0.0638429303789297
7140.0,4.8,2025-11-19 18:22:49,0,2025-12-19,6642.16015625,0.11507936507936507,2512,0.045,out,6689.026206958043,-0.016097562749458887,0.11562332532546502,0.001538467648492981,0.06524447230421813
7150.0,4.5,2025-11-19 20:46:53,0,2025-12-19,6642.16015625,0.11507936507936507,2512,0.045,out,6689.026206958043,-0.016097562749458887,0.1161152939637802,0.0015515876320498318,0.06664405265864139
5200.0,1485.0,2025-11-18 18:52:57,0,2025-12-19,6642.16015625,0.11904761904761904,2512,0.045,in,6689.026206958043,-0.014060977324476927,0.42280491929417785,0.02128142854516146,-0.25180967845989316
5300.0,1374.24,2025-11-18 19:02:53,0,2025-12-19,6642.16015625,0.11904761904761904,2512,0.045,in,6689.026206958043,-0.014060977324476927,0.31379977730739095,0.011722654790258111,-0.23276148348919867
5500.0,1339.82,2025-11-11 14:39:28,0,2025-12-12,6642.16015625,0.11904761904761904,2512,0.045,in,6689.026206958043,-0.014060977324476927,0.691698935579763,0.05695802589073538,-0.19572021180884966
5720.0,1050.45,2025-10-21 16:15:21,0,2025-11-21,6642.16015625,0.11904761904761904,2511,0.045,in,6730.533831800775,-0.06602470185445584,0.48375274779913513,0.027859133452763526,-0.1626856563377085
5725.0,1115.74,2025-11-11 14:42:08,0,2025-12-12,6642.16015625,0.11904761904761904,2512,0.045,in,6689.026206958043,-0.014060977324476927,0.5994914812216982,0.04278452810206972,-0.15562575460697153
5850.0,992.0,2025-11-11 14:44:32,0,2025-12-12,6642.16015625,0.11904761904761904,2512,0.045,in,6689.026206958043,-0.014060977324476927,0.5495813370842878,0.03595710072278019,-0.1340266428035098
5875.0,1007.73,2025-10-31 15:10:35,0,2025-12-01,6642.16015625,0.11904761904761904,2512,0.045,in,6689.026206958043,-0.014060977324476927,0.5982902308740586,0.04261323813801599,-0.1297622440170522
5900.0,980.46,2025-10-31 15:31:55,0,2025-12-01,6642.16015625,0.11904761904761904,2512,0.045,in,6689.026206958043,-0.014060977324476927,0.5842054338192,0.04063047486950948,-0.12551595313560113
5925.0,958.48,2025-10-31 15:10:35,0,2025-12-01,6642.16015625,0.11904761904761904,2512,0.045,in,6689.026206958043,-0.014060977324476927,0.5775694224359081,0.03971267115868434,-0.12128761702607994
6015.0,753.0,2025-10-21 13:41:14,0,2025-11-21,6642.16015625,0.11904761904761904,2511,0.045,in,6730.533831800775,-0.06602470185445584,0.37040683005075176,0.016333478541457915,-0.11239811230277283
6000.0,757.38,2025-11-14 15:43:06,0,2025-12-15,6642.16015625,0.11904761904761904,2512,0.045,in,6689.026206958043,-0.014060977324476927,0.35841249579379136,0.01529279965965887,-0.10870883481921988
6050.0,827.27,2025-11-11 19:57:30,0,2025-12-12,6642.16015625,0.11904761904761904,2512,0.045,in,6689.026206958043,-0.014060977324476927,0.5145790642282887,0.03152281111215015,-0.10041003200452477
6050.0,717.39,2025-11-14 20:52:19,0,2025-12-15,6642.16015625,0.11904761904761904,2512,0.045,in,6689.026206958043,-0.014060977324476927,0.3564592088068468,0.015126567564667048,-0.10041003200452477
6075.0,811.95,2025-10-31 19:46:33,0,2025-12-01,6642.16015625,0.11904761904761904,2512,0.045,in,6689.026206958043,-0.014060977324476927,0.5165448422365654,0.0317641159572855,-0.09628631482066276
6125.0,649.71,2025-10-21 19:40:27,0,2025-11-21,6642.16015625,0.11904761904761904,2511,0.045,in,6730.533831800775,-0.06602470185445584,0.33964063279756734,0.013732828505610948,-0.09427570529862439
6135.0,575.91,2025-11-18 18:01:09,0,2025-12-19,6642.16015625,0.11904761904761904,2512,0.045,in,6689.026206958043,-0.014060977324476927,0.2281715519571243,0.006197887752681271,-0.08645822588440004
6200.0,512.56,2025-11-18 19:02:53,0,2025-12-19,6642.16015625,0.11904761904761904,2512,0.045,in,6689.026206958043,-0.014060977324476927,0.21083480311292832,0.005291823119484196,-0.07591901199622894
6325.0,555.38,2025-11-11 18:16:35,0,2025-12-12,6642.16015625,0.11904761904761904,2512,0.045,in,6689.026206958043,-0.014060977324476927,0.3963652808546942,0.018703028079407213,-0.05595826943369091
6325.0,486.91,2025-11-14 20:02:43,0,2025-12-15,6642.16015625,0.11904761904761904,2512,0.045,in,6689.026206958043,-0.014060977324476927,0.31114089232220515,0.01152483986607834,-0.05595826943369091
6325.0,389.9,2025-11-18 16:29:03,0,2025-12-19,6642.16015625,0.11904761904761904,2512,0.045,in,6689.026206958043,-0.014060977324476927,0.17447357306111438,0.0036239318686561925,-0.05595826943369091
6330.0,488.29,2025-11-04 20:58:51,0,2025-12-05,6642.16015625,0.11904761904761904,2512,0.045,in,6689.026206958043,-0.014060977324476927,0.3171480938956519,0.011974156364481575,-0.05516806789119003
6350.0,462.4,2025-11-14 20:00:57,0,2025-12-15,6642.16015625,0.11904761904761904,2512,0.045,in,6689.026206958043,-0.014060977324476927,0.30119203096688824,0.01079959994261416,-0.05201349114267462
6350.0,333.81,2025-11-18 16:03:22,0,2025-12-19,6642.16015625,0.11904761904761904,2512,0.045,in,6689.026206958043,-0.014060977324476927,0.10171491281847542,0.001231657558294054,-0.05201349114267462
6370.0,517.5,2025-11-11 20:33:56,0,2025-12-12,6642.16015625,0.11904761904761904,2512,0.045,in,6689.026206958043,-0.014060977324476927,0.38421679627935984,0.017574112683711323,-0.04886883446320284
6375.0,439.88,2025-11-14 20:00:35,0,2025-12-15,6642.16015625,0.11904761904761904,2512,0.045,in,6689.026206958043,-0.014060977324476927,0.2936196294573749,0.010263391286034065,-0.04808421300278499
6380.0,337.77,2025-11-18 14:54:39,0,2025-12-19,6642.16015625,0.11904761904761904,2512,0.045,in,6689.026206958043,-0.014060977324476927,0.16066562962875913,0.0030730291123816198,-0.04730020669057633
6400.0,319.31,2025-11-07 17:11:38,0,2025-12-08,6642.16015625,0.11904761904761904,2512,0.045,in,6689.026206958043,-0.014060977324476927,0.15616849283254639,0.0029034045420939392,-0.044170313681648705
6405.0,345.23,2025-11-18 19:40:37,0,2025-12-19,6642.16015625,0.11904761904761904,2512,0.045,in,6689.026206958043,-0.014060977324476927,0.19826900848259893,0.0046798333005562956,-0.043389368698577326
6425.0,397.93,2025-11-14 20:02:27,0,2025-12-15,6642.16015625,0.11904761904761904,2512,0.045,in,6689.026206958043,-0.014060977324476927,0.2816623469566619,0.009444485439658928,-0.04027167326599132
6445.0,294.8,2025-11-18 20:44:42,0,2025-12-19,6642.16015625,0.11904761904761904,2512,0.045,in,6689.026206958043,-0.014060977324476927,0.16891533780841636,0.003396713255587073,-0.037163667656124146
6455.0,268.2,2025-11-18 16:18:03,0,2025-12-19,6642.16015625,0.11904761904761904,2512,0.045,in,6689.026206958043,-0.014060977324476927,0.14239335938830228,0.002413793904510263,-0.035613279748669055
6460.0,262.8,2025-11-18 15:52:38,0,2025-12-19,6642.16015625,0.11904761904761904,2512,0.045,in,6689.026206958043,-0.014060977324476927,0.14001528789849138,0.0023338429577735033,-0.03483898625276441
6480.0,280.8,2025-11-18 18:22:47,0,2025-12-19,6642.16015625,0.11904761904761904,2512,0.045,in,6689.026206958043,-0.014060977324476927,0.18207977735316555,0.0039467911096402785,-0.03174779368309149
6485.0,258.59,2025-11-18 20:56:36,0,2025-12-19,6642.16015625,0.11904761904761904,2512,0.045,in,6689.026206958043,-0.014060977324476927,0.15832893554103014,0.002984291884470914,-0.030976486278867617
6490.0,240.4,2025-11-18 16:15:37,0,2025-12-19,6642.16015625,0.11904761904761904,2512,0.045,in,6689.026206958043,-0.014060977324476927,0.1392163850667387,0.002307285937029817,-0.030205773331276206
6530.0,225.37,2025-11-18 20:56:36,0,2025-12-19,6642.16015625,0.11904761904761904,2512,0.045,in,6689.026206958043,-0.014060977324476927,0.1545401292470718,0.0028431728032978164,-0.024061360758935106
6560.0,205.4,2025-11-18 16:29:51,0,2025-12-19,6642.16015625,0.11904761904761904,2512,0.045,in,6689.026206958043,-0.014060977324476927,0.1534117826739132,0.0028018065551414255,-0.019477701091277187
6575.0,208.0,2025-11-07 15:09:57,0,2025-12-08,6642.16015625,0.11904761904761904,2512,0.045,in,6689.026206958043,-0.014060977324476927,0.16689332451088257,0.0033158787817017567,-0.017193725983446644
6580.0,191.7,2025-11-18 16:48:31,0,2025-12-19,6642.16015625,0.11904761904761904,2512,0.045,in,6689.026206958043,-0.014060977324476927,0.15163274661364773,0.002737201172095083,-0.016433558710049066
6695.0,129.6,2025-11-18 19:08:07,0,2025-12-19,6642.16015625,0.11904761904761904,2512,0.045,out,6689.026206958043,-0.014060977324476927,0.15072536430960842,0.002704539934079069,0.0008926750958610369
6710.0,161.43,2025-11-14 17:51:44,0,2025-12-15,6642.16015625,0.11904761904761904,2512,0.045,out,6689.026206958043,-0.014060977324476927,0.19312732807780003,0.004440257720294072,0.003130646936315492
5300.0,1566.84,2025-10-27 13:30:04,0,2025-11-28,6642.16015625,0.12301587301587301,2511,0.045,in,6730.533831800775,-0.06244325985915081,0.809127899334576,0.08053701064257576,-0.23894764117133893
5325.0,1431.87,2025-11-17 15:04:06,0,2025-12-19,6642.16015625,0.12301587301587301,2512,0.045,in,6689.026206958043,-0.012155784507558318,0.591173741504814,0.042992373698368336,-0.22805559245178608
5350.0,1407.14,2025-11-17 15:04:06,0,2025-12-19,6642.16015625,0.12301587301587301,2512,0.045,in,6689.026206958043,-0.012155784507558318,0.5826431887122495,0.04176057796006396,-0.22337174313935962
5375.0,1381.97,2025-11-17 14:44:53,0,2025-12-19,6642.16015625,0.12301587301587301,2512,0.045,in,6689.026206958043,-0.012155784507558318,0.5731753968362446,0.0404144091336904,-0.21870973003354838
5400.0,1437.86,2025-11-10 18:38:54,0,2025-12-12,6642.16015625,0.12301587301587301,2512,0.045,in,6689.026206958043,-0.012155784507558318,0.7171870276380138,0.0632741040118243,-0.2140693504770461
5450.0,1414.33,2025-10-27 13:42:35,0,2025-11-28,6642.16015625,0.12301587301587301,2511,0.045,in,6730.533831800775,-0.06244325985915081,0.7405497515639714,0.06746361893168751,-0.21103885305426245
5525.0,1237.65,2025-11-17 14:41:32,0,2025-12-19,6642.16015625,0.12301587301587301,2512,0.045,in,6689.026206958043,-0.012155784507558318,0.530520672975105,0.034623086182828194,-0.1911850566434583
5550.0,1201.57,2025-11-17 15:50:22,0,2025-12-19,6642.16015625,0.12301587301587301,2512,0.045,in,6689.026206958043,-0.012155784507558318,0.4990250203978568,0.030634147224109214,-0.18667037628893174
5650.0,1216.14,2025-10-27 13:42:35,0,2025-11-28,6642.16015625,0.12301587301587301,2511,0.045,in,6730.533831800775,-0.06244325985915081,0.6587180805268462,0.05337775713492917,-0.1749989165710656
5700.0,1178.0,2025-10-27 17:17:46,0,2025-11-28,6642.16015625,0.12301587301587301,2511,0.045,in,6730.533831800775,-0.06244325985915081,0.6554108258215929,0.052843110590192116,-0.16618828688891063
5700.0,1140.39,2025-11-10 18:35:21,0,2025-12-12,6642.16015625,0.12301587301587301,2512,0.045,in,6689.026206958043,-0.012155784507558318,0.5982339889150982,0.04402540107258477,-0.16000212920677037
5910.0,963.71,2025-10-27 13:55:44,0,2025-11-28,6642.16015625,0.12301587301587301,2511,0.045,in,6730.533831800775,-0.06244325985915081,0.5600315993921259,0.03858213159463801,-0.1300086303114083
5900.0,888.43,2025-11-17 10:19:06,0,2025-12-19,6642.16015625,0.12301587301587301,2512,0.045,in,6689.026206958043,-0.012155784507558318,0.43814717427133054,0.023615719587224214,-0.12551595313560113
6010.0,865.04,2025-10-27 13:55:10,0,2025-11-28,6642.16015625,0.12301587301587301,2511,0.045,in,6730.533831800775,-0.06244325985915081,0.5193569730803871,0.03318127630993603,-0.11322971318229892
6050.0,670.85,2025-11-17 19:15:26,0,2025-12-19,6642.16015625,0.12301587301587301,2512,0.045,in,6689.026206958043,-0.012155784507558318,0.2690889014846932,0.008907436285592886,-0.10041003200452477
6120.0,757.9,2025-10-27 13:55:34,0,2025-11-28,6642.16015625,0.12301587301587301,2511,0.045,in,6730.533831800775,-0.06244325985915081,0.4759702373098561,0.027868959011701677,-0.09509236520518033
6100.0,653.13,2025-11-17 16:11:38,0,2025-12-19,6642.16015625,0.12301587301587301,2512,0.045,in,6689.026206958043,-0.012155784507558318,0.30882213604386083,0.011732160567585236,-0.09217953286800928
6170.0,602.76,2025-10-20 14:50:22,0,2025-11-21,6642.16015625,0.12301587301587301,2511,0.045,in,6730.533831800775,-0.06244325985915081,0.31326605887064385,0.012072239416074272,-0.08695562381211866
6185.0,695.8,2025-10-27 14:29:14,0,2025-11-28,6642.16015625,0.12301587301587301,2511,0.045,in,6730.533831800775,-0.06244325985915081,0.4514672682688197,0.025073426681989773,-0.08452745588496383
6150.0,700.27,2025-11-10 18:19:01,0,2025-12-12,6642.16015625,0.12301587301587301,2512,0.045,in,6689.026206958043,-0.012155784507558318,0.42725776152176376,0.022456448564278725,-0.08401622222884833
6195.0,686.1,2025-10-27 14:29:14,0,2025-11-28,6642.16015625,0.12301587301587301,2511,0.045,in,6730.533831800775,-0.06244325985915081,0.447475925418526,0.024632046899619654,-0.08291194664830931
6200.0,655.05,2025-11-10 18:46:18,0,2025-12-12,6642.16015625,0.12301587301587301,2512,0.045,in,6689.026206958043,-0.012155784507558318,0.4123089451890072,0.02091253434432152,-0.07591901199622894
6210.0,553.28,2025-11-17 14:30:08,0,2025-12-19,6642.16015625,0.12301587301587301,2512,0.045,in,6689.026206958043,-0.012155784507558318,0.2846335143245945,0.009966283181666044,-0.07430740810188743
6235.0,484.88,2025-11-17 19:54:03,0,2025-12-19,6642.16015625,0.12301587301587301,2512,0.045,in,6689.026206958043,-0.012155784507558318,0.20780742557208975,0.005312308372261461,-0.07028972491527512
6240.0,553.98,2025-11-17 14:57:33,0,2025-12-19,6642.16015625,0.12301587301587301,2512,0.045,in,6689.026206958043,-0.012155784507558318,0.3160763387135112,0.01228980876480431,-0.06948812166593861
6250.0,604.17,2025-11-10 18:22:43,0,2025-12-12,6642.16015625,0.12301587301587301,2512,0.045,in,6689.026206958043,-0.012155784507558318,0.3898399905808467,0.01869536415054886,-0.06788684029896468
6345.0,430.07,2025-11-17 16:27:03,0,2025-12-19,6642.16015625,0.12301587301587301,2512,0.045,in,6689.026206958043,-0.012155784507558318,0.24979926540171218,0.007676150249413835,-0.0528012028809239
6355.0,421.29,2025-11-17 16:27:03,0,2025-12-19,6642.16015625,0.12301587301587301,2512,0.045,in,6689.026206958043,-0.012155784507558318,0.2474743203683738,0.007533927446410491,-0.051226399405857534
6375.0,417.8,2025-11-14 18:44:15,0,2025-12-16,6642.16015625,0.12301587301587301,2512,0.045,in,6689.026206958043,-0.012155784507558318,0.26054790335727834,0.008350958366111442,-0.04808421300278499
6385.0,355.86,2025-11-17 20:36:20,0,2025-12-19,6642.16015625,0.12301587301587301,2512,0.045,in,6689.026206958043,-0.012155784507558318,0.18867032356539226,0.004378933415961762,-0.046516814562772235
6395.0,339.14,2025-11-17 20:04:17,0,2025-12-19,6642.16015625,0.12301587301587301,2512,0.045,in,6689.026206958043,-0.012155784507558318,0.17565281232316574,0.0037955207332863324,-0.04495186901646886
6465.0,379.29,2025-11-17 08:04:05,0,2025-12-19,6642.16015625,0.12301587301587301,2512,0.045,in,6689.026206958043,-0.012155784507558318,0.2834348460422137,0.009882518533651486,-0.034065291823454094
6470.0,335.8,2025-11-17 15:36:48,0,2025-12-19,6642.16015625,0.12301587301587301,2512,0.045,in,6689.026206958043,-0.012155784507558318,0.23634908099029048,0.006871775915212704,-0.03329219553446571
6515.0,252.58,2025-11-17 19:55:25,0,2025-12-19,6642.16015625,0.12301587301587301,2512,0.045,in,6689.026206958043,-0.012155784507558318,0.1719158631758522,0.003635742001414477,-0.026361093470466442
6730.0,140.9,2025-11-14 21:03:45,0,2025-12-16,6642.16015625,0.12301587301587301,2512,0.045,out,6689.026206958043,-0.012155784507558318,0.17689603311056687,0.0038494381049122926,0.006106839609361685
6050.0,686.57,2025-10-22 20:01:20,0,2025-11-24,6642.16015625,0.12698412698412698,2511,0.045,in,6730.533831800775,-0.05908565798855235,0.2920525482947776,0.010831071868631545,-0.10659618968666494
6025.0,824.03,2025-11-05 18:15:03,0,2025-12-08,6642.16015625,0.12698412698412698,2512,0.045,in,6689.026206958043,-0.01036966624169712,0.4691448360746934,0.027948809805149327,-0.10455082467055611
6050.0,799.73,2025-11-05 18:15:03,0,2025-12-08,6642.16015625,0.12698412698412698,2512,0.045,in,6689.026206958043,-0.01036966624169712,0.45989490385402954,0.026857564773448514,-0.10041003200452477
6100.0,587.63,2025-11-07 17:06:25,0,2025-12-10,6642.16015625,0.12698412698412698,2512,0.045,in,6689.026206958043,-0.01036966624169712,0.16807916921641286,0.0035873786824735933,-0.09217953286800928
6125.0,804.78,2025-10-29 18:00:44,0,2025-12-01,6642.16015625,0.12698412698412698,2512,0.045,in,6689.026206958043,-0.01036966624169712,0.5303767996950468,0.03572057773393775,-0.08808954761648422
6150.0,780.31,2025-10-29 18:00:44,0,2025-12-01,6642.16015625,0.12698412698412698,2512,0.045,in,6689.026206958043,-0.01036966624169712,0.5198597164169412,0.03431798409563206,-0.08401622222884833
6200.0,598.33,2025-11-13 18:11:29,0,2025-12-16,6642.16015625,0.12698412698412698,2512,0.045,in,6689.026206958043,-0.01036966624169712,0.3313238446742455,0.013939744768218866,-0.07591901199622894
6375.0,399.52,2025-10-22 15:18:18,0,2025-11-24,6642.16015625,0.12698412698412698,2511,0.045,in,6730.533831800775,-0.05908565798855235,0.232564338719298,0.006868085288119919,-0.05427037068492529
6350.0,466.88,2025-11-14 16:39:16,0,2025-12-17,6642.16015625,0.12698412698412698,2512,0.045,in,6689.026206958043,-0.01036966624169712,0.2952657080728227,0.011070709633491474,-0.05201349114267462
6600.0,181.1,2025-11-19 17:56:01,0,2025-12-22,6642.16015625,0.12698412698412698,2512,0.045,in,6689.026206958043,-0.01036966624169712,0.14656915935790066,0.002727938853953229,-0.013398655014894966
6700.0,117.15,2025-11-19 17:25:42,0,2025-12-22,6642.16015625,0.12698412698412698,2512,0.045,out,6689.026206958043,-0.01036966624169712,0.13403408533726685,0.002281287115199712,0.0016392223496454624
6725.0,126.81,2025-11-19 15:18:13,0,2025-12-22,6642.16015625,0.12698412698412698,2512,0.045,out,6689.026206958043,-0.01036966624169712,0.15623914115311666,0.0030997675210493346,0.005363621440627952
6775.0,91.8,2025-11-19 15:52:35,0,2025-12-22,6642.16015625,0.12698412698412698,2512,0.045,out,6689.026206958043,-0.01036966624169712,0.1405750642736735,0.0025093776121330076,0.01277106271848965
6800.0,75.65,2025-11-19 20:25:51,0,2025-12-22,6642.16015625,0.12698412698412698,2512,0.045,out,6689.026206958043,-0.01036966624169712,0.13265452899854,0.002234568135088824,0.016454308134786128
6825.0,58.0,2025-11-19 19:52:39,0,2025-12-22,6642.16015625,0.12698412698412698,2512,0.045,out,6689.026206958043,-0.01036966624169712,0.12159547366962178,0.0018775186307224995,0.020124037023748605
6830.0,124.93,2025-11-13 14:31:00,0,2025-12-16,6642.16015625,0.12698412698412698,2512,0.045,out,6689.026206958043,-0.01036966624169712,0.19922907107795687,0.005040282255566424,0.02085636953542375
6850.0,59.5,2025-11-19 20:38:58,0,2025-12-22,6642.16015625,0.12698412698412698,2512,0.045,out,6689.026206958043,-0.01036966624169712,0.1321718642263916,0.002218336722930755,0.023780348226859156
6875.0,53.5,2025-11-19 15:27:04,0,2025-12-22,6642.16015625,0.12698412698412698,2512,0.045,out,6689.026206958043,-0.01036966624169712,0.13325090059591582,0.002254705080587002,0.027423339505360068
6900.0,33.27,2025-11-19 19:40:15,0,2025-12-22,6642.16015625,0.12698412698412698,2512,0.045,out,6689.026206958043,-0.01036966624169712,0.11417797339152408,0.0016554424898788038,0.031053107555938837
6925.0,27.72,2025-11-19 19:40:15,0,2025-12-22,6642.16015625,0.12698412698412698,2512,0.045,out,6689.026206958043,-0.01036966624169712,0.11308754406800085,0.0016239736664548615,0.03466974802612739
6950.0,26.16,2025-11-19 16:24:29,0,2025-12-22,6642.16015625,0.12698412698412698,2512,0.045,out,6689.026206958043,-0.01036966624169712,0.11745764404498243,0.001751910875504482,0.03827335552942581
7000.0,16.5,2025-11-19 20:03:23,0,2025-12-22,6642.16015625,0.12698412698412698,2512,0.045,out,6689.026206958043,-0.01036966624169712,0.11275417793223065,0.0016144132877680163,0.04544184500803847
7025.0,13.35,2025-11-19 17:33:38,0,2025-12-22,6642.16015625,0.12698412698412698,2512,0.045,out,6689.026206958043,-0.01036966624169712,0.11179346229685508,0.0015870194555324898,0.04900691117253468
7050.0,11.03,2025-11-19 17:42:06,0,2025-12-22,6642.16015625,0.12698412698412698,2512,0.045,out,6689.026206958043,-0.01036966624169712,0.11172113515450409,0.001584966608280758,0.05255931277690235
7075.0,9.6,2025-11-19 14:31:47,0,2025-12-22,6642.16015625,0.12698412698412698,2512,0.045,out,6689.026206958043,-0.01036966624169712,0.1131981194682879,0.0016271510160199083,0.05609913948202645
7100.0,7.33,2025-11-19 17:42:06,0,2025-12-22,6642.16015625,0.12698412698412698,2512,0.045,out,6689.026206958043,-0.01036966624169712,0.1113410520813916,0.0015742006195036387,0.05962647999999492
5400.0,1317.73,2025-10-22 19:28:25,0,2025-11-25,6642.16015625,0.13095238095238096,2511,0.045,in,6730.533831800775,-0.05593154714041439,0.45103797109193094,0.02664033053611882,-0.22025550815918638
5800.0,877.67,2025-11-07 16:48:42,0,2025-12-11,6642.16015625,0.13095238095238096,2512,0.045,in,6689.026206958043,-0.008691797567706293,0.17057732175948545,0.003810272020059873,-0.14261038649490115
5900.0,787.42,2025-11-07 17:39:52,0,2025-12-11,6642.16015625,0.13095238095238096,2512,0.045,in,6689.026206958043,-0.008691797567706293,0.21206810821338679,0.005889306044443477,-0.12551595313560113
5950.0,746.08,2025-10-17 14:13:37,0,2025-11-20,6642.16015625,0.13095238095238096,2511,0.045,in,6730.533831800775,-0.05593154714041439,0.22866451276010183,0.006847167301832887,-0.12326324217187663
5925.0,762.68,2025-11-07 16:51:28,0,2025-12-11,6642.16015625,0.13095238095238096,2512,0.045,in,6689.026206958043,-0.008691797567706293,0.20669661254850827,0.005594742690825115,-0.12128761702607994
6075.0,656.68,2025-10-22 19:27:44,0,2025-11-25,6642.16015625,0.13095238095238096,2511,0.045,in,6730.533831800775,-0.05593154714041439,0.26944880371396357,0.009507490905377938,-0.10247247250280297
6175.0,562.65,2025-10-22 19:26:56,0,2025-11-25,6642.16015625,0.13095238095238096,2511,0.045,in,6730.533831800775,-0.05593154714041439,0.24698435724832013,0.007988261904512193,-0.08614557921537423
6175.0,699.06,2025-11-11 18:11:23,0,2025-12-15,6642.16015625,0.13095238095238096,2512,0.045,in,6689.026206958043,-0.008691797567706293,0.43171198103708747,0.02440628071762658,-0.07995942153323399
6250.0,629.41,2025-11-11 18:17:49,0,2025-12-15,6642.16015625,0.13095238095238096,2512,0.045,in,6689.026206958043,-0.008691797567706293,0.4065457007587108,0.02164373184356314,-0.06788684029896468
6350.0,469.13,2025-11-14 16:39:16,0,2025-12-18,6642.16015625,0.13095238095238096,2512,0.045,in,6689.026206958043,-0.008691797567706293,0.2925607700263752,0.011208450544555734,-0.05201349114267462
6375.0,354.59,2025-11-18 20:50:26,0,2025-12-22,6642.16015625,0.13095238095238096,2512,0.045,in,6689.026206958043,-0.008691797567706293,0.16829497169642843,0.0037089901485871206,-0.04808421300278499
6425.0,409.67,2025-11-13 16:24:24,0,2025-12-17,6642.16015625,0.13095238095238096,2512,0.045,in,6689.026206958043,-0.008691797567706293,0.2795566144735776,0.010234177472085874,-0.04027167326599132
6450.0,412.72,2025-11-13 15:32:15,0,2025-12-17,6642.16015625,0.13095238095238096,2512,0.045,in,6689.026206958043,-0.008691797567706293,0.30043858755268465,0.01182019992615683,-0.036388173239593744
6500.0,326.53,2025-11-13 20:39:04,0,2025-12-17,6642.16015625,0.13095238095238096,2512,0.045,in,6689.026206958043,-0.008691797567706293,0.23790190672996686,0.007411553446229672,-0.028666127145683427
6700.0,124.06,2025-11-19 16:27:33,0,2025-12-23,6642.16015625,0.13095238095238096,2512,0.045,out,6689.026206958043,-0.008691797567706293,0.13861845544902868,0.002516259977402593,0.0016392223496454624
6750.0,87.4,2025-11-18 15:18:02,0,2025-12-22,6642.16015625,0.13095238095238096,2512,0.045,out,6689.026206958043,-0.008691797567706293,0.12283275811176278,0.001975794656175846,0.009074200837163666
6750.0,104.8,2025-11-19 20:55:44,0,2025-12-23,6642.16015625,0.13095238095238096,2512,0.045,out,6689.026206958043,-0.008691797567706293,0.14131022644823432,0.002614933108182904,0.009074200837163666
6800.0,80.55,2025-11-19 20:55:44,0,2025-12-23,6642.16015625,0.13095238095238096,2512,0.045,out,6689.026206958043,-0.008691797567706293,0.13558447535253476,0.0024073172562243234,0.016454308134786128
6825.0,66.6,2025-11-19 20:59:38,0,2025-12-23,6642.16015625,0.13095238095238096,2512,0.045,out,6689.026206958043,-0.008691797567706293,0.1292378865100101,0.002187223147682343,0.020124037023748605
6900.0,43.45,2025-11-19 20:55:44,0,2025-12-23,6642.16015625,0.13095238095238096,2512,0.045,out,6689.026206958043,-0.008691797567706293,0.1259055216811216,0.0020758833843779667,0.031053107555938837
6950.0,27.45,2025-11-19 16:55:48,0,2025-12-23,6642.16015625,0.13095238095238096,2512,0.045,out,6689.026206958043,-0.008691797567706293,0.11737943892126332,0.001804253089240196,0.03827335552942581
6975.0,22.8,2025-11-19 16:55:48,0,2025-12-23,6642.16015625,0.13095238095238096,2512,0.045,out,6689.026206958043,-0.008691797567706293,0.11626099300990773,0.0017700333744303332,0.04186402366015443
7100.0,8.52,2025-11-19 14:33:36,0,2025-12-23,6642.16015625,0.13095238095238096,2512,0.045,out,6689.026206958043,-0.008691797567706293,0.11315269098840842,0.0016766529316321512,0.05962647999999492
7125.0,7.67,2025-11-18 15:06:13,0,2025-12-22,6642.16015625,0.13095238095238096,2512,0.045,out,6689.026206958043,-0.008691797567706293,0.11539944282840646,0.0017438969697163474,0.06314142210743946
5250.0,1440.0,2025-10-17 18:42:24,0,2025-11-21,6642.16015625,0.1349206349206349,2511,0.045,in,6730.533831800775,-0.05296297222451986,0.39032913733631386,0.02055608097391338,-0.24842638512588278
5375.0,1318.8,2025-10-17 19:45:52,0,2025-11-21,6642.16015625,0.1349206349206349,2511,0.045,in,6730.533831800775,-0.05296297222451986,0.3717205197919897,0.0186428131919465,-0.2248958877156886
5650.0,1218.6,2025-10-31 15:48:37,0,2025-12-05,6642.16015625,0.1349206349206349,2512,0.045,in,6689.026206958043,-0.0071126270510090545,0.6293757762332842,0.05344393453220027,-0.16881275888892527
5700.0,1186.4,2025-10-31 14:45:18,0,2025-12-05,6642.16015625,0.1349206349206349,2512,0.045,in,6689.026206958043,-0.0071126270510090545,0.6346501040978778,0.05434343514868731,-0.16000212920677037
5750.0,1040.75,2025-11-14 16:53:50,0,2025-12-19,6642.16015625,0.1349206349206349,2512,0.045,in,6689.026206958043,-0.0071126270510090545,0.47218218102667847,0.030081366709086396,-0.15126844923801575
5840.0,982.09,2025-10-24 14:47:21,0,2025-11-28,6642.16015625,0.1349206349206349,2511,0.045,in,6730.533831800775,-0.05296297222451986,0.48712860395734703,0.032015894488002974,-0.14192366488927943
6000.0,913.3,2025-10-29 19:59:29,0,2025-12-03,6642.16015625,0.1349206349206349,2512,0.045,in,6689.026206958043,-0.0071126270510090545,0.5459657354272681,0.040216951844689215,-0.10870883481921988
6050.0,775.99,2025-10-24 15:14:52,0,2025-11-28,6642.16015625,0.1349206349206349,2511,0.045,in,6730.533831800775,-0.05296297222451986,0.41280226933174546,0.02299124706835287,-0.10659618968666494
6060.0,655.52,2025-10-17 19:54:26,0,2025-11-21,6642.16015625,0.1349206349206349,2511,0.045,in,6730.533831800775,-0.05296297222451986,0.23828386068746887,0.0076606854800803665,-0.10494466164819198
6025.0,752.37,2025-11-14 20:43:38,0,2025-12-19,6642.16015625,0.1349206349206349,2512,0.045,in,6689.026206958043,-0.0071126270510090545,0.353559964407258,0.01686570653443053,-0.10455082467055611
6100.0,786.6,2025-10-27 16:15:49,0,2025-12-01,6642.16015625,0.1349206349206349,2512,0.045,in,6689.026206958043,-0.0071126270510090545,0.4708163676961252,0.029907594329680483,-0.09217953286800928
6100.0,746.14,2025-11-10 18:30:46,0,2025-12-15,6642.16015625,0.1349206349206349,2512,0.045,in,6689.026206958043,-0.0071126270510090545,0.41979332443869927,0.023776582532825517,-0.09217953286800928
6245.0,527.57,2025-11-14 15:34:44,0,2025-12-19,6642.16015625,0.1349206349206349,2512,0.045,in,6689.026206958043,-0.0071126270510090545,0.2686876732409566,0.009740334268078287,-0.06868716046973392
6275.0,545.88,2025-11-14 17:21:22,0,2025-12-19,6642.16015625,0.1349206349206349,2512,0.045,in,6689.026206958043,-0.0071126270510090545,0.3191752354829782,0.013744747032344826,-0.06389481902942727
6280.0,501.78,2025-11-14 15:39:08,0,2025-12-19,6642.16015625,0.1349206349206349,2512,0.045,in,6689.026206958043,-0.0071126270510090545,0.26811221317286027,0.009698656353108234,-0.06309832356716756
6285.0,513.35,2025-11-14 15:51:05,0,2025-12-19,6642.16015625,0.1349206349206349,2512,0.045,in,6689.026206958043,-0.0071126270510090545,0.2873580426869133,0.011141023490845364,-0.06230246200506413
6365.0,429.65,2025-11-14 15:44:10,0,2025-12-19,6642.16015625,0.1349206349206349,2512,0.045,in,6689.026206958043,-0.0071126270510090545,0.25211497600093424,0.00857582015164427,-0.049654072037904964
6425.0,375.27,2025-11-06 18:03:28,0,2025-12-11,6642.16015625,0.1349206349206349,2512,0.045,in,6689.026206958043,-0.0071126270510090545,0.23517009211277604,0.0074617819667748934,-0.04027167326599132
6450.0,429.33,2025-10-30 19:55:22,0,2025-12-04,6642.16015625,0.1349206349206349,2512,0.045,in,6689.026206958043,-0.0071126270510090545,0.31351416005552957,0.01326150147175009,-0.036388173239593744
6450.0,408.09,2025-11-04 16:23:53,0,2025-12-09,6642.16015625,0.1349206349206349,2512,0.045,in,6689.026206958043,-0.0071126270510090545,0.2901006258101712,0.011354701131926194,-0.036388173239593744
6475.0,395.53,2025-11-10 18:05:43,0,2025-12-15,6642.16015625,0.1349206349206349,2512,0.045,in,6689.026206958043,-0.0071126270510090545,0.2927455522851335,0.011562692797669628,-0.03251969646167335
6520.0,313.79,2025-11-14 18:21:39,0,2025-12-19,6642.16015625,0.1349206349206349,2512,0.045,in,6689.026206958043,-0.0071126270510090545,0.232795824647014,0.007311874853511238,-0.025593928108713308
6540.0,248.65,2025-11-07 14:45:16,0,2025-12-12,6642.16015625,0.1349206349206349,2512,0.045,in,6689.026206958043,-0.0071126270510090545,0.17488495344985816,0.004126513476457968,-0.02253113857816749
6600.0,187.4,2025-11-18 16:44:43,0,2025-12-23,6642.16015625,0.1349206349206349,2512,0.045,in,6689.026206958043,-0.0071126270510090545,0.14743787680772968,0.0029328949825294577,-0.013398655014894966
6725.0,101.67,2025-11-18 15:04:33,0,2025-12-23,6642.16015625,0.1349206349206349,2512,0.045,out,6689.026206958043,-0.0071126270510090545,0.12452456761064111,0.0020921290075911997,0.005363621440627952
6775.0,92.5,2025-11-18 20:11:46,0,2025-12-23,6642.16015625,0.1349206349206349,2512,0.045,out,6689.026206958043,-0.0071126270510090545,0.1361482850807359,0.0025009368572796085,0.01277106271848965
7000.0,22.33,2025-11-18 18:22:38,0,2025-12-23,6642.16015625,0.1349206349206349,2512,0.045,out,6689.026206958043,-0.0071126270510090545,0.1196073587239953,0.0019301638447287175,0.04544184500803847
5450.0,1381.28,2025-11-13 14:38:16,0,2025-12-19,6642.16015625,0.1388888888888889,2512,0.045,in,6689.026206958043,-0.00562369484955165,0.6401362812451583,0.056913119245330615,-0.2048526953721222
5500.0,1406.73,2025-10-29 20:06:28,0,2025-12-04,6642.16015625,0.1388888888888889,2512,0.045,in,6689.026206958043,-0.00562369484955165,0.73549490601295,0.07513232732930529,-0.19572021180884966
5650.0,1121.24,2025-11-13 19:45:18,0,2025-12-19,6642.16015625,0.1388888888888889,2512,0.045,in,6689.026206958043,-0.00562369484955165,0.46624664513112496,0.03019249084667072,-0.16881275888892527
5720.0,1112.86,2025-11-13 14:56:00,0,2025-12-19,6642.16015625,0.1388888888888889,2512,0.045,in,6689.026206958043,-0.00562369484955165,0.539820133267341,0.04047302448344025,-0.15649949865556834
5890.0,958.49,2025-11-13 14:31:20,0,2025-12-19,6642.16015625,0.1388888888888889,2512,0.045,in,6689.026206958043,-0.00562369484955165,0.4971508443469129,0.034327633615951175,-0.12721230638377953
6075.0,696.07,2025-11-06 17:59:42,0,2025-12-12,6642.16015625,0.1388888888888889,2512,0.045,in,6689.026206958043,-0.00562369484955165,0.3207462071844985,0.014288629086561281,-0.09628631482066276
6125.0,693.88,2025-11-13 17:39:11,0,2025-12-19,6642.16015625,0.1388888888888889,2512,0.045,in,6689.026206958043,-0.00562369484955165,0.36827429450410576,0.018836938332291227,-0.08808954761648422
6250.0,607.63,2025-11-10 18:36:15,0,2025-12-16,6642.16015625,0.1388888888888889,2512,0.045,in,6689.026206958043,-0.00562369484955165,0.36750205535428043,0.018758022318002863,-0.06788684029896468
6275.0,584.01,2025-11-11 16:42:41,0,2025-12-17,6642.16015625,0.1388888888888889,2512,0.045,in,6689.026206958043,-0.00562369484955165,0.35900831016319734,0.017900967606421462,-0.06389481902942727
6290.0,564.1,2025-11-13 15:33:02,0,2025-12-19,6642.16015625,0.1388888888888889,2512,0.045,in,6689.026206958043,-0.00562369484955165,0.34718253240333224,0.016741070945276507,-0.06150723333492573
6310.0,517.92,2025-11-13 17:18:05,0,2025-12-19,6642.16015625,0.1388888888888889,2512,0.045,in,6689.026206958043,-0.00562369484955165,0.30842438660439947,0.013211889201708344,-0.05833262749415302
6420.0,409.06,2025-11-13 17:58:10,0,2025-12-19,6642.16015625,0.1388888888888889,2512,0.045,in,6689.026206958043,-0.00562369484955165,0.2656135219718128,0.009798686535315375,-0.041050186345405
6450.0,411.89,2025-11-04 16:23:53,0,2025-12-10,6642.16015625,0.1388888888888889,2512,0.045,in,6689.026206958043,-0.00562369484955165,0.28930947623227915,0.011624996255249402,-0.036388173239593744
6475.0,434.36,2025-10-27 18:13:44,0,2025-12-02,6642.16015625,0.1388888888888889,2512,0.045,in,6689.026206958043,-0.00562369484955165,0.3293727441725485,0.015067556194965985,-0.03251969646167335
6675.0,188.6,2025-11-17 15:19:07,0,2025-12-23,6642.16015625,0.1388888888888889,2512,0.045,out,6689.026206958043,-0.00562369484955165,0.18667776952470946,0.004840081893711187,-0.002099099760961637
6700.0,167.0,2025-11-20 01:54:53,0,2025-12-26,6642.16015625,0.1388888888888889,2512,0.045,out,6689.026206958043,-0.00562369484955165,0.1769554164883612,0.004349058253412413,0.0016392223496454624
6730.0,148.3,2025-11-20 01:37:24,0,2025-12-26,6642.16015625,0.1388888888888889,2512,0.045,out,6689.026206958043,-0.00562369484955165,0.17185539311842737,0.004101982797762391,0.006106839609361685
6920.0,53.02,2025-11-20 01:46:54,0,2025-12-26,6642.16015625,0.1388888888888889,2512,0.045,out,6689.026206958043,-0.00562369484955165,0.13956255607238993,0.0027052370913137475,0.0339474655823033
6960.0,41.3,2025-11-20 03:32:52,0,2025-12-26,6642.16015625,0.1388888888888889,2512,0.045,out,6689.026206958043,-0.00562369484955165,0.1359082834630506,0.0025654252102601267,0.039711170299053515
5925.0,949.02,2025-11-12 20:15:15,0,2025-12-19,6642.16015625,0.14285714285714285,2512,0.045,in,6689.026206958043,-0.004217481103730776,0.5094267501080051,0.037073659103657695,-0.12128761702607994
6000.0,699.67,2025-11-19 14:46:31,0,2025-12-26,6642.16015625,0.14285714285714285,2512,0.045,in,6689.026206958043,-0.004217481103730776,0.20776861413679434,0.006166828145760591,-0.10870883481921988
6215.0,522.1,2025-10-15 16:12:37,0,2025-11-21,6642.16015625,0.14285714285714285,2511,0.045,in,6730.533831800775,-0.047520584878713204,0.218990817062441,0.0068509968510964995,-0.0796887367667406
6230.0,527.87,2025-10-15 15:31:23,0,2025-11-21,6642.16015625,0.14285714285714285,2511,0.045,in,6730.533831800775,-0.047520584878713204,0.244239115318493,0.008521820778794301,-0.07727812893005331
6245.0,495.16,2025-10-15 20:05:59,0,2025-11-21,6642.16015625,0.14285714285714285,2511,0.045,in,6730.533831800775,-0.047520584878713204,0.21408049179274755,0.006547208138032092,-0.07487331815187415
6300.0,565.04,2025-11-11 14:48:02,0,2025-12-18,6642.16015625,0.14285714285714285,2512,0.045,in,6689.026206958043,-0.004217481103730776,0.35000055091497667,0.017500055091541025,-0.059918670649787904
6400.0,350.19,2025-11-19 20:31:12,0,2025-12-26,6642.16015625,0.14285714285714285,2512,0.045,in,6689.026206958043,-0.004217481103730776,0.17652694697700536,0.004451680429860352,-0.044170313681648705
6415.0,508.44,2025-11-12 09:22:29,0,2025-12-19,6642.16015625,0.14285714285714285,2512,0.045,in,6689.026206958043,-0.004217481103730776,0.36561278434175026,0.01909610115344674,-0.04182930597967516
6475.0,438.5,2025-11-12 20:32:14,0,2025-12-19,6642.16015625,0.14285714285714285,2512,0.045,in,6689.026206958043,-0.004217481103730776,0.3284185738572744,0.015408394236349428,-0.03251969646167335
6500.0,279.71,2025-11-19 20:38:01,0,2025-12-26,6642.16015625,0.14285714285714285,2512,0.045,in,6689.026206958043,-0.004217481103730776,0.17463621439884253,0.0043568296256512136,-0.028666127145683427
6550.0,212.4,2025-11-19 19:42:53,0,2025-12-26,6642.16015625,0.14285714285714285,2512,0.045,in,6689.026206958043,-0.004217481103730776,0.13603935717146065,0.002643815242803463,-0.02100325440011429
6570.0,213.6,2025-11-19 16:19:25,0,2025-12-26,6642.16015625,0.14285714285714285,2512,0.045,in,6689.026206958043,-0.004217481103730776,0.15066648057351475,0.003242912624058471,-0.017954471550755736
6580.0,204.5,2025-11-19 17:56:07,0,2025-12-26,6642.16015625,0.14285714285714285,2512,0.045,in,6689.026206958043,-0.004217481103730776,0.14741766309465362,0.003104566770326971,-0.016433558710049066
6600.0,206.3,2025-11-19 20:38:01,0,2025-12-26,6642.16015625,0.14285714285714285,2512,0.045,in,6689.026206958043,-0.004217481103730776,0.16135667686375277,0.0037194253097876467,-0.013398655014894966
6625.0,183.5,2025-11-19 20:29:01,0,2025-12-26,6642.16015625,0.14285714285714285,2512,0.045,in,6689.026206958043,-0.004217481103730776,0.15230610134079425,0.00331387835794747,-0.009617932174988972
6630.0,179.7,2025-11-19 20:27:44,0,2025-12-26,6642.16015625,0.14285714285714285,2512,0.045,in,6689.026206958043,-0.004217481103730776,0.15121536102071936,0.003266583629803784,-0.008863499849503747
6650.0,148.37,2025-11-19 19:29:58,0,2025-12-26,6642.16015625,0.14285714285714285,2512,0.045,out,6689.026206958043,-0.004217481103730776,0.13039930042548403,0.0024291396502079485,-0.005851449379512043
6660.0,161.01,2025-11-19 20:28:46,0,2025-12-26,6642.16015625,0.14285714285714285,2512,0.045,out,6689.026206958043,-0.004217481103730776,0.14832865856308974,0.0031430558501608077,-0.004348819494977066
6670.0,147.5,2025-11-19 09:39:12,0,2025-12-26,6642.16015625,0.14285714285714285,2512,0.045,out,6689.026206958043,-0.004217481103730776,0.1398805508419537,0.0027952240719783415,-0.0028484441197425044
6675.0,152.5,2025-11-19 20:22:16,0,2025-12-26,6642.16015625,0.14285714285714285,2512,0.045,out,6689.026206958043,-0.004217481103730776,0.1473819354640951,0.00310306212873467,-0.002099099760961637
6690.0,153.52,2025-11-19 15:26:44,0,2025-12-26,6642.16015625,0.14285714285714285,2512,0.045,out,6689.026206958043,-0.004217481103730776,0.15571633085619155,0.0034639393850449873,0.00014557009286218837
6725.0,106.5,2025-11-19 19:42:37,0,2025-12-26,6642.16015625,0.14285714285714285,2512,0.045,out,6689.026206958043,-0.004217481103730776,0.12481693633616978,0.002225609656621065,0.005363621440627952
6740.0,112.9,2025-11-19 20:34:17,0,2025-12-26,6642.16015625,0.14285714285714285,2512,0.045,out,6689.026206958043,-0.004217481103730776,0.13774884913034138,0.0027106779195333647,0.007591620876940895
6750.0,113.6,2025-11-19 20:38:26,0,2025-12-26,6642.16015625,0.14285714285714285,2512,0.045,out,6689.026206958043,-0.004217481103730776,0.1426907344329395,0.002908663670430238,0.009074200837163666
6760.0,103.0,2025-11-19 14:44:06,0,2025-12-26,6642.16015625,0.14285714285714285,2512,0.045,out,6689.026206958043,-0.004217481103730776,0.13609064334477777,0.002645809029427929,0.010554586007597913
6770.0,102.2,2025-11-19 15:50:39,0,2025-12-26,6642.16015625,0.14285714285714285,2512,0.045,out,6689.026206958043,-0.004217481103730776,0.13932117256374155,0.0027729127320765498,0.012032782876908796
6775.0,89.3,2025-11-19 16:42:18,0,2025-12-26,6642.16015625,0.14285714285714285,2512,0.045,out,6689.026206958043,-0.004217481103730776,0.12806855833759728,0.002343079376381508,0.01277106271848965
6800.0,82.0,2025-11-19 20:47:30,0,2025-12-26,6642.16015625,0.14285714285714285,2512,0.045,out,6689.026206958043,-0.004217481103730776,0.12999370434664573,0.002414051881394734,0.016454308134786128
6810.0,76.0,2025-11-19 20:49:52,0,2025-12-26,6642.16015625,0.14285714285714285,2512,0.045,out,6689.026206958043,-0.004217481103730776,0.12730445686183958,0.0023152035338411393,0.01792381611414609
6820.0,72.84,2025-11-19 09:36:08,0,2025-12-26,6642.16015625,0.14285714285714285,2512,0.045,out,6689.026206958043,-0.004217481103730776,0.12749322948021488,0.0023220747947563904,0.019391167808095806
6825.0,71.7,2025-11-19 20:32:04,0,2025-12-26,6642.16015625,0.14285714285714285,2512,0.045,out,6689.026206958043,-0.004217481103730776,0.1280214948327456,0.002341357591315816,0.020124037023748605
6850.0,62.9,2025-11-19 20:34:02,0,2025-12-26,6642.16015625,0.14285714285714285,2512,0.045,out,6689.026206958043,-0.004217481103730776,0.12684354658292726,0.002298469329962177,0.023780348226859156
6860.0,62.0,2025-11-19 20:39:28,0,2025-12-26,6642.16015625,0.14285714285714285,2512,0.045,out,6689.026206958043,-0.004217481103730776,0.12911854845093423,0.00238165707915375,0.02523913769051907
6870.0,55.9,2025-11-19 20:35:42,0,2025-12-26,6642.16015625,0.14285714285714285,2512,0.045,out,6689.026206958043,-0.004217481103730776,0.1253325099882579,0.0022440340085652525,0.026695802186983166
6875.0,56.5,2025-11-19 20:39:28,0,2025-12-26,6642.16015625,0.14285714285714285,2512,0.045,out,6689.026206958043,-0.004217481103730776,0.1276129766197652,0.002326438828822391,0.027423339505360068
6880.0,48.7,2025-11-19 18:25:34,0,2025-12-26,6642.16015625,0.14285714285714285,2512,0.045,out,6689.026206958043,-0.004217481103730776,0.11993172774128115,0.002054802759858398,0.02815034789797747
6890.0,45.45,2025-11-19 18:03:48,0,2025-12-26,6642.16015625,0.14285714285714285,2512,0.045,out,6689.026206958043,-0.004217481103730776,0.11899513287587944,0.0020228345211640293,0.02960278097829236
6900.0,45.55,2025-11-19 20:24:28,0,2025-12-26,6642.16015625,0.14285714285714285,2512,0.045,out,6689.026206958043,-0.004217481103730776,0.12208955090193645,0.002129408348490933,0.031053107555938837
6910.0,39.75,2025-11-19 18:03:48,0,2025-12-26,6642.16015625,0.14285714285714285,2512,0.045,out,6689.026206958043,-0.004217481103730776,0.11763503673518459,0.0019768574096697467,0.03250133373230365
6930.0,34.65,2025-11-19 18:03:48,0,2025-12-26,6642.16015625,0.14285714285714285,2512,0.045,out,6689.026206958043,-0.004217481103730776,0.1164260270264044,0.0019364313955932922,0.03539150915453695
6940.0,32.58,2025-11-19 16:25:30,0,2025-12-26,6642.16015625,0.14285714285714285,2512,0.045,out,6689.026206958043,-0.004217481103730776,0.11625222387251098,0.0019306542221863446,0.036833470471438194
6950.0,31.86,2025-11-19 20:47:29,0,2025-12-26,6642.16015625,0.14285714285714285,2512,0.045,out,6689.026206958043,-0.004217481103730776,0.11788691185524573,0.0019853319981094964,0.03827335552942581
6970.0,28.1,2025-11-19 14:12:33,0,2025-12-26,6642.16015625,0.14285714285714285,2512,0.045,out,6689.026206958043,-0.004217481103730776,0.11751809795649425,0.0019729290496160253,0.041146920725157736
6975.0,29.7,2025-11-19 15:44:45,0,2025-12-26,6642.16015625,0.14285714285714285,2512,0.045,out,6689.026206958043,-0.004217481103730776,0.12121024424822062,0.002098846187244757,0.04186402366015443
7000.0,22.8,2025-11-19 20:43:28,0,2025-12-26,6642.16015625,0.14285714285714285,2512,0.045,out,6689.026206958043,-0.004217481103730776,0.11643792572418973,0.0019368272209931321,0.04544184500803847
7020.0,20.29,2025-11-19 14:44:47,0,2025-12-26,6642.16015625,0.14285714285714285,2512,0.045,out,6689.026206958043,-0.004217481103730776,0.11676950859304516,0.0019478740195801782,0.048294913990444874
7025.0,17.47,2025-11-19 16:26:08,0,2025-12-26,6642.16015625,0.14285714285714285,2512,0.045,out,6689.026206958043,-0.004217481103730776,0.11267053259515288,0.0018135212736107723,0.04900691117253468
7050.0,15.44,2025-11-19 20:21:21,0,2025-12-26,6642.16015625,0.14285714285714285,2512,0.045,out,6689.026206958043,-0.004217481103730776,0.11413399605339217,0.0018609384364451054,0.05255931277690235
7060.0,13.0,2025-11-19 17:56:37,0,2025-12-26,6642.16015625,0.14285714285714285,2512,0.045,out,6689.026206958043,-0.004217481103730776,0.11097653145323914,0.0017593986476273967,0.05397674745787576
7075.0,12.74,2025-11-19 20:21:21,0,2025-12-26,6642.16015625,0.14285714285714285,2512,0.045,out,6689.026206958043,-0.004217481103730776,0.11350352800934943,0.0018404358386527385,0.05609913948202645
7100.0,10.41,2025-11-19 21:09:21,0,2025-12-26,6642.16015625,0.14285714285714285,2512,0.045,out,6689.026206958043,-0.004217481103730776,0.11281535528146591,0.0018181863410404826,0.05962647999999492
7125.0,7.7,2025-11-19 20:04:12,0,2025-12-26,6642.16015625,0.14285714285714285,2512,0.045,out,6689.026206958043,-0.004217481103730776,0.10986819842129603,0.0017244315749058963,0.06314142210743946
7150.0,7.15,2025-11-19 20:37:22,0,2025-12-26,6642.16015625,0.14285714285714285,2512,0.045,out,6689.026206958043,-0.004217481103730776,0.1127038217245232,0.0018145930616161583,0.06664405265864139
5100.0,1760.98,2025-11-11 18:09:57,0,2025-12-19,6642.16015625,0.14682539682539683,2512,0.045,in,6689.026206958043,-0.0028872789117380462,0.8041382164846242,0.09494292077305429,-0.2712277643169948
5775.0,1102.85,2025-11-11 19:48:05,0,2025-12-19,6642.16015625,0.14682539682539683,2512,0.045,in,6689.026206958043,-0.0028872789117380462,0.5646220305795087,0.04680764835072191,-0.14693004763941764
6175.0,663.8,2025-10-24 18:22:11,0,2025-12-01,6642.16015625,0.14682539682539683,2512,0.045,in,6689.026206958043,-0.0028872789117380462,0.36231781318247075,0.019274386177480667,-0.07995942153323399
6175.0,710.85,2025-11-11 19:07:36,0,2025-12-19,6642.16015625,0.14682539682539683,2512,0.045,in,6689.026206958043,-0.0028872789117380462,0.41805733965854464,0.025660959333206553,-0.07995942153323399
6225.0,667.68,2025-11-11 19:33:54,0,2025-12-19,6642.16015625,0.14682539682539683,2512,0.045,in,6689.026206958043,-0.0028872789117380462,0.4058319484466598,0.024182079778017687,-0.07189486169650355
6350.0,550.71,2025-11-03 20:55:17,0,2025-12-11,6642.16015625,0.14682539682539683,2512,0.045,in,6689.026206958043,-0.0028872789117380462,0.3633607013616239,0.01938550386459689,-0.05201349114267462
6530.0,215.18,2025-11-18 16:05:28,0,2025-12-26,6642.16015625,0.14682539682539683,2512,0.045,in,6689.026206958043,-0.0028872789117380462,0.12184425800829071,0.0021797732490272375,-0.024061360758935106
6640.0,180.03,2025-11-18 18:42:50,0,2025-12-26,6642.16015625,0.14682539682539683,2512,0.045,in,6689.026206958043,-0.0028872789117380462,0.1542092811433371,0.0034915817002284005,-0.007356340558932423
6680.0,143.4,2025-11-18 20:26:25,0,2025-12-26,6642.16015625,0.14682539682539683,2512,0.045,out,6689.026206958043,-0.0028872789117380462,0.13826109231113418,0.0028067333211964874,-0.001350316498720516
6720.0,128.4,2025-11-18 19:21:21,0,2025-12-26,6642.16015625,0.14682539682539683,2512,0.045,out,6689.026206958043,-0.0028872789117380462,0.1420443642311013,0.0029624375085843557,0.0046198504877832235
6780.0,100.4,2025-11-18 18:13:16,0,2025-12-26,6642.16015625,0.14682539682539683,2512,0.045,out,6689.026206958043,-0.0028872789117380462,0.1390545040396287,0.002839038644710966,0.013508797905029353
6790.0,93.8,2025-11-18 18:13:57,0,2025-12-26,6642.16015625,0.14682539682539683,2512,0.045,out,6689.026206958043,-0.0028872789117380462,0.13618578879537915,0.0027231073634258964,0.014982637523329892
6830.0,60.02,2025-11-18 16:00:04,0,2025-12-26,6642.16015625,0.14682539682539683,2512,0.045,out,6689.026206958043,-0.0028872789117380462,0.11493568745675338,0.0019395946559237712,0.02085636953542375
6840.0,63.9,2025-11-18 17:21:37,0,2025-12-26,6642.16015625,0.14682539682539683,2512,0.045,out,6689.026206958043,-0.0028872789117380462,0.12251766074810755,0.002203933953261785,0.022319427587184346
6925.0,41.7,2025-11-18 19:44:35,0,2025-12-26,6642.16015625,0.14682539682539683,2512,0.045,out,6689.026206958043,-0.0028872789117380462,0.12239462426849011,0.002199509642236191,0.03466974802612739
6980.0,26.5,2025-11-18 20:27:17,0,2025-12-26,6642.16015625,0.14682539682539683,2512,0.045,out,6689.026206958043,-0.0028872789117380462,0.11565776255311253,0.0019640419342671026,0.042580612727006306
6990.0,23.66,2025-11-18 17:12:38,0,2025-12-26,6642.16015625,0.14682539682539683,2512,0.045,out,6689.026206958043,-0.0028872789117380462,0.11359299100132667,0.0018945420689334,0.04401225219844407
7010.0,21.24,2025-11-18 20:28:00,0,2025-12-26,6642.16015625,0.14682539682539683,2512,0.045,out,6689.026206958043,-0.0028872789117380462,0.11425697637088032,0.0019167551429697955,0.046869396999223864
7030.0,19.8,2025-11-18 17:51:12,0,2025-12-26,6642.16015625,0.14682539682539683,2512,0.045,out,6689.026206958043,-0.0028872789117380462,0.11628657388881829,0.0019854563050459724,0.04971840177529864
7040.0,15.6,2025-11-18 17:28:39,0,2025-12-26,6642.16015625,0.14682539682539683,2512,0.045,out,6689.026206958043,-0.0028872789117380462,0.11048997747086114,0.0017924496011742935,0.05113986612267612
5480.0,1214.2,2025-10-13 17:11:54,0,2025-11-21,6642.16015625,0.15079365079365079,2511,0.045,in,6730.533831800775,-0.04265108041141251,0.3108761658535224,0.014573300154126575,-0.20554936076949096
5500.0,1205.36,2025-11-17 19:06:00,0,2025-12-26,6642.16015625,0.15079365079365079,2512,0.045,in,6689.026206958043,-0.0016270873614291498,0.34531319162568097,0.01798081591986961,-0.19572021180884966
5890.0,876.9,2025-10-20 16:32:53,0,2025-11-28,6642.16015625,0.15079365079365079,2511,0.045,in,6730.533831800775,-0.04265108041141251,0.3581622286907225,0.019343836977407956,-0.1333984640659197
5900.0,822.53,2025-11-07 19:22:53,0,2025-12-16,6642.16015625,0.15079365079365079,2512,0.045,in,6689.026206958043,-0.0016270873614291498,0.27708749109010866,0.011577556163917537,-0.12551595313560113
5970.0,799.09,2025-10-20 16:26:35,0,2025-11-28,6642.16015625,0.15079365079365079,2511,0.045,in,6730.533831800775,-0.04265108041141251,0.33564606448007966,0.016988153423955158,-0.11990753432490439
5975.0,792.28,2025-10-20 16:18:07,0,2025-11-28,6642.16015625,0.15079365079365079,2511,0.045,in,6730.533831800775,-0.04265108041141251,0.33129529630374366,0.016550594394497783,-0.11907036391184075
5940.0,907.54,2025-11-10 17:55:58,0,2025-12-19,6642.16015625,0.15079365079365079,2512,0.045,in,6689.026206958043,-0.0016270873614291498,0.4544329689739959,0.031140294781903912,-0.1187591706727213
5995.0,775.92,2025-10-20 16:31:39,0,2025-11-28,6642.16015625,0.15079365079365079,2511,0.045,in,6730.533831800775,-0.04265108041141251,0.3302405147379202,0.01644537423740447,-0.1157286732499375
6040.0,733.14,2025-10-20 16:32:01,0,2025-11-28,6642.16015625,0.15079365079365079,2511,0.045,in,6730.533831800775,-0.04265108041141251,0.31874379775673917,0.015320274313963426,-0.10825044978269154
6060.0,714.16,2025-10-20 16:34:31,0,2025-11-28,6642.16015625,0.15079365079365079,2511,0.045,in,6730.533831800775,-0.04265108041141251,0.31361666225589685,0.014831371476556,-0.10494466164819198
6030.0,809.21,2025-11-10 14:50:14,0,2025-12-19,6642.16015625,0.15079365079365079,2512,0.045,in,6689.026206958043,-0.0016270873614291498,0.410634963285786,0.025426987209378235,-0.10372129330818074
6105.0,683.11,2025-10-20 18:11:26,0,2025-11-28,6642.16015625,0.15079365079365079,2511,0.045,in,6730.533831800775,-0.04265108041141251,0.31774543615656603,0.015224453029906358,-0.09754635416674712
6145.0,633.93,2025-10-20 16:31:20,0,2025-11-28,6642.16015625,0.15079365079365079,2511,0.045,in,6730.533831800775,-0.04265108041141251,0.29191974242913926,0.012850203050619088,-0.09101571871141699
6125.0,758.74,2025-10-27 13:44:19,0,2025-12-05,6642.16015625,0.15079365079365079,2512,0.045,in,6689.026206958043,-0.0016270873614291498,0.4288148129115839,0.027728259775202675,-0.08808954761648422
6295.0,503.24,2025-10-20 17:33:44,0,2025-11-28,6642.16015625,0.15079365079365079,2511,0.045,in,6730.533831800775,-0.04265108041141251,0.2643569084709529,0.01053815020690536,-0.06689879423310459
6305.0,487.25,2025-10-20 16:32:31,0,2025-11-28,6642.16015625,0.15079365079365079,2511,0.045,in,6730.533831800775,-0.04265108041141251,0.25362945543561605,0.009700238989101394,-0.06531149231253223
6350.0,553.96,2025-11-03 20:55:16,0,2025-12-12,6642.16015625,0.15079365079365079,2512,0.045,in,6689.026206958043,-0.0016270873614291498,0.3612817222937661,0.019682263288948003,-0.05201349114267462
6375.0,372.5,2025-11-17 20:39:53,0,2025-12-26,6642.16015625,0.15079365079365079,2512,0.045,in,6689.026206958043,-0.0016270873614291498,0.17461889069334585,0.004597963355178719,-0.04808421300278499
6425.0,319.25,2025-10-17 13:50:35,0,2025-11-25,6642.16015625,0.15079365079365079,2511,0.045,in,6730.533831800775,-0.04265108041141251,0.15409565327745534,0.003580666165246896,-0.04645783094813158
6400.0,514.5,2025-10-31 19:41:00,0,2025-12-09,6642.16015625,0.15079365079365079,2512,0.045,in,6689.026206958043,-0.0016270873614291498,0.35151283202108735,0.018632255162176335,-0.044170313681648705
6475.0,440.7,2025-11-03 19:42:07,0,2025-12-12,6642.16015625,0.15079365079365079,2512,0.045,in,6689.026206958043,-0.0016270873614291498,0.32055207112251316,0.015494595045378746,-0.03251969646167335
6550.0,307.85,2025-11-13 17:14:15,0,2025-12-22,6642.16015625,0.15079365079365079,2512,0.045,in,6689.026206958043,-0.0016270873614291498,0.22916352697729478,0.007919067617752325,-0.02100325440011429
5600.0,1089.79,2025-11-07 17:58:33,0,2025-12-18,6642.16015625,0.15873015873015872,2512,0.045,in,6689.026206958043,0.0007042670066423062,0.2436946902389664,0.009426524135026313,-0.17770170630617133
5700.0,993.19,2025-11-07 17:57:53,0,2025-12-18,6642.16015625,0.15873015873015872,2512,0.045,in,6689.026206958043,0.0007042670066423062,0.23600392002424678,0.008840928613779534,-0.16000212920677037
5900.0,846.43,2025-11-07 20:49:51,0,2025-12-18,6642.16015625,0.15873015873015872,2512,0.045,in,6689.026206958043,0.0007042670066423062,0.31040195204872845,0.015293551085025572,-0.12551595313560113
6375.0,480.88,2025-10-24 19:37:27,0,2025-12-04,6642.16015625,0.15873015873015872,2512,0.045,in,6689.026206958043,0.0007042670066423062,0.29024657439274587,0.01337191649947996,-0.04808421300278499
6720.0,166.4,2025-11-20 04:41:27,0,2025-12-31,6642.16015625,0.15873015873015872,2512,0.045,out,6689.026206958043,0.0007042670066423062,0.1711028842210955,0.004647015395044066,0.0046198504877832235
6725.0,161.89,2025-11-20 03:41:06,0,2025-12-31,6642.16015625,0.15873015873015872,2512,0.045,out,6689.026206958043,0.0007042670066423062,0.16898223016538008,0.004532538747883411,0.005363621440627952
6730.0,158.74,2025-11-20 03:41:06,0,2025-12-31,6642.16015625,0.15873015873015872,2512,0.045,out,6689.026206958043,0.0007042670066423062,0.16812901612762907,0.004486883502229294,0.006106839609361685
6795.0,121.2,2025-11-20 04:24:24,0,2025-12-31,6642.16015625,0.15873015873015872,2512,0.045,out,6689.026206958043,0.0007042670066423062,0.15820601157768177,0.003972879698304377,0.015718743555832266
6875.0,79.9,2025-11-20 03:49:56,0,2025-12-31,6642.16015625,0.15873015873015872,2512,0.045,out,6689.026206958043,0.0007042670066423062,0.1446411493948442,0.003320803507660578,0.027423339505360068
6900.0,69.35,2025-11-20 03:49:56,0,2025-12-31,6642.16015625,0.15873015873015872,2512,0.045,out,6689.026206958043,0.0007042670066423062,0.14119371437181535,0.003164391266366631,0.031053107555938837
6925.0,59.15,2025-11-20 02:51:53,0,2025-12-31,6642.16015625,0.15873015873015872,2512,0.045,out,6689.026206958043,0.0007042670066423062,0.13726192357184033,0.002990608835339958,0.03466974802612739
7000.0,37.2,2025-11-20 07:08:51,0,2025-12-31,6642.16015625,0.15873015873015872,2512,0.045,out,6689.026206958043,0.0007042670066423062,0.13031318761535754,0.002695480454996091,0.04544184500803847
7050.0,26.37,2025-11-20 05:44:28,0,2025-12-31,6642.16015625,0.15873015873015872,2512,0.045,out,6689.026206958043,0.0007042670066423062,0.1263293076280153,0.0025331895183767815,0.05255931277690235
7060.0,23.4,2025-11-20 03:37:43,0,2025-12-31,6642.16015625,0.15873015873015872,2512,0.045,out,6689.026206958043,0.0007042670066423062,0.12371063881432538,0.0024292574850553125,0.05397674745787576
7100.0,18.3,2025-11-20 05:39:13,0,2025-12-31,6642.16015625,0.15873015873015872,2512,0.045,out,6689.026206958043,0.0007042670066423062,0.1230824658727162,0.002404649746874341,0.05962647999999492
5800.0,911.2,2025-11-19 15:47:18,0,2025-12-31,6642.16015625,0.1626984126984127,2512,0.045,in,6689.026206958043,0.0017846507381876209,0.26239003969597374,0.01120154702459461,-0.14261038649490115
6000.0,699.3,2025-11-19 18:37:04,0,2025-12-31,6642.16015625,0.1626984126984127,2512,0.045,in,6689.026206958043,0.0017846507381876209,0.18010117661154293,0.005277356295600592,-0.10870883481921988
6025.0,855.07,2025-10-31 20:09:42,0,2025-12-12,6642.16015625,0.1626984126984127,2512,0.045,in,6689.026206958043,0.0017846507381876209,0.4433186210085585,0.03197534678194495,-0.10455082467055611
6095.0,599.46,2025-10-17 14:57:40,0,2025-11-28,6642.16015625,0.1626984126984127,2511,0.045,in,6730.533831800775,-0.03623758672277255,0.14184279253371404,0.0032733908315248097,-0.09918569879618024
6105.0,643.98,2025-11-07 14:30:07,0,2025-12-19,6642.16015625,0.1626984126984127,2512,0.045,in,6689.026206958043,0.0017846507381876209,0.24869027185570294,0.010062384539453179,-0.09136019648460686
6155.0,560.04,2025-11-07 17:16:10,0,2025-12-19,6642.16015625,0.1626984126984127,2512,0.045,in,6689.026206958043,0.0017846507381876209,0.17860779758848205,0.005190200633871966,-0.083203544410858
6280.0,440.52,2025-10-10 16:16:18,0,2025-11-21,6642.16015625,0.1626984126984127,2511,0.045,in,6730.533831800775,-0.03623758672277255,0.15486590856292914,0.003902069186650328,-0.06928448124930783
6250.0,455.07,2025-11-19 19:48:12,0,2025-12-31,6642.16015625,0.1626984126984127,2512,0.045,in,6689.026206958043,0.0017846507381876209,0.1343907599539217,0.0029384759158757805,-0.06788684029896468
6335.0,357.27,2025-10-10 18:54:25,0,2025-11-21,6642.16015625,0.1626984126984127,2511,0.045,in,6730.533831800775,-0.03623758672277255,0.08012038976319973,0.0010444061551114628,-0.06056464795631273
6300.0,424.4,2025-11-19 17:49:48,0,2025-12-31,6642.16015625,0.1626984126984127,2512,0.045,in,6689.026206958043,0.0017846507381876209,0.15544505393595906,0.0039313085576161986,-0.059918670649787904
6385.0,315.91,2025-10-10 19:20:00,0,2025-11-21,6642.16015625,0.1626984126984127,2511,0.045,in,6730.533831800775,-0.03623758672277255,0.09259106674527927,0.0013948306796911873,-0.05270297224491244
6370.0,382.93,2025-11-19 14:45:44,0,2025-12-31,6642.16015625,0.1626984126984127,2512,0.045,in,6689.026206958043,0.0017846507381876209,0.17324217287932306,0.0048830431310393635,-0.04886883446320284
6395.0,352.37,2025-11-19 18:03:46,0,2025-12-31,6642.16015625,0.1626984126984127,2512,0.045,in,6689.026206958043,0.0017846507381876209,0.15853215454574268,0.004089008750085416,-0.04495186901646886
6400.0,348.37,2025-11-19 18:03:46,0,2025-12-31,6642.16015625,0.1626984126984127,2512,0.045,in,6689.026206958043,0.0017846507381876209,0.15818416985729195,0.0040710773624248586,-0.044170313681648705
6425.0,352.81,2025-11-19 15:00:15,0,2025-12-31,6642.16015625,0.1626984126984127,2512,0.045,in,6689.026206958043,0.0017846507381876209,0.18401713348834087,0.005509343341698018,-0.04027167326599132
6460.0,297.0,2025-11-19 08:25:38,0,2025-12-31,6642.16015625,0.1626984126984127,2512,0.045,in,6689.026206958043,0.0017846507381876209,0.14887474652763968,0.003605997207541379,-0.03483898625276441
6520.0,260.6,2025-10-17 15:57:46,0,2025-11-28,6642.16015625,0.1626984126984127,2511,0.045,in,6730.533831800775,-0.03623758672277255,0.15334600437013865,0.003825852695665674,-0.03178008579085347
6490.0,282.0,2025-11-19 14:40:21,0,2025-12-31,6642.16015625,0.1626984126984127,2512,0.045,in,6689.026206958043,0.0017846507381876209,0.15507290823400932,0.003912507466644018,-0.030205773331276206
6535.0,249.4,2025-10-17 15:59:01,0,2025-11-28,6642.16015625,0.1626984126984127,2511,0.045,in,6730.533831800775,-0.03623758672277255,0.15170306555841387,0.0037443120003676075,-0.02948211465322984
6500.0,272.32,2025-11-19 17:03:38,0,2025-12-31,6642.16015625,0.1626984126984127,2512,0.045,in,6689.026206958043,0.0017846507381876209,0.15187919539315298,0.0037530114671592584,-0.028666127145683427
6525.0,268.43,2025-11-19 20:37:41,0,2025-12-31,6642.16015625,0.1626984126984127,2512,0.045,in,6689.026206958043,0.0017846507381876209,0.16465531042933984,0.004410977068872513,-0.0248273508385178
6530.0,264.68,2025-11-19 20:37:41,0,2025-12-31,6642.16015625,0.1626984126984127,2512,0.045,in,6689.026206958043,0.0017846507381876209,0.16403775357499187,0.004377951462361588,-0.024061360758935106
6535.0,239.1,2025-11-19 14:32:14,0,2025-12-31,6642.16015625,0.1626984126984127,2512,0.045,in,6689.026206958043,0.0017846507381876209,0.14113700548200234,0.0032408961387837185,-0.02329595697108954
6550.0,221.79,2025-11-19 17:43:35,0,2025-12-31,6642.16015625,0.1626984126984127,2512,0.045,in,6689.026206958043,0.0017846507381876209,0.133252243767304,0.002888899123928021,-0.02100325440011429
6575.0,267.26,2025-11-14 15:41:41,0,2025-12-26,6642.16015625,0.1626984126984127,2512,0.045,in,6689.026206958043,0.0017846507381876209,0.19311684164929363,0.006067693236795763,-0.017193725983446644
6575.0,214.8,2025-11-19 14:33:39,0,2025-12-31,6642.16015625,0.1626984126984127,2512,0.045,in,6689.026206958043,0.0017846507381876209,0.14184845479920516,0.003273652179705588,-0.017193725983446644
6580.0,212.8,2025-11-19 17:08:01,0,2025-12-31,6642.16015625,0.1626984126984127,2512,0.045,in,6689.026206958043,0.0017846507381876209,0.14284364143215805,0.0033197481817522087,-0.016433558710049066
6585.0,213.1,2025-11-19 14:36:16,0,2025-12-31,6642.16015625,0.1626984126984127,2512,0.045,in,6689.026206958043,0.0017846507381876209,0.1460576786108659,0.003470820098130932,-0.015673968852030432
6595.0,207.2,2025-11-19 14:35:37,0,2025-12-31,6642.16015625,0.1626984126984127,2512,0.045,in,6689.026206958043,0.0017846507381876209,0.1460199436237025,0.0034690269102009503,-0.014156517877996896
6600.0,205.0,2025-11-19 21:11:06,0,2025-12-31,6642.16015625,0.1626984126984127,2512,0.045,in,6689.026206958043,0.0017846507381876209,0.1466912317298493,0.00350099609572712,-0.013398655014894966
6610.0,190.39,2025-11-19 20:00:03,0,2025-12-31,6642.16015625,0.1626984126984127,2512,0.045,in,6689.026206958043,0.0017846507381876209,0.138117101508546,0.0031036892178333414,-0.011884650183679929
6615.0,189.0,2025-11-19 17:19:02,0,2025-12-31,6642.16015625,0.1626984126984127,2512,0.045,in,6689.026206958043,0.0017846507381876209,0.13951441495452122,0.0031668061554928403,-0.01112850648035585
6620.0,181.7,2025-11-19 18:49:05,0,2025-12-31,6642.16015625,0.1626984126984127,2512,0.045,in,6689.026206958043,0.0017846507381876209,0.13521338255460758,0.0029745595702230358,-0.010372934098358025
6625.0,180.5,2025-11-19 20:02:11,0,2025-12-31,6642.16015625,0.1626984126984127,2512,0.045,in,6689.026206958043,0.0017846507381876209,0.1367429305737406,0.0030422372680067003,-0.009617932174988972
6630.0,191.4,2025-11-19 20:20:58,0,2025-12-31,6642.16015625,0.1626984126984127,2512,0.045,in,6689.026206958043,0.0017846507381876209,0.14975762917497576,0.0036488938386527443,-0.008863499849503747
6635.0,172.4,2025-11-19 19:22:46,0,2025-12-31,6642.16015625,0.1626984126984127,2512,0.045,in,6689.026206958043,0.0017846507381876209,0.13427953166331077,0.0029336138792557193,-0.008109636263104065
6640.0,194.52,2025-11-19 15:10:15,0,2025-12-31,6642.16015625,0.1626984126984127,2512,0.045,in,6689.026206958043,0.0017846507381876209,0.15781850961380203,0.004052277623196788,-0.007356340558932423
6645.0,176.6,2025-11-19 20:59:36,0,2025-12-31,6642.16015625,0.1626984126984127,2512,0.045,out,6689.026206958043,0.0017846507381876209,0.14337810741109946,0.0033446370995092846,-0.006603611882066153
6650.0,167.56,2025-11-19 20:08:18,0,2025-12-31,6642.16015625,0.1626984126984127,2512,0.045,out,6689.026206958043,0.0017846507381876209,0.1373410443684704,0.003068908973004398,-0.005851449379512043
6655.0,185.6,2025-11-19 15:27:06,0,2025-12-31,6642.16015625,0.1626984126984127,2512,0.045,out,6689.026206958043,0.0017846507381876209,0.15682386693046202,0.004001360058729975,-0.00509985220019987
6660.0,162.3,2025-11-19 16:46:28,0,2025-12-31,6642.16015625,0.1626984126984127,2512,0.045,out,6689.026206958043,0.0017846507381876209,0.13732122374897077,0.003068023246700439,-0.004348819494977066
6665.0,177.3,2025-11-19 15:39:54,0,2025-12-31,6642.16015625,0.1626984126984127,2512,0.045,out,6689.026206958043,0.0017846507381876209,0.15384381126030106,0.0038507327332813514,-0.0035983504166028526
6670.0,153.2,2025-11-19 17:12:54,0,2025-12-31,6642.16015625,0.1626984126984127,2512,0.045,out,6689.026206958043,0.0017846507381876209,0.1335952575477362,0.002903791295274146,-0.0028484441197425044
6675.0,161.55,2025-11-19 20:44:37,0,2025-12-31,6642.16015625,0.1626984126984127,2512,0.045,out,6689.026206958043,0.0017846507381876209,0.14380000847334504,0.003364349761564676,-0.002099099760961637
6680.0,170.4,2025-11-19 15:33:50,0,2025-12-31,6642.16015625,0.1626984126984127,2512,0.045,out,6689.026206958043,0.0017846507381876209,0.15443008075005493,0.003880137474044476,-0.001350316498720516
6690.0,162.16,2025-11-19 15:10:15,0,2025-12-31,6642.16015625,0.1626984126984127,2512,0.045,out,6689.026206958043,0.0017846507381876209,0.15130059345079913,0.0037244708441314446,0.00014557009286218837
6700.0,140.0,2025-11-19 21:01:31,0,2025-12-31,6642.16015625,0.1626984126984127,2512,0.045,out,6689.026206958043,0.0017846507381876209,0.13506176917367813,0.0029678926237511126,0.0016392223496454624
6710.0,188.5,2025-11-14 19:33:54,0,2025-12-26,6642.16015625,0.1626984126984127,2512,0.045,out,6689.026206958043,0.0017846507381876209,0.18484372962198758,0.005558949919060415,0.003130646936315492
6710.0,122.79,2025-11-19 19:27:51,0,2025-12-31,6642.16015625,0.1626984126984127,2512,0.045,out,6689.026206958043,0.0017846507381876209,0.12335601336531643,0.002475733918129957,0.003130646936315492
6715.0,148.16,2025-11-19 15:30:36,0,2025-12-31,6642.16015625,0.1626984126984127,2512,0.045,out,6689.026206958043,0.0017846507381876209,0.14926750627484833,0.0036250489111507435,0.0038755259279260653
6740.0,120.1,2025-11-19 16:20:23,0,2025-12-31,6642.16015625,0.1626984126984127,2512,0.045,out,6689.026206958043,0.0017846507381876209,0.13343200344273473,0.0028966987351286546,0.007591620876940895
6745.0,120.1,2025-11-19 20:35:43,0,2025-12-31,6642.16015625,0.1626984126984127,2512,0.045,out,6689.026206958043,0.0017846507381876209,0.13545630194237118,0.0029852571395714927,0.008333185612444314
6750.0,113.18,2025-11-19 21:01:27,0,2025-12-31,6642.16015625,0.1626984126984127,2512,0.045,out,6689.026206958043,0.0017846507381876209,0.13092774976860294,0.0027889885001518505,0.009074200837163666
6755.0,124.5,2025-11-19 15:25:42,0,2025-12-31,6642.16015625,0.1626984126984127,2512,0.045,out,6689.026206958043,0.0017846507381876209,0.1436047999088503,0.003355221749330549,0.00981466736488727
6760.0,124.8,2025-11-19 15:17:48,0,2025-12-31,6642.16015625,0.1626984126984127,2512,0.045,out,6689.026206958043,0.0017846507381876209,0.14586390382538275,0.003461616730184131,0.010554586007597913
6765.0,117.8,2025-11-19 14:59:59,0,2025-12-31,6642.16015625,0.1626984126984127,2512,0.045,out,6689.026206958043,0.0017846507381876209,0.14118985786889546,0.0032433238673277576,0.011293957575476432
6770.0,96.92,2025-11-19 19:52:40,0,2025-12-31,6642.16015625,0.1626984126984127,2512,0.045,out,6689.026206958043,0.0017846507381876209,0.12322210256877869,0.0024703617024614895,0.012032782876908796
6775.0,99.8,2025-11-19 21:02:50,0,2025-12-31,6642.16015625,0.1626984126984127,2512,0.045,out,6689.026206958043,0.0017846507381876209,0.1278590427561446,0.002659783045219135,0.01277106271848965
6785.0,94.2,2025-11-19 17:54:25,0,2025-12-31,6642.16015625,0.1626984126984127,2512,0.045,out,6689.026206958043,0.0017846507381876209,0.12618177366548888,0.0025904580961115683,0.014245989239557715
6790.0,105.45,2025-11-19 15:10:15,0,2025-12-31,6642.16015625,0.1626984126984127,2512,0.045,out,6689.026206958043,0.0017846507381876209,0.13885469263450728,0.0031369271917919173,0.014982637523329892
6800.0,92.22,2025-11-19 20:52:54,0,2025-12-31,6642.16015625,0.1626984126984127,2512,0.045,out,6689.026206958043,0.0017846507381876209,0.12968111917481148,0.0027361305535226112,0.016454308134786128
6820.0,82.28,2025-11-19 17:01:44,0,2025-12-31,6642.16015625,0.1626984126984127,2512,0.045,out,6689.026206958043,0.0017846507381876209,0.12687487953781817,0.0026189945927268684,0.019391167808095806
6825.0,76.3,2025-11-19 20:10:36,0,2025-12-31,6642.16015625,0.1626984126984127,2512,0.045,out,6689.026206958043,0.0017846507381876209,0.12258761874299831,0.0024449868850485203,0.020124037023748605
6835.0,72.44,2025-11-19 18:58:22,0,2025-12-31,6642.16015625,0.1626984126984127,2512,0.045,out,6689.026206958043,0.0017846507381876209,0.12199133904838434,0.0024212593607759224,0.021588166128638037
6840.0,73.0,2025-11-19 20:47:22,0,2025-12-31,6642.16015625,0.1626984126984127,2512,0.045,out,6689.026206958043,0.0017846507381876209,0.12419076658205429,0.0025093539947371826,0.022319427587184346
6845.0,65.9,2025-11-19 18:29:54,0,2025-12-31,6642.16015625,0.1626984126984127,2512,0.045,out,6689.026206958043,0.0017846507381876209,0.11850026231081835,0.002284661900305726,0.023050154693137346
6850.0,69.1,2025-11-19 20:58:29,0,2025-12-31,6642.16015625,0.1626984126984127,2512,0.045,out,6689.026206958043,0.0017846507381876209,0.1234007131444191,0.0024775284769309506,0.023780348226859156
6860.0,68.0,2025-11-19 20:22:36,0,2025-12-31,6642.16015625,0.1626984126984127,2512,0.045,out,6689.026206958043,0.0017846507381876209,0.1254119253491254,0.002558945205598249,0.02523913769051907
6865.0,61.78,2025-11-19 18:59:48,0,2025-12-31,6642.16015625,0.1626984126984127,2512,0.045,out,6689.026206958043,0.0017846507381876209,0.12041078869845216,0.002358924918390139,0.02596773517265947
6870.0,64.5,2025-11-19 20:36:34,0,2025-12-31,6642.16015625,0.1626984126984127,2512,0.045,out,6689.026206958043,0.0017846507381876209,0.1248283021364545,0.0025351837523217018,0.026695802186983166
6885.0,54.33,2025-11-19 16:42:19,0,2025-12-31,6642.16015625,0.1626984126984127,2512,0.045,out,6689.026206958043,0.0017846507381876209,0.11833008482986843,0.002278104634958723,0.02887682813334323
6890.0,61.12,2025-11-19 15:45:04,0,2025-12-31,6642.16015625,0.1626984126984127,2512,0.045,out,6689.026206958043,0.0017846507381876209,0.1272339235524926,0.0026338385849405672,0.02960278097829236
6895.0,50.7,2025-11-19 18:51:55,0,2025-12-31,6642.16015625,0.1626984126984127,2512,0.045,out,6689.026206958043,0.0017846507381876209,0.11716843702018227,0.002233595825332735,0.030328207197990176
6905.0,44.75,2025-11-19 19:52:15,0,2025-12-31,6642.16015625,0.1626984126984127,2512,0.045,out,6689.026206958043,0.0017846507381876209,0.11314780614789034,0.0020829343947591406,0.03177748281398068
6930.0,40.0,2025-11-19 17:13:54,0,2025-12-31,6642.16015625,0.1626984126984127,2512,0.045,out,6689.026206958043,0.0017846507381876209,0.11420573786864241,0.0021220673533609664,0.03539150915453695
6935.0,36.5,2025-11-19 17:38:14,0,2025-12-31,6642.16015625,0.1626984126984127,2512,0.045,out,6689.026206958043,0.0017846507381876209,0.11114803501994863,0.0020099575922247017,0.03611274971952009
6940.0,37.5,2025-11-19 17:14:30,0,2025-12-31,6642.16015625,0.1626984126984127,2512,0.045,out,6689.026206958043,0.0017846507381876209,0.1137031802389511,0.0021034323057718546,0.036833470471438194
6950.0,37.5,2025-11-19 21:05:24,0,2025-12-31,6642.16015625,0.1626984126984127,2512,0.045,out,6689.026206958043,0.0017846507381876209,0.11627495386539669,0.0021996605585412905,0.03827335552942581
6965.0,31.39,2025-11-19 20:00:03,0,2025-12-31,6642.16015625,0.1626984126984127,2512,0.045,out,6689.026206958043,0.0017846507381876209,0.11199220074852627,0.0020406046593985177,0.04042930318449414
6970.0,34.2,2025-11-19 20:21:25,0,2025-12-31,6642.16015625,0.1626984126984127,2512,0.045,out,6689.026206958043,0.0017846507381876209,0.11700829408181412,0.002227494350164239,0.041146920725157736
6975.0,32.49,2025-11-19 20:52:19,0,2025-12-31,6642.16015625,0.1626984126984127,2512,0.045,out,6689.026206958043,0.0017846507381876209,0.11593406010905465,0.002186781579476848,0.04186402366015443
6980.0,30.84,2025-11-19 20:25:04,0,2025-12-31,6642.16015625,0.1626984126984127,2512,0.045,out,6689.026206958043,0.0017846507381876209,0.11487824804077357,0.0021471328840857833,0.042580612727006306
6985.0,27.66,2025-11-19 17:05:28,0,2025-12-31,6642.16015625,0.1626984126984127,2512,0.045,out,6689.026206958043,0.0017846507381876209,0.11156333482946226,0.0020250058920995993,0.04329668866165023
6990.0,29.3,2025-11-19 20:52:19,0,2025-12-31,6642.16015625,0.1626984126984127,2512,0.045,out,6689.026206958043,0.0017846507381876209,0.11509947404071648,0.0021554104996128263,0.04401225219844407
6995.0,27.74,2025-11-19 16:10:27,0,2025-12-31,6642.16015625,0.1626984126984127,2512,0.045,out,6689.026206958043,0.0017846507381876209,0.11402515035106808,0.0021153616326029007,0.04472730407016957
7005.0,23.84,2025-11-19 19:55:08,0,2025-12-31,6642.16015625,0.1626984126984127,2512,0.045,out,6689.026206958043,0.0017846507381876209,0.11045528849579109,0.0019849809564453412,0.04615587574169537
7010.0,22.7,2025-11-19 19:12:06,0,2025-12-31,6642.16015625,0.1626984126984127,2512,0.045,out,6689.026206958043,0.0017846507381876209,0.10978649237061523,0.0019610159928125774,0.046869396999223864
7015.0,21.89,2025-11-19 17:34:34,0,2025-12-31,6642.16015625,0.1626984126984127,2512,0.045,out,6689.026206958043,0.0017846507381876209,0.10959719575490383,0.00195425935718606,0.0475824095071495
7020.0,20.11,2025-11-19 19:45:34,0,2025-12-31,6642.16015625,0.1626984126984127,2512,0.045,out,6689.026206958043,0.0017846507381876209,0.10775572006174532,0.0018891392993929926,0.048294913990444874
7025.0,23.2,2025-11-19 20:21:25,0,2025-12-31,6642.16015625,0.1626984126984127,2512,0.045,out,6689.026206958043,0.0017846507381876209,0.11392062008169672,0.0021114849796497206,0.04900691117253468
7030.0,19.94,2025-11-19 19:55:08,0,2025-12-31,6642.16015625,0.1626984126984127,2512,0.045,out,6689.026206958043,0.0017846507381876209,0.10962936559587373,0.0019554067850758076,0.04971840177529864
7035.0,19.6,2025-11-19 18:27:06,0,2025-12-31,6642.16015625,0.1626984126984127,2512,0.045,out,6689.026206958043,0.0017846507381876209,0.11011905347905562,0.0019729144583493954,0.05042938651907758
7040.0,23.75,2025-11-19 15:13:52,0,2025-12-31,6642.16015625,0.1626984126984127,2512,0.045,out,6689.026206958043,0.0017846507381876209,0.11811924850407324,0.002269993776007331,0.05113986612267612
7065.0,15.6,2025-11-19 20:05:16,0,2025-12-31,6642.16015625,0.1626984126984127,2512,0.045,out,6689.026206958043,0.0017846507381876209,0.10902284773503185,0.0019338302954702122,0.05468471208921591
7070.0,16.23,2025-11-19 20:18:03,0,2025-12-31,6642.16015625,0.1626984126984127,2512,0.045,out,6689.026206958043,0.0017846507381876209,0.11126097373573388,0.0020140443465935325,0.05539217586120663
7075.0,15.03,2025-11-19 20:15:06,0,2025-12-31,6642.16015625,0.1626984126984127,2512,0.045,out,6689.026206958043,0.0017846507381876209,0.10990139231601202,0.0019651228466385615,0.05609913948202645
7080.0,15.29,2025-11-19 20:25:04,0,2025-12-31,6642.16015625,0.1626984126984127,2512,0.045,out,6689.026206958043,0.0017846507381876209,0.11142194769952186,0.002019876458711724,0.05680560365835362
7085.0,15.1,2025-11-19 20:20:05,0,2025-12-31,6642.16015625,0.1626984126984127,2512,0.045,out,6689.026206958043,0.0017846507381876209,0.11203474407734282,0.00204215531388692,0.05751156909536887
7095.0,13.79,2025-11-19 16:10:27,0,2025-12-31,6642.16015625,0.1626984126984127,2512,0.045,out,6689.026206958043,0.0017846507381876209,0.11127872944173028,0.0020146872248920566,0.05892200656473107
7105.0,12.53,2025-11-19 16:24:28,0,2025-12-31,6642.16015625,0.1626984126984127,2512,0.045,out,6689.026206958043,0.0017846507381876209,0.11044592524265998,0.0019846444385357015,0.06033045750178903
7110.0,12.15,2025-11-19 20:57:29,0,2025-12-31,6642.16015625,0.1626984126984127,2512,0.045,out,6689.026206958043,0.0017846507381876209,0.11053218972693514,0.001987745887297931,0.061033939767874676
7115.0,11.6,2025-11-19 20:59:28,0,2025-12-31,6642.16015625,0.1626984126984127,2512,0.045,out,6689.026206958043,0.0017846507381876209,0.11019422927109483,0.001975609106153473,0.061736927494540746
7120.0,11.37,2025-11-19 20:35:43,0,2025-12-31,6642.16015625,0.1626984126984127,2512,0.045,out,6689.026206958043,0.0017846507381876209,0.11058252677512301,0.001989556763280963,0.06243942137660955
7125.0,12.63,2025-11-19 15:11:03,0,2025-12-31,6642.16015625,0.1626984126984127,2512,0.045,out,6689.026206958043,0.0017846507381876209,0.11447105320067442,0.002131938503395782,0.06314142210743946
7130.0,9.05,2025-11-19 19:33:09,0,2025-12-31,6642.16015625,0.1626984126984127,2512,0.045,out,6689.026206958043,0.0017846507381876209,0.10651690861840149,0.0018459520820891136,0.0638429303789297
7135.0,10.1,2025-11-19 21:06:07,0,2025-12-31,6642.16015625,0.1626984126984127,2512,0.045,out,6689.026206958043,0.0017846507381876209,0.11019153382580903,0.0019755124571518294,0.06454394688152497
7140.0,8.99,2025-11-19 17:34:34,0,2025-12-31,6642.16015625,0.1626984126984127,2512,0.045,out,6689.026206958043,0.0017846507381876209,0.10814107917731766,0.0019026754493294857,0.06524447230421813
7145.0,10.85,2025-11-19 14:59:15,0,2025-12-31,6642.16015625,0.1626984126984127,2512,0.045,out,6689.026206958043,0.0017846507381876209,0.11392293925482574,0.0021115709509000294,0.06594450733455594
7150.0,9.0,2025-11-19 20:57:53,0,2025-12-31,6642.16015625,0.1626984126984127,2512,0.045,out,6689.026206958043,0.0017846507381876209,0.10994701290148771,0.001966754648747445,0.06664405265864139
5600.0,1329.7,2025-10-29 15:47:48,0,2025-12-11,6642.16015625,0.16666666666666666,2512,0.045,in,6689.026206958043,0.0028135876253736203,0.6565698460604574,0.07184732712597545,-0.17770170630617133
5740.0,945.41,2025-11-18 20:39:53,0,2025-12-31,6642.16015625,0.16666666666666666,2512,0.045,in,6689.026206958043,0.0028135876253736203,0.13886414221565688,0.0032138749988816964,-0.15300909371579974
5800.0,930.28,2025-10-22 19:27:44,0,2025-12-04,6642.16015625,0.16666666666666666,2512,0.045,in,6689.026206958043,0.0028135876253736203,0.29902963189652626,0.014903120125362,-0.14261038649490115
5905.0,785.12,2025-11-18 20:50:34,0,2025-12-31,6642.16015625,0.16666666666666666,2512,0.045,in,6689.026206958043,0.0028135876253736203,0.15690414187290816,0.004103151622812282,-0.12466885439794928
6015.0,676.82,2025-10-16 19:48:58,0,2025-11-28,6642.16015625,0.16666666666666666,2511,0.045,in,6730.533831800775,-0.03430335846746846,0.14205967486238175,0.0033634918703342696,-0.11239811230277283
6035.0,652.92,2025-10-16 19:29:50,0,2025-11-28,6642.16015625,0.16666666666666666,2511,0.045,in,6730.533831800775,-0.03430335846746846,0.10419471629217017,0.0018094231505343052,-0.10907860717992028
6000.0,738.57,2025-10-22 19:27:21,0,2025-12-04,6642.16015625,0.16666666666666666,2512,0.045,in,6689.026206958043,0.0028135876253736203,0.2582811700569273,0.0111181938009959,-0.10870883481921988
6055.0,634.77,2025-10-16 19:29:50,0,2025-11-28,6642.16015625,0.16666666666666666,2511,0.045,in,6730.533831800775,-0.03430335846746846,0.12018083228574605,0.0024072387414824366,-0.10577008472435948
6020.0,687.17,2025-11-18 20:23:28,0,2025-12-31,6642.16015625,0.16666666666666666,2512,0.045,in,6689.026206958043,0.0028135876253736203,0.19166512463876956,0.006122586667132512,-0.10538104472654512
6300.0,465.5,2025-10-22 19:30:04,0,2025-12-04,6642.16015625,0.16666666666666666,2512,0.045,in,6689.026206958043,0.0028135876253736203,0.2074851770409505,0.007175016448619096,-0.059918670649787904
6340.0,399.0,2025-11-18 16:35:31,0,2025-12-31,6642.16015625,0.16666666666666666,2512,0.045,in,6689.026206958043,0.0028135876253736203,0.1615248628855882,0.0043483802217013446,-0.053589535598140316
6350.0,368.0,2025-11-18 15:02:50,0,2025-12-31,6642.16015625,0.16666666666666666,2512,0.045,in,6689.026206958043,0.0028135876253736203,0.1287239271925302,0.0027616415719779693,-0.05201349114267462
6360.0,374.96,2025-11-18 20:59:39,0,2025-12-31,6642.16015625,0.16666666666666666,2512,0.045,in,6689.026206958043,0.0028135876253736203,0.15027112218025465,0.0037635683602188367,-0.050439926695244025
6430.0,306.22,2025-11-18 15:02:50,0,2025-12-31,6642.16015625,0.16666666666666666,2512,0.045,in,6689.026206958043,0.0028135876253736203,0.13116733319134583,0.002867478216088255,-0.039493765797746806
6440.0,311.66,2025-11-18 20:59:39,0,2025-12-31,6642.16015625,0.16666666666666666,2512,0.045,in,6689.026206958043,0.0028135876253736203,0.1465682169875505,0.0035803737051516137,-0.0379397639310126
6450.0,312.3,2025-11-18 16:45:00,0,2025-12-31,6642.16015625,0.16666666666666666,2512,0.045,in,6689.026206958043,0.0028135876253736203,0.1554005495097434,0.004024888464655036,-0.036388173239593744
6455.0,293.33,2025-11-18 16:20:03,0,2025-12-31,6642.16015625,0.16666666666666666,2512,0.045,in,6689.026206958043,0.0028135876253736203,0.13792980555963888,0.003170771876953298,-0.035613279748669055
6470.0,310.2,2025-11-18 18:14:20,0,2025-12-31,6642.16015625,0.16666666666666666,2512,0.045,in,6689.026206958043,0.0028135876253736203,0.16805049210986586,0.004706827983061348,-0.03329219553446571
6475.0,296.6,2025-11-18 17:44:04,0,2025-12-31,6642.16015625,0.16666666666666666,2512,0.045,in,6689.026206958043,0.0028135876253736203,0.15714112766250704,0.0041155556671740555,-0.03251969646167335
6480.0,285.56,2025-11-18 20:46:39,0,2025-12-31,6642.16015625,0.16666666666666666,2512,0.045,in,6689.026206958043,0.0028135876253736203,0.14892754939520106,0.003696569161476675,-0.03174779368309149
6485.0,296.2,2025-11-18 18:15:18,0,2025-12-31,6642.16015625,0.16666666666666666,2512,0.045,in,6689.026206958043,0.0028135876253736203,0.16384391237768664,0.00447413793720451,-0.030976486278867617
6495.0,255.8,2025-11-18 15:53:39,0,2025-12-31,6642.16015625,0.16666666666666666,2512,0.045,in,6689.026206958043,0.0028135876253736203,0.1277791634201333,0.0027212524340581882,-0.029435653924711983
6545.0,250.6,2025-11-18 19:21:05,0,2025-12-31,6642.16015625,0.16666666666666666,2512,0.045,in,6689.026206958043,0.0028135876253736203,0.1566230404448279,0.004088462799697032,-0.02176690468541158
6560.0,244.0,2025-11-18 19:48:37,0,2025-12-31,6642.16015625,0.16666666666666666,2512,0.045,in,6689.026206958043,0.0028135876253736203,0.15915845661384606,0.004221902385283586,-0.019477701091277187
6565.0,225.94,2025-11-18 17:04:10,0,2025-12-31,6642.16015625,0.16666666666666666,2512,0.045,in,6689.026206958043,0.0028135876253736203,0.1444108790118526,0.003475750329495988,-0.018715796292515362
6570.0,205.8,2025-11-18 15:18:14,0,2025-12-31,6642.16015625,0.16666666666666666,2512,0.045,in,6689.026206958043,0.0028135876253736203,0.1275507895480286,0.0027115339857209132,-0.017954471550755736
6590.0,218.5,2025-11-18 19:17:19,0,2025-12-31,6642.16015625,0.16666666666666666,2512,0.045,in,6689.026206958043,0.0028135876253736203,0.1516754701778386,0.0038342413756114017,-0.014914955532858957
6600.0,379.35,2025-10-29 15:47:48,0,2025-12-11,6642.16015625,0.16666666666666666,2512,0.045,in,6689.026206958043,0.0028135876253736203,0.308869275190795,0.015900038192814506,-0.013398655014894966
6605.0,209.7,2025-11-18 19:20:50,0,2025-12-31,6642.16015625,0.16666666666666666,2512,0.045,in,6689.026206958043,0.0028135876253736203,0.15150292518820052,0.0038255227234302476,-0.012641366072986196
6685.0,157.2,2025-11-18 14:36:33,0,2025-12-31,6642.16015625,0.16666666666666666,2512,0.045,out,6689.026206958043,0.0028135876253736203,0.14209994533037318,0.0033653990771491745,-0.0006020934933683833
6695.0,154.4,2025-11-18 19:20:36,0,2025-12-31,6642.16015625,0.16666666666666666,2512,0.045,out,6689.026206958043,0.0028135876253736203,0.14401378316095395,0.003456661623388377,0.0008926750958610369
6705.0,149.3,2025-11-18 18:08:31,0,2025-12-31,6642.16015625,0.16666666666666666,2512,0.045,out,6689.026206958043,0.0028135876253736203,0.14370643460511784,0.003441923224485835,0.0023852126863670342
6735.0,121.01,2025-11-18 16:40:46,0,2025-12-31,6642.16015625,0.16666666666666666,2512,0.045,out,6689.026206958043,0.0028135876253736203,0.1301704945179917,0.002824059607176418,0.006849505815052437
6780.0,91.1,2025-11-18 16:15:54,0,2025-12-31,6642.16015625,0.16666666666666666,2512,0.045,out,6689.026206958043,0.0028135876253736203,0.11946300457215882,0.0023785682435679394,0.013508797905029353
6805.0,98.6,2025-11-18 18:41:42,0,2025-12-31,6642.16015625,0.16666666666666666,2512,0.045,out,6689.026206958043,0.0028135876253736203,0.1355941465975835,0.003064295431921161,0.017189332056154607
6810.0,83.01,2025-11-18 14:55:04,0,2025-12-31,6642.16015625,0.16666666666666666,2512,0.045,out,6689.026206958043,0.0028135876253736203,0.12226358854052982,0.002491397513801329,0.01792381611414609
6830.0,80.3,2025-11-18 19:35:02,0,2025-12-31,6642.16015625,0.16666666666666666,2512,0.045,out,6689.026206958043,0.0028135876253736203,0.12633281190799744,0.0026599965607635766,0.02085636953542375
6855.0,69.03,2025-11-18 16:38:51,0,2025-12-31,6642.16015625,0.16666666666666666,2512,0.045,out,6689.026206958043,0.0028135876253736203,0.12303397088352622,0.002522892998561396,0.02451000896700283
6850.0,98.09,2025-11-20 03:55:28,0,2026-01-02,6642.16015625,0.16666666666666666,2601,0.045,out,6668.195673400695,0.0215275543146417,0.15050455204878732,0.0037752700312343552,0.0268993426750704
6880.0,54.07,2025-11-18 15:18:13,0,2025-12-31,6642.16015625,0.16666666666666666,2512,0.045,out,6689.026206958043,0.0028135876253736203,0.1148258521492703,0.002197496053634347,0.02815034789797747
6870.0,89.02,2025-11-20 03:51:27,0,2026-01-02,6642.16015625,0.16666666666666666,2601,0.045,out,6668.195673400695,0.0215275543146417,0.1480257759961408,0.0036519383932099424,0.029814796635194644
6910.0,51.15,2025-11-18 17:45:39,0,2025-12-31,6642.16015625,0.16666666666666666,2512,0.045,out,6689.026206958043,0.0028135876253736203,0.1201267611935277,0.0024050731258078058,0.03250133373230365
6915.0,47.2,2025-11-18 20:55:35,0,2025-12-31,6642.16015625,0.16666666666666666,2512,0.045,out,6689.026206958043,0.0028135876253736203,0.11700902588366183,0.002281852023040574,0.03322466106944675
6920.0,43.62,2025-11-18 21:06:48,0,2025-12-31,6642.16015625,0.16666666666666666,2512,0.045,out,6689.026206958043,0.0028135876253736203,0.1141956714665053,0.002173441896947669,0.0339474655823033
6945.0,41.75,2025-11-18 14:51:40,0,2025-12-31,6642.16015625,0.16666666666666666,2512,0.045,out,6689.026206958043,0.0028135876253736203,0.11854408420645775,0.002342116650057957,0.03755367215903225
6955.0,36.39,2025-11-18 17:12:52,0,2025-12-31,6642.16015625,0.16666666666666666,2512,0.045,out,6689.026206958043,0.0028135876253736203,0.1144227292496488,0.0021820934948230727,0.03899252132813137
6960.0,35.26,2025-11-18 17:12:52,0,2025-12-31,6642.16015625,0.16666666666666666,2512,0.045,out,6689.026206958043,0.0028135876253736203,0.11422007669190443,0.002174370986584088,0.039711170299053515
7000.0,40.74,2025-11-20 03:13:44,0,2026-01-02,6642.16015625,0.16666666666666666,2601,0.045,out,6668.195673400695,0.0215275543146417,0.13117935555898155,0.0028680038874782836,0.04856083945624994
7045.0,22.12,2025-11-18 19:57:18,0,2025-12-31,6642.16015625,0.16666666666666666,2512,0.045,out,6689.026206958043,0.0028135876253736203,0.11487700356711034,0.0021994543247596467,0.05184984130336873
7055.0,19.3,2025-11-18 20:37:08,0,2025-12-31,6642.16015625,0.16666666666666666,2512,0.045,out,6689.026206958043,0.0028135876253736203,0.11221368798960275,0.002098651962037986,0.05326828125750249
7050.0,28.82,2025-11-20 03:13:44,0,2026-01-02,6642.16015625,0.16666666666666666,2601,0.045,out,6668.195673400695,0.0215275543146417,0.1264596560363055,0.0026653407674701157,0.055678307225113764
7090.0,17.99,2025-11-18 14:45:10,0,2025-12-31,6642.16015625,0.16666666666666666,2512,0.045,out,6689.026206958043,0.0028135876253736203,0.11701595818181836,0.0022821224115348437,0.05821703649676134
5850.0,981.16,2025-11-05 15:29:54,0,2025-12-19,6642.16015625,0.17063492063492064,2512,0.045,in,6689.026206958043,0.0037946669829230784,0.43253441093050826,0.03192340760109951,-0.1340266428035098
6000.0,714.88,2025-11-19 16:01:05,0,2026-01-02,6642.16015625,0.17063492063492064,2601,0.045,in,6668.195673400695,0.022073425144533754,0.20968594264856535,0.00750250938654742,-0.10558984037100848
6025.0,692.03,2025-11-19 16:01:05,0,2026-01-02,6642.16015625,0.17063492063492064,2601,0.045,in,6668.195673400695,0.022073425144533754,0.20782031250003222,0.007369599755425695,-0.10143183022234475
6075.0,685.67,2025-11-17 18:04:35,0,2025-12-31,6642.16015625,0.17063492063492064,2512,0.045,in,6689.026206958043,0.0037946669829230784,0.26595411794028606,0.012069279732238137,-0.09628631482066276
6080.0,680.56,2025-11-17 18:05:16,0,2025-12-31,6642.16015625,0.17063492063492064,2512,0.045,in,6689.026206958043,0.0037946669829230784,0.26430937794147735,0.011920461240142304,-0.09546360806919917
6100.0,623.71,2025-11-17 19:41:32,0,2025-12-31,6642.16015625,0.17063492063492064,2512,0.045,in,6689.026206958043,0.0037946669829230784,0.2010904246832111,0.006900025526463453,-0.09217953286800928
6250.0,491.42,2025-11-19 14:46:20,0,2026-01-02,6642.16015625,0.17063492063492064,2601,0.045,in,6668.195673400695,0.022073425144533754,0.18770802085303134,0.006012202170556223,-0.06476784585075329
6275.0,478.68,2025-11-17 20:51:40,0,2025-12-31,6642.16015625,0.17063492063492064,2512,0.045,in,6689.026206958043,0.0037946669829230784,0.19683993496586694,0.006611413809074481,-0.06389481902942727
6280.0,472.01,2025-11-17 20:52:49,0,2025-12-31,6642.16015625,0.17063492063492064,2512,0.045,in,6689.026206958043,0.0037946669829230784,0.1931794167369363,0.006367802949148353,-0.06309832356716756
6325.0,435.79,2025-11-17 19:31:13,0,2025-12-31,6642.16015625,0.17063492063492064,2512,0.045,in,6689.026206958043,0.0037946669829230784,0.19053770952148077,0.006194835739034778,-0.05595826943369091
6375.0,395.14,2025-11-17 19:31:13,0,2025-12-31,6642.16015625,0.17063492063492064,2512,0.045,in,6689.026206958043,0.0037946669829230784,0.18579746662185168,0.005890436666401658,-0.04808421300278499
6380.0,570.81,2025-10-29 20:03:08,0,2025-12-12,6642.16015625,0.17063492063492064,2512,0.045,in,6689.026206958043,0.0037946669829230784,0.3709366618498681,0.02347834248208693,-0.04730020669057633
6410.0,387.67,2025-11-17 16:24:04,0,2025-12-31,6642.16015625,0.17063492063492064,2512,0.045,in,6689.026206958043,0.0037946669829230784,0.20444587769429232,0.007132218360976785,-0.04260903311469623
6460.0,318.6,2025-11-19 14:51:29,0,2026-01-02,6642.16015625,0.17063492063492064,2601,0.045,in,6668.195673400695,0.022073425144533754,0.1670009231311156,0.0047588899128798625,-0.03171999180455295
6475.0,297.9,2025-11-19 19:01:44,0,2026-01-02,6642.16015625,0.17063492063492064,2601,0.045,in,6668.195673400695,0.022073425144533754,0.1558480547616574,0.004144486093010635,-0.02940070201346194
6500.0,279.0,2025-11-19 16:35:05,0,2026-01-02,6642.16015625,0.17063492063492064,2601,0.045,in,6668.195673400695,0.022073425144533754,0.15362139333071567,0.004026904353259641,-0.02554713269747205
6525.0,256.6,2025-11-19 07:20:08,0,2026-01-02,6642.16015625,0.17063492063492064,2601,0.045,in,6668.195673400695,0.022073425144533754,0.1474386712930535,0.0037092895122397868,-0.021708356390306337
6550.0,238.6,2025-11-19 17:58:18,0,2026-01-02,6642.16015625,0.17063492063492064,2601,0.045,in,6668.195673400695,0.022073425144533754,0.1453286287349883,0.0036038795404351545,-0.017884259951902865
6560.0,237.4,2025-11-19 18:15:14,0,2026-01-02,6642.16015625,0.17063492063492064,2601,0.045,in,6668.195673400695,0.022073425144533754,0.150202294048263,0.003849648225819512,-0.016358706643065754
6590.0,222.6,2025-11-19 16:04:36,0,2026-01-02,6642.16015625,0.17063492063492064,2601,0.045,in,6668.195673400695,0.022073425144533754,0.15314585053340724,0.004002011968376311,-0.01179596108464761
6600.0,204.5,2025-11-19 17:31:45,0,2026-01-02,6642.16015625,0.17063492063492064,2601,0.045,in,6668.195673400695,0.022073425144533754,0.1414780777532397,0.003415436503350495,-0.010279660566683611
6625.0,188.25,2025-11-19 17:10:05,0,2026-01-02,6642.16015625,0.17063492063492064,2601,0.045,in,6668.195673400695,0.022073425144533754,0.13953144405422407,0.003322095344578785,-0.006498937726777538
6640.0,178.68,2025-11-19 17:10:05,0,2026-01-02,6642.16015625,0.17063492063492064,2601,0.045,in,6668.195673400695,0.022073425144533754,0.13827163469776785,0.0032623767197051475,-0.0042373461107209215
6650.0,173.2,2025-11-19 17:19:35,0,2026-01-02,6642.16015625,0.17063492063492064,2601,0.045,out,6668.195673400695,0.022073425144533754,0.13815225928524397,0.0032567460716727897,-0.0027324549313006443
6660.0,190.32,2025-11-19 15:09:06,0,2026-01-02,6642.16015625,0.17063492063492064,2601,0.045,out,6668.195673400695,0.022073425144533754,0.15871577162826578,0.004298412440606747,-0.0012298250467656583
6670.0,169.9,2025-11-19 14:50:39,0,2026-01-02,6642.16015625,0.17063492063492064,2601,0.045,out,6668.195673400695,0.022073425144533754,0.1446557600278984,0.0035705850122924763,0.00027055032846902297
6675.0,180.48,2025-11-19 15:09:06,0,2026-01-02,6642.16015625,0.17063492063492064,2601,0.045,out,6668.195673400695,0.022073425144533754,0.15666231206887574,0.00418790651182115,0.001019894687249728
6710.0,138.4,2025-11-19 16:51:49,0,2026-01-02,6642.16015625,0.17063492063492064,2601,0.045,out,6668.195673400695,0.022073425144533754,0.1336984646153429,0.003050146888656763,0.006249641384527054
6720.0,140.43,2025-11-19 14:51:29,0,2026-01-02,6642.16015625,0.17063492063492064,2601,0.045,out,6668.195673400695,0.022073425144533754,0.13978051209144693,0.0033339660202520915,0.007738844935994683
6730.0,135.3,2025-11-19 14:51:20,0,2026-01-02,6642.16015625,0.17063492063492064,2601,0.045,out,6668.195673400695,0.022073425144533754,0.13922660538189965,0.003307595431687262,0.009225834057573044
6760.0,112.3,2025-11-19 16:42:23,0,2026-01-02,6642.16015625,0.17063492063492064,2601,0.045,out,6668.195673400695,0.022073425144533754,0.12995498730979035,0.0028817335128871993,0.013673580455809407
6775.0,114.0,2025-11-19 20:37:33,0,2026-01-02,6642.16015625,0.17063492063492064,2601,0.045,out,6668.195673400695,0.022073425144533754,0.13719240966462717,0.0032116490579056993,0.01589005716670121
6780.0,110.62,2025-11-19 12:34:17,0,2026-01-02,6642.16015625,0.17063492063492064,2601,0.045,out,6668.195673400695,0.022073425144533754,0.1359001693192862,0.0031514317813629298,0.016627792353240863
6790.0,116.0,2025-11-19 15:15:53,0,2026-01-02,6642.16015625,0.17063492063492064,2601,0.045,out,6668.195673400695,0.022073425144533754,0.14458750316227428,0.0035672161946036867,0.018101631971541302
6815.0,99.8,2025-11-17 19:04:14,0,2025-12-31,6642.16015625,0.17063492063492064,2512,0.045,out,6689.026206958043,0.0037946669829230784,0.13819782147679624,0.003258894555635298,0.01865776110122113
6800.0,92.32,2025-11-19 18:17:04,0,2026-01-02,6642.16015625,0.17063492063492064,2601,0.045,out,6668.195673400695,0.022073425144533754,0.12587756506316722,0.0027037378555871887,0.019573302582997654
6825.0,86.55,2025-11-19 16:05:34,0,2026-01-02,6642.16015625,0.17063492063492064,2601,0.045,out,6668.195673400695,0.022073425144533754,0.12888064702932295,0.0028342837725554284,0.023243031471960097
6830.0,82.2,2025-11-19 16:15:02,0,2026-01-02,6642.16015625,0.17063492063492064,2601,0.045,out,6668.195673400695,0.022073425144533754,0.12631092809997213,0.0027223864046487384,0.023975363983635194
6840.0,78.05,2025-11-19 16:15:02,0,2026-01-02,6642.16015625,0.17063492063492064,2601,0.045,out,6668.195673400695,0.022073425144533754,0.1254923122566451,0.002687213407648137,0.02543842203539569
6880.0,67.52,2025-11-19 15:51:34,0,2026-01-02,6642.16015625,0.17063492063492064,2601,0.045,out,6668.195673400695,0.022073425144533754,0.12727026208619577,0.0027638966003731163,0.03126934234618885
6890.0,55.0,2025-11-19 17:42:01,0,2026-01-02,6642.16015625,0.17063492063492064,2601,0.045,out,6668.195673400695,0.022073425144533754,0.11699212560498053,0.002335507025807842,0.032721775426503855
6900.0,54.4,2025-11-19 18:04:46,0,2026-01-02,6642.16015625,0.17063492063492064,2601,0.045,out,6668.195673400695,0.022073425144533754,0.11917434140266761,0.0024234464956216736,0.03417210200415023
6910.0,55.5,2025-11-19 14:51:44,0,2026-01-02,6642.16015625,0.17063492063492064,2601,0.045,out,6668.195673400695,0.022073425144533754,0.12317941154139651,0.0025890722198033465,0.03562032818051516
6925.0,49.62,2025-11-19 20:31:00,0,2026-01-02,6642.16015625,0.17063492063492064,2601,0.045,out,6668.195673400695,0.022073425144533754,0.12075259984645935,0.002488060261492868,0.037788742474338756
6950.0,40.2,2025-11-19 21:02:17,0,2026-01-02,6642.16015625,0.17063492063492064,2601,0.045,out,6668.195673400695,0.022073425144533754,0.11623895166431066,0.0023055326865586184,0.04139234997763735
6960.0,37.05,2025-11-19 16:49:24,0,2026-01-02,6642.16015625,0.17063492063492064,2601,0.045,out,6668.195673400695,0.022073425144533754,0.11484601452225479,0.002250607552463398,0.04283016474726475
6970.0,34.88,2025-11-19 17:19:01,0,2026-01-02,6642.16015625,0.17063492063492064,2601,0.045,out,6668.195673400695,0.022073425144533754,0.11453358304002881,0.002238378931315272,0.04426591517336908
6975.0,34.3,2025-11-19 21:01:52,0,2026-01-02,6642.16015625,0.17063492063492064,2601,0.045,out,6668.195673400695,0.022073425144533754,0.1149910730043212,0.002256296489839129,0.04498301810836594
6990.0,30.4,2025-11-19 17:42:41,0,2026-01-02,6642.16015625,0.17063492063492064,2601,0.045,out,6668.195673400695,0.022073425144533754,0.11333237328006358,0.002191673626315642,0.04713124664665543
7025.0,23.62,2025-11-19 19:56:54,0,2026-01-02,6642.16015625,0.17063492063492064,2601,0.045,out,6668.195673400695,0.022073425144533754,0.11134956680387158,0.002115655631661206,0.05212590562074613
7075.0,17.3,2025-11-19 21:01:52,0,2026-01-02,6642.16015625,0.17063492063492064,2601,0.045,out,6668.195673400695,0.022073425144533754,0.11113131431775285,0.00210737011089532,0.05921813393023783
7100.0,14.92,2025-11-19 20:50:23,0,2026-01-02,6642.16015625,0.17063492063492064,2601,0.045,out,6668.195673400695,0.022073425144533754,0.11144628723371901,0.0021193326283403405,0.06274547444820627
7125.0,12.47,2025-11-19 20:50:23,0,2026-01-02,6642.16015625,0.17063492063492064,2601,0.045,out,6668.195673400695,0.022073425144533754,0.11094936338263439,0.0021004751313710704,0.06626041655565079
7150.0,10.88,2025-11-19 20:37:17,0,2026-01-02,6642.16015625,0.17063492063492064,2601,0.045,out,6668.195673400695,0.022073425144533754,0.11175237438052175,0.002130990106057241,0.06976304710685287
5775.0,1002.18,2025-10-21 13:36:43,0,2025-12-05,6642.16015625,0.1746031746031746,2512,0.045,in,6689.026206958043,0.004731151824220278,0.37548176121571586,0.024616699731146257,-0.14693004763941764
5800.0,977.93,2025-10-21 13:36:43,0,2025-12-05,6642.16015625,0.1746031746031746,2512,0.045,in,6689.026206958043,0.004731151824220278,0.36900167053304156,0.0237743581177449,-0.14261038649490115
5975.0,860.86,2025-11-04 06:12:29,0,2025-12-19,6642.16015625,0.1746031746031746,2512,0.045,in,6689.026206958043,0.004731151824220278,0.3906712222001989,0.026648635593799506,-0.11288420622970045
5980.0,836.52,2025-11-04 19:49:17,0,2025-12-19,6642.16015625,0.1746031746031746,2512,0.045,in,6689.026206958043,0.004731151824220278,0.36502146936760155,0.023264244509398593,-0.11204773608473446
6060.0,762.37,2025-11-04 20:03:43,0,2025-12-19,6642.16015625,0.1746031746031746,2512,0.045,in,6689.026206958043,0.004731151824220278,0.34592567552884274,0.02089381433160235,-0.09875850396605179
6125.0,795.42,2025-10-28 14:06:02,0,2025-12-12,6642.16015625,0.1746031746031746,2512,0.045,in,6689.026206958043,0.004731151824220278,0.43340353292120204,0.032797219775148795,-0.08808954761648422
6270.0,568.14,2025-11-04 19:47:33,0,2025-12-19,6642.16015625,0.1746031746031746,2512,0.045,in,6689.026206958043,0.004731151824220278,0.2927283987194988,0.014961731263265087,-0.06469194940244552
6340.0,508.75,2025-11-04 14:33:48,0,2025-12-19,6642.16015625,0.1746031746031746,2512,0.045,in,6689.026206958043,0.004731151824220278,0.27918095498313983,0.013608921617115514,-0.053589535598140316
6575.0,226.6,2025-11-18 20:45:57,0,2026-01-02,6642.16015625,0.1746031746031746,2601,0.045,in,6668.195673400695,0.022594483663976164,0.14615762493821377,0.0037298819778313528,-0.014074731535235141
6580.0,212.5,2025-11-18 15:07:42,0,2026-01-02,6642.16015625,0.1746031746031746,2601,0.045,in,6668.195673400695,0.022594483663976164,0.1355832172085907,0.0032096967726182655,-0.013314564261837617
6630.0,182.47,2025-11-18 17:14:51,0,2026-01-02,6642.16015625,0.1746031746031746,2601,0.045,in,6668.195673400695,0.022594483663976164,0.13455683292817058,0.0031612849867342177,-0.005744505401292254
6680.0,150.91,2025-11-18 14:56:49,0,2026-01-02,6642.16015625,0.1746031746031746,2601,0.045,out,6668.195673400695,0.022594483663976164,0.1298246299995977,0.002942837779362808,0.001768677949490909
6690.0,165.3,2025-11-18 18:54:38,0,2026-01-02,6642.16015625,0.1746031746031746,2601,0.045,out,6668.195673400695,0.022594483663976164,0.14731280248712322,0.0037890742784557454,0.003264564541073733
6700.0,147.8,2025-11-18 20:53:30,0,2026-01-02,6642.16015625,0.1746031746031746,2601,0.045,out,6668.195673400695,0.022594483663976164,0.13587292135782458,0.0032234279101810382,0.004758216797856905
6725.0,138.6,2025-11-18 20:19:26,0,2026-01-02,6642.16015625,0.1746031746031746,2601,0.045,out,6668.195673400695,0.022594483663976164,0.13809352547863937,0.0033296514217510446,0.00848261588883936
6740.0,122.27,2025-11-18 16:25:21,0,2026-01-02,6642.16015625,0.1746031746031746,2601,0.045,out,6668.195673400695,0.022594483663976164,0.1293498110755703,0.0029213509504467145,0.010710615325152151
6750.0,119.08,2025-11-18 17:00:11,0,2026-01-02,6642.16015625,0.1746031746031746,2601,0.045,out,6668.195673400695,0.022594483663976164,0.1303666586893912,0.002967462264701562,0.01219319528537504
6770.0,99.83,2025-11-18 17:30:57,0,2026-01-02,6642.16015625,0.1746031746031746,2601,0.045,out,6668.195673400695,0.022594483663976164,0.12030467990408225,0.002527069461508898,0.015151777325120188
6810.0,90.39,2025-11-18 16:59:32,0,2026-01-02,6642.16015625,0.1746031746031746,2601,0.045,out,6668.195673400695,0.022594483663976164,0.12563021298909877,0.0027557532471833256,0.021042810562357517
6920.0,48.7,2025-11-18 15:20:47,0,2026-01-02,6642.16015625,0.1746031746031746,2601,0.045,out,6668.195673400695,0.022594483663976164,0.11667682466347792,0.002376957072207487,0.03706646003051471
5530.0,1352.16,2025-11-03 20:43:42,0,2025-12-19,6642.16015625,0.17857142857142858,2512,0.045,in,6689.026206958043,0.005626015117015382,0.5966376096032331,0.06356722092733215,-0.1902804885130314
5610.0,1270.01,2025-11-03 17:26:54,0,2025-12-19,6642.16015625,0.17857142857142858,2512,0.045,in,6689.026206958043,0.005626015117015382,0.5654744559590958,0.05710024291825632,-0.17591758451266995
5640.0,1242.05,2025-11-03 16:52:24,0,2025-12-19,6642.16015625,0.17857142857142858,2512,0.045,in,6689.026206958043,0.005626015117015382,0.557499607637384,0.055501037949256635,-0.1705842385373073
5725.0,1169.74,2025-11-03 18:17:05,0,2025-12-19,6642.16015625,0.17857142857142858,2512,0.045,in,6689.026206958043,0.005626015117015382,0.543202743012669,0.05269093214580138,-0.15562575460697153
5800.0,996.06,2025-11-17 14:52:28,0,2026-01-02,6642.16015625,0.17857142857142858,2601,0.045,in,6668.195673400695,0.02309238402699892,0.38987379615431544,0.027143138737102987,-0.13949139204668984
6155.0,644.35,2025-10-06 18:47:20,0,2025-11-21,6642.16015625,0.17857142857142858,2511,0.045,in,6730.533831800775,-0.02901646790297055,0.2829820667969764,0.014299794665837216,-0.08938970209299822
6100.0,669.96,2025-11-17 18:05:16,0,2026-01-02,6642.16015625,0.17857142857142858,2601,0.045,in,6668.195673400695,0.02309238402699892,0.2629277856708468,0.01234482508531692,-0.08906053841979791
6270.0,467.08,2025-10-13 18:29:40,0,2025-11-28,6642.16015625,0.17857142857142858,2511,0.045,in,6730.533831800775,-0.02901646790297055,0.16944200024440476,0.005126891329790154,-0.07087810708458578
6300.0,462.66,2025-11-17 20:52:49,0,2026-01-02,6642.16015625,0.17857142857142858,2601,0.045,in,6668.195673400695,0.02309238402699892,0.19400865423867425,0.006721313914196688,-0.05679967620157647
6410.0,395.47,2025-11-17 16:24:04,0,2026-01-02,6642.16015625,0.17857142857142858,2601,0.045,in,6668.195673400695,0.02309238402699892,0.2063499841367326,0.007603627848791036,-0.0394900386664847
6540.0,262.6,2025-11-17 20:13:20,0,2026-01-02,6642.16015625,0.17857142857142858,2601,0.045,in,6668.195673400695,0.02309238402699892,0.15777844427826967,0.004445363835512688,-0.019412144129956073
6820.0,96.03,2025-11-17 20:45:16,0,2026-01-02,6642.16015625,0.17857142857142858,2601,0.045,out,6668.195673400695,0.02309238402699892,0.13243828004394126,0.0031321246466066805,0.02251016225630735
6940.0,67.0,2025-11-17 17:46:29,0,2026-01-02,6642.16015625,0.17857142857142858,2601,0.045,out,6668.195673400695,0.02309238402699892,0.1401592503201604,0.003507967044698105,0.03995246491964963
5350.0,1410.03,2025-11-14 20:58:10,0,2025-12-31,6642.16015625,0.18253968253968253,2512,0.045,in,6689.026206958043,0.006481971310123742,0.4615007759546893,0.038877843037745614,-0.22337174313935962
5425.0,1284.87,2025-11-14 14:40:00,0,2025-12-31,6642.16015625,0.18253968253968253,2512,0.045,in,6689.026206958043,0.006481971310123742,0.3248964168559119,0.019268465704552706,-0.2094504046207516
5600.0,1180.77,2025-11-14 19:07:38,0,2025-12-31,6642.16015625,0.18253968253968253,2512,0.045,in,6689.026206958043,0.006481971310123742,0.42267688323891356,0.032611763455277214,-0.17770170630617133
5650.0,1132.27,2025-11-14 19:07:38,0,2025-12-31,6642.16015625,0.18253968253968253,2512,0.045,in,6689.026206958043,0.006481971310123742,0.4099274714404114,0.030674065336152176,-0.16881275888892527
5850.0,941.98,2025-11-14 19:15:10,0,2025-12-31,6642.16015625,0.18253968253968253,2512,0.045,in,6689.026206958043,0.006481971310123742,0.36349339787925095,0.024118502832868878,-0.1340266428035098
5950.0,770.0,2025-11-14 13:23:18,0,2025-12-31,6642.16015625,0.18253968253968253,2512,0.045,in,6689.026206958043,0.006481971310123742,0.2198382613588633,0.008821934973155726,-0.1170770844897365
6200.0,550.02,2025-11-14 12:48:40,0,2025-12-31,6642.16015625,0.18253968253968253,2512,0.045,in,6689.026206958043,0.006481971310123742,0.20350519488714802,0.007559764920311827,-0.07591901199622894
6515.0,306.6,2025-11-14 15:11:26,0,2025-12-31,6642.16015625,0.18253968253968253,2512,0.045,in,6689.026206958043,0.006481971310123742,0.18253794777752974,0.006082240910421747,-0.026361093470466442
6555.0,271.2,2025-11-14 15:14:11,0,2025-12-31,6642.16015625,0.18253968253968253,2512,0.045,in,6689.026206958043,0.006481971310123742,0.1720596339329916,0.005403999249766402,-0.020240186831611686
5400.0,1427.45,2025-11-13 14:48:24,0,2025-12-31,6642.16015625,0.1865079365079365,2512,0.045,in,6689.026206958043,0.0073015038354402595,0.5504544322736098,0.056511920057357605,-0.2140693504770461
5450.0,1387.68,2025-11-13 14:38:16,0,2025-12-31,6642.16015625,0.1865079365079365,2512,0.045,in,6689.026206958043,0.0073015038354402595,0.5488053412593269,0.05617382230934132,-0.2048526953721222
5700.0,1085.48,2025-11-13 18:28:43,0,2025-12-31,6642.16015625,0.1865079365079365,2512,0.045,in,6689.026206958043,0.0073015038354402595,0.394214489425721,0.028984277748569643,-0.16000212920677037
5840.0,1005.79,2025-11-13 15:01:20,0,2025-12-31,6642.16015625,0.1865079365079365,2512,0.045,in,6689.026206958043,0.0073015038354402595,0.43129145748318404,0.034692774210335516,-0.1357375072071392
5900.0,939.88,2025-11-13 14:48:24,0,2025-12-31,6642.16015625,0.1865079365079365,2512,0.045,in,6689.026206958043,0.0073015038354402595,0.4044423435175084,0.0305077763246306,-0.12551595313560113
5970.0,833.98,2025-11-13 18:19:56,0,2025-12-31,6642.16015625,0.1865079365079365,2512,0.045,in,6689.026206958043,0.0073015038354402595,0.33774809819480606,0.021275664913522986,-0.11372137664276409
6135.0,699.03,2025-11-13 17:35:15,0,2025-12-31,6642.16015625,0.1865079365079365,2512,0.045,in,6689.026206958043,0.0073015038354402595,0.321077958215191,0.019227299987408287,-0.08645822588440004
6225.0,618.64,2025-11-13 16:34:40,0,2025-12-31,6642.16015625,0.1865079365079365,2512,0.045,in,6689.026206958043,0.0073015038354402595,0.3017600005722948,0.01698324445806902,-0.07189486169650355
6540.0,318.39,2025-11-13 19:46:46,0,2025-12-31,6642.16015625,0.1865079365079365,2512,0.045,in,6689.026206958043,0.0073015038354402595,0.20485827363593262,0.00782716221041051,-0.02253113857816749
5175.0,1712.97,2025-10-31 15:07:17,0,2025-12-19,6642.16015625,0.19047619047619047,2512,0.045,in,6689.026206958043,0.00808688917220192,0.7072900141549396,0.09528745983300851,-0.256628964895842
5185.0,1677.9,2025-11-12 16:58:10,0,2025-12-31,6642.16015625,0.19047619047619047,2512,0.045,in,6689.026206958043,0.00808688917220192,0.6677465091712043,0.08493055247815794,-0.25469846236578414
5800.0,899.41,2025-11-07 16:51:52,0,2025-12-26,6642.16015625,0.19047619047619047,2512,0.045,in,6689.026206958043,0.00808688917220192,0.186635467198353,0.00663481859359,-0.14261038649490115
5960.0,942.12,2025-10-31 14:39:18,0,2025-12-19,6642.16015625,0.19047619047619047,2512,0.045,in,6689.026206958043,0.00808688917220192,0.4506014994334451,0.03867461167460362,-0.11539782297001652
5975.0,746.21,2025-10-17 16:27:48,0,2025-12-05,6642.16015625,0.19047619047619047,2512,0.045,in,6689.026206958043,0.00808688917220192,0.20778270547923836,0.008223552894527981,-0.11288420622970045
6100.0,638.7,2025-10-17 19:53:47,0,2025-12-05,6642.16015625,0.19047619047619047,2512,0.045,in,6689.026206958043,0.00808688917220192,0.20715740580460826,0.008174131577084787,-0.09217953286800928
6125.0,701.6,2025-11-14 20:00:57,0,2026-01-02,6642.16015625,0.19047619047619047,2601,0.045,in,6668.195673400695,0.024461610025311484,0.31176625647175277,0.01851394260464966,-0.08497055316827277
6160.0,578.16,2025-10-17 16:24:31,0,2025-12-05,6642.16015625,0.19047619047619047,2512,0.045,in,6689.026206958043,0.00808688917220192,0.19068590185825848,0.006925926317618549,-0.08239152650184645
6150.0,678.48,2025-11-14 20:00:35,0,2026-01-02,6642.16015625,0.19047619047619047,2601,0.045,in,6668.195673400695,0.024461610025311484,0.3058650671332248,0.017819702722364213,-0.08089722778063692
6175.0,655.64,2025-11-14 20:00:45,0,2026-01-02,6642.16015625,0.19047619047619047,2601,0.045,in,6668.195673400695,0.024461610025311484,0.30019603910561865,0.017165268932324212,-0.07684042708502249
6200.0,635.13,2025-11-14 20:02:27,0,2026-01-02,6642.16015625,0.19047619047619047,2601,0.045,in,6668.195673400695,0.024461610025311484,0.29695431703486036,0.016796545982026734,-0.07280001754801761
6220.0,675.92,2025-10-31 18:07:06,0,2025-12-19,6642.16015625,0.19047619047619047,2512,0.045,in,6689.026206958043,0.00808688917220192,0.35337618495413714,0.02378566249385534,-0.07269839729618678
6255.0,657.42,2025-10-31 14:28:27,0,2025-12-19,6642.16015625,0.19047619047619047,2512,0.045,in,6689.026206958043,0.00808688917220192,0.35739986541997243,0.024330412152802742,-0.06708716012840035
6360.0,494.38,2025-10-24 13:30:07,0,2025-12-12,6642.16015625,0.19047619047619047,2512,0.045,in,6689.026206958043,0.00808688917220192,0.26303733598767315,0.013178788594950865,-0.050439926695244025
6390.0,418.13,2025-11-07 20:48:27,0,2025-12-26,6642.16015625,0.19047619047619047,2512,0.045,in,6689.026206958043,0.00808688917220192,0.2067222490484638,0.008139826333648589,-0.04573403565783142
6435.0,299.72,2025-10-10 17:06:21,0,2025-11-28,6642.16015625,0.19047619047619047,2511,0.045,in,6730.533831800775,-0.024390438659034896,0.11318266658605522,0.0024400601934343124,-0.044902620681325126
6420.0,350.14,2025-11-07 16:00:04,0,2025-12-26,6642.16015625,0.19047619047619047,2512,0.045,in,6689.026206958043,0.00808688917220192,0.15770908341040232,0.0047375533314569975,-0.041050186345405
6425.0,420.88,2025-11-14 20:20:23,0,2026-01-02,6642.16015625,0.19047619047619047,2601,0.045,in,6668.195673400695,0.024461610025311484,0.23211634482505775,0.010262475720941926,-0.03715267881777995
6520.0,274.19,2025-11-07 16:00:04,0,2025-12-26,6642.16015625,0.19047619047619047,2512,0.045,in,6689.026206958043,0.00808688917220192,0.14969464556796,0.0042682832212794595,-0.025593928108713308
6610.0,284.52,2025-11-14 16:38:14,0,2026-01-02,6642.16015625,0.19047619047619047,2601,0.045,in,6668.195673400695,0.024461610025311484,0.20691115074167588,0.00815470939071324,-0.008765655735468454
6860.0,114.0,2025-11-14 18:31:10,0,2026-01-02,6642.16015625,0.19047619047619047,2601,0.045,out,6668.195673400695,0.024461610025311484,0.15614790266276746,0.004644222382091638,0.02835813213873043
6875.0,109.56,2025-11-14 19:31:01,0,2026-01-02,6642.16015625,0.19047619047619047,2601,0.045,out,6668.195673400695,0.024461610025311484,0.1567869660892155,0.00468231480675444,0.030542333953571494
6975.0,57.4,2025-11-20 06:15:03,0,2026-01-08,6642.16015625,0.19047619047619047,2601,0.045,out,6668.195673400695,0.024461610025311484,0.13375077458073373,0.0034074799430373805,0.04498301810836594
5470.0,1381.75,2025-10-30 20:00:03,0,2025-12-19,6642.16015625,0.19444444444444445,2512,0.045,in,6689.026206958043,0.008840217964605962,0.5482571527863466,0.058447259418603875,-0.201189687613385
5930.0,849.63,2025-10-09 16:47:22,0,2025-11-28,6642.16015625,0.19444444444444445,2511,0.045,in,6730.533831800775,-0.022974307257830104,0.30884163994941644,0.018546725276847635,-0.12663024871978099
5920.0,942.15,2025-11-11 14:21:57,0,2025-12-31,6642.16015625,0.19444444444444445,2512,0.045,in,6689.026206958043,0.008840217964605962,0.4139158941727826,0.033313460337277195,-0.1221318551513605
6110.0,771.33,2025-10-30 19:53:43,0,2025-12-19,6642.16015625,0.19444444444444445,2512,0.045,in,6689.026206958043,0.008840217964605962,0.37180361818838975,0.02687959759682904,-0.09054153086377091
6125.0,774.54,2025-11-11 19:52:50,0,2025-12-31,6642.16015625,0.19444444444444445,2512,0.045,in,6689.026206958043,0.008840217964605962,0.38566220423373426,0.028920759733915495,-0.08808954761648422
6150.0,646.67,2025-11-06 16:30:33,0,2025-12-26,6642.16015625,0.19444444444444445,2512,0.045,in,6689.026206958043,0.008840217964605962,0.26583983357641144,0.013741547772542748,-0.08401622222884833
6230.0,691.0,2025-10-30 12:54:44,0,2025-12-19,6642.16015625,0.19444444444444445,2512,0.045,in,6689.026206958043,0.008840217964605962,0.3703796589975164,0.026674101183161547,-0.07109197124791311
6225.0,626.39,2025-11-13 16:34:40,0,2026-01-02,6642.16015625,0.19444444444444445,2601,0.045,in,6668.195673400695,0.024880760841121456,0.3020148511677361,0.017735855341141343,-0.06877586724829214
6260.0,645.9,2025-11-11 18:58:31,0,2025-12-31,6642.16015625,0.19444444444444445,2512,0.045,in,6689.026206958043,0.008840217964605962,0.344870034444199,0.023126316238966695,-0.06628811893526766
6270.0,636.65,2025-11-11 18:58:31,0,2025-12-31,6642.16015625,0.19444444444444445,2512,0.045,in,6689.026206958043,0.008840217964605962,0.34205868015620194,0.02275080513031722,-0.06469194940244552
6350.0,500.03,2025-11-13 16:48:29,0,2026-01-02,6642.16015625,0.19444444444444445,2601,0.045,in,6668.195673400695,0.024880760841121456,0.25876901045719075,0.013020272372526552,-0.04889449669446314
6450.0,376.14,2025-11-06 18:23:49,0,2025-12-26,6642.16015625,0.19444444444444445,2512,0.045,in,6689.026206958043,0.008840217964605962,0.20158648267170115,0.007901660276989901,-0.036388173239593744
6430.0,470.26,2025-11-13 15:10:37,0,2026-01-02,6642.16015625,0.19444444444444445,2601,0.045,in,6668.195673400695,0.024880760841121456,0.2782881812340128,0.015058616186159534,-0.03637477134953537
6500.0,286.8,2025-11-19 16:49:20,0,2026-01-08,6642.16015625,0.19444444444444445,2601,0.045,in,6668.195673400695,0.024880760841121456,0.1469973134440794,0.004201596419956625,-0.02554713269747205
6525.0,271.8,2025-11-19 16:33:42,0,2026-01-08,6642.16015625,0.19444444444444445,2601,0.045,in,6668.195673400695,0.024880760841121456,0.14822649313641043,0.004272157024239675,-0.021708356390306337
6575.0,248.08,2025-11-19 20:36:42,0,2026-01-08,6642.16015625,0.19444444444444445,2601,0.045,in,6668.195673400695,0.024880760841121456,0.15469239898463497,0.004653004670148624,-0.014074731535235141
6650.0,184.98,2025-11-19 17:44:26,0,2026-01-08,6642.16015625,0.19444444444444445,2601,0.045,out,6668.195673400695,0.024880760841121456,0.1363336434561333,0.0036141121212824603,-0.0027324549313006443
6750.0,136.45,2025-11-19 20:28:52,0,2026-01-08,6642.16015625,0.19444444444444445,2601,0.045,out,6668.195673400695,0.024880760841121456,0.13625393695686205,0.0036098874264919936,0.01219319528537504
6800.0,110.45,2025-11-19 20:28:52,0,2026-01-08,6642.16015625,0.19444444444444445,2601,0.045,out,6668.195673400695,0.024880760841121456,0.13150714865274857,0.0033627475285397993,0.019573302582997654
6825.0,91.1,2025-11-19 09:06:21,0,2026-01-08,6642.16015625,0.19444444444444445,2601,0.045,out,6668.195673400695,0.024880760841121456,0.12253520010970091,0.002919559079485309,0.023243031471960097
6850.0,87.55,2025-11-19 20:28:52,0,2026-01-08,6642.16015625,0.19444444444444445,2601,0.045,out,6668.195673400695,0.024880760841121456,0.12710159422957795,0.0031412140774972775,0.0268993426750704
6900.0,62.06,2025-11-19 18:19:22,0,2026-01-08,6642.16015625,0.19444444444444445,2601,0.045,out,6668.195673400695,0.024880760841121456,0.11735805602978022,0.002678066477933979,0.03417210200415023
6950.0,50.84,2025-11-19 20:33:13,0,2026-01-08,6642.16015625,0.19444444444444445,2601,0.045,out,6668.195673400695,0.024880760841121456,0.11882953601712382,0.002745644733619847,0.04139234997763735
7000.0,34.94,2025-11-19 18:19:22,0,2026-01-08,6642.16015625,0.19444444444444445,2601,0.045,out,6668.195673400695,0.024880760841121456,0.11244112174883841,0.0024583622505822147,0.04856083945624994
7050.0,25.0,2025-11-19 17:33:32,0,2026-01-08,6642.16015625,0.19444444444444445,2601,0.045,out,6668.195673400695,0.024880760841121456,0.10986083199602323,0.0023468282457780303,0.055678307225113764
7075.0,21.55,2025-11-19 17:33:23,0,2026-01-08,6642.16015625,0.19444444444444445,2601,0.045,out,6668.195673400695,0.024880760841121456,0.10963908348066437,0.0023373638995933506,0.05921813393023783
7100.0,18.35,2025-11-19 17:33:23,0,2026-01-08,6642.16015625,0.19444444444444445,2601,0.045,out,6668.195673400695,0.024880760841121456,0.10916638193550016,0.002317252572617013,0.06274547444820627
5750.0,968.55,2025-10-15 16:48:49,0,2025-12-05,6642.16015625,0.1984126984126984,2512,0.045,in,6689.026206958043,0.00956341360531384,0.2471248925963575,0.012117204869198657,-0.15126844923801575
5810.0,1098.57,2025-10-29 19:37:56,0,2025-12-19,6642.16015625,0.1984126984126984,2512,0.045,in,6689.026206958043,0.00956341360531384,0.4981074007061606,0.049228369571080885,-0.14088773318345496
5975.0,896.72,2025-11-05 18:51:40,0,2025-12-26,6642.16015625,0.1984126984126984,2512,0.045,in,6689.026206958043,0.00956341360531384,0.40170124705157884,0.03201664521483999,-0.11288420622970045
6050.0,794.78,2025-11-10 17:28:45,0,2025-12-31,6642.16015625,0.1984126984126984,2512,0.045,in,6689.026206958043,0.00956341360531384,0.3475573810762506,0.023967486734242475,-0.10041003200452477
6150.0,721.17,2025-11-10 18:18:37,0,2025-12-31,6642.16015625,0.1984126984126984,2512,0.045,in,6689.026206958043,0.00956341360531384,0.34337319264151084,0.023393878854131765,-0.08401622222884833
6215.0,675.75,2025-11-10 20:06:57,0,2025-12-31,6642.16015625,0.1984126984126984,2512,0.045,in,6689.026206958043,0.00956341360531384,0.3413734437527861,0.023122188115007266,-0.07350257908460041
6240.0,644.7,2025-11-10 19:36:53,0,2025-12-31,6642.16015625,0.1984126984126984,2512,0.045,in,6689.026206958043,0.00956341360531384,0.32680284076627053,0.02119049538351277,-0.06948812166593861
6305.0,596.68,2025-11-10 20:13:42,0,2025-12-31,6642.16015625,0.1984126984126984,2512,0.045,in,6689.026206958043,0.00956341360531384,0.3208380773509477,0.02042402219806601,-0.05912533463039192
6335.0,568.99,2025-11-10 20:15:35,0,2025-12-31,6642.16015625,0.1984126984126984,2512,0.045,in,6689.026206958043,0.00956341360531384,0.3124389416147737,0.01936866909471428,-0.05437849027417249
6380.0,508.97,2025-11-10 18:27:08,0,2025-12-31,6642.16015625,0.1984126984126984,2512,0.045,in,6689.026206958043,0.00956341360531384,0.28231519829719454,0.01581386333126672,-0.04730020669057633
6510.0,404.82,2025-11-05 20:22:15,0,2025-12-26,6642.16015625,0.1984126984126984,2512,0.045,in,6689.026206958043,0.00956341360531384,0.25826227777831684,0.013234008754612002,-0.027128847826797
6575.0,242.8,2025-11-19 18:22:49,0,2026-01-09,6642.16015625,0.1984126984126984,2601,0.045,in,6668.195673400695,0.025283145624299026,0.14781300248489576,0.004335056290396786,-0.014074731535235141
6600.0,223.0,2025-11-18 16:43:39,0,2026-01-08,6642.16015625,0.1984126984126984,2601,0.045,in,6668.195673400695,0.025283145624299026,0.14326776847034736,0.00407255029414148,-0.010279660566683611
6700.0,167.0,2025-11-18 17:53:16,0,2026-01-08,6642.16015625,0.1984126984126984,2601,0.045,out,6668.195673400695,0.025283145624299026,0.14079906064512376,0.003933407833045484,0.004758216797856905
6700.0,164.29,2025-11-19 21:12:13,0,2026-01-09,6642.16015625,0.1984126984126984,2601,0.045,out,6668.195673400695,0.025283145624299026,0.1385016689554795,0.0038060937110026252,0.004758216797856905
6725.0,133.02,2025-11-18 15:11:42,0,2026-01-08,6642.16015625,0.1984126984126984,2601,0.045,out,6668.195673400695,0.025283145624299026,0.12202143619518732,0.0029542124784000335,0.00848261588883936
6750.0,136.48,2025-11-19 21:00:58,0,2026-01-09,6642.16015625,0.1984126984126984,2601,0.045,out,6668.195673400695,0.025283145624299026,0.13446286951685815,0.003587353825140401,0.01219319528537504
6775.0,129.0,2025-11-18 18:33:28,0,2026-01-08,6642.16015625,0.1984126984126984,2601,0.045,out,6668.195673400695,0.025283145624299026,0.13714715064338426,0.0037320120892061774,0.01589005716670121
6780.0,122.5,2025-11-19 13:08:36,0,2026-01-09,6642.16015625,0.1984126984126984,2601,0.045,out,6668.195673400695,0.025283145624299026,0.13333266218165363,0.0035273013500886834,0.016627792353240863
6800.0,113.85,2025-11-19 20:35:13,0,2026-01-09,6642.16015625,0.1984126984126984,2601,0.045,out,6668.195673400695,0.025283145624299026,0.13272963582205913,0.003495467505050881,0.019573302582997654
6825.0,95.32,2025-11-19 18:01:09,0,2026-01-09,6642.16015625,0.1984126984126984,2601,0.045,out,6668.195673400695,0.025283145624299026,0.12466653830394739,0.0030836797168034883,0.023243031471960097
6850.0,84.77,2025-11-19 18:01:09,0,2026-01-09,6642.16015625,0.1984126984126984,2601,0.045,out,6668.195673400695,0.025283145624299026,0.12293396101645142,0.0029985632482528563,0.0268993426750704
6875.0,83.65,2025-11-18 18:06:10,0,2026-01-08,6642.16015625,0.1984126984126984,2601,0.045,out,6668.195673400695,0.025283145624299026,0.12931338208922233,0.0033178473784430964,0.030542333953571494
6875.0,83.2,2025-11-19 15:52:56,0,2026-01-09,6642.16015625,0.1984126984126984,2601,0.045,out,6668.195673400695,0.025283145624299026,0.1288978290019874,0.0032965576034574575,0.030542333953571494
6880.0,72.2,2025-11-19 18:30:16,0,2026-01-09,6642.16015625,0.1984126984126984,2601,0.045,out,6668.195673400695,0.025283145624299026,0.12006804457681142,0.0028603839937498357,0.03126934234618885
6900.0,60.7,2025-11-19 19:47:38,0,2026-01-09,6642.16015625,0.1984126984126984,2601,0.045,out,6668.195673400695,0.025283145624299026,0.11451194462193562,0.0026017828295827874,0.03417210200415023
6910.0,63.38,2025-11-19 16:42:19,0,2026-01-09,6642.16015625,0.1984126984126984,2601,0.045,out,6668.195673400695,0.025283145624299026,0.1198262345314875,0.0028488743019831437,0.03562032818051516
6925.0,65.15,2025-11-18 18:06:10,0,2026-01-08,6642.16015625,0.1984126984126984,2601,0.045,out,6668.195673400695,0.025283145624299026,0.12556222352264682,0.0031281492015776033,0.037788742474338756
6950.0,46.1,2025-11-19 19:47:38,0,2026-01-09,6642.16015625,0.1984126984126984,2601,0.045,out,6668.195673400695,0.025283145624299026,0.11224755185093618,0.0024999033524858347,0.04139234997763735
6975.0,44.86,2025-11-19 18:12:45,0,2026-01-09,6642.16015625,0.1984126984126984,2601,0.045,out,6668.195673400695,0.025283145624299026,0.11686954091412793,0.002710017776483933,0.04498301810836594
7000.0,39.5,2025-11-19 16:17:08,0,2026-01-09,6642.16015625,0.1984126984126984,2601,0.045,out,6668.195673400695,0.025283145624299026,0.11650523048243482,0.0026931485574931066,0.04856083945624994
7025.0,37.04,2025-11-19 15:52:22,0,2026-01-09,6642.16015625,0.1984126984126984,2601,0.045,out,6668.195673400695,0.025283145624299026,0.11911344466264329,0.002815081884801703,0.05212590562074613
7050.0,27.3,2025-11-19 18:31:38,0,2026-01-09,6642.16015625,0.1984126984126984,2601,0.045,out,6668.195673400695,0.025283145624299026,0.11174332453639002,0.0024774941623898774,0.055678307225113764
7075.0,23.3,2025-11-19 18:31:38,0,2026-01-09,6642.16015625,0.1984126984126984,2601,0.045,out,6668.195673400695,0.025283145624299026,0.11096608768529438,0.0024431493286072303,0.05921813393023783
7100.0,22.42,2025-11-19 20:55:42,0,2026-01-09,6642.16015625,0.1984126984126984,2601,0.045,out,6668.195673400695,0.025283145624299026,0.11445066833571456,0.0025989991036689947,0.06274547444820627
5400.0,1509.91,2025-10-28 16:23:18,0,2025-12-19,6642.16015625,0.20238095238095238,2512,0.045,in,6689.026206958043,0.01025824863266063,0.6340682238390871,0.08136574657383012,-0.2140693504770461
6000.0,723.49,2025-11-17 20:14:12,0,2026-01-08,6642.16015625,0.20238095238095238,2601,0.045,in,6668.195673400695,0.02566975061205787,0.194619408492304,0.007665525485145272,-0.10558984037100848
6290.0,522.68,2025-10-21 14:27:24,0,2025-12-12,6642.16015625,0.20238095238095238,2512,0.045,in,6689.026206958043,0.01025824863266063,0.23407867337571106,0.011089024173793547,-0.06150723333492573
6650.0,180.4,2025-11-18 17:28:06,0,2026-01-09,6642.16015625,0.20238095238095238,2601,0.045,out,6668.195673400695,0.02566975061205787,0.12866028226253887,0.00335010666597494,-0.0027324549313006443
6760.0,137.9,2025-11-18 18:26:34,0,2026-01-09,6642.16015625,0.20238095238095238,2601,0.045,out,6668.195673400695,0.02566975061205787,0.13754410921168647,0.0038287201623835444,0.013673580455809407
6770.0,132.6,2025-11-18 18:26:34,0,2026-01-09,6642.16015625,0.20238095238095238,2601,0.045,out,6668.195673400695,0.02566975061205787,0.13665344897423568,0.003779295321207364,0.015151777325120188
6860.0,91.78,2025-11-18 19:20:10,0,2026-01-09,6642.16015625,0.20238095238095238,2601,0.045,out,6668.195673400695,0.02566975061205787,0.13063467624097866,0.00345371567645179,0.02835813213873043
6870.0,82.3,2025-11-18 17:45:37,0,2026-01-09,6642.16015625,0.20238095238095238,2601,0.045,out,6668.195673400695,0.02566975061205787,0.12500565252843088,0.0031624883784404706,0.029814796635194644
6925.0,55.6,2025-11-18 16:10:22,0,2026-01-09,6642.16015625,0.20238095238095238,2601,0.045,out,6668.195673400695,0.02566975061205787,0.11451612297264038,0.002654012156567181,0.037788742474338756
7025.0,38.84,2025-11-17 19:33:57,0,2026-01-08,6642.16015625,0.20238095238095238,2601,0.045,out,6668.195673400695,0.02566975061205787,0.11983765348684393,0.002906405646249511,0.05212590562074613
7150.0,16.65,2025-11-18 16:28:35,0,2026-01-09,6642.16015625,0.20238095238095238,2601,0.045,out,6668.195673400695,0.02566975061205787,0.11252858064666059,0.0025626855340474277,0.06976304710685287
5250.0,1639.77,2025-10-27 18:11:02,0,2025-12-19,6642.16015625,0.20634920634920634,2512,0.045,in,6689.026206958043,0.010926359235878695,0.6524892410801462,0.08785156708618232,-0.24224022744374246
5680.0,1220.59,2025-10-27 19:27:38,0,2025-12-19,6642.16015625,0.20634920634920634,2512,0.045,in,6689.026206958043,0.010926359235878695,0.5211888342116012,0.0560522446315718,-0.16351707131421495
5750.0,1121.31,2025-11-03 15:26:50,0,2025-12-26,6642.16015625,0.20634920634920634,2512,0.045,in,6689.026206958043,0.010926359235878695,0.4640616180074812,0.04443795887302187,-0.15126844923801575
5875.0,993.09,2025-11-10 19:15:38,0,2026-01-02,6642.16015625,0.20634920634920634,2601,0.045,in,6668.195673400695,0.026041486177210603,0.4202834598296598,0.03644914961719144,-0.12664324956884074
5900.0,970.5,2025-11-10 19:13:00,0,2026-01-02,6642.16015625,0.20634920634920634,2601,0.045,in,6668.195673400695,0.026041486177210603,0.41499426627066904,0.03553751005536353,-0.12239695868738971
5920.0,982.75,2025-10-27 16:46:00,0,2025-12-19,6642.16015625,0.20634920634920634,2512,0.045,in,6689.026206958043,0.010926359235878695,0.4438051773466411,0.0406431660431093,-0.1221318551513605
5925.0,846.73,2025-10-20 14:07:33,0,2025-12-12,6642.16015625,0.20634920634920634,2512,0.045,in,6689.026206958043,0.010926359235878695,0.2870550487041184,0.017003298616266815,-0.12128761702607994
5925.0,945.29,2025-11-10 19:15:07,0,2026-01-02,6642.16015625,0.20634920634920634,2601,0.045,in,6668.195673400695,0.026041486177210603,0.4067461086886755,0.0341389073037133,-0.11816862257786857
6145.0,595.55,2025-09-29 14:45:33,0,2025-11-21,6642.16015625,0.20634920634920634,2511,0.045,in,6730.533831800775,-0.019052712608339906,0.18512221805414797,0.007071635921027581,-0.09101571871141699
6165.0,554.76,2025-09-29 19:13:15,0,2025-11-21,6642.16015625,0.20634920634920634,2511,0.045,in,6730.533831800775,-0.019052712608339906,0.14576227709240336,0.00438422759525577,-0.08776632511310747
6380.0,379.68,2025-09-29 14:59:31,0,2025-11-21,6642.16015625,0.20634920634920634,2511,0.045,in,6730.533831800775,-0.019052712608339906,0.1481627843643883,0.004529821249490585,-0.05348636437271652
6370.0,573.74,2025-10-27 19:54:39,0,2025-12-19,6642.16015625,0.20634920634920634,2512,0.045,in,6689.026206958043,0.010926359235878695,0.3291114817736056,0.022350583756473624,-0.04886883446320284
6740.0,172.75,2025-11-17 18:38:09,0,2026-01-09,6642.16015625,0.20634920634920634,2601,0.045,out,6668.195673400695,0.026041486177210603,0.15745263146420785,0.005115671508175357,0.010710615325152151
5525.0,1173.94,2025-11-07 17:58:33,0,2025-12-31,6642.16015625,0.21031746031746032,2512,0.045,in,6689.026206958043,0.011569258118220606,0.2096330182041649,0.009242611599339484,-0.1911850566434583
5530.0,1169.24,2025-11-07 17:57:53,0,2025-12-31,6642.16015625,0.21031746031746032,2512,0.045,in,6689.026206958043,0.011569258118220606,0.21050129214673538,0.009319333657772214,-0.1902804885130314
6310.0,448.22,2025-11-07 16:08:23,0,2025-12-31,6642.16015625,0.21031746031746032,2512,0.045,in,6689.026206958043,0.011569258118220606,0.1630599034132506,0.005592032545080741,-0.05833262749415302
6345.0,419.42,2025-11-07 16:08:23,0,2025-12-31,6642.16015625,0.21031746031746032,2512,0.045,in,6689.026206958043,0.011569258118220606,0.1607012988839967,0.005431428950552353,-0.0528012028809239
5550.0,1244.15,2025-11-06 15:12:15,0,2025-12-31,6642.16015625,0.21428571428571427,2512,0.045,in,6689.026206958043,0.012188345930846153,0.41436747324188095,0.036792943474470194,-0.18667037628893174
6290.0,541.7,2025-11-06 20:20:36,0,2025-12-31,6642.16015625,0.21428571428571427,2512,0.045,in,6689.026206958043,0.012188345930846153,0.24416574274475,0.012775052127877594,-0.06150723333492573
5100.0,1768.78,2025-10-31 16:07:45,0,2025-12-26,6642.16015625,0.21825396825396826,2512,0.045,in,6689.026206958043,0.012784921459376222,0.6530197556316898,0.09307108757337282,-0.2712277643169948
5150.0,1667.78,2025-10-24 14:59:31,0,2025-12-19,6642.16015625,0.21825396825396826,2512,0.045,in,6689.026206958043,0.012784921459376222,0.5623584182386122,0.069022160638932,-0.2614715893716301
5550.0,1153.01,2025-10-17 16:12:38,0,2025-12-12,6642.16015625,0.21825396825396826,2512,0.045,in,6689.026206958043,0.012784921459376222,0.2131963823678642,0.009920231587345042,-0.18667037628893174
5600.0,1102.57,2025-11-07 17:39:52,0,2026-01-02,6642.16015625,0.21825396825396826,2601,0.045,in,6668.195673400695,0.027075586931180933,0.19950521902698096,0.008687016996211114,-0.17458271185795982
5650.0,1056.69,2025-10-17 16:21:50,0,2025-12-12,6642.16015625,0.21825396825396826,2512,0.045,in,6689.026206958043,0.012784921459376222,0.20845973170224144,0.00948432653085467,-0.16881275888892527
5700.0,1037.63,2025-11-07 19:22:53,0,2026-01-02,6642.16015625,0.21825396825396826,2601,0.045,in,6668.195673400695,0.027075586931180933,0.2777707130665851,0.01683972736929981,-0.15688313475855903
5750.0,964.09,2025-10-17 16:25:25,0,2025-12-12,6642.16015625,0.21825396825396826,2512,0.045,in,6689.026206958043,0.012784921459376222,0.21210867309885925,0.00981926550082036,-0.15126844923801575
5775.0,940.02,2025-10-17 16:11:59,0,2025-12-12,6642.16015625,0.21825396825396826,2512,0.045,in,6689.026206958043,0.012784921459376222,0.20927324640380945,0.009558496195719942,-0.14693004763941764
5825.0,896.06,2025-10-17 16:16:11,0,2025-12-12,6642.16015625,0.21825396825396826,2512,0.045,in,6689.026206958043,0.012784921459376222,0.21366900060384,0.009964263095426222,-0.1383093045955106
5950.0,775.47,2025-10-17 16:21:36,0,2025-12-12,6642.16015625,0.21825396825396826,2512,0.045,in,6689.026206958043,0.012784921459376222,0.19518148163889523,0.008314561875442427,-0.1170770844897365
6040.0,783.21,2025-11-05 03:37:16,0,2025-12-31,6642.16015625,0.21825396825396826,2512,0.045,in,6689.026206958043,0.012784921459376222,0.3066684306361386,0.020525809322165744,-0.10206429210055126
6050.0,708.87,2025-11-07 15:28:35,0,2026-01-02,6642.16015625,0.21825396825396826,2601,0.045,in,6668.195673400695,0.027075586931180933,0.22561113627821117,0.01110921097103574,-0.09729103755631333
6175.0,690.58,2025-11-05 21:05:47,0,2025-12-31,6642.16015625,0.21825396825396826,2512,0.045,in,6689.026206958043,0.012784921459376222,0.31024467725506794,0.02100732852016099,-0.07995942153323399
6260.0,504.85,2025-10-17 16:29:48,0,2025-12-12,6642.16015625,0.21825396825396826,2512,0.045,in,6689.026206958043,0.012784921459376222,0.1789388832700209,0.0069883008612131705,-0.06628811893526766
6340.0,381.08,2025-09-26 14:17:40,0,2025-11-21,6642.16015625,0.21825396825396826,2511,0.045,in,6730.533831800775,-0.015558928284248638,0.10046371535169869,0.002202828157240844,-0.05977569328028057
6775.0,174.33,2025-11-14 18:06:26,0,2026-01-09,6642.16015625,0.21825396825396826,2601,0.045,out,6668.195673400695,0.027075586931180933,0.1655608692874792,0.005982428885545308,0.01589005716670121
6820.0,132.81,2025-11-14 15:16:38,0,2026-01-09,6642.16015625,0.21825396825396826,2601,0.045,out,6668.195673400695,0.027075586931180933,0.14667491310429095,0.0046954133229298485,0.02251016225630735
6830.0,128.39,2025-11-14 15:16:38,0,2026-01-09,6642.16015625,0.21825396825396826,2601,0.045,out,6668.195673400695,0.027075586931180933,0.1461871429436201,0.004664235880599257,0.023975363983635194
5680.0,1168.95,2025-11-04 15:00:41,0,2025-12-31,6642.16015625,0.2222222222222222,2512,0.045,in,6689.026206958043,0.013360190719030218,0.4388938248312734,0.04280617543889433,-0.16351707131421495
5850.0,930.17,2025-11-06 17:37:01,0,2026-01-02,6642.16015625,0.2222222222222222,2601,0.045,in,6668.195673400695,0.027395665735981272,0.30325691268662236,0.02043661224271593,-0.1309076483552983
6025.0,814.64,2025-11-04 20:15:22,0,2025-12-31,6642.16015625,0.2222222222222222,2512,0.045,in,6689.026206958043,0.013360190719030218,0.3254219995833253,0.023533217291735502,-0.10455082467055611
6150.0,661.94,2025-11-20 06:32:53,0,2026-01-16,6642.16015625,0.2222222222222222,2601,0.045,in,6668.195673400695,0.027395665735981272,0.2590883487399395,0.014917060545064115,-0.08089722778063692
6375.0,494.91,2025-11-13 17:09:23,0,2026-01-09,6642.16015625,0.2222222222222222,2601,0.045,in,6668.195673400695,0.027395665735981272,0.24746477394192853,0.013608625409362175,-0.04496521855457355
6400.0,541.22,2025-11-12 18:43:01,0,2026-01-08,6642.16015625,0.2222222222222222,2601,0.045,in,6668.195673400695,0.027395665735981272,0.3020757772604849,0.020277727823894684,-0.0410513192334373
6425.0,519.17,2025-11-12 18:43:01,0,2026-01-08,6642.16015625,0.2222222222222222,2601,0.045,in,6668.195673400695,0.027395665735981272,0.2958278605747203,0.01944758290938137,-0.03715267881777995
6425.0,452.26,2025-11-13 17:09:23,0,2026-01-09,6642.16015625,0.2222222222222222,2601,0.045,in,6668.195673400695,0.027395665735981272,0.2376027190419211,0.012545567132469798,-0.03715267881777995
6550.0,323.84,2025-11-20 06:32:53,0,2026-01-16,6642.16015625,0.2222222222222222,2601,0.045,in,6668.195673400695,0.027395665735981272,0.19200263885723226,0.008192225184031277,-0.017884259951902865
6790.0,176.88,2025-11-13 16:43:09,0,2026-01-09,6642.16015625,0.2222222222222222,2601,0.045,out,6668.195673400695,0.027395665735981272,0.17084082277404397,0.006485908161358289,0.018101631971541302
6960.0,75.9,2025-11-20 01:20:31,0,2026-01-16,6642.16015625,0.2222222222222222,2601,0.045,out,6668.195673400695,0.027395665735981272,0.13554591588010378,0.004082821180394705,0.04283016474726475
7070.0,42.45,2025-11-20 01:15:11,0,2026-01-16,6642.16015625,0.2222222222222222,2601,0.045,out,6668.195673400695,0.027395665735981272,0.12654306915960503,0.0035584774116294623,0.05851117030941806
5400.0,1301.55,2025-11-19 20:45:41,0,2026-01-16,6642.16015625,0.2261904761904762,2601,0.045,in,6668.195673400695,0.02770451370552546,0.22297979094640646,0.01124618757428047,-0.21095035602883466
5600.0,1109.89,2025-11-19 20:44:03,0,2026-01-16,6642.16015625,0.2261904761904762,2601,0.045,in,6668.195673400695,0.02770451370552546,0.22077297927423978,0.011024684037795883,-0.17458271185795982
5660.0,1229.2,2025-11-03 20:37:38,0,2025-12-31,6642.16015625,0.2261904761904762,2512,0.045,in,6689.026206958043,0.013915275092380566,0.4872376086922146,0.05369772927569102,-0.1670444118321833
5700.0,1017.0,2025-11-19 20:55:55,0,2026-01-16,6642.16015625,0.2261904761904762,2601,0.045,in,6668.195673400695,0.02770451370552546,0.22217267755552184,0.011164919933233423,-0.15688313475855903
5725.0,1162.46,2025-11-03 16:16:51,0,2025-12-31,6642.16015625,0.2261904761904762,2512,0.045,in,6689.026206958043,0.013915275092380566,0.4649288830511562,0.048893076900103784,-0.15562575460697153
5800.0,1091.26,2025-11-11 18:11:23,0,2026-01-08,6642.16015625,0.2261904761904762,2601,0.045,in,6668.195673400695,0.02770451370552546,0.44568490255780285,0.04492935255941913,-0.13949139204668984
5875.0,1024.25,2025-11-03 20:47:59,0,2025-12-31,6642.16015625,0.2261904761904762,2512,0.045,in,6689.026206958043,0.013915275092380566,0.4306846448620637,0.041955904798562815,-0.1297622440170522
5885.0,1023.18,2025-11-03 18:47:33,0,2025-12-31,6642.16015625,0.2261904761904762,2512,0.045,in,6689.026206958043,0.013915275092380566,0.4368582947560263,0.04316735981244904,-0.12806156333503482
5930.0,821.68,2025-10-22 17:06:42,0,2025-12-19,6642.16015625,0.2261904761904762,2512,0.045,in,6689.026206958043,0.013915275092380566,0.23836151141814801,0.012851285623634932,-0.12044409103764075
5970.0,745.18,2025-11-19 17:15:04,0,2026-01-16,6642.16015625,0.2261904761904762,2601,0.045,in,6668.195673400695,0.02770451370552546,0.15917059260520708,0.00573059849351861,-0.11060238219455273
5975.0,740.63,2025-11-19 17:15:04,0,2026-01-16,6642.16015625,0.2261904761904762,2601,0.045,in,6668.195673400695,0.02770451370552546,0.1593582740523912,0.005744120603216468,-0.10976521178148903
6000.0,708.87,2025-11-19 20:20:19,0,2026-01-16,6642.16015625,0.2261904761904762,2601,0.045,in,6668.195673400695,0.02770451370552546,0.1322367820574162,0.003955294810108467,-0.10558984037100848
6250.0,520.4,2025-11-19 20:55:55,0,2026-01-16,6642.16015625,0.2261904761904762,2601,0.045,in,6668.195673400695,0.02770451370552546,0.1827783700234138,0.007556556171665518,-0.06476784585075329
6300.0,479.75,2025-11-19 20:18:53,0,2026-01-16,6642.16015625,0.2261904761904762,2601,0.045,in,6668.195673400695,0.02770451370552546,0.17987558690818625,0.007318444149353867,-0.05679967620157647
6330.0,444.0,2025-11-19 19:00:15,0,2026-01-16,6642.16015625,0.2261904761904762,2601,0.045,in,6668.195673400695,0.02770451370552546,0.16561402034724612,0.00620395322590456,-0.05204907344297858
6355.0,451.5,2025-11-19 15:29:15,0,2026-01-16,6642.16015625,0.2261904761904762,2601,0.045,in,6668.195673400695,0.02770451370552546,0.1917485625306079,0.008316460874030174,-0.04810740495764611
6370.0,405.7,2025-11-19 18:18:31,0,2026-01-16,6642.16015625,0.2261904761904762,2601,0.045,in,6668.195673400695,0.02770451370552546,0.15660567837984307,0.0055473979942310256,-0.045749840014991466
6410.0,388.15,2025-10-22 18:45:02,0,2025-12-19,6642.16015625,0.2261904761904762,2512,0.045,in,6689.026206958043,0.013915275092380566,0.16768520053008187,0.006360097655469782,-0.04260903311469623
6450.0,358.99,2025-11-19 20:18:53,0,2026-01-16,6642.16015625,0.2261904761904762,2601,0.045,in,6668.195673400695,0.02770451370552546,0.16598364320416156,0.0062316765049428785,-0.033269178791382296
6475.0,326.1,2025-11-19 17:07:20,0,2026-01-16,6642.16015625,0.2261904761904762,2601,0.045,in,6668.195673400695,0.02770451370552546,0.15121170159854477,0.005171840420312139,-0.02940070201346194
6490.0,342.3,2025-11-19 15:33:46,0,2026-01-16,6642.16015625,0.2261904761904762,2601,0.045,in,6668.195673400695,0.02770451370552546,0.17440656973513013,0.006880183092484779,-0.027086778883064835
6500.0,312.5,2025-11-19 19:00:02,0,2026-01-16,6642.16015625,0.2261904761904762,2601,0.045,in,6668.195673400695,0.02770451370552546,0.15380490739501348,0.005350750490916486,-0.02554713269747205
6540.0,278.1,2025-11-19 18:02:00,0,2026-01-16,6642.16015625,0.2261904761904762,2601,0.045,in,6668.195673400695,0.02770451370552546,0.14600236363534103,0.004821632304226437,-0.019412144129956073
6545.0,274.0,2025-11-19 14:13:46,0,2026-01-16,6642.16015625,0.2261904761904762,2601,0.045,in,6668.195673400695,0.02770451370552546,0.1451565541733945,0.004765929513933078,-0.018647910237200215
6565.0,263.5,2025-11-19 18:06:36,0,2026-01-16,6642.16015625,0.2261904761904762,2601,0.045,in,6668.195673400695,0.02770451370552546,0.1466454758433202,0.004864202572868599,-0.015596801844303869
6600.0,247.5,2025-11-19 20:55:00,0,2026-01-16,6642.16015625,0.2261904761904762,2601,0.045,in,6668.195673400695,0.02770451370552546,0.15044187335031992,0.005119314141499051,-0.010279660566683611
6605.0,225.5,2025-11-19 17:41:16,0,2026-01-16,6642.16015625,0.2261904761904762,2601,0.045,in,6668.195673400695,0.02770451370552546,0.13469309934273904,0.0041035998714346,-0.00952237162477478
6610.0,225.6,2025-11-19 19:53:25,0,2026-01-16,6642.16015625,0.2261904761904762,2601,0.045,in,6668.195673400695,0.02770451370552546,0.13714498284116539,0.0042543592863281835,-0.008765655735468454
6615.0,239.0,2025-11-19 14:50:08,0,2026-01-16,6642.16015625,0.2261904761904762,2601,0.045,in,6668.195673400695,0.02770451370552546,0.15042738370703332,0.005118328066784733,-0.008009512032144426
6620.0,217.9,2025-11-19 19:52:00,0,2026-01-16,6642.16015625,0.2261904761904762,2601,0.045,in,6668.195673400695,0.02770451370552546,0.1354954538543407,0.00415263502724621,-0.007253939650146541
6630.0,229.2,2025-11-19 20:28:42,0,2026-01-16,6642.16015625,0.2261904761904762,2601,0.045,in,6668.195673400695,0.02770451370552546,0.14920975663039515,0.005035803309527777,-0.005744505401292254
6635.0,211.5,2025-11-19 14:31:43,0,2026-01-16,6642.16015625,0.2261904761904762,2601,0.045,in,6668.195673400695,0.02770451370552546,0.1370904598958378,0.004250977258268975,-0.0049906418148926235
6640.0,225.88,2025-11-19 20:20:33,0,2026-01-16,6642.16015625,0.2261904761904762,2601,0.045,in,6668.195673400695,0.02770451370552546,0.15091585680769476,0.005151622867666809,-0.0042373461107209215
6645.0,219.6,2025-11-19 14:48:41,0,2026-01-16,6642.16015625,0.2261904761904762,2601,0.045,out,6668.195673400695,0.02770451370552546,0.14801799559952647,0.004955681111961039,-0.0034846174338548142
6650.0,217.16,2025-11-19 20:36:24,0,2026-01-16,6642.16015625,0.2261904761904762,2601,0.045,out,6668.195673400695,0.02770451370552546,0.14820119123454042,0.004967955578373804,-0.0027324549313006443
6655.0,210.98,2025-11-19 20:56:03,0,2026-01-16,6642.16015625,0.2261904761904762,2601,0.045,out,6668.195673400695,0.02770451370552546,0.14536430505778328,0.004779581458496586,-0.001980857751988522
6660.0,205.4,2025-11-19 20:24:10,0,2026-01-16,6642.16015625,0.2261904761904762,2601,0.045,out,6668.195673400695,0.02770451370552546,0.1430001070092088,0.004625375970098311,-0.0012298250467656583
6665.0,204.58,2025-11-19 20:56:03,0,2026-01-16,6642.16015625,0.2261904761904762,2601,0.045,out,6668.195673400695,0.02770451370552546,0.14443638785789417,0.004718756340610533,-0.000479355968391385
6670.0,199.1,2025-11-19 20:24:10,0,2026-01-16,6642.16015625,0.2261904761904762,2601,0.045,out,6668.195673400695,0.02770451370552546,0.14212598140778462,0.004569001157516582,0.00027055032846902297
6680.0,187.5,2025-11-19 19:56:59,0,2026-01-16,6642.16015625,0.2261904761904762,2601,0.045,out,6668.195673400695,0.02770451370552546,0.13695975443394212,0.0042428751471132,0.001768677949490909
6690.0,198.7,2025-11-19 14:58:50,0,2026-01-16,6642.16015625,0.2261904761904762,2601,0.045,out,6668.195673400695,0.02770451370552546,0.14989191792330958,0.005081954215664706,0.003264564541073733
6700.0,177.2,2025-11-19 20:49:38,0,2026-01-16,6642.16015625,0.2261904761904762,2601,0.045,out,6668.195673400695,0.02770451370552546,0.13672572743024322,0.004228387693872073,0.004758216797856905
6705.0,162.5,2025-11-19 19:28:25,0,2026-01-16,6642.16015625,0.2261904761904762,2601,0.045,out,6668.195673400695,0.02770451370552546,0.12699221727235155,0.003647779067943032,0.005504207134578425
6710.0,173.2,2025-11-19 20:46:22,0,2026-01-16,6642.16015625,0.2261904761904762,2601,0.045,out,6668.195673400695,0.02770451370552546,0.13741427824141073,0.0042710832550898695,0.006249641384527054
6720.0,154.4,2025-11-19 19:47:14,0,2026-01-16,6642.16015625,0.2261904761904762,2601,0.045,out,6668.195673400695,0.02770451370552546,0.1262862855838409,0.0036073368167226783,0.007738844935994683
6725.0,162.7,2025-11-19 16:53:31,0,2026-01-16,6642.16015625,0.2261904761904762,2601,0.045,out,6668.195673400695,0.02770451370552546,0.13474092479555003,0.004106514517624301,0.00848261588883936
6730.0,152.4,2025-11-19 19:51:57,0,2026-01-16,6642.16015625,0.2261904761904762,2601,0.045,out,6668.195673400695,0.02770451370552546,0.12841740115969313,0.00373011368442359,0.009225834057573044
6735.0,152.8,2025-11-19 17:50:50,0,2026-01-16,6642.16015625,0.2261904761904762,2601,0.045,out,6668.195673400695,0.02770451370552546,0.130566240195398,0.0038559918868629165,0.009968500263263963
6740.0,159.44,2025-11-19 20:41:41,0,2026-01-16,6642.16015625,0.2261904761904762,2601,0.045,out,6668.195673400695,0.02770451370552546,0.13765257481424897,0.004285909472700665,0.010710615325152151
6750.0,156.63,2025-11-19 20:36:24,0,2026-01-16,6642.16015625,0.2261904761904762,2601,0.045,out,6668.195673400695,0.02770451370552546,0.13900231655819834,0.004370371859075786,0.01219319528537504
6755.0,166.7,2025-11-19 15:16:01,0,2026-01-16,6642.16015625,0.2261904761904762,2601,0.045,out,6668.195673400695,0.02770451370552546,0.14877552861874746,0.005006535719047228,0.012933661813098813
6760.0,135.8,2025-11-19 19:24:08,0,2026-01-16,6642.16015625,0.2261904761904762,2601,0.045,out,6668.195673400695,0.02770451370552546,0.12593426245471134,0.0035872539373836936,0.013673580455809407
6785.0,144.8,2025-11-19 14:59:30,0,2026-01-16,6642.16015625,0.2261904761904762,2601,0.045,out,6668.195673400695,0.02770451370552546,0.14161686443534388,0.00453632606616039,0.017364983687768957
6795.0,124.25,2025-11-19 18:42:10,0,2026-01-16,6642.16015625,0.2261904761904762,2601,0.045,out,6668.195673400695,0.02770451370552546,0.12841018204520763,0.0037296943119617134,0.018837738004043626
6800.0,120.6,2025-11-19 18:42:54,0,2026-01-16,6642.16015625,0.2261904761904762,2601,0.045,out,6668.195673400695,0.02770451370552546,0.1270779780826781,0.003652707592357746,0.019573302582997654
6805.0,123.39,2025-11-19 20:26:00,0,2026-01-16,6642.16015625,0.2261904761904762,2601,0.045,out,6668.195673400695,0.02770451370552546,0.13093299247736193,0.003877684784076921,0.020308326504365867
6825.0,110.98,2025-11-19 18:22:33,0,2026-01-16,6642.16015625,0.2261904761904762,2601,0.045,out,6668.195673400695,0.02770451370552546,0.12709262381101555,0.0036535495894785474,0.023243031471960097
6830.0,108.78,2025-11-19 18:22:33,0,2026-01-16,6642.16015625,0.2261904761904762,2601,0.045,out,6668.195673400695,0.02770451370552546,0.12681237017150165,0.003637454373116253,0.023975363983635194
6840.0,118.2,2025-11-19 15:33:09,0,2026-01-16,6642.16015625,0.2261904761904762,2601,0.045,out,6668.195673400695,0.02770451370552546,0.137577243234062,0.004281219753116678,0.02543842203539569
6845.0,115.8,2025-11-19 15:33:09,0,2026-01-16,6642.16015625,0.2261904761904762,2601,0.045,out,6668.195673400695,0.02770451370552546,0.13710978363017712,0.004252175744942449,0.026169149141348855
6850.0,95.75,2025-11-19 19:21:03,0,2026-01-16,6642.16015625,0.2261904761904762,2601,0.045,out,6668.195673400695,0.02770451370552546,0.12194831703715325,0.0033637672444724624,0.0268993426750704
6855.0,97.41,2025-11-19 18:12:05,0,2026-01-16,6642.16015625,0.2261904761904762,2601,0.045,out,6668.195673400695,0.02770451370552546,0.12478643278678002,0.003522159789825497,0.02762900341521424
6860.0,97.79,2025-11-19 20:24:00,0,2026-01-16,6642.16015625,0.2261904761904762,2601,0.045,out,6668.195673400695,0.02770451370552546,0.12654602868316295,0.0036221910730252155,0.02835813213873043
6870.0,83.6,2025-11-19 19:44:43,0,2026-01-16,6642.16015625,0.2261904761904762,2601,0.045,out,6668.195673400695,0.02770451370552546,0.11733304303249864,0.0031139740090244923,0.029814796635194644
6875.0,104.3,2025-11-19 15:16:51,0,2026-01-16,6642.16015625,0.2261904761904762,2601,0.045,out,6668.195673400695,0.02770451370552546,0.13630938713075935,0.00420267537356311,0.030542333953571494
6880.0,90.37,2025-11-19 20:44:07,0,2026-01-16,6642.16015625,0.2261904761904762,2601,0.045,out,6668.195673400695,0.02770451370552546,0.12590224542734174,0.0035854301508248245,0.03126934234618885
6885.0,89.1,2025-11-19 20:31:29,0,2026-01-16,6642.16015625,0.2261904761904762,2601,0.045,out,6668.195673400695,0.02770451370552546,0.12619346522973512,0.003602035984131893,0.03199582258155477
6890.0,87.2,2025-11-19 20:31:25,0,2026-01-16,6642.16015625,0.2261904761904762,2601,0.045,out,6668.195673400695,0.02770451370552546,0.12592491744454395,0.003586721569462964,0.032721775426503855
6895.0,79.25,2025-11-19 18:28:15,0,2026-01-16,6642.16015625,0.2261904761904762,2601,0.045,out,6668.195673400695,0.02770451370552546,0.12035677039474021,0.003276539183538001,0.033447201646201616
6900.0,81.97,2025-11-19 20:48:38,0,2026-01-16,6642.16015625,0.2261904761904762,2601,0.045,out,6668.195673400695,0.02770451370552546,0.12407275089579532,0.0034819869378827557,0.03417210200415023
6905.0,89.7,2025-11-19 15:37:32,0,2026-01-16,6642.16015625,0.2261904761904762,2601,0.045,out,6668.195673400695,0.02770451370552546,0.13215054678456706,0.003950137777306439,0.03489647726219202
6915.0,74.6,2025-11-19 18:11:23,0,2026-01-16,6642.16015625,0.2261904761904762,2601,0.045,out,6668.195673400695,0.02770451370552546,0.12148602530693071,0.003338312292293428,0.03634365551765821
6920.0,74.67,2025-11-19 20:48:38,0,2026-01-16,6642.16015625,0.2261904761904762,2601,0.045,out,6668.195673400695,0.02770451370552546,0.1228367258719256,0.003412956705187587,0.03706646003051471
6925.0,69.3,2025-11-19 21:02:43,0,2026-01-16,6642.16015625,0.2261904761904762,2601,0.045,out,6668.195673400695,0.02770451370552546,0.11925061237365195,0.0032165888390277243,0.037788742474338756
6935.0,78.0,2025-11-19 15:11:31,0,2026-01-16,6642.16015625,0.2261904761904762,2601,0.045,out,6668.195673400695,0.02770451370552546,0.1296711445188966,0.003803303674952034,0.03923174416773157
6950.0,67.6,2025-11-19 20:40:10,0,2026-01-16,6642.16015625,0.2261904761904762,2601,0.045,out,6668.195673400695,0.02770451370552546,0.12390078404103637,0.0034723414456391322,0.04139234997763735
6970.0,58.2,2025-11-19 20:17:15,0,2026-01-16,6642.16015625,0.2261904761904762,2601,0.045,out,6668.195673400695,0.02770451370552546,0.11975297144880843,0.00324374653863766,0.04426591517336908
6975.0,56.8,2025-11-19 20:54:05,0,2026-01-16,6642.16015625,0.2261904761904762,2601,0.045,out,6668.195673400695,0.02770451370552546,0.11955133421561956,0.0032328322469281023,0.04498301810836594
6995.0,56.2,2025-11-19 15:03:16,0,2026-01-16,6642.16015625,0.2261904761904762,2601,0.045,out,6668.195673400695,0.02770451370552546,0.12355912978525736,0.003453218006101326,0.04784629851838109
7000.0,48.67,2025-11-19 20:50:11,0,2026-01-16,6642.16015625,0.2261904761904762,2601,0.045,out,6668.195673400695,0.02770451370552546,0.11702289079311182,0.003097533124070892,0.04856083945624994
7005.0,46.18,2025-11-19 17:28:27,0,2026-01-16,6642.16015625,0.2261904761904762,2601,0.045,out,6668.195673400695,0.02770451370552546,0.11551628589999403,0.00301828849826731,0.049274870189906804
7010.0,52.95,2025-11-19 15:19:41,0,2026-01-16,6642.16015625,0.2261904761904762,2601,0.045,out,6668.195673400695,0.02770451370552546,0.12365337570026397,0.0034584879657064524,0.04998839144743525
7015.0,50.56,2025-11-19 15:44:11,0,2026-01-16,6642.16015625,0.2261904761904762,2601,0.045,out,6668.195673400695,0.02770451370552546,0.12229500093635624,0.003382919974124335,0.05070140395536083
7020.0,43.4,2025-11-19 21:00:32,0,2026-01-16,6642.16015625,0.2261904761904762,2601,0.045,out,6668.195673400695,0.02770451370552546,0.11577639052667155,0.0030318961840988434,0.05141390843865637
7035.0,41.9,2025-11-19 09:10:01,0,2026-01-16,6642.16015625,0.2261904761904762,2601,0.045,out,6668.195673400695,0.02770451370552546,0.11730028388879311,0.0031122354215171156,0.05354838096728893
7050.0,35.9,2025-11-19 21:02:42,0,2026-01-16,6642.16015625,0.2261904761904762,2601,0.045,out,6668.195673400695,0.02770451370552546,0.11353144937183912,0.0029154572611064158,0.055678307225113764
7055.0,42.7,2025-11-19 15:29:57,0,2026-01-16,6642.16015625,0.2261904761904762,2601,0.045,out,6668.195673400695,0.02770451370552546,0.12236088528698928,0.00338656593709642,0.056387275705713856
7060.0,40.5,2025-11-19 15:37:21,0,2026-01-16,6642.16015625,0.2261904761904762,2601,0.045,out,6668.195673400695,0.02770451370552546,0.12089861076253418,0.003306107233356002,0.05709574190608729
7065.0,33.35,2025-11-19 16:40:06,0,2026-01-16,6642.16015625,0.2261904761904762,2601,0.045,out,6668.195673400695,0.02770451370552546,0.1134653216006954,0.002912061963250422,0.057803706537427384
7075.0,31.64,2025-11-19 17:56:22,0,2026-01-16,6642.16015625,0.2261904761904762,2601,0.045,out,6668.195673400695,0.02770451370552546,0.11330539043032345,0.002903858553699912,0.05921813393023783
7080.0,33.05,2025-11-19 14:39:01,0,2026-01-16,6642.16015625,0.2261904761904762,2601,0.045,out,6668.195673400695,0.02770451370552546,0.11603411175260411,0.0030454093656440548,0.05992459810656495
7090.0,30.68,2025-11-19 16:58:30,0,2026-01-16,6642.16015625,0.2261904761904762,2601,0.045,out,6668.195673400695,0.02770451370552546,0.11497510530003326,0.002990074070670488,0.06133603094497278
7100.0,27.88,2025-11-19 20:13:28,0,2026-01-16,6642.16015625,0.2261904761904762,2601,0.045,out,6668.195673400695,0.02770451370552546,0.11319734110955249,0.002898322888704467,0.06274547444820627
7130.0,24.45,2025-11-19 14:34:38,0,2026-01-16,6642.16015625,0.2261904761904762,2601,0.045,out,6668.195673400695,0.02770451370552546,0.1139257938385643,0.002935745756347548,0.06696192482714118
7150.0,24.88,2025-11-19 15:38:25,0,2026-01-16,6642.16015625,0.2261904761904762,2601,0.045,out,6668.195673400695,0.02770451370552546,0.11812097012140849,0.0031559370007860814,0.06976304710685287
5790.0,938.67,2025-11-18 19:51:00,0,2026-01-16,6642.16015625,0.23015873015873015,2601,0.045,in,6668.195673400695,0.028002711745085368,0.22646963560128536,0.011804495076444366,-0.1412170180141596
6025.0,721.02,2025-11-18 10:35:56,0,2026-01-16,6642.16015625,0.23015873015873015,2601,0.045,in,6668.195673400695,0.028002711745085368,0.20359852347231525,0.009540622254310318,-0.10143183022234475
6050.0,685.9,2025-11-18 20:40:06,0,2026-01-16,6642.16015625,0.23015873015873015,2601,0.045,in,6668.195673400695,0.028002711745085368,0.18160871293580366,0.007591031855649008,-0.09729103755631333
6060.0,670.15,2025-11-18 20:46:24,0,2026-01-16,6642.16015625,0.23015873015873015,2601,0.045,in,6668.195673400695,0.028002711745085368,0.16930138107653875,0.006597029931732367,-0.09563950951784035
6100.0,629.39,2025-11-18 17:08:21,0,2026-01-16,6642.16015625,0.23015873015873015,2601,0.045,in,6668.195673400695,0.028002711745085368,0.15910466290991912,0.005826305706592784,-0.08906053841979791
6310.0,430.37,2025-09-30 17:31:06,0,2025-11-28,6642.16015625,0.23015873015873015,2511,0.045,in,6730.533831800775,-0.012426569924718536,0.12868050771857145,0.003811123166147385,-0.06451878517629335
6315.0,518.1,2025-10-21 16:00:00,0,2025-12-19,6642.16015625,0.23015873015873015,2512,0.045,in,6689.026206958043,0.014451218625270556,0.22653628859319316,0.011811444535220449,-0.05754054824482039
6375.0,404.8,2025-11-18 14:49:28,0,2026-01-16,6642.16015625,0.23015873015873015,2601,0.045,in,6668.195673400695,0.028002711745085368,0.15723793440134348,0.005690391051025672,-0.04496521855457355
6400.0,385.44,2025-11-18 17:40:01,0,2026-01-16,6642.16015625,0.23015873015873015,2601,0.045,in,6668.195673400695,0.028002711745085368,0.15600008315915148,0.005601148828763516,-0.0410513192334373
6415.0,373.6,2025-11-18 14:49:28,0,2026-01-16,6642.16015625,0.23015873015873015,2601,0.045,in,6668.195673400695,0.028002711745085368,0.15488033785928412,0.00552102898894265,-0.03871031153146368
6460.0,322.6,2025-11-18 17:28:21,0,2026-01-16,6642.16015625,0.23015873015873015,2601,0.045,in,6668.195673400695,0.028002711745085368,0.13639048667813433,0.004281496673275014,-0.03171999180455295
6470.0,321.02,2025-11-18 15:21:07,0,2026-01-16,6642.16015625,0.23015873015873015,2601,0.045,in,6668.195673400695,0.028002711745085368,0.14142193874950568,0.004603212524050787,-0.030173201086254244
6485.0,330.62,2025-11-18 19:25:40,0,2026-01-16,6642.16015625,0.23015873015873015,2601,0.045,in,6668.195673400695,0.028002711745085368,0.1591879716759811,0.005832408725897426,-0.027857491830656195
6505.0,292.4,2025-11-18 17:27:26,0,2026-01-16,6642.16015625,0.23015873015873015,2601,0.045,in,6668.195673400695,0.028002711745085368,0.13688429369671723,0.00431255544416369,-0.024778197634594826
6510.0,289.8,2025-11-18 15:08:52,0,2026-01-16,6642.16015625,0.23015873015873015,2601,0.045,in,6668.195673400695,0.028002711745085368,0.13751563629116492,0.004352428226288529,-0.024009853378585497
6525.0,292.43,2025-11-18 20:45:17,0,2026-01-16,6642.16015625,0.23015873015873015,2601,0.045,in,6668.195673400695,0.028002711745085368,0.14830400259631552,0.005062128876163101,-0.021708356390306337
6535.0,263.2,2025-11-18 15:50:09,0,2026-01-16,6642.16015625,0.23015873015873015,2601,0.045,in,6668.195673400695,0.028002711745085368,0.12847638660053956,0.003799041869079426,-0.020176962522878185
6555.0,252.1,2025-11-18 15:53:27,0,2026-01-16,6642.16015625,0.23015873015873015,2601,0.045,in,6668.195673400695,0.028002711745085368,0.12993120884851464,0.0038855670789861387,-0.017121192383400315
6560.0,252.6,2025-11-18 15:43:22,0,2026-01-16,6642.16015625,0.23015873015873015,2601,0.045,in,6668.195673400695,0.028002711745085368,0.13301957334765102,0.004072476189794779,-0.016358706643065754
6575.0,262.06,2025-11-18 20:19:52,0,2026-01-16,6642.16015625,0.23015873015873015,2601,0.045,in,6668.195673400695,0.028002711745085368,0.14857368710748062,0.0050805561469891665,-0.014074731535235141
6580.0,256.6,2025-11-18 20:31:22,0,2026-01-16,6642.16015625,0.23015873015873015,2601,0.045,in,6668.195673400695,0.028002711745085368,0.14650472182057714,0.004940042634571555,-0.013314564261837617
6595.0,257.3,2025-11-18 18:03:25,0,2026-01-16,6642.16015625,0.23015873015873015,2601,0.045,in,6668.195673400695,0.028002711745085368,0.1542499343364892,0.005476176389218457,-0.011037523429785489
6625.0,208.48,2025-11-18 15:12:48,0,2026-01-16,6642.16015625,0.23015873015873015,2601,0.045,in,6668.195673400695,0.028002711745085368,0.1284398610650068,0.0037968820587424533,-0.006498937726777538
6675.0,204.47,2025-11-18 18:47:52,0,2026-01-16,6642.16015625,0.23015873015873015,2601,0.045,out,6668.195673400695,0.028002711745085368,0.14669918074122174,0.004953165391065267,0.001019894687249728
6695.0,181.2,2025-11-18 20:26:11,0,2026-01-16,6642.16015625,0.23015873015873015,2601,0.045,out,6668.195673400695,0.028002711745085368,0.1362824209910748,0.00427471468146403,0.004011669544072309
6715.0,165.9,2025-11-18 20:58:20,0,2026-01-16,6642.16015625,0.23015873015873015,2601,0.045,out,6668.195673400695,0.028002711745085368,0.13191742331420664,0.004005269766999429,0.006994520376137576
6745.0,152.9,2025-11-18 20:53:34,0,2026-01-16,6642.16015625,0.23015873015873015,2601,0.045,out,6668.195673400695,0.028002711745085368,0.13266662203347146,0.004050893217868153,0.01145218006065574
6765.0,151.4,2025-11-18 20:03:39,0,2026-01-16,6642.16015625,0.23015873015873015,2601,0.045,out,6668.195673400695,0.028002711745085368,0.1384669719579267,0.004412856883910481,0.014412952023687876
6770.0,146.1,2025-11-18 19:10:06,0,2026-01-16,6642.16015625,0.23015873015873015,2601,0.045,out,6668.195673400695,0.028002711745085368,0.1359865045704501,0.004256171058201448,0.015151777325120188
6775.0,128.0,2025-11-18 21:01:32,0,2026-01-16,6642.16015625,0.23015873015873015,2601,0.045,out,6668.195673400695,0.028002711745085368,0.12333732668447757,0.0035011967337820055,0.01589005716670121
6780.0,129.4,2025-11-18 20:59:13,0,2026-01-16,6642.16015625,0.23015873015873015,2601,0.045,out,6668.195673400695,0.028002711745085368,0.12611046062498266,0.0036604095245421726,0.016627792353240863
6865.0,100.33,2025-11-18 20:05:40,0,2026-01-16,6642.16015625,0.23015873015873015,2601,0.045,out,6668.195673400695,0.028002711745085368,0.12863934224699103,0.003808685165384256,0.029086729620870996
6910.0,71.3,2025-11-18 15:05:43,0,2026-01-16,6642.16015625,0.23015873015873015,2601,0.045,out,6668.195673400695,0.028002711745085368,0.11590595172630341,0.0030919960295382946,0.03562032818051516
6930.0,75.02,2025-11-18 19:13:20,0,2026-01-16,6642.16015625,0.23015873015873015,2601,0.045,out,6668.195673400695,0.028002711745085368,0.12430835788385299,0.0035565433916954136,0.03851050360274847
6940.0,71.64,2025-11-18 20:05:40,0,2026-01-16,6642.16015625,0.23015873015873015,2601,0.045,out,6668.195673400695,0.028002711745085368,0.12376610060454879,0.0035255823976730436,0.03995246491964963
6945.0,62.9,2025-11-18 17:22:49,0,2026-01-16,6642.16015625,0.23015873015873015,2601,0.045,out,6668.195673400695,0.028002711745085368,0.1169568775117924,0.0031483208311265387,0.04067266660724363
6955.0,65.9,2025-11-18 18:59:06,0,2026-01-16,6642.16015625,0.23015873015873015,2601,0.045,out,6668.195673400695,0.028002711745085368,0.12216186599479262,0.00343477875870286,0.04211151577634287
6965.0,59.16,2025-11-18 16:57:19,0,2026-01-16,6642.16015625,0.23015873015873015,2601,0.045,out,6668.195673400695,0.028002711745085368,0.11818164701135574,0.0032146043572951104,0.04354829763270554
6980.0,50.83,2025-11-18 15:05:00,0,2026-01-16,6642.16015625,0.23015873015873015,2601,0.045,out,6668.195673400695,0.028002711745085368,0.11348149989727788,0.002963995823405877,0.04569960717521777
6985.0,54.68,2025-11-18 20:40:06,0,2026-01-16,6642.16015625,0.23015873015873015,2601,0.045,out,6668.195673400695,0.028002711745085368,0.1184388702306902,0.0032286128052709992,0.04641568310986163
7025.0,47.49,2025-11-18 18:50:53,0,2026-01-16,6642.16015625,0.23015873015873015,2601,0.045,out,6668.195673400695,0.028002711745085368,0.11992779209972668,0.0033102982874566875,0.05212590562074613
7030.0,45.65,2025-11-18 18:22:02,0,2026-01-16,6642.16015625,0.23015873015873015,2601,0.045,out,6668.195673400695,0.028002711745085368,0.11903952760813155,0.003261443371919415,0.05283739622351004
7040.0,39.18,2025-11-18 15:32:50,0,2026-01-16,6642.16015625,0.23015873015873015,2601,0.045,out,6668.195673400695,0.028002711745085368,0.11402936542141556,0.0029926840410627853,0.05425886057088763
7110.0,30.2,2025-11-18 19:13:25,0,2026-01-16,6642.16015625,0.23015873015873015,2601,0.045,out,6668.195673400695,0.028002711745085368,0.11688378814473645,0.003144387126990836,0.06415293421608614
7120.0,23.94,2025-11-18 16:07:11,0,2026-01-16,6642.16015625,0.23015873015873015,2601,0.045,out,6668.195673400695,0.028002711745085368,0.11020396101540972,0.002795257759373749,0.06555841582482091
7125.0,26.56,2025-11-18 07:10:00,0,2026-01-16,6642.16015625,0.23015873015873015,2601,0.045,out,6668.195673400695,0.028002711745085368,0.11477493434098389,0.003031946674891569,0.06626041655565079
7140.0,25.9,2025-11-18 14:18:28,0,2026-01-16,6642.16015625,0.23015873015873015,2601,0.045,out,6668.195673400695,0.028002711745085368,0.11655182123407537,0.003126551459971555,0.06836346675242952
5475.0,1299.06,2025-10-20 16:47:26,0,2025-12-19,6642.16015625,0.23412698412698413,2512,0.045,in,6689.026206958043,0.014968994580774445,0.3804359035674223,0.033885544153438495,-0.2002760283447103
5810.0,918.96,2025-09-22 15:15:07,0,2025-11-21,6642.16015625,0.23412698412698413,2511,0.045,in,6730.533831800775,-0.011453238231079237,0.21873772192507704,0.011202084399148283,-0.14707389086559527
6010.0,750.77,2025-11-17 19:14:40,0,2026-01-16,6642.16015625,0.23412698412698413,2601,0.045,in,6668.195673400695,0.0282908013765246,0.2254424755665609,0.011899342371369784,-0.10392456105194717
6110.0,623.84,2025-09-29 15:20:42,0,2025-11-28,6642.16015625,0.23412698412698413,2511,0.045,in,6730.533831800775,-0.011453238231079237,0.16162623504244591,0.006116108537245089,-0.09672768854591118
6075.0,841.04,2025-10-27 18:00:04,0,2025-12-26,6642.16015625,0.23412698412698413,2512,0.045,in,6689.026206958043,0.014968994580774445,0.3760079446598423,0.033101335287269135,-0.09628631482066276
6125.0,689.92,2025-11-17 15:35:32,0,2026-01-16,6642.16015625,0.23412698412698413,2601,0.045,in,6668.195673400695,0.0282908013765246,0.2599623029095512,0.015822394988524596,-0.08497055316827277
6160.0,602.26,2025-11-17 19:41:32,0,2026-01-16,6642.16015625,0.23412698412698413,2601,0.045,in,6668.195673400695,0.0282908013765246,0.19054326032203006,0.008500386147598358,-0.07927253205363502
6390.0,363.91,2025-09-29 19:18:08,0,2025-11-28,6642.16015625,0.23412698412698413,2511,0.045,in,6730.533831800775,-0.011453238231079237,0.12369595462791397,0.0035823042154259767,-0.05192019333997163
6685.0,202.1,2025-11-17 20:52:14,0,2026-01-16,6642.16015625,0.23412698412698413,2601,0.045,out,6668.195673400695,0.0282908013765246,0.14709636002169166,0.005065884955421574,0.0025169009548431016
6790.0,165.8,2025-11-17 17:45:56,0,2026-01-16,6642.16015625,0.23412698412698413,2601,0.045,out,6668.195673400695,0.0282908013765246,0.15654497817821442,0.005737593180064444,0.018101631971541302
6810.0,137.0,2025-11-17 21:14:55,0,2026-01-16,6642.16015625,0.23412698412698413,2601,0.045,out,6668.195673400695,0.0282908013765246,0.1403038424722287,0.004608829065618438,0.021042810562357517
6815.0,159.4,2025-11-17 17:34:05,0,2026-01-16,6642.16015625,0.23412698412698413,2601,0.045,out,6668.195673400695,0.0282908013765246,0.159607131554385,0.00596425297673852,0.021776755549432505
6820.0,131.9,2025-11-17 21:14:55,0,2026-01-16,6642.16015625,0.23412698412698413,2601,0.045,out,6668.195673400695,0.0282908013765246,0.13938351376889221,0.0045485637727111705,0.02251016225630735
6835.0,144.4,2025-11-17 15:49:20,0,2026-01-16,6642.16015625,0.23412698412698413,2601,0.045,out,6668.195673400695,0.0282908013765246,0.153967380948619,0.005550203608628781,0.02470716057684943
6990.0,56.55,2025-11-17 20:00:10,0,2026-01-16,6642.16015625,0.23412698412698413,2601,0.045,out,6668.195673400695,0.0282908013765246,0.12010362911572826,0.003377254055076731,0.04713124664665543
7045.0,42.88,2025-11-17 20:41:33,0,2026-01-16,6642.16015625,0.23412698412698413,2601,0.045,out,6668.195673400695,0.0282908013765246,0.11790463537382163,0.0032547169822039527,0.05496883575158019
5200.0,1694.77,2025-10-31 15:07:17,0,2025-12-31,6642.16015625,0.23809523809523808,2512,0.045,in,6689.026206958043,0.015469511337761536,0.6227054785701025,0.092324312628862,-0.25180967845989316
6015.0,866.31,2025-10-31 17:06:15,0,2025-12-31,6642.16015625,0.23809523809523808,2512,0.045,in,6689.026206958043,0.015469511337761536,0.35677970202980663,0.030307560900113713,-0.10621195462063271
5250.0,1637.42,2025-10-30 15:55:29,0,2025-12-31,6642.16015625,0.24206349206349206,2512,0.045,in,6689.026206958043,0.015953617709273643,0.5916887484500631,0.08474535745074019,-0.24224022744374246
5940.0,968.87,2025-10-30 17:21:29,0,2025-12-31,6642.16015625,0.24206349206349206,2512,0.045,in,6689.026206958043,0.015953617709273643,0.40316162985307,0.03934483050370165,-0.1187591706727213
6115.0,814.0,2025-10-30 14:04:56,0,2025-12-31,6642.16015625,0.24206349206349206,2512,0.045,in,6689.026206958043,0.015953617709273643,0.36798424972872484,0.032778400360925254,-0.0897235349081392
6285.0,646.85,2025-10-30 17:10:40,0,2025-12-31,6642.16015625,0.24206349206349206,2512,0.045,in,6689.026206958043,0.015953617709273643,0.3163354411526006,0.02422283647254697,-0.06230246200506413
5175.0,1773.36,2025-10-29 14:02:31,0,2025-12-31,6642.16015625,0.24603174603174602,2512,0.045,in,6689.026206958043,0.01642210774622084,0.6839532497066224,0.11509169429612484,-0.256628964895842
5490.0,1218.67,2025-10-17 16:34:09,0,2025-12-19,6642.16015625,0.24603174603174602,2512,0.045,in,6689.026206958043,0.01642210774622084,0.20868391673856884,0.010714430875125776,-0.19754004852583562
5560.0,1155.15,2025-10-17 16:33:12,0,2025-12-19,6642.16015625,0.24603174603174602,2512,0.045,in,6689.026206958043,0.01642210774622084,0.22225323558180876,0.012153107321619623,-0.1848701957847839
5580.0,1133.13,2025-10-17 16:34:41,0,2025-12-19,6642.16015625,0.24603174603174602,2512,0.045,in,6689.026206958043,0.01642210774622084,0.21022374611824773,0.010873132749140268,-0.18127952765405525
5590.0,1127.75,2025-10-17 16:32:25,0,2025-12-19,6642.16015625,0.24603174603174602,2512,0.045,in,6689.026206958043,0.01642210774622084,0.22472746280726574,0.012425201656615249,-0.17948901688026705
5740.0,999.01,2025-10-17 19:26:24,0,2025-12-19,6642.16015625,0.24603174603174602,2512,0.045,in,6689.026206958043,0.01642210774622084,0.2434002349302034,0.014575824645130351,-0.15300909371579974
5940.0,773.14,2025-09-19 16:19:15,0,2025-11-21,6642.16015625,0.24603174603174602,2511,0.045,in,6730.533831800775,-0.008721629929575404,0.13543162097102315,0.0045126463708254376,-0.12494532835486157
5910.0,824.11,2025-10-17 16:25:21,0,2025-12-19,6642.16015625,0.24603174603174602,2512,0.045,in,6689.026206958043,0.01642210774622084,0.19638743402507303,0.00948895834548829,-0.12382247262926797
6085.0,636.05,2025-09-19 16:14:04,0,2025-11-21,6642.16015625,0.24603174603174602,2511,0.045,in,6730.533831800775,-0.008721629929575404,0.13190593489093477,0.004280749567007914,-0.10082773528992454
6070.0,769.35,2025-11-14 16:44:15,0,2026-01-16,6642.16015625,0.24603174603174602,2601,0.045,in,6668.195673400695,0.029099310987337923,0.29150352642541083,0.02090637685295203,-0.09399070452765655
6080.0,761.24,2025-11-14 16:50:02,0,2026-01-16,6642.16015625,0.24603174603174602,2601,0.045,in,6668.195673400695,0.029099310987337923,0.2906273604991764,0.02078089002216084,-0.09234461362098782
6120.0,621.38,2025-10-17 17:30:50,0,2025-12-19,6642.16015625,0.24603174603174602,2512,0.045,in,6689.026206958043,0.01642210774622084,0.16298777813178367,0.006535837225638108,-0.08890620752304017
6175.0,679.43,2025-11-14 19:47:38,0,2026-01-16,6642.16015625,0.24603174603174602,2601,0.045,in,6668.195673400695,0.029099310987337923,0.2765917984345057,0.018822172315859215,-0.07684042708502249
6210.0,760.88,2025-10-29 15:14:04,0,2025-12-31,6642.16015625,0.24603174603174602,2512,0.045,in,6689.026206958043,0.01642210774622084,0.3712815379809831,0.033915471379454366,-0.07430740810188743
6225.0,634.53,2025-11-14 19:47:38,0,2026-01-16,6642.16015625,0.24603174603174602,2601,0.045,in,6668.195673400695,0.029099310987337923,0.26687985442954554,0.017523575854844427,-0.06877586724829214
6265.0,511.02,2025-10-17 16:51:16,0,2025-12-19,6642.16015625,0.24603174603174602,2512,0.045,in,6689.026206958043,0.01642210774622084,0.17292506319536438,0.007357106364402727,-0.06548971569924321
6420.0,459.83,2025-11-14 16:44:15,0,2026-01-16,6642.16015625,0.24603174603174602,2601,0.045,in,6668.195673400695,0.029099310987337923,0.22592714522750787,0.01255821685293805,-0.03793119189719358
6440.0,444.29,2025-11-14 16:50:02,0,2026-01-16,6642.16015625,0.24603174603174602,2601,0.045,in,6668.195673400695,0.029099310987337923,0.22335880331425298,0.012274315917120868,-0.03482076948280116
6510.0,489.55,2025-10-29 20:01:29,0,2025-12-31,6642.16015625,0.24603174603174602,2512,0.045,in,6689.026206958043,0.01642210774622084,0.29308079583302,0.02113322967833021,-0.027128847826797
6520.0,382.15,2025-11-14 16:51:46,0,2026-01-16,6642.16015625,0.24603174603174602,2601,0.045,in,6668.195673400695,0.029099310987337923,0.2119277406317754,0.011050114164507628,-0.022474933660501798
5300.0,1525.0,2025-11-13 15:48:02,0,2026-01-16,6642.16015625,0.25,2601,0.045,in,6668.195673400695,0.0293517028764278,0.4845359032253583,0.05869376037860344,-0.22964248904098722
5500.0,1291.91,2025-11-13 20:50:42,0,2026-01-16,6642.16015625,0.25,2601,0.045,in,6668.195673400695,0.0293517028764278,0.38353262657774617,0.03677431891240622,-0.19260121736063812
5800.0,1040.31,2025-11-13 17:39:11,0,2026-01-16,6642.16015625,0.25,2601,0.045,in,6668.195673400695,0.0293517028764278,0.3641836710098713,0.03315743655755655,-0.13949139204668984
5975.0,961.15,2025-10-28 14:36:16,0,2025-12-31,6642.16015625,0.25,2512,0.045,in,6689.026206958043,0.016875725083582416,0.410813776372079,0.042191989714272134,-0.11288420622970045
5980.0,956.31,2025-10-28 14:36:16,0,2025-12-31,6642.16015625,0.25,2512,0.045,in,6689.026206958043,0.016875725083582416,0.4094140361817069,0.041904963255649005,-0.11204773608473446
6075.0,660.88,2025-10-16 19:58:22,0,2025-12-19,6642.16015625,0.25,2512,0.045,in,6689.026206958043,0.016875725083582416,0.1609489169919658,0.006476138470221675,-0.09628631482066276
6220.0,738.15,2025-10-28 13:33:46,0,2025-12-31,6642.16015625,0.25,2512,0.045,in,6689.026206958043,0.016875725083582416,0.3534890265264476,0.031238622968653894,-0.07269839729618678
6335.0,551.41,2025-11-13 15:48:46,0,2026-01-16,6642.16015625,0.25,2601,0.045,in,6668.195673400695,0.0293517028764278,0.2553379704149157,0.01629936978390209,-0.051259495825961086
6570.0,334.38,2025-11-13 20:42:36,0,2026-01-16,6642.16015625,0.25,2601,0.045,in,6668.195673400695,0.0293517028764278,0.19465038457669723,0.009472193053964033,-0.014835477102544296
6585.0,342.52,2025-11-13 17:29:27,0,2026-01-16,6642.16015625,0.25,2601,0.045,in,6668.195673400695,0.0293517028764278,0.20752645370181313,0.010766807246512697,-0.012554974403819035
5570.0,1147.17,2025-09-24 13:35:52,0,2025-11-28,6642.16015625,0.25396825396825395,2511,0.045,in,6730.533831800775,-0.007042828994276176,0.21717138827840196,0.011978009368068171,-0.18925940779022243
5775.0,1141.9,2025-10-27 19:38:53,0,2025-12-31,6642.16015625,0.25396825396825395,2512,0.045,in,6689.026206958043,0.01731516687915144,0.4490297212097018,0.05120703251546985,-0.14693004763941764
5830.0,1088.9,2025-10-27 19:38:53,0,2025-12-31,6642.16015625,0.25396825396825395,2512,0.045,in,6689.026206958043,0.01731516687915144,0.43441667869924755,0.047928343043069276,-0.13745130368487385
6295.0,490.76,2025-10-15 17:55:19,0,2025-12-19,6642.16015625,0.25396825396825395,2512,0.045,in,6689.026206958043,0.01731516687915144,0.17112886237565633,0.007437482549329861,-0.060712636550964406
6130.0,599.55,2025-10-14 15:22:33,0,2025-12-19,6642.16015625,0.25793650793650796,2512,0.045,in,6689.026206958043,0.01774108738870296,0.13200922514498933,0.004494913924681475,-0.08727355409915488
6140.0,622.22,2025-10-14 00:31:36,0,2025-12-19,6642.16015625,0.25793650793650796,2512,0.045,in,6689.026206958043,0.01774108738870296,0.17956834368611857,0.00831710854572,-0.08564356188822371
5625.0,1101.43,2025-10-13 17:06:46,0,2025-12-19,6642.16015625,0.2619047619047619,2512,0.045,in,6689.026206958043,0.018154101216146853,0.224816856322471,0.01323735256556915,-0.17324735595679097
5680.0,1191.89,2025-11-10 18:30:46,0,2026-01-16,6642.16015625,0.2619047619047619,2601,0.045,in,6668.195673400695,0.030062989109317446,0.42124975929216163,0.04647535611287489,-0.1603980768660035
5710.0,1181.7,2025-11-10 20:56:00,0,2026-01-16,6642.16015625,0.2619047619047619,2601,0.045,in,6668.195673400695,0.030062989109317446,0.43390538395866435,0.04930982629789227,-0.15513028593114453
5720.0,1159.95,2025-11-10 19:13:00,0,2026-01-16,6642.16015625,0.2619047619047619,2601,0.045,in,6668.195673400695,0.030062989109317446,0.41856532910896377,0.045884911477453494,-0.15338050420735685
5775.0,1088.78,2025-11-10 17:40:43,0,2026-01-16,6642.16015625,0.2619047619047619,2601,0.045,in,6668.195673400695,0.030062989109317446,0.385705720283945,0.03896328402993632,-0.14381105319120616
5830.0,1050.87,2025-11-10 18:22:43,0,2026-01-16,6642.16015625,0.2619047619047619,2601,0.045,in,6668.195673400695,0.030062989109317446,0.38812924003942156,0.039454461350223055,-0.1343323092366624
5840.0,1010.04,2025-11-10 16:14:11,0,2026-01-16,6642.16015625,0.2619047619047619,2601,0.045,in,6668.195673400695,0.030062989109317446,0.35296179165212027,0.03262862595307196,-0.13261851275892772
5880.0,971.76,2025-11-10 16:14:11,0,2026-01-16,6642.16015625,0.2619047619047619,2601,0.045,in,6668.195673400695,0.030062989109317446,0.34383368558244953,0.03096280087507901,-0.1257925476885279
5900.0,944.68,2025-11-10 16:54:28,0,2026-01-16,6642.16015625,0.2619047619047619,2601,0.045,in,6668.195673400695,0.030062989109317446,0.3308795359905816,0.0286736652550183,-0.12239695868738971
5940.0,943.41,2025-11-10 17:55:58,0,2026-01-16,6642.16015625,0.2619047619047619,2601,0.045,in,6668.195673400695,0.030062989109317446,0.3593026525701181,0.033811484704360795,-0.11564017622450985
5950.0,934.04,2025-11-10 17:55:58,0,2026-01-16,6642.16015625,0.2619047619047619,2601,0.045,in,6668.195673400695,0.030062989109317446,0.35706486878716287,0.0333916315652841,-0.11395809004152503
6190.0,565.82,2025-10-13 13:59:00,0,2025-12-19,6642.16015625,0.2619047619047619,2512,0.045,in,6689.026206958043,0.018154101216146853,0.1575326951200466,0.006499572627372408,-0.07753321735077007
6210.0,710.43,2025-11-10 20:06:57,0,2026-01-16,6642.16015625,0.2619047619047619,2601,0.045,in,6668.195673400695,0.030062989109317446,0.3143179081027614,0.025875076687977512,-0.07118841365367598
6240.0,675.0,2025-11-10 19:36:53,0,2026-01-16,6642.16015625,0.2619047619047619,2601,0.045,in,6668.195673400695,0.030062989109317446,0.3005530535637236,0.023658417096934843,-0.06636912721772711
6265.0,652.17,2025-11-10 19:37:33,0,2026-01-16,6642.16015625,0.2619047619047619,2601,0.045,in,6668.195673400695,0.030062989109317446,0.294843267189731,0.02276804938757776,-0.062370721251031755
6270.0,648.42,2025-11-10 19:34:50,0,2026-01-16,6642.16015625,0.2619047619047619,2601,0.045,in,6668.195673400695,0.030062989109317446,0.29438849472819617,0.022697867716944407,-0.061572954954234115
6290.0,630.49,2025-11-10 19:34:13,0,2026-01-16,6642.16015625,0.2619047619047619,2601,0.045,in,6668.195673400695,0.030062989109317446,0.29003936969915645,0.022032171326912466,-0.05838823888671431
6305.0,628.78,2025-11-10 20:13:42,0,2026-01-16,6642.16015625,0.2619047619047619,2601,0.045,in,6668.195673400695,0.030062989109317446,0.29656675564054746,0.023035005858637193,-0.05600634018218054
6380.0,549.06,2025-11-10 19:33:15,0,2026-01-16,6642.16015625,0.2619047619047619,2601,0.045,in,6668.195673400695,0.030062989109317446,0.2692392829213421,0.018985421574951984,-0.04418121224236494
6425.0,480.0,2025-11-10 17:24:27,0,2026-01-16,6642.16015625,0.2619047619047619,2601,0.045,in,6668.195673400695,0.030062989109317446,0.23560986488868574,0.014538859351464577,-0.03715267881777995
6430.0,515.86,2025-11-10 20:25:56,0,2026-01-16,6642.16015625,0.2619047619047619,2601,0.045,in,6668.195673400695,0.030062989109317446,0.2668232424863686,0.01864621595334128,-0.03637477134953537
5570.0,1173.87,2025-11-07 19:09:27,0,2026-01-16,6642.16015625,0.27380952380952384,2601,0.045,in,6668.195673400695,0.03071242436543408,0.2647858554781102,0.019197209916777584,-0.1799542556598708
5580.0,1164.39,2025-11-07 19:09:27,0,2026-01-16,6642.16015625,0.27380952380952384,2601,0.045,in,6668.195673400695,0.03071242436543408,0.2636289909719352,0.01902982895547924,-0.1781605332058439
5630.0,1102.25,2025-11-07 18:54:39,0,2026-01-16,6642.16015625,0.27380952380952384,2601,0.045,in,6668.195673400695,0.03071242436543408,0.22652205385212001,0.014049780241330995,-0.1692398674474644
5740.0,986.71,2025-11-07 16:51:52,0,2026-01-16,6642.16015625,0.27380952380952384,2601,0.045,in,6668.195673400695,0.03071242436543408,0.1895243914698079,0.009835099811024083,-0.14989009926758837
6280.0,527.46,2025-11-07 19:08:13,0,2026-01-16,6642.16015625,0.27380952380952384,2601,0.045,in,6668.195673400695,0.03071242436543408,0.18561300929326957,0.009433337524223545,-0.05997932911895615
6305.0,459.56,2025-10-10 15:58:10,0,2025-12-19,6642.16015625,0.27380952380952384,2512,0.045,in,6689.026206958043,0.019321314206749166,0.13563302941458383,0.0050370872543818975,-0.05912533463039192
6515.0,358.8,2025-11-07 20:36:19,0,2026-01-16,6642.16015625,0.27380952380952384,2601,0.045,in,6668.195673400695,0.03071242436543408,0.1768903470822589,0.008567553362979602,-0.023242099022254995
6590.0,285.8,2025-11-07 15:28:43,0,2026-01-16,6642.16015625,0.27380952380952384,2601,0.045,in,6668.195673400695,0.03071242436543408,0.1550719380291435,0.0065843813949361205,-0.01179596108464761
5250.0,1549.22,2025-11-06 20:08:51,0,2026-01-16,6642.16015625,0.2777777777777778,2601,0.045,in,6668.195673400695,0.030916532588785017,0.4295576571095779,0.05125549466151936,-0.23912123299553106
5830.0,966.53,2025-10-09 19:45:33,0,2025-12-19,6642.16015625,0.2777777777777778,2512,0.045,in,6689.026206958043,0.019688152575224174,0.28169200109697773,0.022041773189449918,-0.13745130368487385
5910.0,896.72,2025-10-21 13:30:05,0,2025-12-31,6642.16015625,0.2777777777777778,2512,0.045,in,6689.026206958043,0.019688152575224174,0.2742366537449101,0.02089048396033492,-0.12382247262926797
6465.0,402.15,2025-10-21 17:31:57,0,2025-12-31,6642.16015625,0.2777777777777778,2512,0.045,in,6689.026206958043,0.019688152575224174,0.1847112766560216,0.009477293256638153,-0.034065291823454094
6505.0,372.65,2025-10-21 14:55:31,0,2025-12-31,6642.16015625,0.2777777777777778,2512,0.045,in,6689.026206958043,0.019688152575224174,0.1810694849509671,0.009107266216780142,-0.027897192082806267
6750.0,214.07,2025-11-20 03:43:02,0,2026-01-30,6642.16015625,0.2777777777777778,2601,0.045,out,6668.195673400695,0.030916532588785017,0.1614817527811635,0.007243432355910224,0.01219319528537504
6755.0,210.97,2025-11-20 03:43:02,0,2026-01-30,6642.16015625,0.2777777777777778,2601,0.045,out,6668.195673400695,0.030916532588785017,0.16090413080777036,0.007191705364167798,0.012933661813098813
5100.0,1680.74,2025-10-20 17:34:26,0,2025-12-31,6642.16015625,0.28174603174603174,2512,0.045,in,6689.026206958043,0.020044657468530878,0.4343437506867934,0.053152654988125644,-0.2712277643169948
5125.0,1665.88,2025-10-08 19:08:56,0,2025-12-19,6642.16015625,0.28174603174603174,2512,0.045,in,6689.026206958043,0.020044657468530878,0.4446045560679277,0.0556936428596091,-0.2663377790228029
5470.0,1310.84,2025-10-20 16:26:35,0,2025-12-31,6642.16015625,0.28174603174603174,2512,0.045,in,6689.026206958043,0.020044657468530878,0.34347082180507305,0.03323820073663932,-0.201189687613385
5475.0,1303.88,2025-10-20 16:18:07,0,2025-12-31,6642.16015625,0.28174603174603174,2512,0.045,in,6689.026206958043,0.020044657468530878,0.33930745628510833,0.032437293818403254,-0.2002760283447103
5485.0,1297.75,2025-10-20 16:28:23,0,2025-12-31,6642.16015625,0.28174603174603174,2512,0.045,in,6689.026206958043,0.020044657468530878,0.34272606045606724,0.03309421360562399,-0.19845121032008128
5620.0,1167.27,2025-10-20 16:31:39,0,2025-12-31,6642.16015625,0.28174603174603174,2512,0.045,in,6689.026206958043,0.020044657468530878,0.31685877108554084,0.02828715530866104,-0.1741366401416752
5670.0,1119.6,2025-10-20 16:32:53,0,2025-12-31,6642.16015625,0.28174603174603174,2512,0.045,in,6689.026206958043,0.020044657468530878,0.3080826174108075,0.026741896189282834,-0.16527918630761418
5710.0,1004.6,2025-11-19 17:11:21,0,2026-01-30,6642.16015625,0.28174603174603174,2601,0.045,in,6668.195673400695,0.031114891284717623,0.11728656549761673,0.003875737419373407,-0.15513028593114453
5820.0,977.29,2025-10-20 16:32:01,0,2025-12-31,6642.16015625,0.28174603174603174,2512,0.045,in,6689.026206958043,0.020044657468530878,0.28201064595799,0.022407263153923166,-0.1391680423039284
5810.0,916.1,2025-11-19 17:07:02,0,2026-01-30,6642.16015625,0.28174603174603174,2601,0.045,in,6668.195673400695,0.031114891284717623,0.1656079320632173,0.007727163049683012,-0.1377687387352435
5835.0,963.21,2025-10-20 16:34:31,0,2025-12-31,6642.16015625,0.28174603174603174,2512,0.045,in,6689.026206958043,0.020044657468530878,0.2795254861693166,0.022014084590046386,-0.13659403830875558
5845.0,953.73,2025-10-20 16:34:14,0,2025-12-31,6642.16015625,0.28174603174603174,2512,0.045,in,6689.026206958043,0.020044657468530878,0.2777479723785136,0.021734997886455023,-0.13488170912324318
6055.0,759.65,2025-10-20 16:32:31,0,2025-12-31,6642.16015625,0.28174603174603174,2512,0.045,in,6689.026206958043,0.020044657468530878,0.24437603757000675,0.016825773767569968,-0.0995839270422193
6290.0,506.44,2025-11-19 14:42:31,0,2026-01-30,6642.16015625,0.28174603174603174,2601,0.045,in,6668.195673400695,0.031114891284717623,0.1683423692065905,0.007984443976889879,-0.05838823888671431
6325.0,477.97,2025-11-19 14:42:31,0,2026-01-30,6642.16015625,0.28174603174603174,2601,0.045,in,6668.195673400695,0.031114891284717623,0.16597219539398458,0.007761193034590591,-0.052839274985479516
6400.0,409.31,2025-11-19 16:36:25,0,2026-01-30,6642.16015625,0.28174603174603174,2601,0.045,in,6668.195673400695,0.031114891284717623,0.15276431836407195,0.0065750893830635185,-0.0410513192334373
6420.0,445.9,2025-10-20 18:28:32,0,2025-12-31,6642.16015625,0.28174603174603174,2512,0.045,in,6689.026206958043,0.020044657468530878,0.19475835837657254,0.010686857496766509,-0.041050186345405
6430.0,394.7,2025-11-19 21:14:15,0,2026-01-30,6642.16015625,0.28174603174603174,2601,0.045,in,6668.195673400695,0.031114891284717623,0.15811998220652818,0.00704419421778765,-0.03637477134953537
6440.0,405.5,2025-11-19 15:00:05,0,2026-01-30,6642.16015625,0.28174603174603174,2601,0.045,in,6668.195673400695,0.031114891284717623,0.1725884235594484,0.008392302540548511,-0.03482076948280116
6475.0,381.3,2025-11-19 15:31:20,0,2026-01-30,6642.16015625,0.28174603174603174,2601,0.045,in,6668.195673400695,0.031114891284717623,0.17136514781155712,0.008273757880150216,-0.02940070201346194
6480.0,358.76,2025-11-19 14:43:58,0,2026-01-30,6642.16015625,0.28174603174603174,2601,0.045,in,6668.195673400695,0.031114891284717623,0.15596263249372547,0.006853287040239975,-0.028628799234880126
6500.0,345.73,2025-11-19 20:44:12,0,2026-01-30,6642.16015625,0.28174603174603174,2601,0.045,in,6668.195673400695,0.031114891284717623,0.15584642109138588,0.006843077756573584,-0.02554713269747205
6535.0,310.8,2025-11-19 18:23:46,0,2026-01-30,6642.16015625,0.28174603174603174,2601,0.045,in,6668.195673400695,0.031114891284717623,0.14579616309501311,0.0059889404892823975,-0.020176962522878185
6550.0,290.8,2025-11-19 19:30:40,0,2026-01-30,6642.16015625,0.28174603174603174,2601,0.045,in,6668.195673400695,0.031114891284717623,0.13755567694828338,0.005331075644879903,-0.017884259951902865
6570.0,288.5,2025-11-19 16:53:40,0,2026-01-30,6642.16015625,0.28174603174603174,2601,0.045,in,6668.195673400695,0.031114891284717623,0.14508987287234584,0.005931055777452608,-0.014835477102544296
6580.0,286.05,2025-11-19 14:45:11,0,2026-01-30,6642.16015625,0.28174603174603174,2601,0.045,in,6668.195673400695,0.031114891284717623,0.14770587968172866,0.006146860751473351,-0.013314564261837617
6585.0,274.9,2025-11-19 16:52:35,0,2026-01-30,6642.16015625,0.28174603174603174,2601,0.045,in,6668.195673400695,0.031114891284717623,0.14156375125424125,0.005646273779806592,-0.012554974403819035
6590.0,273.8,2025-11-19 16:53:09,0,2026-01-30,6642.16015625,0.28174603174603174,2601,0.045,in,6668.195673400695,0.031114891284717623,0.14293551678044703,0.005756229757808869,-0.01179596108464761
6600.0,253.74,2025-11-19 19:33:14,0,2026-01-30,6642.16015625,0.28174603174603174,2601,0.045,in,6668.195673400695,0.031114891284717623,0.13234504169148104,0.004934840929693292,-0.010279660566683611
6620.0,261.4,2025-11-19 15:57:47,0,2026-01-30,6642.16015625,0.28174603174603174,2601,0.045,in,6668.195673400695,0.031114891284717623,0.1464500591217219,0.006042781773768511,-0.007253939650146541
6625.0,249.9,2025-11-19 19:09:19,0,2026-01-30,6642.16015625,0.28174603174603174,2601,0.045,in,6668.195673400695,0.031114891284717623,0.1400761105038108,0.005528228127401519,-0.006498937726777538
6630.0,270.6,2025-11-19 15:08:10,0,2026-01-30,6642.16015625,0.28174603174603174,2601,0.045,in,6668.195673400695,0.031114891284717623,0.15719839106237507,0.00696232033664507,-0.005744505401292254
6635.0,239.1,2025-11-19 19:10:54,0,2026-01-30,6642.16015625,0.28174603174603174,2601,0.045,in,6668.195673400695,0.031114891284717623,0.13625339104455708,0.005230611295837341,-0.0049906418148926235
6650.0,229.84,2025-11-19 19:15:49,0,2026-01-30,6642.16015625,0.28174603174603174,2601,0.045,out,6668.195673400695,0.031114891284717623,0.13550034839146255,0.005172954180193447,-0.0027324549313006443
6665.0,240.0,2025-11-19 14:57:00,0,2026-01-30,6642.16015625,0.28174603174603174,2601,0.045,out,6668.195673400695,0.031114891284717623,0.14861036523973473,0.006222372565971437,-0.000479355968391385
6680.0,214.8,2025-11-19 16:42:23,0,2026-01-30,6642.16015625,0.28174603174603174,2601,0.045,out,6668.195673400695,0.031114891284717623,0.13611980852356365,0.005220360164075023,0.001768677949490909
6690.0,223.7,2025-11-19 20:38:22,0,2026-01-30,6642.16015625,0.28174603174603174,2601,0.045,out,6668.195673400695,0.031114891284717623,0.14616011551396146,0.006018878313733626,0.003264564541073733
6700.0,205.47,2025-11-19 21:01:23,0,2026-01-30,6642.16015625,0.28174603174603174,2601,0.045,out,6668.195673400695,0.031114891284717623,0.13673328579495075,0.005267521398984688,0.004758216797856905
6710.0,218.9,2025-11-19 15:21:06,0,2026-01-30,6642.16015625,0.28174603174603174,2601,0.045,out,6668.195673400695,0.031114891284717623,0.14984909615589426,0.00632653716242234,0.006249641384527054
6715.0,210.06,2025-11-19 15:42:59,0,2026-01-30,6642.16015625,0.28174603174603174,2601,0.045,out,6668.195673400695,0.031114891284717623,0.14529252176966403,0.005947635312045115,0.006994520376137576
6720.0,190.21,2025-11-19 17:08:03,0,2026-01-30,6642.16015625,0.28174603174603174,2601,0.045,out,6668.195673400695,0.031114891284717623,0.1328901870648127,0.004975579083676924,0.007738844935994683
6725.0,196.37,2025-11-19 20:30:18,0,2026-01-30,6642.16015625,0.28174603174603174,2601,0.045,out,6668.195673400695,0.031114891284717623,0.13899331859785422,0.005443091768468123,0.00848261588883936
6730.0,207.7,2025-11-19 15:22:10,0,2026-01-30,6642.16015625,0.28174603174603174,2601,0.045,out,6668.195673400695,0.031114891284717623,0.14875539429340837,0.0062345233354305744,0.009225834057573044
6745.0,179.8,2025-11-19 18:58:58,0,2026-01-30,6642.16015625,0.28174603174603174,2601,0.045,out,6668.195673400695,0.031114891284717623,0.1339349739194257,0.00505412295220081,0.01145218006065574
6760.0,176.1,2025-11-19 15:57:10,0,2026-01-30,6642.16015625,0.28174603174603174,2601,0.045,out,6668.195673400695,0.031114891284717623,0.13619750808055575,0.0052263216100082,0.013673580455809407
6775.0,164.73,2025-11-19 14:37:26,0,2026-01-30,6642.16015625,0.28174603174603174,2601,0.045,out,6668.195673400695,0.031114891284717623,0.13287184065857163,0.004974205352538796,0.01589005716670121
6800.0,143.3,2025-11-19 19:52:41,0,2026-01-30,6642.16015625,0.28174603174603174,2601,0.045,out,6668.195673400695,0.031114891284717623,0.12522076213700242,0.004417845191199181,0.019573302582997654
6820.0,136.7,2025-11-19 16:49:16,0,2026-01-30,6642.16015625,0.28174603174603174,2601,0.045,out,6668.195673400695,0.031114891284717623,0.12635425193313896,0.004498187244811125,0.02251016225630735
6850.0,119.22,2025-11-19 19:52:34,0,2026-01-30,6642.16015625,0.28174603174603174,2601,0.045,out,6668.195673400695,0.031114891284717623,0.12208276305574495,0.004199199498047963,0.0268993426750704
6860.0,136.8,2025-11-19 15:16:33,0,2026-01-30,6642.16015625,0.28174603174603174,2601,0.045,out,6668.195673400695,0.031114891284717623,0.13768232163020333,0.005340896587116174,0.02835813213873043
6865.0,116.8,2025-11-19 18:05:19,0,2026-01-30,6642.16015625,0.28174603174603174,2601,0.045,out,6668.195673400695,0.031114891284717623,0.12435552282058815,0.004357004047518687,0.029086729620870996
6900.0,103.57,2025-11-19 21:01:23,0,2026-01-30,6642.16015625,0.28174603174603174,2601,0.045,out,6668.195673400695,0.031114891284717623,0.12355541235079662,0.004301117993664494,0.03417210200415023
6915.0,96.6,2025-11-19 18:11:23,0,2026-01-30,6642.16015625,0.28174603174603174,2601,0.045,out,6668.195673400695,0.031114891284717623,0.12197070705206817,0.004191494404339213,0.03634365551765821
6930.0,91.7,2025-11-19 18:58:43,0,2026-01-30,6642.16015625,0.28174603174603174,2601,0.045,out,6668.195673400695,0.031114891284717623,0.12181544667819529,0.004180830224238036,0.03851050360274847
6950.0,82.72,2025-11-19 20:06:23,0,2026-01-30,6642.16015625,0.28174603174603174,2601,0.045,out,6668.195673400695,0.031114891284717623,0.1194343888653012,0.004018986905942805,0.04139234997763735
6960.0,86.5,2025-11-19 20:37:46,0,2026-01-30,6642.16015625,0.28174603174603174,2601,0.045,out,6668.195673400695,0.031114891284717623,0.12475727057447725,0.004385201332717167,0.04283016474726475
6970.0,76.2,2025-11-19 16:37:01,0,2026-01-30,6642.16015625,0.28174603174603174,2601,0.045,out,6668.195673400695,0.031114891284717623,0.11869968652892211,0.003969693279073693,0.04426591517336908
6985.0,76.4,2025-11-19 14:46:02,0,2026-01-30,6642.16015625,0.28174603174603174,2601,0.045,out,6668.195673400695,0.031114891284717623,0.12218938264620265,0.004206537346959005,0.04641568310986163
6995.0,68.9,2025-11-19 14:31:34,0,2026-01-30,6642.16015625,0.28174603174603174,2601,0.045,out,6668.195673400695,0.031114891284717623,0.11809012555121376,0.003929026668419847,0.04784629851838109
7000.0,68.5,2025-11-19 21:01:14,0,2026-01-30,6642.16015625,0.28174603174603174,2601,0.045,out,6668.195673400695,0.031114891284717623,0.11881964408116767,0.003977720853927979,0.04856083945624994
7015.0,65.35,2025-11-19 16:22:56,0,2026-01-30,6642.16015625,0.28174603174603174,2601,0.045,out,6668.195673400695,0.031114891284717623,0.11927931742642833,0.00400855732208627,0.05070140395536083
7020.0,62.6,2025-11-19 21:01:14,0,2026-01-30,6642.16015625,0.28174603174603174,2601,0.045,out,6668.195673400695,0.031114891284717623,0.1179173856123605,0.003917540467878741,0.05141390843865637
7040.0,60.0,2025-11-19 16:01:55,0,2026-01-30,6642.16015625,0.28174603174603174,2601,0.045,out,6668.195673400695,0.031114891284717623,0.11968807711806337,0.004036078341665013,0.05425886057088763
7050.0,56.9,2025-11-19 20:37:04,0,2026-01-30,6642.16015625,0.28174603174603174,2601,0.045,out,6668.195673400695,0.031114891284717623,0.11887530532390192,0.00398144846557704,0.055678307225113764
7055.0,55.6,2025-11-19 20:37:04,0,2026-01-30,6642.16015625,0.28174603174603174,2601,0.045,out,6668.195673400695,0.031114891284717623,0.11866636254209129,0.003967464672725969,0.056387275705713856
7075.0,47.1,2025-11-19 18:06:34,0,2026-01-30,6642.16015625,0.28174603174603174,2601,0.045,out,6668.195673400695,0.031114891284717623,0.1144364989836331,0.003689664973308751,0.05921813393023783
7100.0,41.4,2025-11-19 19:55:18,0,2026-01-30,6642.16015625,0.28174603174603174,2601,0.045,out,6668.195673400695,0.031114891284717623,0.11331237911625379,0.00361753318861103,0.06274547444820627
7110.0,36.7,2025-11-19 19:27:01,0,2026-01-30,6642.16015625,0.28174603174603174,2601,0.045,out,6668.195673400695,0.031114891284717623,0.11011895916199234,0.0034165045509974524,0.06415293421608614
7130.0,42.2,2025-11-19 15:19:23,0,2026-01-30,6642.16015625,0.28174603174603174,2601,0.045,out,6668.195673400695,0.031114891284717623,0.11952944089124307,0.004025386484221806,0.06696192482714118
7145.0,32.9,2025-11-19 18:08:47,0,2026-01-30,6642.16015625,0.28174603174603174,2601,0.045,out,6668.195673400695,0.031114891284717623,0.11190076422817238,0.0035279621169614314,0.06906350178276727
5150.0,1717.13,2025-11-04 15:40:25,0,2026-01-16,6642.16015625,0.2857142857142857,2601,0.045,in,6668.195673400695,0.03130774001687432,0.539554593672918,0.08317690272958504,-0.25835259492341867
5175.0,1692.68,2025-11-04 15:40:25,0,2026-01-16,6642.16015625,0.2857142857142857,2601,0.045,in,6668.195673400695,0.03130774001687432,0.5331430914481953,0.08121187313112534,-0.25350997044763063
5980.0,877.02,2025-11-04 19:47:33,0,2026-01-16,6642.16015625,0.2857142857142857,2601,0.045,in,6668.195673400695,0.03130774001687432,0.30350578167045655,0.026318788430684237,-0.1089287416365231
5990.0,867.21,2025-11-04 19:49:17,0,2026-01-16,6642.16015625,0.2857142857142857,2601,0.045,in,6668.195673400695,0.03130774001687432,0.30106129062713166,0.025896543061164068,-0.10725789747170549
6300.0,465.83,2025-11-18 15:03:34,0,2026-01-30,6642.16015625,0.2857142857142857,2601,0.045,in,6668.195673400695,0.03130774001687432,0.13228541175627817,0.004999837189579445,-0.05679967620157647
6325.0,577.7,2025-11-04 19:15:03,0,2026-01-16,6642.16015625,0.2857142857142857,2601,0.045,in,6668.195673400695,0.03130774001687432,0.24959728922616756,0.01779965908258604,-0.052839274985479516
6350.0,426.83,2025-11-18 15:03:34,0,2026-01-30,6642.16015625,0.2857142857142857,2601,0.045,in,6668.195673400695,0.03130774001687432,0.13273118438297504,0.005033590659344948,-0.04889449669446314
6360.0,430.0,2025-11-18 21:09:17,0,2026-01-30,6642.16015625,0.2857142857142857,2601,0.045,in,6668.195673400695,0.03130774001687432,0.14329042004790618,0.005866326993572969,-0.047320932247032654
6525.0,310.0,2025-11-18 16:21:48,0,2026-01-30,6642.16015625,0.2857142857142857,2601,0.045,in,6668.195673400695,0.03130774001687432,0.13870232784739508,0.0054966673572246485,-0.021708356390306337
6530.0,290.0,2025-11-18 16:01:28,0,2026-01-30,6642.16015625,0.2857142857142857,2601,0.045,in,6668.195673400695,0.03130774001687432,0.12550987721990103,0.004500779794215609,-0.0209423663107237
6610.0,259.9,2025-11-18 20:54:48,0,2026-01-30,6642.16015625,0.2857142857142857,2601,0.045,in,6668.195673400695,0.03130774001687432,0.13971738141475154,0.005577413334112902,-0.008765655735468454
6640.0,233.4,2025-11-18 16:22:15,0,2026-01-30,6642.16015625,0.2857142857142857,2601,0.045,in,6668.195673400695,0.03130774001687432,0.13270570615643335,0.005031658413279323,-0.0042373461107209215
6655.0,219.18,2025-11-18 16:13:18,0,2026-01-30,6642.16015625,0.2857142857142857,2601,0.045,out,6668.195673400695,0.03130774001687432,0.12837405901292198,0.004708542579272335,-0.001980857751988522
6670.0,234.4,2025-11-18 19:19:45,0,2026-01-30,6642.16015625,0.2857142857142857,2601,0.045,out,6668.195673400695,0.03130774001687432,0.14499836998086932,0.006007007799174018,0.00027055032846902297
6675.0,223.43,2025-11-18 17:42:37,0,2026-01-30,6642.16015625,0.2857142857142857,2601,0.045,out,6668.195673400695,0.03130774001687432,0.13903061827248925,0.005522717947780177,0.001019894687249728
6695.0,198.45,2025-11-18 14:56:37,0,2026-01-30,6642.16015625,0.2857142857142857,2601,0.045,out,6668.195673400695,0.03130774001687432,0.1285814029892702,0.004723764912768315,0.004011669544072309
6705.0,192.75,2025-11-18 14:56:37,0,2026-01-30,6642.16015625,0.2857142857142857,2601,0.045,out,6668.195673400695,0.03130774001687432,0.12811425931342998,0.004689503839836795,0.005504207134578425
6765.0,168.01,2025-11-18 16:30:13,0,2026-01-30,6642.16015625,0.2857142857142857,2601,0.045,out,6668.195673400695,0.03130774001687432,0.13074104610910137,0.0048837774679149045,0.014412952023687876
6770.0,165.33,2025-11-18 16:30:13,0,2026-01-30,6642.16015625,0.2857142857142857,2601,0.045,out,6668.195673400695,0.03130774001687432,0.13042663077515823,0.004860316004388414,0.015151777325120188
6780.0,148.0,2025-11-18 15:03:45,0,2026-01-30,6642.16015625,0.2857142857142857,2601,0.045,out,6668.195673400695,0.03130774001687432,0.12127382094321218,0.004202097041761796,0.016627792353240863
6785.0,157.3,2025-11-18 20:53:33,0,2026-01-30,6642.16015625,0.2857142857142857,2601,0.045,out,6668.195673400695,0.03130774001687432,0.1293999272184389,0.0047840974754677955,0.017364983687768957
6810.0,139.3,2025-11-18 15:00:51,0,2026-01-30,6642.16015625,0.2857142857142857,2601,0.045,out,6668.195673400695,0.03130774001687432,0.12408433485708292,0.004399120616264195,0.021042810562357517
6825.0,125.6,2025-11-18 15:16:47,0,2026-01-30,6642.16015625,0.2857142857142857,2601,0.045,out,6668.195673400695,0.03130774001687432,0.11858330722767343,0.004017714500872224,0.023243031471960097
6830.0,143.84,2025-11-18 18:20:04,0,2026-01-30,6642.16015625,0.2857142857142857,2601,0.045,out,6668.195673400695,0.03130774001687432,0.13310239128380888,0.005061784732990904,0.023975363983635194
6840.0,126.4,2025-11-18 14:57:39,0,2026-01-30,6642.16015625,0.2857142857142857,2601,0.045,out,6668.195673400695,0.03130774001687432,0.1233617280578319,0.004348033128404134,0.02543842203539569
6965.0,73.5,2025-11-18 15:05:45,0,2026-01-30,6642.16015625,0.2857142857142857,2601,0.045,out,6668.195673400695,0.03130774001687432,0.11429091141234406,0.003732117837561222,0.04354829763270554
6975.0,84.2,2025-11-18 14:38:15,0,2026-01-30,6642.16015625,0.2857142857142857,2601,0.045,out,6668.195673400695,0.03130774001687432,0.1251705790727085,0.004476478247256335,0.04498301810836594
7010.0,69.99,2025-11-18 14:49:02,0,2026-01-30,6642.16015625,0.2857142857142857,2601,0.045,out,6668.195673400695,0.03130774001687432,0.12110079100505335,0.00419011473772846,0.04998839144743525
7060.0,45.54,2025-11-18 16:01:50,0,2026-01-30,6642.16015625,0.2857142857142857,2601,0.045,out,6668.195673400695,0.03130774001687432,0.10907680829103825,0.003399357173417117,0.05709574190608729
7065.0,56.1,2025-11-18 18:23:33,0,2026-01-30,6642.16015625,0.2857142857142857,2601,0.045,out,6668.195673400695,0.03130774001687432,0.1200018306861714,0.004114411248009299,0.057803706537427384
7080.0,47.5,2025-11-18 16:59:58,0,2026-01-30,6642.16015625,0.2857142857142857,2601,0.045,out,6668.195673400695,0.03130774001687432,0.11472584694021273,0.0037605771303283195,0.05992459810656495
7105.0,39.2,2025-11-18 15:17:34,0,2026-01-30,6642.16015625,0.2857142857142857,2601,0.045,out,6668.195673400695,0.03130774001687432,0.11090399195734206,0.0035141986948783403,0.06344945195000054
7150.0,35.8,2025-11-18 20:22:22,0,2026-01-30,6642.16015625,0.2857142857142857,2601,0.045,out,6668.195673400695,0.03130774001687432,0.11503239305547241,0.0037807004148767706,0.06976304710685287
6320.0,645.8,2025-11-03 17:47:02,0,2026-01-16,6642.16015625,0.2896825396825397,2601,0.045,in,6668.195673400695,0.03149530522212262,0.29887846362192566,0.025876859243020637,-0.053630101440297326
6605.0,270.1,2025-11-17 20:01:08,0,2026-01-30,6642.16015625,0.2896825396825397,2601,0.045,in,6668.195673400695,0.03149530522212262,0.14361223453831037,0.005974549981600503,-0.00952237162477478
6685.0,268.4,2025-11-17 17:32:39,0,2026-01-30,6642.16015625,0.2896825396825397,2601,0.045,out,6668.195673400695,0.03149530522212262,0.17305732257870435,0.008675655133182582,0.0025169009548431016
6735.0,191.6,2025-11-17 19:57:58,0,2026-01-30,6642.16015625,0.2896825396825397,2601,0.045,out,6668.195673400695,0.03149530522212262,0.13627508150498904,0.005379664850241956,0.009968500263263963
6740.0,189.2,2025-11-17 19:56:25,0,2026-01-30,6642.16015625,0.2896825396825397,2601,0.045,out,6668.195673400695,0.03149530522212262,0.13624901382925847,0.005377606925275869,0.010710615325152151
6790.0,159.5,2025-11-17 20:02:12,0,2026-01-30,6642.16015625,0.2896825396825397,2601,0.045,out,6668.195673400695,0.03149530522212262,0.13120880359362672,0.004987102223231653,0.018101631971541302
6795.0,184.0,2025-11-17 18:10:15,0,2026-01-30,6642.16015625,0.2896825396825397,2601,0.045,out,6668.195673400695,0.03149530522212262,0.1499645883629105,0.006514780066224504,0.018837738004043626
6805.0,154.55,2025-11-17 19:47:54,0,2026-01-30,6642.16015625,0.2896825396825397,2601,0.045,out,6668.195673400695,0.03149530522212262,0.13220249634986367,0.005062926599217887,0.020308326504365867
6815.0,149.45,2025-11-17 19:47:54,0,2026-01-30,6642.16015625,0.2896825396825397,2601,0.045,out,6668.195673400695,0.03149530522212262,0.1315231982829336,0.005011030448887883,0.021776755549432505
6835.0,165.3,2025-11-17 18:48:29,0,2026-01-30,6642.16015625,0.2896825396825397,2601,0.045,out,6668.195673400695,0.03149530522212262,0.1485150914731649,0.006389450257363594,0.02470716057684943
6880.0,150.1,2025-11-17 17:37:46,0,2026-01-30,6642.16015625,0.2896825396825397,2601,0.045,out,6668.195673400695,0.03149530522212262,0.15008684939072495,0.006525406953501958,0.03126934234618885
6890.0,140.2,2025-11-17 17:49:16,0,2026-01-30,6642.16015625,0.2896825396825397,2601,0.045,out,6668.195673400695,0.03149530522212262,0.14558165775710297,0.006139537271814909,0.032721775426503855
6925.0,100.16,2025-11-17 19:40:36,0,2026-01-30,6642.16015625,0.2896825396825397,2601,0.045,out,6668.195673400695,0.03149530522212262,0.12480386816711705,0.004512096834093988,0.037788742474338756
6980.0,84.4,2025-11-17 19:25:54,0,2026-01-30,6642.16015625,0.2896825396825397,2601,0.045,out,6668.195673400695,0.03149530522212262,0.12530575933399368,0.0045484600497048356,0.04569960717521777
7005.0,76.0,2025-11-17 19:25:54,0,2026-01-30,6642.16015625,0.2896825396825397,2601,0.045,out,6668.195673400695,0.03149530522212262,0.12394608803357937,0.00445028646799377,0.049274870189906804
7025.0,65.8,2025-11-17 20:42:44,0,2026-01-30,6642.16015625,0.2896825396825397,2601,0.045,out,6668.195673400695,0.03149530522212262,0.11955884440686934,0.004140814131512451,0.05212590562074613
7030.0,64.4,2025-11-17 20:42:44,0,2026-01-30,6642.16015625,0.2896825396825397,2601,0.045,out,6668.195673400695,0.03149530522212262,0.11937289247159553,0.004127943588744298,0.05283739622351004
7035.0,72.66,2025-11-17 18:56:02,0,2026-01-30,6642.16015625,0.2896825396825397,2601,0.045,out,6668.195673400695,0.03149530522212262,0.12746341729851376,0.004706449844076584,0.05354838096728893
7045.0,66.39,2025-11-17 19:04:35,0,2026-01-30,6642.16015625,0.2896825396825397,2601,0.045,out,6668.195673400695,0.03149530522212262,0.12413683056328295,0.004463994235189274,0.05496883575158019
7140.0,38.2,2025-11-17 20:00:01,0,2026-01-30,6642.16015625,0.2896825396825397,2601,0.045,out,6668.195673400695,0.03149530522212262,0.11494692910825066,0.003827516449735936,0.06836346675242952
5435.0,1280.17,2025-10-17 16:34:09,0,2025-12-31,6642.16015625,0.29365079365079366,2512,0.045,in,6689.026206958043,0.021056360544130976,0.16724442445159676,0.00821361752282061,-0.2076087834741021
5520.0,1198.84,2025-10-17 16:24:29,0,2025-12-31,6642.16015625,0.29365079365079366,2512,0.045,in,6689.026206958043,0.021056360544130976,0.17787901317107474,0.009291388119749755,-0.19209044375827086
5570.0,1146.39,2025-10-17 16:19:05,0,2025-12-31,6642.16015625,0.29365079365079366,2512,0.045,in,6689.026206958043,0.021056360544130976,0.14285788619593504,0.005992935706267594,-0.18307325010808215
5575.0,1149.23,2025-10-17 16:33:39,0,2025-12-31,6642.16015625,0.29365079365079366,2512,0.045,in,6689.026206958043,0.021056360544130976,0.1925770711125561,0.010890312283942445,-0.18217598670109236
5625.0,1098.51,2025-10-17 16:13:42,0,2025-12-31,6642.16015625,0.29365079365079366,2512,0.045,in,6689.026206958043,0.021056360544130976,0.1794414003018753,0.009455325375119212,-0.17324735595679097
5630.0,1090.82,2025-10-17 16:13:48,0,2025-12-31,6642.16015625,0.29365079365079366,2512,0.045,in,6689.026206958043,0.021056360544130976,0.1655846360744394,0.008051397246384666,-0.17235886189567579
5640.0,1084.61,2025-10-17 16:13:18,0,2025-12-31,6642.16015625,0.29365079365079366,2512,0.045,in,6689.026206958043,0.021056360544130976,0.1808188418345866,0.009601045887371793,-0.1705842385373073
5690.0,1038.32,2025-10-17 16:15:23,0,2025-12-31,6642.16015625,0.29365079365079366,2512,0.045,in,6689.026206958043,0.021056360544130976,0.18370821717244282,0.009910335199183051,-0.16175805590903525
5710.0,1015.68,2025-10-17 16:18:55,0,2025-12-31,6642.16015625,0.29365079365079366,2512,0.045,in,6689.026206958043,0.021056360544130976,0.17078935662201103,0.008565501273082041,-0.158249280379356
5935.0,815.11,2025-10-17 16:27:48,0,2025-12-31,6642.16015625,0.29365079365079366,2512,0.045,in,6689.026206958043,0.021056360544130976,0.18293179991548666,0.009826742909141484,-0.11960127598564349
5960.0,791.03,2025-10-17 16:25:02,0,2025-12-31,6642.16015625,0.29365079365079366,2512,0.045,in,6689.026206958043,0.021056360544130976,0.17933058783752484,0.009443650874314539,-0.11539782297001652
6190.0,590.5,2025-10-17 16:29:48,0,2025-12-31,6642.16015625,0.29365079365079366,2512,0.045,in,6689.026206958043,0.021056360544130976,0.1690366507120494,0.008390598440524234,-0.07753321735077007
6520.0,320.17,2025-10-17 16:47:55,0,2025-12-31,6642.16015625,0.29365079365079366,2512,0.045,in,6689.026206958043,0.021056360544130976,0.1410500906904753,0.005842220151589511,-0.025593928108713308
5430.0,1315.0,2025-10-16 14:09:49,0,2025-12-31,6642.16015625,0.2976190476190476,2512,0.045,in,6689.026206958043,0.021375609070209228,0.2752497964461186,0.022548348346318366,-0.2085291701014308
6000.0,807.78,2025-11-14 14:57:14,0,2026-01-30,6642.16015625,0.30158730158730157,2601,0.045,in,6668.195673400695,0.032028385279144096,0.2377401441790377,0.017045827729065443,-0.10558984037100848
6070.0,710.37,2025-10-15 19:21:27,0,2025-12-31,6642.16015625,0.30158730158730157,2512,0.045,in,6689.026206958043,0.021686456319285424,0.19108110608441095,0.011011552268990418,-0.097109698975868
6180.0,748.6,2025-10-31 16:56:49,0,2026-01-16,6642.16015625,0.30158730158730157,2601,0.045,in,6668.195673400695,0.032028385279144096,0.3020984963470181,0.027523913149324706,-0.07603103812946405
6360.0,499.6,2025-10-03 15:09:27,0,2025-12-19,6642.16015625,0.30158730158730157,2512,0.045,in,6689.026206958043,0.021686456319285424,0.19645447407748773,0.011639569005018786,-0.050439926695244025
6390.0,427.66,2025-10-15 18:09:58,0,2025-12-31,6642.16015625,0.30158730158730157,2512,0.045,in,6689.026206958043,0.021686456319285424,0.15381972422942236,0.007135708629814212,-0.04573403565783142
6390.0,568.08,2025-10-31 17:48:11,0,2026-01-16,6642.16015625,0.30158730158730157,2601,0.045,in,6668.195673400695,0.032028385279144096,0.2646500366562286,0.021123066605408247,-0.04261504120962003
6410.0,487.62,2025-11-14 18:11:41,0,2026-01-30,6642.16015625,0.30158730158730157,2601,0.045,in,6668.195673400695,0.032028385279144096,0.21278043965681004,0.013654520547783527,-0.0394900386664847
6450.0,462.61,2025-11-14 20:07:13,0,2026-01-30,6642.16015625,0.30158730158730157,2601,0.045,in,6668.195673400695,0.032028385279144096,0.21270864920035457,0.013645308245208737,-0.033269178791382296
6555.0,371.14,2025-11-14 18:51:55,0,2026-01-30,6642.16015625,0.30158730158730157,2601,0.045,in,6668.195673400695,0.032028385279144096,0.1912553833296811,0.011031647799985425,-0.017121192383400315
6575.0,363.68,2025-11-14 17:54:14,0,2026-01-30,6642.16015625,0.30158730158730157,2601,0.045,in,6668.195673400695,0.032028385279144096,0.1940232029225996,0.011353254955151446,-0.014074731535235141
6660.0,276.2,2025-11-14 15:36:15,0,2026-01-30,6642.16015625,0.30158730158730157,2601,0.045,out,6668.195673400695,0.032028385279144096,0.1648494661352126,0.008195739416130594,-0.0012298250467656583
6870.0,154.15,2025-11-14 15:40:44,0,2026-01-30,6642.16015625,0.30158730158730157,2601,0.045,out,6668.195673400695,0.032028385279144096,0.14632370947908657,0.006457173510455277,0.029814796635194644
6905.0,144.42,2025-11-14 18:51:55,0,2026-01-30,6642.16015625,0.30158730158730157,2601,0.045,out,6668.195673400695,0.032028385279144096,0.14858104439694464,0.006657939814724601,0.03489647726219202
6990.0,98.5,2025-11-14 20:58:05,0,2026-01-30,6642.16015625,0.30158730158730157,2601,0.045,out,6668.195673400695,0.032028385279144096,0.13509901132933785,0.005504493879065501,0.04713124664665543
7070.0,74.81,2025-11-14 16:15:47,0,2026-01-30,6642.16015625,0.30158730158730157,2601,0.045,out,6668.195673400695,0.032028385279144096,0.13298591140698532,0.005333647619399752,0.05851117030941806
5750.0,1172.9,2025-10-30 18:32:04,0,2026-01-16,6642.16015625,0.3055555555555556,2601,0.045,in,6668.195673400695,0.03219684780798638,0.41304233115780387,0.05212899001697228,-0.14814945478980435
5880.0,913.4,2025-10-02 19:30:24,0,2025-12-19,6642.16015625,0.3055555555555556,2512,0.045,in,6689.026206958043,0.021989229613840162,0.24646043458439168,0.018560283443633314,-0.1289115421367393
6180.0,626.15,2025-10-02 15:10:30,0,2025-12-19,6642.16015625,0.3055555555555556,2512,0.045,in,6689.026206958043,0.021989229613840162,0.19177741332753653,0.011237898302461352,-0.07915003257767549
6205.0,708.64,2025-11-13 15:01:26,0,2026-01-30,6642.16015625,0.3055555555555556,2601,0.045,in,6668.195673400695,0.03219684780798638,0.2803625587198694,0.024017633545874294,-0.0719938909424929
6210.0,704.14,2025-11-13 15:01:26,0,2026-01-30,6642.16015625,0.3055555555555556,2601,0.045,in,6668.195673400695,0.03219684780798638,0.27939627976775794,0.023852363684130445,-0.07118841365367598
6260.0,565.5,2025-10-02 19:45:29,0,2025-12-19,6642.16015625,0.3055555555555556,2512,0.045,in,6689.026206958043,0.021989229613840162,0.19093242142300762,0.011139085695971745,-0.06628811893526766
6330.0,581.2,2025-11-13 16:01:10,0,2026-01-30,6642.16015625,0.3055555555555556,2601,0.045,in,6668.195673400695,0.03219684780798638,0.24377601650507327,0.01815817245705276,-0.05204907344297858
6375.0,532.8,2025-11-13 17:18:58,0,2026-01-30,6642.16015625,0.3055555555555556,2601,0.045,in,6668.195673400695,0.03219684780798638,0.22851077360205152,0.015955247504841348,-0.04496521855457355
6435.0,558.8,2025-10-30 16:21:27,0,2026-01-16,6642.16015625,0.3055555555555556,2601,0.045,in,6668.195673400695,0.03219684780798638,0.27528601727302776,0.02315573067684731,-0.035597468550973475
6875.0,163.39,2025-11-13 21:05:16,0,2026-01-30,6642.16015625,0.3055555555555556,2601,0.045,out,6668.195673400695,0.03219684780798638,0.15281745944600794,0.007135692639634864,0.030542333953571494
5825.0,1104.7,2025-10-29 18:41:51,0,2026-01-16,6642.16015625,0.30952380952380953,2601,0.045,in,6668.195673400695,0.032360990784807066,0.39544883502936673,0.04840326558664484,-0.13519031014729918
6315.0,481.03,2025-10-13 16:26:01,0,2025-12-31,6642.16015625,0.30952380952380953,2512,0.045,in,6689.026206958043,0.0222842394905858,0.14887266479932,0.0068599979575680705,-0.05754054824482039
6320.0,507.19,2025-10-01 18:08:31,0,2025-12-19,6642.16015625,0.30952380952380953,2512,0.045,in,6689.026206958043,0.0222842394905858,0.17581843561144547,0.009568037855026856,-0.05674909588850878
6335.0,501.42,2025-10-01 18:58:30,0,2025-12-19,6642.16015625,0.30952380952380953,2512,0.045,in,6689.026206958043,0.0222842394905858,0.1799869031774112,0.010027112121431724,-0.05437849027417249
6845.0,229.2,2025-11-12 19:15:13,0,2026-01-30,6642.16015625,0.30952380952380953,2601,0.045,out,6668.195673400695,0.032360990784807066,0.18845949580412077,0.010993351434849153,0.026169149141348855
6895.0,200.17,2025-11-12 20:28:32,0,2026-01-30,6642.16015625,0.30952380952380953,2601,0.045,out,6668.195673400695,0.032360990784807066,0.18220829538173783,0.010276148042308145,0.033447201646201616
6920.0,186.58,2025-11-12 20:48:33,0,2026-01-30,6642.16015625,0.30952380952380953,2601,0.045,out,6668.195673400695,0.032360990784807066,0.17931346551669203,0.009952217759592303,0.03706646003051471
6935.0,175.69,2025-11-12 20:18:41,0,2026-01-30,6642.16015625,0.30952380952380953,2601,0.045,out,6668.195673400695,0.032360990784807066,0.17552559681880156,0.009536191828613197,0.03923174416773157
7090.0,102.46,2025-11-12 20:28:32,0,2026-01-30,6642.16015625,0.30952380952380953,2601,0.045,out,6668.195673400695,0.032360990784807066,0.15704707325803083,0.007634028139187451,0.06133603094497278
5100.0,1842.08,2025-10-28 17:07:13,0,2026-01-16,6642.16015625,0.3134920634920635,2601,0.045,in,6668.195673400695,0.03252097824322723,0.6092773834928953,0.11637418838428547,-0.2681087698687833
5200.0,1746.54,2025-10-28 19:52:44,0,2026-01-16,6642.16015625,0.3134920634920635,2601,0.045,in,6668.195673400695,0.03252097824322723,0.5846622624285508,0.10716097987118119,-0.24869068401168168
5675.0,1270.98,2025-10-28 14:40:17,0,2026-01-16,6642.16015625,0.3134920634920635,2601,0.045,in,6668.195673400695,0.03252097824322723,0.44864526104821983,0.06310048829611509,-0.16127874623159702
5720.0,1171.74,2025-11-11 14:48:02,0,2026-01-30,6642.16015625,0.3134920634920635,2601,0.045,in,6668.195673400695,0.03252097824322723,0.38460230669565737,0.04637141194815087,-0.15338050420735685
5750.0,1166.54,2025-11-11 18:17:45,0,2026-01-30,6642.16015625,0.3134920634920635,2601,0.045,in,6668.195673400695,0.03252097824322723,0.4004500652601127,0.050271667168966076,-0.14814945478980435
5790.0,955.2,2025-09-30 19:04:27,0,2025-12-19,6642.16015625,0.3134920634920635,2512,0.045,in,6689.026206958043,0.022571780762856864,0.18826175927153435,0.011110939326654917,-0.14433601246237104
6455.0,549.84,2025-10-28 14:26:07,0,2026-01-16,6642.16015625,0.3134920634920635,2601,0.045,in,6668.195673400695,0.03252097824322723,0.2726709165865094,0.0233079558389605,-0.032494285300457657
6855.0,226.55,2025-11-11 20:12:03,0,2026-01-30,6642.16015625,0.3134920634920635,2601,0.045,out,6668.195673400695,0.03252097824322723,0.18790653993675133,0.011069049810829967,0.02762900341521424
6910.0,189.38,2025-11-11 18:54:30,0,2026-01-30,6642.16015625,0.3134920634920635,2601,0.045,out,6668.195673400695,0.03252097824322723,0.17722587006747523,0.009846475050288553,0.03562032818051516
6940.0,172.36,2025-11-11 20:42:29,0,2026-01-30,6642.16015625,0.3134920634920635,2601,0.045,out,6668.195673400695,0.03252097824322723,0.17302878305618688,0.009385626275819419,0.03995246491964963
7115.0,82.9,2025-11-11 14:36:32,0,2026-01-30,6642.16015625,0.3134920634920635,2601,0.045,out,6668.195673400695,0.03252097824322723,0.14509074227710156,0.006599422841536128,0.06485592194275237
7120.0,91.01,2025-11-11 20:00:30,0,2026-01-30,6642.16015625,0.3134920634920635,2601,0.045,out,6668.195673400695,0.03252097824322723,0.15267998507131655,0.007307869243923882,0.06555841582482091
7125.0,79.02,2025-11-11 17:05:42,0,2026-01-30,6642.16015625,0.3134920634920635,2601,0.045,out,6668.195673400695,0.03252097824322723,0.14378805143831783,0.0064814495840390405,0.06626041655565079
5540.0,1333.94,2025-11-10 15:12:29,0,2026-01-30,6642.16015625,0.31746031746031744,2601,0.045,in,6668.195673400695,0.03267696601518689,0.41005896322213997,0.053380429625021056,-0.18535480883987096
6205.0,566.8,2025-09-29 19:53:52,0,2025-12-19,6642.16015625,0.31746031746031744,2512,0.045,in,6689.026206958043,0.022852133503321152,0.14375816988922857,0.006560765526952477,-0.07511288539070429
6260.0,690.27,2025-11-10 20:15:09,0,2026-01-30,6642.16015625,0.31746031746031744,2601,0.045,in,6668.195673400695,0.03267696601518689,0.28706054388584623,0.02615992249398027,-0.06316912448705628
6305.0,650.83,2025-11-10 20:13:42,0,2026-01-30,6642.16015625,0.31746031746031744,2601,0.045,in,6668.195673400695,0.03267696601518689,0.2786047148970003,0.024641456242171053,-0.05600634018218054
6315.0,648.74,2025-10-27 17:26:27,0,2026-01-16,6642.16015625,0.31746031746031744,2601,0.045,in,6668.195673400695,0.03267696601518689,0.28173676448291285,0.025198604590888983,-0.054421553796609005
6335.0,621.83,2025-11-10 20:15:35,0,2026-01-30,6642.16015625,0.31746031746031744,2601,0.045,in,6668.195673400695,0.03267696601518689,0.27080677170187784,0.023281367491934275,-0.051259495825961086
6405.0,576.6,2025-10-27 19:25:02,0,2026-01-16,6642.16015625,0.31746031746031744,2601,0.045,in,6668.195673400695,0.03267696601518689,0.2687576922430929,0.022930380044391446,-0.04027037425036586
6520.0,439.42,2025-11-10 15:35:57,0,2026-01-30,6642.16015625,0.31746031746031744,2601,0.045,in,6668.195673400695,0.03267696601518689,0.2185102659640373,0.015157694073547402,-0.022474933660501798
7095.0,82.5,2025-11-10 14:34:43,0,2026-01-30,6642.16015625,0.31746031746031744,2601,0.045,out,6668.195673400695,0.03267696601518689,0.13974958618279534,0.00619998312325795,0.06204100101294247
5475.0,1264.46,2025-11-07 18:22:55,0,2026-01-30,6642.16015625,0.32936507936507936,2601,0.045,in,6668.195673400695,0.03312237688210785,0.2230687312124075,0.01638909398456827,-0.19715703389649888
6285.0,630.37,2025-10-24 18:06:46,0,2026-01-16,6642.16015625,0.32936507936507936,2601,0.045,in,6668.195673400695,0.03312237688210785,0.24668867537948602,0.020043611557620203,-0.05918346755685266
6285.0,516.98,2025-11-07 16:59:43,0,2026-01-30,6642.16015625,0.32936507936507936,2601,0.045,in,6668.195673400695,0.03312237688210785,0.15252205583551381,0.007662012435921437,-0.05918346755685266
6360.0,552.65,2025-10-24 13:34:38,0,2026-01-16,6642.16015625,0.32936507936507936,2601,0.045,in,6668.195673400695,0.03312237688210785,0.2245195622359115,0.016602975427016834,-0.047320932247032654
6955.0,113.5,2025-11-07 20:36:19,0,2026-01-30,6642.16015625,0.32936507936507936,2601,0.045,out,6668.195673400695,0.03312237688210785,0.13047823113587873,0.0056072984540828045,0.04211151577634287
7135.0,44.79,2025-11-07 16:46:02,0,2026-01-30,6642.16015625,0.32936507936507936,2601,0.045,out,6668.195673400695,0.03312237688210785,0.11133433945139076,0.0040825905424977495,0.0676629413297364
6345.0,532.3,2025-10-23 18:09:44,0,2026-01-16,6642.16015625,0.3333333333333333,2601,0.045,in,6668.195673400695,0.033263777157320845,0.19967180901165704,0.013289610437995883,-0.04968220843271249
6495.0,394.83,2025-10-23 15:54:28,0,2026-01-16,6642.16015625,0.3333333333333333,2601,0.045,in,6668.195673400695,0.033263777157320845,0.16957208097375087,0.009584896881922773,-0.02631665947650055
6885.0,160.15,2025-11-06 19:49:19,0,2026-01-30,6642.16015625,0.3333333333333333,2601,0.045,out,6668.195673400695,0.033263777157320845,0.14450403809537068,0.006960472341956113,0.03199582258155477
5250.0,1604.97,2025-11-05 16:30:21,0,2026-01-30,6642.16015625,0.3373015873015873,2601,0.045,in,6668.195673400695,0.033401850367234726,0.4456637635204978,0.06699355618966908,-0.23912123299553106
5500.0,1394.07,2025-11-05 18:51:40,0,2026-01-30,6642.16015625,0.3373015873015873,2601,0.045,in,6668.195673400695,0.033401850367234726,0.42484010579859716,0.06087926514711061,-0.19260121736063812
5825.0,994.2,2025-10-06 16:04:05,0,2025-12-31,6642.16015625,0.3373015873015873,2512,0.045,in,6689.026206958043,0.02415494917959638,0.2679918600238718,0.024224877572696958,-0.1383093045955106
5950.0,918.92,2025-11-05 14:36:17,0,2026-01-30,6642.16015625,0.3373015873015873,2601,0.045,in,6668.195673400695,0.033401850367234726,0.28819214705149804,0.028014486737630725,-0.11395809004152503
6050.0,867.78,2025-11-05 17:27:31,0,2026-01-30,6642.16015625,0.3373015873015873,2601,0.045,in,6668.195673400695,0.033401850367234726,0.30566319154154337,0.03151408280311822,-0.09729103755631333
6075.0,844.98,2025-11-05 17:27:31,0,2026-01-30,6642.16015625,0.3373015873015873,2601,0.045,in,6668.195673400695,0.033401850367234726,0.3010114221227471,0.030562180480597168,-0.09316732037245123
6240.0,696.36,2025-11-05 16:53:55,0,2026-01-30,6642.16015625,0.3373015873015873,2601,0.045,in,6668.195673400695,0.033401850367234726,0.27062769267633857,0.024703748347944823,-0.06636912721772711
6465.0,433.0,2025-10-21 17:31:57,0,2026-01-16,6642.16015625,0.3412698412698413,2601,0.045,in,6668.195673400695,0.033536712572266876,0.18041865915831146,0.011108637941402915,-0.030946297375242574
6530.0,384.8,2025-10-21 18:15:03,0,2026-01-16,6642.16015625,0.3412698412698413,2601,0.045,in,6668.195673400695,0.033536712572266876,0.17448013647712235,0.010389386310144725,-0.0209423663107237
5760.0,1043.61,2025-10-20 13:55:11,0,2026-01-16,6642.16015625,0.34523809523809523,2601,0.045,in,6668.195673400695,0.033668474496723576,0.25960719672012394,0.023267630965208962,-0.14641183489126355
5890.0,927.09,2025-10-20 14:10:29,0,2026-01-16,6642.16015625,0.34523809523809523,2601,0.045,in,6668.195673400695,0.033668474496723576,0.24645356470950822,0.020969540799793913,-0.12409331193556813
6125.0,826.55,2025-11-03 15:16:42,0,2026-01-30,6642.16015625,0.34523809523809523,2601,0.045,in,6668.195673400695,0.033668474496723576,0.3084493690673715,0.03284630220313961,-0.08497055316827277
6150.0,812.57,2025-11-03 14:50:58,0,2026-01-30,6642.16015625,0.34523809523809523,2601,0.045,in,6668.195673400695,0.033668474496723576,0.3103201264882344,0.033245938645315956,-0.08089722778063692
6155.0,808.02,2025-11-03 14:50:58,0,2026-01-30,6642.16015625,0.34523809523809523,2601,0.045,in,6668.195673400695,0.033668474496723576,0.30932509668436736,0.03303307675863099,-0.08008454996264654
6175.0,782.81,2025-11-03 15:06:19,0,2026-01-30,6642.16015625,0.34523809523809523,2601,0.045,in,6668.195673400695,0.033668474496723576,0.2999812102201746,0.031067536524638773,-0.07684042708502249
6215.0,579.6,2025-09-22 15:35:14,0,2025-12-19,6642.16015625,0.34523809523809523,2512,0.045,in,6689.026206958043,0.02463414575018037,0.15339018694400705,0.008122951596081018,-0.07350257908460041
6200.0,762.2,2025-11-03 15:08:52,0,2026-01-30,6642.16015625,0.34523809523809523,2601,0.045,in,6668.195673400695,0.033668474496723576,0.2966154760540095,0.030374303314376832,-0.07280001754801761
6010.0,829.27,2025-10-03 16:50:04,0,2025-12-31,6642.16015625,0.3492063492063492,2512,0.045,in,6689.026206958043,0.02486557591211014,0.23968409081215014,0.020061368167394202,-0.10704355550015868
5100.0,1824.51,2025-10-31 15:20:02,0,2026-01-30,6642.16015625,0.35714285714285715,2601,0.045,in,6668.195673400695,0.03404619201349946,0.5447205516818397,0.10597159979448853,-0.2681087698687833
5580.0,1183.13,2025-10-01 17:00:54,0,2025-12-31,6642.16015625,0.35714285714285715,2512,0.045,in,6689.026206958043,0.02531300755850769,0.2310438810384332,0.019064741059036314,-0.18127952765405525
5870.0,874.36,2025-09-19 18:49:08,0,2025-12-19,6642.16015625,0.35714285714285715,2512,0.045,in,6689.026206958043,0.02531300755850769,0.1354498426566451,0.0065523785270392544,-0.13061367020726974
6005.0,770.22,2025-10-01 13:40:20,0,2025-12-31,6642.16015625,0.35714285714285715,2512,0.045,in,6689.026206958043,0.02531300755850769,0.16723056326734986,0.009987879032398252,-0.10787584851532803
6030.0,938.44,2025-10-31 15:20:40,0,2026-01-30,6642.16015625,0.35714285714285715,2601,0.045,in,6668.195673400695,0.03404619201349946,0.3395418030391539,0.04117451286109985,-0.10060229885996932
6040.0,737.11,2025-10-17 16:55:15,0,2026-01-16,6642.16015625,0.35714285714285715,2601,0.045,in,6668.195673400695,0.03404619201349946,0.1629316733281553,0.009480975061968827,-0.09894529765233984
6100.0,868.3,2025-10-31 15:36:55,0,2026-01-30,6642.16015625,0.35714285714285715,2601,0.045,in,6668.195673400695,0.03404619201349946,0.32100712587103675,0.036801991021422724,-0.08906053841979791
6340.0,645.1,2025-10-31 19:57:47,0,2026-01-30,6642.16015625,0.35714285714285715,2601,0.045,in,6668.195673400695,0.03404619201349946,0.26902000879215193,0.02584705897518911,-0.050470541149928855
6410.0,423.6,2025-10-17 14:55:45,0,2026-01-16,6642.16015625,0.35714285714285715,2601,0.045,in,6668.195673400695,0.03404619201349946,0.1403832355311002,0.007038376006492982,-0.0394900386664847
6260.0,544.17,2025-10-16 19:12:04,0,2026-01-16,6642.16015625,0.3611111111111111,2601,0.045,in,6668.195673400695,0.03416656352983463,0.14656660411192493,0.007757305631436735,-0.06316912448705628
6480.0,363.0,2025-10-16 19:21:45,0,2026-01-16,6642.16015625,0.3611111111111111,2601,0.045,in,6668.195673400695,0.03416656352983463,0.12974282686149785,0.006078655960726775,-0.028628799234880126
7100.0,79.1,2025-11-20 06:24:48,0,2026-02-20,6642.16015625,0.3611111111111111,2602,0.045,out,6701.603794305057,0.020327165395995928,0.12681656075607917,0.005807547807389004,0.05774791401098654
5325.0,1655.86,2025-10-29 14:02:31,0,2026-01-30,6642.16015625,0.36507936507936506,2601,0.045,in,6668.195673400695,0.034284318274075555,0.5322039883015235,0.10340547553608107,-0.22493659800357466
6500.0,374.18,2025-11-19 20:58:08,0,2026-02-20,6642.16015625,0.36507936507936506,2602,0.045,in,6701.603794305057,0.020595348380822057,0.14587419509382532,0.007768626321718134,-0.030544693134691714
6470.0,579.62,2025-10-29 20:01:35,0,2026-01-30,6642.16015625,0.36507936507936506,2601,0.045,in,6668.195673400695,0.034284318274075555,0.27243683344764513,0.027096857921214895,-0.030173201086254244
6575.0,321.0,2025-11-19 21:04:32,0,2026-02-20,6642.16015625,0.36507936507936506,2602,0.045,in,6701.603794305057,0.020595348380822057,0.14124930843384523,0.007283832445395387,-0.019072291972454827
6600.0,304.46,2025-11-19 20:58:08,0,2026-02-20,6642.16015625,0.36507936507936506,2602,0.045,in,6701.603794305057,0.020595348380822057,0.14003781086265132,0.007159421187899765,-0.015277221003903269
6615.0,285.0,2025-11-19 19:20:17,0,2026-02-20,6642.16015625,0.36507936507936506,2602,0.045,in,6701.603794305057,0.020595348380822057,0.13298027929940084,0.006455973931723383,-0.013007072469364089
6625.0,279.0,2025-11-19 19:12:01,0,2026-02-20,6642.16015625,0.36507936507936506,2602,0.045,in,6701.603794305057,0.020595348380822057,0.13279908971297402,0.006438393004090064,-0.011496498163997166
6640.0,269.9,2025-11-19 18:28:19,0,2026-02-20,6642.16015625,0.36507936507936506,2602,0.045,in,6701.603794305057,0.020595348380822057,0.13237880997560864,0.006397705311156204,-0.009234906547940553
6650.0,276.88,2025-11-19 20:32:26,0,2026-02-20,6642.16015625,0.36507936507936506,2602,0.045,out,6701.603794305057,0.020595348380822057,0.14040391449742715,0.007196904154644747,-0.007730015368520354
6660.0,268.9,2025-11-19 16:21:57,0,2026-02-20,6642.16015625,0.36507936507936506,2602,0.045,out,6701.603794305057,0.020595348380822057,0.138771831672767,0.007030560144662537,-0.006227385483985334
6670.0,251.03,2025-11-19 14:30:02,0,2026-02-20,6642.16015625,0.36507936507936506,2602,0.045,out,6701.603794305057,0.020595348380822057,0.13081515564771817,0.006247458948954679,-0.00472701010875073
6675.0,264.6,2025-11-19 20:20:52,0,2026-02-20,6642.16015625,0.36507936507936506,2602,0.045,out,6701.603794305057,0.020595348380822057,0.1411297963477131,0.007271511850704452,-0.0039776657499698415
6680.0,240.2,2025-11-19 19:26:02,0,2026-02-20,6642.16015625,0.36507936507936506,2602,0.045,out,6701.603794305057,0.020595348380822057,0.12732805246778492,0.005918824726039631,-0.0032288824877286983
6695.0,237.3,2025-11-19 17:31:55,0,2026-02-20,6642.16015625,0.36507936507936506,2602,0.045,out,6701.603794305057,0.020595348380822057,0.1304773358847773,0.006215233478262649,-0.0009858908931473038
6700.0,257.81,2025-11-19 15:31:34,0,2026-02-20,6642.16015625,0.36507936507936506,2602,0.045,out,6701.603794305057,0.020595348380822057,0.14503337726594415,0.007679327809314455,-0.00023934363936274603
6705.0,237.9,2025-11-19 20:47:44,0,2026-02-20,6642.16015625,0.36507936507936506,2602,0.045,out,6701.603794305057,0.020595348380822057,0.13409800165897776,0.006564957192466947,0.0005066466973587361
6720.0,224.1,2025-11-19 16:45:31,0,2026-02-20,6642.16015625,0.36507936507936506,2602,0.045,out,6701.603794305057,0.020595348380822057,0.1301859140059438,0.006187500963935695,0.0027412844987749893
6725.0,220.5,2025-11-19 19:08:14,0,2026-02-20,6642.16015625,0.36507936507936506,2602,0.045,out,6701.603794305057,0.020595348380822057,0.12949102592102862,0.006121623702600819,0.003485055451619739
6730.0,223.0,2025-11-19 20:50:15,0,2026-02-20,6642.16015625,0.36507936507936506,2602,0.045,out,6701.603794305057,0.020595348380822057,0.1326081424349442,0.006419891224143941,0.004228273620353273
6735.0,217.6,2025-11-19 20:13:53,0,2026-02-20,6642.16015625,0.36507936507936506,2602,0.045,out,6701.603794305057,0.020595348380822057,0.1307622236204394,0.006242404125424149,0.004970939826044266
6750.0,219.7,2025-11-19 15:51:47,0,2026-02-20,6642.16015625,0.36507936507936506,2602,0.045,out,6701.603794305057,0.020595348380822057,0.13660915894982673,0.006813133858833611,0.007195634848155338
6770.0,216.11,2025-11-19 15:33:30,0,2026-02-20,6642.16015625,0.36507936507936506,2602,0.045,out,6701.603794305057,0.020595348380822057,0.1402402644493613,0.0071801369964288285,0.010154216887900554
6775.0,192.2,2025-11-19 18:17:12,0,2026-02-20,6642.16015625,0.36507936507936506,2602,0.045,out,6701.603794305057,0.020595348380822057,0.12674726201983819,0.005864951966334711,0.010892496729481426
6795.0,180.22,2025-11-19 19:54:27,0,2026-02-20,6642.16015625,0.36507936507936506,2602,0.045,out,6701.603794305057,0.020595348380822057,0.12490979112330904,0.005696134700393332,0.01384017756682391
6810.0,192.8,2025-11-19 15:33:00,0,2026-02-20,6642.16015625,0.36507936507936506,2602,0.045,out,6701.603794305057,0.020595348380822057,0.13690419559291345,0.006842594471931461,0.01604525012513802
6820.0,160.8,2025-11-19 17:38:01,0,2026-02-20,6642.16015625,0.36507936507936506,2602,0.045,out,6701.603794305057,0.020595348380822057,0.1195441556909131,0.005217278074232146,0.017512601819087554
6850.0,157.0,2025-11-19 18:22:49,0,2026-02-20,6642.16015625,0.36507936507936506,2602,0.045,out,6701.603794305057,0.020595348380822057,0.12495796312729353,0.0057005290257969386,0.021901782237850814
6880.0,147.25,2025-11-19 20:45:04,0,2026-02-20,6642.16015625,0.36507936507936506,2602,0.045,out,6701.603794305057,0.020595348380822057,0.12624168903779334,0.005818256717073698,0.02627178190896925
6900.0,130.38,2025-11-19 20:05:19,0,2026-02-20,6642.16015625,0.36507936507936506,2602,0.045,out,6701.603794305057,0.020595348380822057,0.12019449853356097,0.0052741984442521645,0.029174541566930702
6935.0,112.3,2025-11-19 19:51:47,0,2026-02-20,6642.16015625,0.36507936507936506,2602,0.045,out,6701.603794305057,0.020595348380822057,0.11634252959610177,0.0049415624830929485,0.03423418373051188
6950.0,112.7,2025-11-19 21:01:24,0,2026-02-20,6642.16015625,0.36507936507936506,2602,0.045,out,6701.603794305057,0.020595348380822057,0.11989899552491949,0.005248296665735671,0.03639478954041766
6955.0,106.5,2025-11-19 18:46:35,0,2026-02-20,6642.16015625,0.36507936507936506,2602,0.045,out,6701.603794305057,0.020595348380822057,0.11682873327283202,0.004982951065350701,0.03711395533912303
6975.0,103.1,2025-11-19 21:01:26,0,2026-02-20,6642.16015625,0.36507936507936506,2602,0.045,out,6701.603794305057,0.020595348380822057,0.11877023421386426,0.005149944068412253,0.039985457671146175
6980.0,99.3,2025-11-19 18:15:52,0,2026-02-20,6642.16015625,0.36507936507936506,2602,0.045,out,6701.603794305057,0.020595348380822057,0.1172146940045765,0.005015929258468088,0.04070204673799807
6985.0,97.23,2025-11-19 14:30:02,0,2026-02-20,6642.16015625,0.36507936507936506,2602,0.045,out,6701.603794305057,0.020595348380822057,0.11682316873812468,0.004982476402259938,0.041418122672642006
7000.0,87.1,2025-11-19 19:46:57,0,2026-02-20,6642.16015625,0.36507936507936506,2602,0.045,out,6701.603794305057,0.020595348380822057,0.11279366929497295,0.004644690034278502,0.043563279019030315
7010.0,89.5,2025-11-19 18:12:10,0,2026-02-20,6642.16015625,0.36507936507936506,2602,0.045,out,6701.603794305057,0.020595348380822057,0.11647566180350212,0.0049528783369677375,0.04499083101021554
7020.0,86.1,2025-11-19 17:23:13,0,2026-02-20,6642.16015625,0.36507936507936506,2602,0.045,out,6701.603794305057,0.020595348380822057,0.11602641583465452,0.004914745570524315,0.04641634800143659
7025.0,97.3,2025-11-19 15:16:20,0,2026-02-20,6642.16015625,0.36507936507936506,2602,0.045,out,6701.603794305057,0.020595348380822057,0.12494971103346557,0.005699776136650327,0.04712834518352642
7030.0,83.9,2025-11-19 21:01:26,0,2026-02-20,6642.16015625,0.36507936507936506,2602,0.045,out,6701.603794305057,0.020595348380822057,0.1163859050472453,0.004945247850068685,0.0478398357862904
7040.0,83.4,2025-11-19 17:01:43,0,2026-02-20,6642.16015625,0.36507936507936506,2602,0.045,out,6701.603794305057,0.020595348380822057,0.11794231073793388,0.0050783958608043986,0.04926130013366792
7050.0,71.42,2025-11-19 19:46:25,0,2026-02-20,6642.16015625,0.36507936507936506,2602,0.045,out,6701.603794305057,0.020595348380822057,0.11096784002076546,0.0044955367449858175,0.05068074678789419
7070.0,69.5,2025-11-19 17:45:22,0,2026-02-20,6642.16015625,0.36507936507936506,2602,0.045,out,6701.603794305057,0.020595348380822057,0.11316057801636026,0.004674956787157546,0.05351360987219834
7075.0,79.64,2025-11-19 15:18:28,0,2026-02-20,6642.16015625,0.36507936507936506,2602,0.045,out,6701.603794305057,0.020595348380822057,0.12173879547806833,0.005410598245434473,0.054220573493018176
7080.0,71.27,2025-11-19 20:41:57,0,2026-02-20,6642.16015625,0.36507936507936506,2602,0.045,out,6701.603794305057,0.020595348380822057,0.11632028803590623,0.0049396732762125774,0.05492703766934536
7110.0,58.3,2025-11-19 19:11:53,0,2026-02-20,6642.16015625,0.36507936507936506,2602,0.045,out,6701.603794305057,0.020595348380822057,0.11132262354731752,0.004524328727135377,0.05915537377886634
7120.0,56.3,2025-11-19 17:48:59,0,2026-02-20,6642.16015625,0.36507936507936506,2602,0.045,out,6701.603794305057,0.020595348380822057,0.11136474313125849,0.004527752988760274,0.060560855387601246
7130.0,63.97,2025-11-19 15:29:29,0,2026-02-20,6642.16015625,0.36507936507936506,2602,0.045,out,6701.603794305057,0.020595348380822057,0.11934057329959165,0.005199523270094123,0.061964364389921436
7140.0,55.1,2025-11-19 14:13:00,0,2026-02-20,6642.16015625,0.36507936507936506,2602,0.045,out,6701.603794305057,0.020595348380822057,0.11368857013641753,0.004718684008448443,0.06336590631520991
7150.0,51.4,2025-11-19 18:03:42,0,2026-02-20,6642.16015625,0.36507936507936506,2602,0.045,out,6701.603794305057,0.020595348380822057,0.1121548654081718,0.004592228860296476,0.0647654866696332
5900.0,840.66,2025-11-18 14:59:20,0,2026-02-20,6642.16015625,0.36904761904761907,2602,0.045,in,6701.603794305057,0.020857763989630424,0.09661112511323866,0.0034445832662502555,-0.1273945191246093
6350.0,478.02,2025-10-14 20:01:38,0,2026-01-16,6642.16015625,0.36904761904761907,2601,0.045,in,6668.195673400695,0.034399540658225286,0.1451209409962007,0.00777217515457507,-0.04889449669446314
6420.0,447.9,2025-11-18 18:13:22,0,2026-02-20,6642.16015625,0.36904761904761907,2602,0.045,in,6701.603794305057,0.020857763989630424,0.15968583353799237,0.009410553909695545,-0.042928752334413296
6480.0,369.1,2025-11-18 16:10:26,0,2026-02-20,6642.16015625,0.36904761904761907,2602,0.045,in,6701.603794305057,0.020857763989630424,0.13164072917982325,0.00639533010653408,-0.033626359672099745
6630.0,279.45,2025-11-18 16:27:12,0,2026-02-20,6642.16015625,0.36904761904761907,2602,0.045,in,6701.603794305057,0.020857763989630424,0.13376716206544859,0.006603610274504329,-0.01074206583851192
6690.0,231.53,2025-11-18 17:34:57,0,2026-02-20,6642.16015625,0.36904761904761907,2602,0.045,out,6701.603794305057,0.020857763989630424,0.124111912370356,0.005684723459036129,-0.0017329958961460627
6710.0,227.9,2025-11-18 16:26:17,0,2026-02-20,6642.16015625,0.36904761904761907,2602,0.045,out,6701.603794305057,0.020857763989630424,0.12832732158499643,0.006077439826435142,0.001252080947307437
6740.0,201.2,2025-11-18 15:49:27,0,2026-02-20,6642.16015625,0.36904761904761907,2602,0.045,out,6701.603794305057,0.020857763989630424,0.12100080620687007,0.005403298192667718,0.005713054887932526
6760.0,189.9,2025-11-18 17:32:09,0,2026-02-20,6642.16015625,0.36904761904761907,2602,0.045,out,6701.603794305057,0.020857763989630424,0.11994480226396431,0.005309397896361743,0.008676020018589628
6780.0,181.8,2025-11-18 21:01:18,0,2026-02-20,6642.16015625,0.36904761904761907,2602,0.045,out,6701.603794305057,0.020857763989630424,0.12068126033010229,0.005374797195722853,0.011630231916021153
6800.0,178.7,2025-11-18 17:39:29,0,2026-02-20,6642.16015625,0.36904761904761907,2602,0.045,out,6701.603794305057,0.020857763989630424,0.12433381826589773,0.005705069634546379,0.01457574214577801
6840.0,156.5,2025-11-18 21:00:33,0,2026-02-20,6642.16015625,0.36904761904761907,2602,0.045,out,6701.603794305057,0.020857763989630424,0.12110687741768794,0.0054127755773065445,0.02044086159817596
6860.0,163.07,2025-11-18 18:33:52,0,2026-02-20,6642.16015625,0.36904761904761907,2602,0.045,out,6701.603794305057,0.020857763989630424,0.13031504272390396,0.0062671704900490515,0.02336057170151077
6875.0,144.0,2025-11-18 16:48:27,0,2026-02-20,6642.16015625,0.36904761904761907,2602,0.045,out,6701.603794305057,0.020857763989630424,0.12198550922293011,0.005491599979425055,0.02554477351635183
6905.0,126.94,2025-11-18 15:27:52,0,2026-02-20,6642.16015625,0.36904761904761907,2602,0.045,out,6701.603794305057,0.020857763989630424,0.11820736682586999,0.005156695580108089,0.029898916824972345
6910.0,139.44,2025-11-18 18:33:52,0,2026-02-20,6642.16015625,0.36904761904761907,2602,0.045,out,6701.603794305057,0.020857763989630424,0.12741181729880888,0.005991034604868294,0.030622767743295337
6920.0,123.8,2025-11-18 16:47:51,0,2026-02-20,6642.16015625,0.36904761904761907,2602,0.045,out,6701.603794305057,0.020857763989630424,0.11961251816139185,0.005280021303907001,0.03206889959329503
6925.0,127.35,2025-11-18 20:17:55,0,2026-02-20,6642.16015625,0.36904761904761907,2602,0.045,out,6701.603794305057,0.020857763989630424,0.1230517358302016,0.005588019290661873,0.03279118203711915
6960.0,118.47,2025-11-18 14:33:17,0,2026-02-20,6642.16015625,0.36904761904761907,2602,0.045,out,6701.603794305057,0.020857763989630424,0.12497305005384979,0.005763882862293136,0.0378326043100452
6990.0,89.9,2025-11-18 16:07:49,0,2026-02-20,6642.16015625,0.36904761904761907,2602,0.045,out,6701.603794305057,0.020857763989630424,0.11189587013292193,0.004620729265915663,0.042133686209435875
5100.0,1638.09,2025-11-17 20:50:49,0,2026-02-20,6642.16015625,0.373015873015873,2602,0.045,in,6701.603794305057,0.02111459628761308,0.24883345780216637,0.02309643029304586,-0.27310633030600306
5200.0,1599.51,2025-11-17 17:40:23,0,2026-02-20,6642.16015625,0.373015873015873,2602,0.045,in,6701.603794305057,0.02111459628761308,0.3566124489989447,0.04743733827546168,-0.2536882444489015
6340.0,488.77,2025-10-13 15:33:49,0,2026-01-16,6642.16015625,0.373015873015873,2601,0.045,in,6668.195673400695,0.034512311502286716,0.1464658041912043,0.008002022972037155,-0.050470541149928855
6560.0,381.3,2025-11-17 15:09:45,0,2026-02-20,6642.16015625,0.373015873015873,2602,0.045,in,6701.603794305057,0.02111459628761308,0.17255871876595844,0.011107111403500075,-0.021356267080285436
6540.0,478.7,2025-10-27 16:49:10,0,2026-01-30,6642.16015625,0.373015873015873,2601,0.045,in,6668.195673400695,0.034512311502286716,0.22842574435506965,0.019463341842506976,-0.019412144129956073
6715.0,238.4,2025-11-17 20:29:43,0,2026-02-20,6642.16015625,0.373015873015873,2602,0.045,out,6701.603794305057,0.02111459628761308,0.13537224365610362,0.006835756226721523,0.00199695993891781
6785.0,198.6,2025-11-17 19:54:17,0,2026-02-20,6642.16015625,0.373015873015873,2602,0.045,out,6701.603794305057,0.02111459628761308,0.13148552801562804,0.006448864060672855,0.012367423250549316
6790.0,233.7,2025-11-17 16:47:23,0,2026-02-20,6642.16015625,0.373015873015873,2602,0.045,out,6701.603794305057,0.02111459628761308,0.15457431932344898,0.008912550389940127,0.013104071534321733
6805.0,218.4,2025-11-17 15:52:23,0,2026-02-20,6642.16015625,0.373015873015873,2602,0.045,out,6701.603794305057,0.02111459628761308,0.14925995791829308,0.008310247196628723,0.015310766067146292
6815.0,212.6,2025-11-17 15:52:23,0,2026-02-20,6642.16015625,0.373015873015873,2602,0.045,out,6701.603794305057,0.02111459628761308,0.14838629903989112,0.008213247665948664,0.016779195112212857
6825.0,178.11,2025-11-17 19:52:33,0,2026-02-20,6642.16015625,0.373015873015873,2602,0.045,out,6701.603794305057,0.02111459628761308,0.1296869912301242,0.006273647917723401,0.018245471034740373
6835.0,209.9,2025-11-17 17:35:21,0,2026-02-20,6642.16015625,0.373015873015873,2602,0.045,out,6701.603794305057,0.02111459628761308,0.15203563610066317,0.008622200224548127,0.01970960013962985
6845.0,195.6,2025-11-17 15:52:45,0,2026-02-20,6642.16015625,0.373015873015873,2602,0.045,out,6701.603794305057,0.02111459628761308,0.1457678810923178,0.00792594390819661,0.021171588704129198
6855.0,198.7,2025-11-17 17:04:00,0,2026-02-20,6642.16015625,0.373015873015873,2602,0.045,out,6701.603794305057,0.02111459628761308,0.1502661922373659,0.008422671753073803,0.022631442977994725
6885.0,166.3,2025-11-17 18:37:26,0,2026-02-20,6642.16015625,0.373015873015873,2602,0.045,out,6701.603794305057,0.02111459628761308,0.1375078223680325,0.007053133785577173,0.02699826214433503
6890.0,179.7,2025-11-17 17:05:35,0,2026-02-20,6642.16015625,0.373015873015873,2602,0.045,out,6701.603794305057,0.02111459628761308,0.14714222989685438,0.008076105424554612,0.027724214989284183
6895.0,141.15,2025-11-17 20:43:24,0,2026-02-20,6642.16015625,0.373015873015873,2602,0.045,out,6701.603794305057,0.02111459628761308,0.12402283549865346,0.005737604722864482,0.028449641208982017
6970.0,108.51,2025-11-17 20:01:26,0,2026-02-20,6642.16015625,0.373015873015873,2602,0.045,out,6701.603794305057,0.02111459628761308,0.11956417801594833,0.00533248297807604,0.03926835473614946
7090.0,72.38,2025-11-17 19:54:11,0,2026-02-20,6642.16015625,0.373015873015873,2602,0.045,out,6701.603794305057,0.02111459628761308,0.11724693049646023,0.005127790534996536,0.056338470507753126
7125.0,68.44,2025-11-17 19:00:23,0,2026-02-20,6642.16015625,0.373015873015873,2602,0.045,out,6701.603794305057,0.02111459628761308,0.12031931664184498,0.00540005304751227,0.061262856118431186
5970.0,858.62,2025-11-14 15:00:18,0,2026-02-20,6642.16015625,0.38492063492063494,2602,0.045,in,6701.603794305057,0.021853320113769375,0.2198229566778973,0.018600185838942195,-0.11559994263177242
5975.0,854.12,2025-11-14 15:00:18,0,2026-02-20,6642.16015625,0.38492063492063494,2602,0.045,in,6701.603794305057,0.021853320113769375,0.21926311926055306,0.018505565874536306,-0.11476277221870876
6050.0,782.38,2025-11-14 15:01:48,0,2026-02-20,6642.16015625,0.38492063492063494,2602,0.045,in,6701.603794305057,0.021853320113769375,0.20659955164082172,0.016429711704778933,-0.10228859799353296
6080.0,806.1,2025-11-14 16:44:15,0,2026-02-20,6642.16015625,0.38492063492063494,2602,0.045,in,6701.603794305057,0.021853320113769375,0.24658762869960466,0.02340527574161241,-0.09734217405820747
6090.0,797.52,2025-11-14 16:50:02,0,2026-02-20,6642.16015625,0.38492063492063494,2602,0.045,in,6701.603794305057,0.021853320113769375,0.24543890646946687,0.02318771789867455,-0.09569878831447742
6075.0,794.58,2025-10-10 14:10:55,0,2026-01-16,6642.16015625,0.38492063492063494,2601,0.045,in,6668.195673400695,0.03483667300221599,0.2340310408034971,0.02108230643562741,-0.09316732037245123
6110.0,758.58,2025-10-10 14:03:51,0,2026-01-16,6642.16015625,0.38492063492063494,2601,0.045,in,6668.195673400695,0.03483667300221599,0.22532732861523638,0.01954334637708427,-0.08742253641555942
6120.0,749.83,2025-10-10 14:04:49,0,2026-01-16,6642.16015625,0.38492063492063494,2601,0.045,in,6668.195673400695,0.03483667300221599,0.2241140031850768,0.019333441996401347,-0.08578721307482867
6170.0,730.79,2025-11-14 16:51:46,0,2026-02-20,6642.16015625,0.38492063492063494,2602,0.045,in,6701.603794305057,0.021853320113769375,0.23729072360915102,0.021673682891121378,-0.08264803211898668
6190.0,590.18,2025-10-10 17:50:20,0,2026-01-16,6642.16015625,0.38492063492063494,2601,0.045,in,6668.195673400695,0.03483667300221599,0.1250297430776912,0.006017247442242568,-0.07441422290255874
6470.0,477.63,2025-11-14 16:44:15,0,2026-02-20,6642.16015625,0.38492063492063494,2602,0.045,in,6701.603794305057,0.021853320113769375,0.1965559700238923,0.014871119790266769,-0.0351707615234739
6490.0,451.54,2025-11-14 18:24:44,0,2026-02-20,6642.16015625,0.38492063492063494,2602,0.045,in,6701.603794305057,0.021853320113769375,0.18728844366145503,0.013501846148911157,-0.03208433932028442
6460.0,501.87,2025-10-24 15:39:02,0,2026-01-30,6642.16015625,0.38492063492063494,2601,0.045,in,6668.195673400695,0.03483667300221599,0.20862872111771605,0.016754033721014812,-0.03171999180455295
6525.0,430.65,2025-11-14 18:32:53,0,2026-02-20,6642.16015625,0.38492063492063494,2602,0.045,in,6701.603794305057,0.021853320113769375,0.18724526843427902,0.01349562175972002,-0.02670591682752597
6535.0,410.79,2025-11-14 20:49:23,0,2026-02-20,6642.16015625,0.38492063492063494,2602,0.045,in,6701.603794305057,0.021853320113769375,0.17816709952307339,0.01221873408408365,-0.025174522960097787
6510.0,459.43,2025-10-24 18:07:02,0,2026-01-30,6642.16015625,0.38492063492063494,2601,0.045,in,6668.195673400695,0.03483667300221599,0.2002345330345341,0.015432957211496503,-0.024009853378585497
6550.0,360.39,2025-11-14 14:30:03,0,2026-02-20,6642.16015625,0.38492063492063494,2602,0.045,in,6701.603794305057,0.021853320113769375,0.15115934627333588,0.008795108542384442,-0.022881820389122582
6570.0,403.21,2025-11-14 16:51:46,0,2026-02-20,6642.16015625,0.38492063492063494,2602,0.045,in,6701.603794305057,0.021853320113769375,0.1862461638086644,0.013351985923587516,-0.019833037539763943
6755.0,239.6,2025-11-14 15:11:37,0,2026-02-20,6642.16015625,0.38492063492063494,2602,0.045,out,6701.603794305057,0.021853320113769375,0.14486144858083266,0.00807749766126552,0.007936101375879183
6765.0,235.6,2025-11-14 15:09:40,0,2026-02-20,6642.16015625,0.38492063492063494,2602,0.045,out,6701.603794305057,0.021853320113769375,0.14530360453793148,0.008126882288477823,0.009415391586468168
6830.0,220.5,2025-11-14 18:54:02,0,2026-02-20,6642.16015625,0.38492063492063494,2602,0.045,out,6701.603794305057,0.021853320113769375,0.15387683824283538,0.009114182106025149,0.01897780354641554
6865.0,175.8,2025-11-14 15:12:25,0,2026-02-20,6642.16015625,0.38492063492063494,2602,0.045,out,6701.603794305057,0.021853320113769375,0.13545651642334808,0.007062703891389804,0.02408916918365119
6965.0,143.12,2025-11-14 15:53:42,0,2026-02-20,6642.16015625,0.38492063492063494,2602,0.045,out,6701.603794305057,0.021853320113769375,0.13822419378098724,0.00735426583889357,0.038550737195485844
7060.0,109.3,2025-11-14 19:00:51,0,2026-02-20,6642.16015625,0.38492063492063494,2602,0.045,out,6701.603794305057,0.021853320113769375,0.13542338584517244,0.007059249456649738,0.05209818146886764
5225.0,1572.01,2025-10-09 19:19:26,0,2026-01-16,6642.16015625,0.3888888888888889,2601,0.045,in,6668.195673400695,0.034940380420560725,0.3356505490643444,0.04381272431168728,-0.24389451174818877
5500.0,1360.68,2025-11-13 17:35:15,0,2026-02-20,6642.16015625,0.3888888888888889,2602,0.045,in,6701.603794305057,0.02208951072485336,0.35276394142046713,0.04839426603141774,-0.19759877779785787
5950.0,974.19,2025-11-13 15:12:20,0,2026-02-20,6642.16015625,0.3888888888888889,2602,0.045,in,6701.603794305057,0.02208951072485336,0.3060599700154202,0.03642827426227107,-0.11895565047874468
5985.0,777.5,2025-09-23 19:09:41,0,2025-12-31,6642.16015625,0.3888888888888889,2512,0.045,in,6689.026206958043,0.02692010898230298,0.13329176644808088,0.00690927027888601,-0.11121196503733836
6100.0,825.67,2025-11-13 14:42:33,0,2026-02-20,6642.16015625,0.3888888888888889,2602,0.045,in,6701.603794305057,0.02208951072485336,0.2712450244336911,0.02861205794223532,-0.09405809885701749
6150.0,781.22,2025-11-13 14:42:33,0,2026-02-20,6642.16015625,0.3888888888888889,2602,0.045,in,6701.603794305057,0.02208951072485336,0.263387604959768,0.0269784007291722,-0.08589478821785655
6250.0,697.61,2025-11-13 14:57:44,0,2026-02-20,6642.16015625,0.3888888888888889,2602,0.045,in,6701.603794305057,0.02208951072485336,0.2508390057577481,0.024468969314819393,-0.06976540628797291
6375.0,546.14,2025-11-13 19:44:58,0,2026-02-20,6642.16015625,0.3888888888888889,2602,0.045,in,6701.603794305057,0.02208951072485336,0.20118961067600036,0.015741156450429124,-0.04996277899179325
6400.0,526.42,2025-11-13 18:31:15,0,2026-02-20,6642.16015625,0.3888888888888889,2602,0.045,in,6701.603794305057,0.02208951072485336,0.19863483426587447,0.01534392120482333,-0.046048879670656975
6610.0,383.08,2025-11-13 16:23:06,0,2026-02-20,6642.16015625,0.3888888888888889,2602,0.045,in,6701.603794305057,0.02208951072485336,0.18616061161058337,0.013477245178143625,-0.013763216172688188
6940.0,171.8,2025-11-13 17:21:47,0,2026-02-20,6642.16015625,0.3888888888888889,2602,0.045,out,6701.603794305057,0.02208951072485336,0.14971034145653453,0.00871623913184584,0.03495490448243001
6945.0,165.5,2025-11-13 18:00:45,0,2026-02-20,6642.16015625,0.3888888888888889,2602,0.045,out,6701.603794305057,0.02208951072485336,0.14691297687484883,0.008393553301089395,0.03567510617002408
5880.0,893.23,2025-09-22 14:49:31,0,2025-12-31,6642.16015625,0.39285714285714285,2512,0.045,in,6689.026206958043,0.0271027341440979,0.16788925471072091,0.011073386440019092,-0.1289115421367393
5915.0,861.97,2025-09-22 14:50:56,0,2025-12-31,6642.16015625,0.39285714285714285,2512,0.045,in,6689.026206958043,0.0271027341440979,0.16711209044791017,0.010971105661163416,-0.12297680661692471
5910.0,925.43,2025-10-22 15:03:35,0,2026-01-30,6642.16015625,0.39285714285714285,2601,0.045,in,6668.195673400695,0.03504199273954496,0.23514414899932842,0.021722159960528644,-0.12070347818105655
6000.0,786.4,2025-11-19 18:25:02,0,2026-02-27,6642.16015625,0.39285714285714285,2602,0.045,in,6701.603794305057,0.0223209298084407,0.1640969335627762,0.010578779987563142,-0.11058740080822806
6090.0,761.35,2025-10-22 15:00:32,0,2026-01-30,6642.16015625,0.39285714285714285,2601,0.045,in,6668.195673400695,0.03504199273954496,0.2115131688800607,0.01757557238237628,-0.09070122787725782
6175.0,803.08,2025-11-12 17:46:35,0,2026-02-20,6642.16015625,0.39285714285714285,2602,0.045,in,6701.603794305057,0.0223209298084407,0.2895878633313079,0.03294544415988268,-0.08183798752224221
6180.0,798.31,2025-11-12 17:47:27,0,2026-02-20,6642.16015625,0.39285714285714285,2602,0.045,in,6701.603794305057,0.0223209298084407,0.2884874279369428,0.03269553417337145,-0.0810285985666837
6250.0,558.33,2025-11-19 19:48:12,0,2026-02-27,6642.16015625,0.39285714285714285,2602,0.045,in,6701.603794305057,0.0223209298084407,0.13988925130111338,0.007687822461623092,-0.06976540628797291
6320.0,669.94,2025-11-12 15:48:51,0,2026-02-20,6642.16015625,0.39285714285714285,2602,0.045,in,6701.603794305057,0.0223209298084407,0.26074925476948513,0.02671042544611645,-0.05862766187751706
6380.0,522.23,2025-10-22 14:03:09,0,2026-01-30,6642.16015625,0.39285714285714285,2601,0.045,in,6668.195673400695,0.03504199273954496,0.18524527671945334,0.013481212071983403,-0.04418121224236494
6425.0,434.34,2025-11-19 18:48:09,0,2026-02-27,6642.16015625,0.39285714285714285,2602,0.045,in,6701.603794305057,0.0223209298084407,0.14414595386163417,0.008162807720053001,-0.04215023925499959
6420.0,466.57,2025-10-22 16:16:23,0,2026-01-30,6642.16015625,0.39285714285714285,2601,0.045,in,6668.195673400695,0.03504199273954496,0.16470025441257996,0.010656711137116222,-0.03793119189719358
6650.0,295.0,2025-11-19 20:20:23,0,2026-02-27,6642.16015625,0.39285714285714285,2602,0.045,out,6701.603794305057,0.0223209298084407,0.14373951913475294,0.008116840820428217,-0.007730015368520354
6660.0,279.44,2025-11-19 20:57:26,0,2026-02-27,6642.16015625,0.39285714285714285,2602,0.045,out,6701.603794305057,0.0223209298084407,0.13749223637733887,0.007426616632302225,-0.006227385483985334
6670.0,265.0,2025-11-19 14:33:43,0,2026-02-27,6642.16015625,0.39285714285714285,2602,0.045,out,6701.603794305057,0.0223209298084407,0.13193103576724716,0.006837992149457326,-0.00472701010875073
6690.0,261.4,2025-11-19 20:54:18,0,2026-02-27,6642.16015625,0.39285714285714285,2602,0.045,out,6701.603794305057,0.0223209298084407,0.13622718353804195,0.007290582174349322,-0.0017329958961460627
6750.0,242.0,2025-11-19 15:33:04,0,2026-02-27,6642.16015625,0.39285714285714285,2602,0.045,out,6701.603794305057,0.0223209298084407,0.14270054880847569,0.00799992546188006,0.007195634848155338
6760.0,219.37,2025-11-19 20:57:26,0,2026-02-27,6642.16015625,0.39285714285714285,2602,0.045,out,6701.603794305057,0.0223209298084407,0.13193888937418727,0.006838806279365511,0.008676020018589628
6770.0,203.17,2025-11-19 19:25:10,0,2026-02-27,6642.16015625,0.39285714285714285,2602,0.045,out,6701.603794305057,0.0223209298084407,0.12502488321370148,0.006140836987449879,0.010154216887900554
6780.0,197.7,2025-11-19 19:25:10,0,2026-02-27,6642.16015625,0.39285714285714285,2602,0.045,out,6701.603794305057,0.0223209298084407,0.12453284832838583,0.006092597622878152,0.011630231916021153
6800.0,191.33,2025-11-19 20:03:44,0,2026-02-27,6642.16015625,0.39285714285714285,2602,0.045,out,6701.603794305057,0.0223209298084407,0.12616829179969793,0.006253672014721106,0.01457574214577801
6825.0,178.31,2025-11-19 20:03:44,0,2026-02-27,6642.16015625,0.39285714285714285,2602,0.045,out,6701.603794305057,0.0223209298084407,0.12491829800839535,0.006130371176802035,0.018245471034740373
6850.0,163.35,2025-11-19 17:33:54,0,2026-02-27,6642.16015625,0.39285714285714285,2602,0.045,out,6701.603794305057,0.0223209298084407,0.12220540735987097,0.005866992052425431,0.021901782237850814
6900.0,148.02,2025-11-19 14:42:45,0,2026-02-27,6642.16015625,0.39285714285714285,2602,0.045,out,6701.603794305057,0.0223209298084407,0.12482776640746168,0.006121488711751215,0.029174541566930702
7000.0,101.99,2025-11-19 18:44:36,0,2026-02-27,6642.16015625,0.39285714285714285,2602,0.045,out,6701.603794305057,0.0223209298084407,0.11701745575307149,0.005379426230719374,0.043563279019030315
7050.0,85.24,2025-11-19 18:44:36,0,2026-02-27,6642.16015625,0.39285714285714285,2602,0.045,out,6701.603794305057,0.0223209298084407,0.11520291436284204,0.005213886651950553,0.05068074678789419
7060.0,91.74,2025-11-19 15:40:55,0,2026-02-27,6642.16015625,0.39285714285714285,2602,0.045,out,6701.603794305057,0.0223209298084407,0.12157244353067595,0.005806373188793333,0.05209818146886764
7075.0,78.8,2025-11-19 17:56:14,0,2026-02-27,6642.16015625,0.39285714285714285,2602,0.045,out,6701.603794305057,0.0223209298084407,0.11517762128141906,0.005211597460160927,0.054220573493018176
7100.0,80.63,2025-11-19 15:07:41,0,2026-02-27,6642.16015625,0.39285714285714285,2602,0.045,out,6701.603794305057,0.0223209298084407,0.12092360109954431,0.005744560368989245,0.05774791401098654
7150.0,58.74,2025-11-19 16:49:52,0,2026-02-27,6642.16015625,0.39285714285714285,2602,0.045,out,6701.603794305057,0.0223209298084407,0.11270962383231789,0.00499064472673745,0.0647654866696332
6100.0,708.68,2025-11-18 19:00:00,0,2026-02-27,6642.16015625,0.3968253968253968,2602,0.045,in,6701.603794305057,0.022547720510356292,0.16810006197908325,0.011213345570385568,-0.09405809885701749
6220.0,586.51,2025-11-18 21:11:43,0,2026-02-27,6642.16015625,0.3968253968253968,2602,0.045,in,6701.603794305057,0.022547720510356292,0.14250234326236505,0.008058300728279729,-0.07457696328519504
6300.0,526.45,2025-11-18 17:11:31,0,2026-02-27,6642.16015625,0.3968253968253968,2602,0.045,in,6701.603794305057,0.022547720510356292,0.14434455302253948,0.008267996026697108,-0.061797236638796035
6310.0,518.66,2025-11-18 17:11:31,0,2026-02-27,6642.16015625,0.3968253968253968,2602,0.045,in,6701.603794305057,0.022547720510356292,0.14411952061493122,0.008242236596141898,-0.06021119348316134
6400.0,452.55,2025-11-18 16:52:22,0,2026-02-27,6642.16015625,0.3968253968253968,2602,0.045,in,6701.603794305057,0.022547720510356292,0.14348564850794188,0.00816989338402565,-0.046048879670656975
6510.0,515.48,2025-11-11 20:54:40,0,2026-02-20,6642.16015625,0.3968253968253968,2602,0.045,in,6701.603794305057,0.022547720510356292,0.23159926429205985,0.0212850076272315,-0.029007413815805242
6490.0,439.4,2025-10-21 18:25:07,0,2026-01-30,6642.16015625,0.3968253968253968,2601,0.045,in,6668.195673400695,0.03514157281214951,0.17514329789312577,0.012172688411460393,-0.027086778883064835
6530.0,463.6,2025-11-11 15:19:30,0,2026-02-20,6642.16015625,0.3968253968253968,2602,0.045,in,6701.603794305057,0.022547720510356292,0.20592920804546921,0.01682811060564847,-0.025939926747943376
6530.0,341.5,2025-11-18 15:17:12,0,2026-02-27,6642.16015625,0.3968253968253968,2602,0.045,in,6701.603794305057,0.022547720510356292,0.12689579671767642,0.0063898981050055,-0.025939926747943376
6540.0,459.08,2025-11-11 15:26:36,0,2026-02-20,6642.16015625,0.3968253968253968,2602,0.045,in,6701.603794305057,0.022547720510356292,0.20666296520232905,0.016948246502467883,-0.02440970456717571
6550.0,328.9,2025-11-18 15:03:29,0,2026-02-27,6642.16015625,0.3968253968253968,2602,0.045,in,6701.603794305057,0.022547720510356292,0.12696933476460784,0.006397306337526608,-0.022881820389122582
6560.0,322.1,2025-11-18 15:03:37,0,2026-02-27,6642.16015625,0.3968253968253968,2602,0.045,in,6701.603794305057,0.022547720510356292,0.1266093970488919,0.006361087071858714,-0.021356267080285436
6590.0,304.0,2025-11-18 15:18:17,0,2026-02-27,6642.16015625,0.3968253968253968,2602,0.045,in,6701.603794305057,0.022547720510356292,0.1267611729311847,0.0063763472074959155,-0.01679352152186719
6595.0,429.9,2025-11-11 17:44:04,0,2026-02-20,6642.16015625,0.3968253968253968,2602,0.045,in,6701.603794305057,0.022547720510356292,0.20743304087219297,0.017074788272017808,-0.01603508386700522
6600.0,297.3,2025-11-18 15:02:44,0,2026-02-27,6642.16015625,0.3968253968253968,2602,0.045,in,6701.603794305057,0.022547720510356292,0.12629592124573877,0.006329626874329305,-0.015277221003903269
6620.0,393.79,2025-11-11 15:47:50,0,2026-02-20,6642.16015625,0.3968253968253968,2602,0.045,in,6701.603794305057,0.022547720510356292,0.19343987010761932,0.01484880291557644,-0.012251500087366241
6625.0,306.8,2025-11-18 14:45:26,0,2026-02-27,6642.16015625,0.3968253968253968,2602,0.045,in,6701.603794305057,0.022547720510356292,0.1413422070378117,0.007927626781872867,-0.011496498163997166
6640.0,270.9,2025-11-18 15:03:09,0,2026-02-27,6642.16015625,0.3968253968253968,2602,0.045,in,6701.603794305057,0.022547720510356292,0.12428824139181913,0.006129986884234564,-0.009234906547940553
6700.0,249.0,2025-11-18 14:51:42,0,2026-02-27,6642.16015625,0.3968253968253968,2602,0.045,out,6701.603794305057,0.022547720510356292,0.13080249246797834,0.006789401601522036,-0.00023934363936274603
6710.0,237.57,2025-11-18 16:11:36,0,2026-02-27,6642.16015625,0.3968253968253968,2602,0.045,out,6701.603794305057,0.022547720510356292,0.1270064883226897,0.006401050823833936,0.001252080947307437
6720.0,229.1,2025-11-18 15:00:17,0,2026-02-27,6642.16015625,0.3968253968253968,2602,0.045,out,6701.603794305057,0.022547720510356292,0.12497058805023065,0.006197479316516052,0.0027412844987749893
6725.0,228.97,2025-11-18 16:11:36,0,2026-02-27,6642.16015625,0.3968253968253968,2602,0.045,out,6701.603794305057,0.022547720510356292,0.1264131467948033,0.006341382413716067,0.003485055451619739
6830.0,167.9,2025-11-18 15:03:49,0,2026-02-27,6642.16015625,0.3968253968253968,2602,0.045,out,6701.603794305057,0.022547720510356292,0.11900098767908908,0.005619537725634409,0.01897780354641554
6880.0,158.6,2025-11-18 14:44:50,0,2026-02-27,6642.16015625,0.3968253968253968,2602,0.045,out,6701.603794305057,0.022547720510356292,0.12569594570651377,0.0062696312567678,0.02627178190896925
6915.0,199.2,2025-11-11 15:49:56,0,2026-02-20,6642.16015625,0.3968253968253968,2602,0.045,out,6701.603794305057,0.022547720510356292,0.15866467882514992,0.009989873137574594,0.03134609508043846
6930.0,212.81,2025-11-11 20:48:42,0,2026-02-20,6642.16015625,0.3968253968253968,2602,0.045,out,6701.603794305057,0.022547720510356292,0.17044229096580718,0.011528005773679711,0.03351294316552872
6980.0,99.66,2025-11-18 16:02:04,0,2026-02-27,6642.16015625,0.3968253968253968,2602,0.045,out,6701.603794305057,0.022547720510356292,0.11067359494876605,0.0048605732614617194,0.04070204673799807
7030.0,83.56,2025-11-18 16:02:04,0,2026-02-27,6642.16015625,0.3968253968253968,2602,0.045,out,6701.603794305057,0.022547720510356292,0.10953597697506932,0.004761162798366236,0.0478398357862904
7125.0,62.15,2025-11-18 15:38:17,0,2026-02-27,6642.16015625,0.3968253968253968,2602,0.045,out,6701.603794305057,0.022547720510356292,0.11056786639743374,0.00485129090463522,0.061262856118431186
5850.0,1006.17,2025-11-17 17:09:02,0,2026-02-27,6642.16015625,0.4007936507936508,2602,0.045,in,6701.603794305057,0.02277002030728346,0.2637321073324413,0.027877051858091445,-0.13590520879251794
6075.0,880.8,2025-11-10 20:39:27,0,2026-02-20,6642.16015625,0.4007936507936508,2602,0.045,in,6701.603794305057,0.02277002030728346,0.2941588993403274,0.03468045739750952,-0.09816488080967097
6240.0,694.91,2025-11-10 17:23:25,0,2026-02-20,6642.16015625,0.4007936507936508,2602,0.045,in,6701.603794305057,0.02277002030728346,0.23892416907503425,0.022879208791221236,-0.07136668765494678
6410.0,525.12,2025-11-17 17:03:30,0,2026-02-27,6642.16015625,0.4007936507936508,2602,0.045,in,6701.603794305057,0.02277002030728346,0.19759428078927077,0.015648386824855347,-0.04448759910370445
6425.0,572.45,2025-11-10 20:17:23,0,2026-02-20,6642.16015625,0.4007936507936508,2602,0.045,in,6701.603794305057,0.02277002030728346,0.2349285337983849,0.02212036910816884,-0.04215023925499959
6520.0,470.24,2025-11-10 15:20:48,0,2026-02-20,6642.16015625,0.4007936507936508,2602,0.045,in,6701.603794305057,0.02277002030728346,0.20506029566648332,0.01685326274103723,-0.027472494097721508
6730.0,248.82,2025-11-17 19:27:44,0,2026-02-27,6642.16015625,0.4007936507936508,2602,0.045,out,6701.603794305057,0.02277002030728346,0.13881836315853757,0.007723509257744357,0.004228273620353273
6740.0,262.3,2025-11-17 18:23:14,0,2026-02-27,6642.16015625,0.4007936507936508,2602,0.045,out,6701.603794305057,0.02277002030728346,0.1498267486002594,0.008997037754796267,0.005713054887932526
6775.0,240.3,2025-11-17 18:12:16,0,2026-02-27,6642.16015625,0.4007936507936508,2602,0.045,out,6701.603794305057,0.02277002030728346,0.14663976527349085,0.008618354352007595,0.010892496729481426
6790.0,217.17,2025-11-17 19:18:39,0,2026-02-27,6642.16015625,0.4007936507936508,2602,0.045,out,6701.603794305057,0.02277002030728346,0.1369720242809255,0.0075194241230042026,0.013104071534321733
6840.0,192.6,2025-11-17 19:09:05,0,2026-02-27,6642.16015625,0.4007936507936508,2602,0.045,out,6701.603794305057,0.02277002030728346,0.1354241807858101,0.0073504388210011325,0.02044086159817596
7010.0,108.15,2025-11-17 19:39:40,0,2026-02-27,6642.16015625,0.4007936507936508,2602,0.045,out,6701.603794305057,0.02277002030728346,0.12136004731761034,0.005902993530072202,0.04499083101021554
7020.0,108.8,2025-11-17 19:19:09,0,2026-02-27,6642.16015625,0.4007936507936508,2602,0.045,out,6701.603794305057,0.02277002030728346,0.12374599137950351,0.006137381383460762,0.04641634800143659
5870.0,911.87,2025-10-17 14:29:17,0,2026-01-30,6642.16015625,0.4126984126984127,2601,0.045,in,6668.195673400695,0.0355207430886053,0.17158061684321843,0.012149803333075915,-0.12749467575905837
5890.0,893.94,2025-10-17 14:29:17,0,2026-01-30,6642.16015625,0.4126984126984127,2601,0.045,in,6668.195673400695,0.0355207430886053,0.17090275593899393,0.012053992883748038,-0.12409331193556813
6225.0,625.74,2025-11-14 14:36:35,0,2026-02-27,6642.16015625,0.4126984126984127,2602,0.045,in,6701.603794305057,0.023411269721496434,0.17411162858518647,0.012510894276559268,-0.07377342768551179
6200.0,666.48,2025-10-03 18:22:12,0,2026-01-16,6642.16015625,0.4126984126984127,2601,0.045,in,6668.195673400695,0.0355207430886053,0.19201679004459646,0.01521637522436185,-0.07280001754801761
6225.0,594.88,2025-10-17 14:38:01,0,2026-01-30,6642.16015625,0.4126984126984127,2601,0.045,in,6668.195673400695,0.0355207430886053,0.14786147595194124,0.009022832029172204,-0.06877586724829214
6270.0,586.84,2025-11-07 15:00:16,0,2026-02-20,6642.16015625,0.4126984126984127,2602,0.045,in,6701.603794305057,0.023411269721496434,0.1694495184907782,0.011849867019613824,-0.06657051539145378
6280.0,559.77,2025-11-07 17:46:35,0,2026-02-20,6642.16015625,0.4126984126984127,2602,0.045,in,6701.603794305057,0.023411269721496434,0.15376957250851628,0.00975828757405949,-0.06497688955617578
6250.0,573.57,2025-10-17 17:21:43,0,2026-01-30,6642.16015625,0.4126984126984127,2601,0.045,in,6668.195673400695,0.0355207430886053,0.14620554400896482,0.008821866485283984,-0.06476784585075329
6325.0,532.29,2025-11-14 14:33:53,0,2026-02-27,6642.16015625,0.4126984126984127,2602,0.045,in,6701.603794305057,0.023411269721496434,0.15803285297339406,0.010306888064947142,-0.057836835422699164
6350.0,495.03,2025-11-07 16:59:43,0,2026-02-20,6642.16015625,0.4126984126984127,2602,0.045,in,6701.603794305057,0.023411269721496434,0.1433448162263176,0.00848001817163295,-0.053892057131682755
6360.0,588.25,2025-11-14 17:38:41,0,2026-02-27,6642.16015625,0.4126984126984127,2602,0.045,in,6701.603794305057,0.023411269721496434,0.2142514615035249,0.01894437948676677,-0.05231849268425235
6375.0,566.46,2025-11-14 17:55:12,0,2026-02-27,6642.16015625,0.4126984126984127,2602,0.045,in,6701.603794305057,0.023411269721496434,0.2060342189557944,0.01751908863331476,-0.04996277899179325
6380.0,490.79,2025-11-07 15:40:15,0,2026-02-20,6642.16015625,0.4126984126984127,2602,0.045,in,6701.603794305057,0.023411269721496434,0.15599308485462446,0.010042538183873235,-0.049178772679584565
6435.0,428.28,2025-11-07 17:02:10,0,2026-02-20,6642.16015625,0.4126984126984127,2602,0.045,in,6701.603794305057,0.023411269721496434,0.1384180337647282,0.007907116727835384,-0.04059502898819308
6450.0,444.75,2025-11-07 19:26:09,0,2026-02-20,6642.16015625,0.4126984126984127,2602,0.045,in,6701.603794305057,0.023411269721496434,0.1566958471991424,0.01013322701215685,-0.03826673922860202
6450.0,507.28,2025-11-14 19:24:26,0,2026-02-27,6642.16015625,0.4126984126984127,2602,0.045,in,6701.603794305057,0.023411269721496434,0.1979160905177479,0.016165718270342282,-0.03826673922860202
6460.0,443.89,2025-11-14 14:39:38,0,2026-02-27,6642.16015625,0.4126984126984127,2602,0.045,in,6701.603794305057,0.023411269721496434,0.16046112445616792,0.010626064825479096,-0.03671755224177264
6470.0,465.23,2025-11-14 15:37:33,0,2026-02-27,6642.16015625,0.4126984126984127,2602,0.045,in,6701.603794305057,0.023411269721496434,0.17863091310904164,0.013168794937657454,-0.0351707615234739
6475.0,446.41,2025-11-14 15:00:49,0,2026-02-27,6642.16015625,0.4126984126984127,2602,0.045,in,6701.603794305057,0.023411269721496434,0.16839960060974327,0.011703477184500747,-0.03439826245068164
6480.0,482.35,2025-11-14 19:45:51,0,2026-02-27,6642.16015625,0.4126984126984127,2602,0.045,in,6701.603794305057,0.023411269721496434,0.1935835401348632,0.015465702576028586,-0.033626359672099745
6490.0,435.84,2025-11-14 15:01:33,0,2026-02-27,6642.16015625,0.4126984126984127,2602,0.045,in,6701.603794305057,0.023411269721496434,0.16760015539513123,0.011592620861909136,-0.03208433932028442
6500.0,461.65,2025-11-14 18:53:53,0,2026-02-27,6642.16015625,0.4126984126984127,2602,0.045,in,6701.603794305057,0.023411269721496434,0.18802710421512214,0.014590618887422769,-0.030544693134691714
6590.0,327.22,2025-11-07 17:46:35,0,2026-02-20,6642.16015625,0.4126984126984127,2602,0.045,in,6701.603794305057,0.023411269721496434,0.13706567447323048,0.007753364715695892,-0.01679352152186719
6560.0,324.4,2025-10-17 15:38:12,0,2026-01-30,6642.16015625,0.4126984126984127,2601,0.045,in,6668.195673400695,0.0355207430886053,0.12375087739913755,0.006320178906086757,-0.016358706643065754
6620.0,373.46,2025-11-14 19:31:50,0,2026-02-27,6642.16015625,0.4126984126984127,2602,0.045,in,6701.603794305057,0.023411269721496434,0.17584022650018902,0.012760546295977494,-0.012251500087366241
6630.0,377.49,2025-11-14 17:38:41,0,2026-02-27,6642.16015625,0.4126984126984127,2602,0.045,in,6701.603794305057,0.023411269721496434,0.1815464762642816,0.013602177764181133,-0.01074206583851192
6810.0,248.7,2025-11-14 17:56:13,0,2026-02-27,6642.16015625,0.4126984126984127,2602,0.045,out,6701.603794305057,0.023411269721496434,0.1578392663028783,0.010281652121631814,0.01604525012513802
6870.0,180.19,2025-11-14 14:39:38,0,2026-02-27,6642.16015625,0.4126984126984127,2602,0.045,out,6701.603794305057,0.023411269721496434,0.13256399369914879,0.007252436874002649,0.024817236197974907
6875.0,169.19,2025-11-14 14:33:53,0,2026-02-27,6642.16015625,0.4126984126984127,2602,0.045,out,6701.603794305057,0.023411269721496434,0.1272286687938742,0.006680404575231664,0.02554477351635183
7025.0,132.72,2025-11-14 18:10:44,0,2026-02-27,6642.16015625,0.4126984126984127,2602,0.045,out,6701.603794305057,0.023411269721496434,0.13745949678421812,0.0077979832485782895,0.04712834518352642
5975.0,962.49,2025-11-13 14:31:20,0,2026-02-27,6642.16015625,0.4166666666666667,2602,0.045,in,6701.603794305057,0.023616876676529803,0.2961486624762021,0.03654334595268478,-0.11476277221870876
6150.0,808.87,2025-11-13 14:33:23,0,2026-02-27,6642.16015625,0.4166666666666667,2602,0.045,in,6701.603794305057,0.023616876676529803,0.2706585398799303,0.0305233521708066,-0.08589478821785655
6200.0,752.11,2025-11-13 14:57:44,0,2026-02-27,6642.16015625,0.4166666666666667,2602,0.045,in,6701.603794305057,0.023616876676529803,0.25388539451907466,0.02685741397921091,-0.07779757798523718
6390.0,517.78,2025-11-06 18:17:19,0,2026-02-20,6642.16015625,0.4166666666666667,2602,0.045,in,6701.603794305057,0.023616876676529803,0.17825658613719902,0.01323975437553694,-0.04761260164683962
6395.0,517.81,2025-11-06 18:05:23,0,2026-02-20,6642.16015625,0.4166666666666667,2602,0.045,in,6701.603794305057,0.023616876676529803,0.18050784946676673,0.013576284882965382,-0.04683043500547703
6430.0,484.51,2025-11-06 17:26:24,0,2026-02-20,6642.16015625,0.4166666666666667,2602,0.045,in,6701.603794305057,0.023616876676529803,0.1733809858041994,0.01252540259934833,-0.041372331786755055
6445.0,362.52,2025-09-16 19:08:35,0,2025-12-31,6642.16015625,0.4166666666666667,2512,0.045,in,6689.026206958043,0.02812543505014945,0.09303887344014934,0.003606763321255053,-0.037163667656124146
6580.0,383.0,2025-11-06 17:46:54,0,2026-02-20,6642.16015625,0.4166666666666667,2602,0.045,in,6701.603794305057,0.023616876676529803,0.16683026780189386,0.011596807606188177,-0.01831212469905723
6580.0,410.82,2025-11-13 16:42:47,0,2026-02-27,6642.16015625,0.4166666666666667,2602,0.045,in,6701.603794305057,0.023616876676529803,0.18387213189383644,0.014087067036326829,-0.01831212469905723
6910.0,202.46,2025-11-13 16:10:30,0,2026-02-27,6642.16015625,0.4166666666666667,2602,0.045,out,6701.603794305057,0.023616876676529803,0.15420490871694634,0.009907980780167398,0.030622767743295337
6920.0,197.06,2025-11-13 16:10:30,0,2026-02-27,6642.16015625,0.4166666666666667,2602,0.045,out,6701.603794305057,0.023616876676529803,0.15330175019979303,0.009792261089299894,0.03206889959329503
6930.0,177.17,2025-11-13 20:13:00,0,2026-02-27,6642.16015625,0.4166666666666667,2602,0.045,out,6701.603794305057,0.023616876676529803,0.14371825489931886,0.008606223663043996,0.03351294316552872
6950.0,175.79,2025-11-13 17:46:39,0,2026-02-27,6642.16015625,0.4166666666666667,2602,0.045,out,6701.603794305057,0.023616876676529803,0.14732026270535425,0.009043024918156081,0.03639478954041766
6990.0,180.2,2025-11-13 15:14:53,0,2026-02-27,6642.16015625,0.4166666666666667,2602,0.045,out,6701.603794305057,0.023616876676529803,0.1586014378990474,0.010481006709852246,0.042133686209435875
6995.0,129.0,2025-11-06 18:17:19,0,2026-02-20,6642.16015625,0.4166666666666667,2602,0.045,out,6701.603794305057,0.023616876676529803,0.12824167432806677,0.0068524695976941415,0.04284873808116139
6110.0,843.37,2025-11-05 18:20:51,0,2026-02-20,6642.16015625,0.42063492063492064,2602,0.045,in,6701.603794305057,0.023818604255053107,0.2744038700329795,0.03167275115969083,-0.0924200968527792
6180.0,790.19,2025-11-12 16:49:42,0,2026-02-27,6642.16015625,0.42063492063492064,2602,0.045,in,6701.603794305057,0.023818604255053107,0.26965571689929124,0.03058613412534085,-0.0810285985666837
6200.0,765.17,2025-11-05 18:35:24,0,2026-02-20,6642.16015625,0.42063492063492064,2602,0.045,in,6701.603794305057,0.023818604255053107,0.26132556470252233,0.028725600719491158,-0.07779757798523718
6245.0,517.98,2025-09-15 13:40:16,0,2025-12-31,6642.16015625,0.42063492063492064,2512,0.045,in,6689.026206958043,0.028284629059110302,0.0679154414322515,0.001940181593664222,-0.06868716046973392
6870.0,244.41,2025-11-05 19:37:53,0,2026-02-20,6642.16015625,0.42063492063492064,2602,0.045,out,6701.603794305057,0.023818604255053107,0.16830115145194183,0.011914600886846202,0.024817236197974907
6925.0,228.43,2025-11-12 19:19:00,0,2026-02-27,6642.16015625,0.42063492063492064,2602,0.045,out,6701.603794305057,0.023818604255053107,0.17192992995990833,0.012433926533722271,0.03279118203711915
5600.0,1316.03,2025-11-11 14:58:44,0,2026-02-27,6642.16015625,0.4246031746031746,2602,0.045,in,6701.603794305057,0.02401656122463205,0.36080939567416015,0.05527629341556561,-0.17958027229517956
5710.0,1168.57,2025-11-04 20:11:00,0,2026-02-20,6642.16015625,0.4246031746031746,2602,0.045,in,6701.603794305057,0.02401656122463205,0.30232657084601205,0.03880930568264856,-0.16012784636836422
6000.0,906.36,2025-11-04 20:30:53,0,2026-02-20,6642.16015625,0.4246031746031746,2602,0.045,in,6701.603794305057,0.02401656122463205,0.26228163027982115,0.02920915449722129,-0.11058740080822806
6210.0,721.14,2025-11-04 20:11:32,0,2026-02-20,6642.16015625,0.4246031746031746,2602,0.045,in,6701.603794305057,0.02401656122463205,0.23330384917216526,0.02311144208779636,-0.07618597409089574
6940.0,219.31,2025-11-11 20:42:29,0,2026-02-27,6642.16015625,0.4246031746031746,2602,0.045,out,6701.603794305057,0.02401656122463205,0.1688927196440318,0.012111699722686727,0.03495490448243001
5375.0,1501.83,2025-11-10 17:28:45,0,2026-02-27,6642.16015625,0.42857142857142855,2602,0.045,in,6701.603794305057,0.024210852324403974,0.3722771272879743,0.059395825500765685,-0.22058829602255656
5675.0,1278.1,2025-11-03 17:45:26,0,2026-02-20,6642.16015625,0.42857142857142855,2602,0.045,in,6701.603794305057,0.024210852324403974,0.3726305385785536,0.05950865069200411,-0.16627630666881665
5875.0,917.5,2025-10-13 17:04:29,0,2026-01-30,6642.16015625,0.42857142857142855,2601,0.045,in,6668.195673400695,0.03587182667791622,0.17701809635908214,0.013429459902254266,-0.12664324956884074
6120.0,871.39,2025-11-03 18:08:03,0,2026-02-20,6642.16015625,0.42857142857142855,2602,0.045,in,6701.603794305057,0.024210852324403974,0.2953641709475463,0.037388568634084865,-0.09078477351204842
6210.0,730.91,2025-11-10 17:23:25,0,2026-02-27,6642.16015625,0.42857142857142855,2602,0.045,in,6701.603794305057,0.024210852324403974,0.23859809392749545,0.024398164468214543,-0.07618597409089574
6220.0,782.27,2025-11-03 17:45:26,0,2026-02-20,6642.16015625,0.42857142857142855,2602,0.045,in,6701.603794305057,0.024210852324403974,0.2783668204268857,0.03320918002053173,-0.07457696328519504
6240.0,732.95,2025-11-10 19:36:53,0,2026-02-27,6642.16015625,0.42857142857142855,2602,0.045,in,6701.603794305057,0.024210852324403974,0.2536574770525689,0.027575192427717655,-0.07136668765494678
6280.0,698.25,2025-11-10 19:37:33,0,2026-02-27,6642.16015625,0.42857142857142855,2602,0.045,in,6701.603794305057,0.024210852324403974,0.24756415105567653,0.026266289523393355,-0.06497688955617578
6300.0,711.3,2025-11-03 17:45:00,0,2026-02-20,6642.16015625,0.42857142857142855,2602,0.045,in,6701.603794305057,0.024210852324403974,0.2644896432979953,0.02998061631938605,-0.061797236638796035
6310.0,703.04,2025-11-03 17:40:58,0,2026-02-20,6642.16015625,0.42857142857142855,2602,0.045,in,6701.603794305057,0.024210852324403974,0.2631191255872805,0.02967071753563504,-0.06021119348316134
6330.0,631.53,2025-11-10 15:45:01,0,2026-02-27,6642.16015625,0.42857142857142855,2602,0.045,in,6701.603794305057,0.024210852324403974,0.22433009603345194,0.021567425137019043,-0.05704663388019826
6370.0,468.44,2025-10-13 14:22:59,0,2026-01-30,6642.16015625,0.42857142857142855,2601,0.045,in,6668.195673400695,0.03587182667791622,0.1289955237859795,0.007131362210065373,-0.045749840014991466
6685.0,396.7,2025-11-03 16:47:53,0,2026-02-20,6642.16015625,0.42857142857142855,2602,0.045,out,6701.603794305057,0.024210852324403974,0.20475230529230476,0.017967217081077073,-0.0024806594823765446
5700.0,1222.61,2025-10-31 17:30:35,0,2026-02-20,6642.16015625,0.44047619047619047,2602,0.045,in,6701.603794305057,0.024772721180501164,0.3347566793793774,0.04936065800472583,-0.16188069519577863
5760.0,1197.52,2025-10-31 13:55:55,0,2026-02-20,6642.16015625,0.44047619047619047,2602,0.045,in,6701.603794305057,0.024772721180501164,0.3495286051058417,0.05381308445390132,-0.1514093953284832
5770.0,1188.23,2025-10-31 13:55:55,0,2026-02-20,6642.16015625,0.44047619047619047,2602,0.045,in,6701.603794305057,0.024772721180501164,0.34776025743761707,0.05326995566861756,-0.14967478951627483
5830.0,1140.01,2025-10-31 13:37:26,0,2026-02-20,6642.16015625,0.44047619047619047,2602,0.045,in,6701.603794305057,0.024772721180501164,0.34289097436445526,0.051788644656219095,-0.1393298696738821
5980.0,995.37,2025-10-31 15:45:03,0,2026-02-20,6642.16015625,0.44047619047619047,2602,0.045,in,6701.603794305057,0.024772721180501164,0.31166223732667797,0.042784928053481074,-0.11392630207374274
6310.0,512.13,2025-10-10 16:54:10,0,2026-01-30,6642.16015625,0.44047619047619047,2601,0.045,in,6668.195673400695,0.03611853406499956,0.12366732367134974,0.006736469725348476,-0.05521363304594158
6350.0,514.35,2025-11-07 17:17:47,0,2026-02-27,6642.16015625,0.44047619047619047,2602,0.045,in,6701.603794305057,0.024772721180501164,0.1487799312878892,0.0097501465987985,-0.053892057131682755
6390.0,483.34,2025-11-07 17:17:47,0,2026-02-27,6642.16015625,0.44047619047619047,2602,0.045,in,6701.603794305057,0.024772721180501164,0.14676325034825782,0.009487615608964998,-0.04761260164683962
6505.0,537.02,2025-10-31 14:09:34,0,2026-02-20,6642.16015625,0.44047619047619047,2602,0.045,in,6701.603794305057,0.024772721180501164,0.22674600111912932,0.022646532307977373,-0.02977575807181453
6515.0,531.97,2025-10-31 13:45:28,0,2026-02-20,6642.16015625,0.44047619047619047,2602,0.045,in,6701.603794305057,0.024772721180501164,0.22710125124102448,0.022717549972188573,-0.028239659459474663
6585.0,455.22,2025-10-31 17:39:51,0,2026-02-20,6642.16015625,0.44047619047619047,2602,0.045,in,6701.603794305057,0.024772721180501164,0.20446602539508493,0.018414704226332738,-0.017552534841038688
6820.0,208.79,2025-11-07 14:50:05,0,2026-02-27,6642.16015625,0.44047619047619047,2602,0.045,out,6701.603794305057,0.024772721180501164,0.13045680321222788,0.007496454376917812,0.017512601819087554
6890.0,185.8,2025-11-07 20:36:19,0,2026-02-27,6642.16015625,0.44047619047619047,2602,0.045,out,6701.603794305057,0.024772721180501164,0.13417146302597976,0.007929444227972364,0.027724214989284183
7040.0,105.63,2025-11-07 15:06:40,0,2026-02-27,6642.16015625,0.44047619047619047,2602,0.045,out,6701.603794305057,0.024772721180501164,0.11742845881851434,0.006073921295216502,0.04926130013366792
5250.0,1571.09,2025-11-06 15:45:51,0,2026-02-27,6642.16015625,0.4444444444444444,2602,0.045,in,6701.603794305057,0.02495332188424669,0.32618048986204945,0.04728609420739846,-0.24411879343275075
6440.0,583.95,2025-10-30 13:42:40,0,2026-02-20,6642.16015625,0.4444444444444444,2602,0.045,in,6701.603794305057,0.02495332188424669,0.23104687783150235,0.0237256265580823,-0.0398183299200208
6675.0,333.43,2025-11-06 16:12:17,0,2026-02-27,6642.16015625,0.4444444444444444,2602,0.045,out,6701.603794305057,0.02495332188424669,0.16032860534800517,0.011424560752371728,-0.0039776657499698415
6860.0,205.14,2025-11-06 17:26:52,0,2026-02-27,6642.16015625,0.4444444444444444,2602,0.045,out,6701.603794305057,0.02495332188424669,0.13729637878510978,0.008377909167779708,0.02336057170151077
6225.0,819.01,2025-10-29 15:21:24,0,2026-02-20,6642.16015625,0.44841269841269843,2602,0.045,in,6701.603794305057,0.025130726115359554,0.29589698471954234,0.03926078527369536,-0.07377342768551179
5125.0,1649.47,2025-09-23 13:41:31,0,2026-01-16,6642.16015625,0.4523809523809524,2601,0.045,in,6668.195673400695,0.03635225685276273,0.2722624385232551,0.033533568409094196,-0.2632187845745916
6610.0,411.97,2025-11-04 18:43:11,0,2026-02-27,6642.16015625,0.4523809523809524,2602,0.045,in,6701.603794305057,0.02530501799154061,0.18339482466503867,0.015215227918202031,-0.013763216172688188
6680.0,363.28,2025-11-04 18:44:11,0,2026-02-27,6642.16015625,0.4523809523809524,2602,0.045,out,6701.603794305057,0.02530501799154061,0.17674009238028798,0.014131051067553854,-0.0032288824877286983
5600.0,1351.99,2025-10-27 18:00:04,0,2026-02-20,6642.16015625,0.45634920634920634,2602,0.045,in,6701.603794305057,0.025476278704657646,0.37334510869121657,0.0636089506790495,-0.17958027229517956
6080.0,916.94,2025-11-03 18:08:03,0,2026-02-27,6642.16015625,0.45634920634920634,2602,0.045,in,6701.603794305057,0.025476278704657646,0.2960184089372107,0.039988465553244194,-0.09734217405820747
6975.0,218.82,2025-11-03 16:18:05,0,2026-02-27,6642.16015625,0.45634920634920634,2602,0.045,out,6701.603794305057,0.025476278704657646,0.16800058331780274,0.012880089442218363,0.039985457671146175
5925.0,860.46,2025-09-19 17:48:44,0,2026-01-16,6642.16015625,0.46825396825396826,2601,0.045,in,6668.195673400695,0.0366454006882623,0.13766471802024596,0.008874150005301874,-0.11816862257786857
6130.0,667.29,2025-09-18 14:51:59,0,2026-01-16,6642.16015625,0.4722222222222222,2601,0.045,in,6668.195673400695,0.03671560740516766,0.11856327230829636,0.006638145616324193,-0.08415455965094336
6325.0,591.74,2025-10-23 19:53:01,0,2026-02-20,6642.16015625,0.4722222222222222,2602,0.045,in,6701.603794305057,0.026132538243996885,0.1804600765445496,0.015378312968052775,-0.057836835422699164
6445.0,472.4,2025-10-23 14:21:13,0,2026-02-20,6642.16015625,0.4722222222222222,2602,0.045,in,6701.603794305057,0.026132538243996885,0.15478437600917952,0.011313595887815782,-0.03904223364513233
6460.0,489.64,2025-10-23 18:30:21,0,2026-02-20,6642.16015625,0.4722222222222222,2602,0.045,in,6701.603794305057,0.026132538243996885,0.17151648582889323,0.013891788430238328,-0.03671755224177264
6475.0,466.75,2025-10-23 13:52:02,0,2026-02-20,6642.16015625,0.4722222222222222,2602,0.045,in,6701.603794305057,0.026132538243996885,0.16322805210176053,0.012581604135552663,-0.03439826245068164
6495.0,445.93,2025-10-23 15:54:28,0,2026-02-20,6642.16015625,0.4722222222222222,2602,0.045,in,6701.603794305057,0.026132538243996885,0.1581376248359401,0.011809101183577588,-0.03131421991372017
7000.0,159.48,2025-11-20 06:55:16,0,2026-03-20,6642.16015625,0.4722222222222222,2603,0.045,out,6757.292419864316,0.008608140217218521,0.13567599294099142,0.008692654889691866,0.035287868839718246
7050.0,136.42,2025-11-20 04:23:13,0,2026-03-20,6642.16015625,0.4722222222222222,2603,0.045,out,6757.292419864316,0.008608140217218521,0.13182493769066073,0.00820619003754144,0.04240533660858213
5600.0,1170.97,2025-10-01 13:59:44,0,2026-01-30,6642.16015625,0.47619047619047616,2601,0.045,in,6668.195673400695,0.036784644010124594,0.15733246782209656,0.011787383538567167,-0.17458271185795982
5625.0,1147.82,2025-10-01 13:59:44,0,2026-01-30,6642.16015625,0.47619047619047616,2601,0.045,in,6668.195673400695,0.036784644010124594,0.1579094904858551,0.01187400342166779,-0.17012836150857963
5800.0,992.8,2025-11-19 14:50:35,0,2026-03-20,6642.16015625,0.47619047619047616,2603,0.045,in,6757.292419864316,0.008911405715408369,0.16630420830250126,0.01317004271386749,-0.15276436266322146
6000.0,807.88,2025-11-19 17:53:41,0,2026-03-20,6642.16015625,0.47619047619047616,2603,0.045,in,6757.292419864316,0.008911405715408369,0.15173241180659253,0.010963202282212084,-0.11886281098754004
6100.0,733.64,2025-11-19 15:59:15,0,2026-03-20,6642.16015625,0.47619047619047616,2603,0.045,in,6757.292419864316,0.008911405715408369,0.16032434621486724,0.01223995047105934,-0.10233350903632957
6200.0,674.5,2025-11-19 15:23:44,0,2026-03-20,6642.16015625,0.47619047619047616,2603,0.045,in,6757.292419864316,0.008911405715408369,0.1750527856779806,0.01459213227315286,-0.08607298816454922
6225.0,654.05,2025-11-19 15:23:44,0,2026-03-20,6642.16015625,0.47619047619047616,2603,0.045,in,6757.292419864316,0.008911405715408369,0.17347804308385023,0.014330776872477236,-0.08204883786482371
6400.0,496.8,2025-11-19 20:17:46,0,2026-03-20,6642.16015625,0.47619047619047616,2603,0.045,in,6757.292419864316,0.008911405715408369,0.1500196067827508,0.010717086866310082,-0.05432428984996886
6405.0,487.98,2025-10-22 17:21:56,0,2026-02-20,6642.16015625,0.47619047619047616,2602,0.045,in,6701.603794305057,0.026289767091963578,0.14643702977807305,0.010211335090582977,-0.04526793468758557
6500.0,439.7,2025-11-19 15:39:30,0,2026-03-20,6642.16015625,0.47619047619047616,2603,0.045,in,6757.292419864316,0.008911405715408369,0.15514786733401412,0.011462314637282306,-0.03882010331400368
6650.0,301.98,2025-11-19 19:50:09,0,2026-03-20,6642.16015625,0.47619047619047616,2603,0.045,out,6757.292419864316,0.008911405715408369,0.1267036773652432,0.007644677075178878,-0.016005425547832287
6670.0,307.9,2025-11-19 15:58:22,0,2026-03-20,6642.16015625,0.47619047619047616,2603,0.045,out,6757.292419864316,0.008911405715408369,0.13628151095734414,0.008844119156579386,-0.01300242028806268
6680.0,287.7,2025-11-19 17:41:37,0,2026-03-20,6642.16015625,0.47619047619047616,2603,0.045,out,6757.292419864316,0.008911405715408369,0.127989056828065,0.0078005707941607855,-0.011504292667040714
6700.0,287.06,2025-11-19 20:48:30,0,2026-03-20,6642.16015625,0.47619047619047616,2603,0.045,out,6757.292419864316,0.008911405715408369,0.13358785916240523,0.008497960055045054,-0.008514753818674668
6725.0,285.03,2025-11-19 15:42:57,0,2026-03-20,6642.16015625,0.47619047619047616,2603,0.045,out,6757.292419864316,0.008911405715408369,0.13961456333997826,0.009282012522196572,-0.004790354727692288
6730.0,262.6,2025-11-19 17:58:02,0,2026-03-20,6642.16015625,0.47619047619047616,2603,0.045,out,6757.292419864316,0.008911405715408369,0.12862987575191093,0.007878878540929545,-0.00404713655895862
6740.0,266.28,2025-11-19 20:30:35,0,2026-03-20,6642.16015625,0.47619047619047616,2603,0.045,out,6757.292419864316,0.008911405715408369,0.13344038745740294,0.00847920809751515,-0.0025623552913794315
6750.0,253.8,2025-11-19 16:43:15,0,2026-03-20,6642.16015625,0.47619047619047616,2603,0.045,out,6757.292419864316,0.008911405715408369,0.1293117973105634,0.007962638535089632,-0.0010797753311566833
6760.0,254.51,2025-11-19 20:30:35,0,2026-03-20,6642.16015625,0.47619047619047616,2603,0.045,out,6757.292419864316,0.008911405715408369,0.1324027617957481,0.008347853014829338,0.0004006098392775431
6770.0,252.4,2025-11-19 20:20:03,0,2026-03-20,6642.16015625,0.47619047619047616,2603,0.045,out,6757.292419864316,0.008911405715408369,0.13390410496916338,0.008538242536948917,0.0018788067085885151
6780.0,247.7,2025-11-19 20:20:23,0,2026-03-20,6642.16015625,0.47619047619047616,2603,0.045,out,6757.292419864316,0.008911405715408369,0.1339492051276336,0.008543995025868984,0.003354821736709161
6790.0,232.7,2025-11-19 18:58:44,0,2026-03-20,6642.16015625,0.47619047619047616,2603,0.045,out,6757.292419864316,0.008911405715408369,0.1283230673385743,0.007841337910085844,0.0048286613550095675
6800.0,216.69,2025-11-19 17:36:21,0,2026-03-20,6642.16015625,0.47619047619047616,2603,0.045,out,6757.292419864316,0.008911405715408369,0.12211646783513722,0.00710115796025243,0.006300331966465893
6810.0,217.6,2025-11-19 19:00:32,0,2026-03-20,6642.16015625,0.47619047619047616,2603,0.045,out,6757.292419864316,0.008911405715408369,0.12512997850182334,0.007455957866603223,0.007769839945825945
6825.0,231.6,2025-11-19 15:19:03,0,2026-03-20,6642.16015625,0.47619047619047616,2603,0.045,out,6757.292419864316,0.008911405715408369,0.1364934044048894,0.008871642593350802,0.00997006085542837
6840.0,212.36,2025-11-19 20:24:03,0,2026-03-20,6642.16015625,0.47619047619047616,2603,0.045,out,6757.292419864316,0.008911405715408369,0.12959843734105808,0.007997978552973408,0.012165451418864028
6850.0,196.4,2025-11-19 20:01:41,0,2026-03-20,6642.16015625,0.47619047619047616,2603,0.045,out,6757.292419864316,0.008911405715408369,0.12323257234988992,0.007231555660938502,0.013626372058538925
6875.0,186.3,2025-11-19 20:07:05,0,2026-03-20,6642.16015625,0.47619047619047616,2603,0.045,out,6757.292419864316,0.008911405715408369,0.12347592201182381,0.007260144436509521,0.017269363337039836
6900.0,174.9,2025-11-19 18:59:13,0,2026-03-20,6642.16015625,0.47619047619047616,2603,0.045,out,6757.292419864316,0.008911405715408369,0.12277607530873753,0.007178078413436566,0.02089913138761861
6940.0,155.86,2025-11-19 18:41:21,0,2026-03-20,6642.16015625,0.47619047619047616,2603,0.045,out,6757.292419864316,0.008911405715408369,0.12071398538997692,0.00693898393749122,0.026679494303118098
6950.0,151.4,2025-11-19 20:07:05,0,2026-03-20,6642.16015625,0.47619047619047616,2603,0.045,out,6757.292419864316,0.008911405715408369,0.12026693690196831,0.006887683862753346,0.02811937936110558
7010.0,130.39,2025-11-19 20:27:05,0,2026-03-20,6642.16015625,0.47619047619047616,2603,0.045,out,6757.292419864316,0.008911405715408369,0.12005850696609972,0.006863830997585246,0.03671542083090373
6960.0,256.05,2025-10-29 16:23:19,0,2026-02-27,6642.16015625,0.47619047619047616,2602,0.045,out,6701.603794305057,0.026289767091963578,0.18064113710034913,0.015538676387098632,0.0378326043100452
7025.0,120.39,2025-11-19 14:19:24,0,2026-03-20,6642.16015625,0.47619047619047616,2603,0.045,out,6757.292419864316,0.008911405715408369,0.11700587131805205,0.0065192256775697885,0.03885293500421447
7040.0,115.8,2025-11-19 19:00:07,0,2026-03-20,6642.16015625,0.47619047619047616,2603,0.045,out,6757.292419864316,0.008911405715408369,0.1170251148705073,0.0065213702430740135,0.04098588995435603
7070.0,106.28,2025-11-19 14:38:35,0,2026-03-20,6642.16015625,0.47619047619047616,2603,0.045,out,6757.292419864316,0.008911405715408369,0.11660850266696134,0.006475020425824156,0.04523819969288637
7100.0,105.99,2025-11-19 15:36:39,0,2026-03-20,6642.16015625,0.47619047619047616,2603,0.045,out,6757.292419864316,0.008911405715408369,0.12158958469132292,0.007040012907337328,0.04947250383167471
7110.0,94.84,2025-11-19 20:27:05,0,2026-03-20,6642.16015625,0.47619047619047616,2603,0.045,out,6757.292419864316,0.008911405715408369,0.11629123193792897,0.006439833631257709,0.05087996359955434
7120.0,90.28,2025-11-19 14:38:35,0,2026-03-20,6642.16015625,0.47619047619047616,2603,0.045,out,6757.292419864316,0.008911405715408369,0.11502785263292531,0.006300669943496181,0.05228544520828929
7125.0,92.7,2025-11-19 20:20:38,0,2026-03-20,6642.16015625,0.47619047619047616,2603,0.045,out,6757.292419864316,0.008911405715408369,0.11739422057922738,0.00656257286924014,0.05298744593911904
7150.0,83.95,2025-11-19 11:00:11,0,2026-03-20,6642.16015625,0.47619047619047616,2603,0.045,out,6757.292419864316,0.008911405715408369,0.11571581412255548,0.006376261732402766,0.056490076490321166
5900.0,879.18,2025-11-18 15:28:16,0,2026-03-20,6642.16015625,0.4801587301587302,2603,0.045,in,6757.292419864316,0.009209658560735572,0.1226685236453051,0.007225220515442747,-0.1356699293039213
6350.0,520.61,2025-11-18 20:57:26,0,2026-03-20,6642.16015625,0.4801587301587302,2603,0.045,in,6757.292419864316,0.009209658560735572,0.14118075621599238,0.009570526654809747,-0.06216746731099476
6340.0,588.14,2025-10-21 17:41:29,0,2026-02-20,6642.16015625,0.4801587301587302,2602,0.045,in,6701.603794305057,0.026444397115996936,0.1822387852081745,0.015946539503699564,-0.0554681015871485
6410.0,530.0,2025-10-21 15:37:12,0,2026-02-20,6642.16015625,0.4801587301587302,2602,0.045,in,6701.603794305057,0.026444397115996936,0.1744799876673069,0.014617599990723857,-0.04448759910370445
6580.0,341.25,2025-11-18 16:10:36,0,2026-03-20,6642.16015625,0.4801587301587302,2603,0.045,in,6757.292419864316,0.009209658560735572,0.12475334830088138,0.007472901378515888,-0.026587534878369273
6600.0,337.6,2025-11-18 14:59:04,0,2026-03-20,6642.16015625,0.4801587301587302,2603,0.045,in,6757.292419864316,0.009209658560735572,0.1296535713710882,0.008071491574931039,-0.023552631183215215
6610.0,320.9,2025-11-18 15:37:45,0,2026-03-20,6642.16015625,0.4801587301587302,2603,0.045,in,6757.292419864316,0.009209658560735572,0.12340342248596534,0.007312051454092096,-0.0220386263520002
6625.0,344.0,2025-11-18 18:04:40,0,2026-03-20,6642.16015625,0.4801587301587302,2603,0.045,in,6757.292419864316,0.009209658560735572,0.14163585108268967,0.009632327110087536,-0.01977190834330922
6675.0,300.96,2025-11-18 20:41:04,0,2026-03-20,6642.16015625,0.4801587301587302,2603,0.045,out,6757.292419864316,0.009209658560735572,0.13299170952568037,0.008492468932976652,-0.012253075929281881
6690.0,276.2,2025-11-18 15:34:59,0,2026-03-20,6642.16015625,0.4801587301587302,2603,0.045,out,6757.292419864316,0.009209658560735572,0.12369804135249321,0.00734700737130007,-0.010008406075458031
6720.0,281.52,2025-11-18 17:53:17,0,2026-03-20,6642.16015625,0.4801587301587302,2603,0.045,out,6757.292419864316,0.009209658560735572,0.13536364368292858,0.008798100157799131,-0.0055341256805369506
6775.0,244.6,2025-11-18 20:38:49,0,2026-03-20,6642.16015625,0.4801587301587302,2603,0.045,out,6757.292419864316,0.009209658560735572,0.13008586213584175,0.008125405217629573,0.0026170865501694116
6820.0,226.2,2025-11-18 18:55:01,0,2026-03-20,6642.16015625,0.4801587301587302,2603,0.045,out,6757.292419864316,0.009209658560735572,0.13146601556866094,0.008298733742815189,0.009237191639775747
6830.0,221.9,2025-11-18 19:40:46,0,2026-03-20,6642.16015625,0.4801587301587302,2603,0.045,out,6757.292419864316,0.009209658560735572,0.13156315632123305,0.008311002207324721,0.01070239336710356
6870.0,184.83,2025-11-18 17:20:16,0,2026-03-20,6642.16015625,0.4801587301587302,2603,0.045,out,6757.292419864316,0.009209658560735572,0.12074335627200079,0.007000214000567877,0.016541826018662893
6910.0,161.7,2025-11-18 15:34:56,0,2026-03-20,6642.16015625,0.4801587301587302,2603,0.045,out,6757.292419864316,0.009209658560735572,0.11687857753842452,0.006559257255460584,0.022347357563983507
6920.0,166.2,2025-11-18 20:33:41,0,2026-03-20,6642.16015625,0.4801587301587302,2603,0.045,out,6757.292419864316,0.009209658560735572,0.12151121025996325,0.0070895312717450835,0.023793489413983026
6925.0,152.3,2025-11-18 15:05:29,0,2026-03-20,6642.16015625,0.4801587301587302,2603,0.045,out,6757.292419864316,0.009209658560735572,0.1148453136058416,0.006333027670333797,0.024515771857807168
6975.0,146.4,2025-11-18 19:00:07,0,2026-03-20,6642.16015625,0.4801587301587302,2603,0.045,out,6757.292419864316,0.009209658560735572,0.12172331256341541,0.007114302949963182,0.0317100474918342
6980.0,145.38,2025-11-18 19:00:52,0,2026-03-20,6642.16015625,0.4801587301587302,2603,0.045,out,6757.292419864316,0.009209658560735572,0.12213249107539552,0.007162213454484403,0.03242663655868613
7030.0,126.0,2025-11-18 20:02:39,0,2026-03-20,6642.16015625,0.4801587301587302,2603,0.045,out,6757.292419864316,0.009209658560735572,0.12049905259542802,0.006971915170015409,0.03956442560697847
7075.0,109.8,2025-11-18 20:02:35,0,2026-03-20,6642.16015625,0.4801587301587302,2603,0.045,out,6757.292419864316,0.009209658560735572,0.11891098008419294,0.006789358584661044,0.04594516331370623
7130.0,82.9,2025-11-18 15:34:56,0,2026-03-20,6642.16015625,0.4801587301587302,2603,0.045,out,6757.292419864316,0.009209658560735572,0.11118928076119204,0.005936229344837834,0.05368895421060953
5550.0,1287.16,2025-10-20 16:50:22,0,2026-02-20,6642.16015625,0.48412698412698413,2602,0.045,in,6701.603794305057,0.02659649222160352,0.26332689039915314,0.03356987399717892,-0.18854894227793997
5650.0,1193.96,2025-10-20 16:50:22,0,2026-02-20,6642.16015625,0.48412698412698413,2602,0.045,in,6701.603794305057,0.02659649222160352,0.25132863726475346,0.030580405702149517,-0.1706913248779335
5790.0,1063.44,2025-10-20 16:34:27,0,2026-02-20,6642.16015625,0.48412698412698413,2602,0.045,in,6701.603794305057,0.02659649222160352,0.2337960522701647,0.02646266855145975,-0.14621457845137922
5820.0,1038.85,2025-10-20 15:40:52,0,2026-02-20,6642.16015625,0.48412698412698413,2602,0.045,in,6701.603794305057,0.02659649222160352,0.23306736861769617,0.026297970612515882,-0.1410466082929367
6010.0,867.45,2025-10-20 15:45:47,0,2026-02-20,6642.16015625,0.48412698412698413,2602,0.045,in,6701.603794305057,0.02659649222160352,0.21204939848278906,0.021768744374695812,-0.10892212148916683
6220.0,569.0,2025-09-15 14:36:23,0,2026-01-16,6642.16015625,0.48412698412698413,2601,0.045,in,6668.195673400695,0.03691932197717173,0.08703615861916782,0.0036674037090320428,-0.06957940284797531
6275.0,524.28,2025-09-15 16:07:38,0,2026-01-16,6642.16015625,0.48412698412698413,2601,0.045,in,6668.195673400695,0.03691932197717173,0.09233742659644319,0.004127763661727505,-0.060775824581215804
6360.0,569.31,2025-11-17 18:18:20,0,2026-03-20,6642.16015625,0.48412698412698413,2603,0.045,in,6757.292419864316,0.009503022015155772,0.17743993749825532,0.015242704893511668,-0.06059390286356431
6360.0,571.62,2025-10-20 19:15:54,0,2026-02-20,6642.16015625,0.48412698412698413,2602,0.045,in,6701.603794305057,0.02659649222160352,0.17892912810941441,0.015499631794013568,-0.05231849268425235
6370.0,566.13,2025-10-20 19:50:22,0,2026-02-20,6642.16015625,0.48412698412698413,2602,0.045,in,6701.603794305057,0.02659649222160352,0.1796442339562471,0.015623770622359822,-0.05074740045221113
6370.0,648.72,2025-10-27 13:33:20,0,2026-02-27,6642.16015625,0.48412698412698413,2602,0.045,in,6701.603794305057,0.02659649222160352,0.23091639470486672,0.025814803666294617,-0.05074740045221113
6425.0,515.07,2025-11-17 18:08:16,0,2026-03-20,6642.16015625,0.48412698412698413,2603,0.045,in,6757.292419864316,0.009503022015155772,0.1700216601338481,0.01399483539519726,-0.05042564943431158
6660.0,348.77,2025-11-17 18:18:20,0,2026-03-20,6642.16015625,0.48412698412698413,2603,0.045,out,6757.292419864316,0.009503022015155772,0.15420162752694774,0.011511640141662947,-0.014502795663297333
6860.0,225.07,2025-11-17 18:24:47,0,2026-03-20,6642.16015625,0.48412698412698413,2603,0.045,out,6757.292419864316,0.009503022015155772,0.13956116570164936,0.009429495692795215,0.01508516152219871
6880.0,213.4,2025-11-17 18:30:08,0,2026-03-20,6642.16015625,0.48412698412698413,2603,0.045,out,6757.292419864316,0.009503022015155772,0.13780864794022085,0.009194163732331874,0.017996371729657283
6960.0,175.18,2025-11-17 18:18:20,0,2026-03-20,6642.16015625,0.48412698412698413,2603,0.045,out,6757.292419864316,0.009503022015155772,0.1340636658801691,0.008701246484627036,0.029557194130733162
6970.0,148.98,2025-11-17 19:56:36,0,2026-03-20,6642.16015625,0.48412698412698413,2603,0.045,out,6757.292419864316,0.009503022015155772,0.12143968716781225,0.007139709958606209,0.03099294455683747
7080.0,108.71,2025-11-17 19:40:48,0,2026-03-20,6642.16015625,0.48412698412698413,2603,0.045,out,6757.292419864316,0.009503022015155772,0.11840844338791244,0.006787731169829019,0.04665162749003323
7090.0,125.0,2025-11-17 15:08:58,0,2026-03-20,6642.16015625,0.48412698412698413,2603,0.045,out,6757.292419864316,0.009503022015155772,0.12992904111814704,0.00817281666094246,0.048063060328441036
7140.0,107.89,2025-11-17 15:54:02,0,2026-03-20,6642.16015625,0.48412698412698413,2603,0.045,out,6757.292419864316,0.009503022015155772,0.12799906678297676,0.007931820848699124,0.05509049613589783
6025.0,776.19,2025-10-17 15:39:40,0,2026-02-20,6642.16015625,0.49603174603174605,2602,0.045,in,6701.603794305057,0.027038176408285035,0.13062013073294987,0.008463104440819899,-0.10642939065956443
6230.0,628.28,2025-10-17 16:20:39,0,2026-02-20,6642.16015625,0.49603174603174605,2602,0.045,in,6701.603794305057,0.027038176408285035,0.15028470162091911,0.011203120804210659,-0.07297053723692132
6290.0,582.93,2025-10-17 16:06:32,0,2026-02-20,6642.16015625,0.49603174603174605,2602,0.045,in,6701.603794305057,0.027038176408285035,0.14988450979158288,0.011143534858860667,-0.0633857993239339
6275.0,535.95,2025-09-26 15:15:47,0,2026-01-30,6642.16015625,0.49603174603174605,2601,0.045,in,6668.195673400695,0.03711325824971961,0.10092545563771395,0.005052553370873098,-0.060775824581215804
6430.0,538.22,2025-11-14 18:41:48,0,2026-03-20,6642.16015625,0.49603174603174605,2603,0.045,in,6757.292419864316,0.010354949486792032,0.18267510326980713,0.01655267527511642,-0.04964774196606702
6470.0,526.57,2025-11-14 17:09:47,0,2026-03-20,6642.16015625,0.49603174603174605,2603,0.045,in,6757.292419864316,0.010354949486792032,0.19037788615613394,0.01797804540539578,-0.0434461717027859
6475.0,516.09,2025-11-14 17:50:27,0,2026-03-20,6642.16015625,0.49603174603174605,2603,0.045,in,6757.292419864316,0.010354949486792032,0.1859915167628891,0.01715914896218257,-0.042673672629993616
6490.0,494.89,2025-11-14 18:24:44,0,2026-03-20,6642.16015625,0.49603174603174605,2603,0.045,in,6757.292419864316,0.010354949486792032,0.17886325614371038,0.015869079562663965,-0.04035974949959644
6425.0,425.54,2025-09-26 15:28:59,0,2026-01-30,6642.16015625,0.49603174603174605,2601,0.045,in,6668.195673400695,0.03711325824971961,0.10794506375571204,0.0057798297565598905,-0.03715267881777995
6620.0,372.08,2025-11-14 14:54:54,0,2026-03-20,6642.16015625,0.49603174603174605,2603,0.045,in,6757.292419864316,0.010354949486792032,0.1519952626406461,0.011459603107737595,-0.020526910266678203
6890.0,234.8,2025-11-14 19:59:19,0,2026-03-20,6642.16015625,0.49603174603174605,2603,0.045,out,6757.292419864316,0.010354949486792032,0.14906850751535553,0.011022529728599012,0.019448804809972044
6930.0,214.8,2025-11-14 20:02:41,0,2026-03-20,6642.16015625,0.49603174603174605,2603,0.045,out,6757.292419864316,0.010354949486792032,0.14701638505006412,0.010721139619637261,0.02523753298621676
7020.0,161.8,2025-11-14 20:33:58,0,2026-03-20,6642.16015625,0.49603174603174605,2603,0.045,out,6757.292419864316,0.010354949486792032,0.1360649005287021,0.009183361684467062,0.03814093782212461
5150.0,1686.21,2025-11-13 18:26:32,0,2026-03-20,6642.16015625,0.5,2603,0.045,in,6757.292419864316,0.010629910205150826,0.33253863179675747,0.05529097081862972,-0.2716255655399503
5650.0,1230.57,2025-11-13 18:01:24,0,2026-03-20,6642.16015625,0.5,2603,0.045,in,6757.292419864316,0.010629910205150826,0.27931127012015,0.0390073928080657,-0.17896673505724547
5675.0,1207.67,2025-11-13 18:01:24,0,2026-03-20,6642.16015625,0.5,2603,0.045,in,6757.292419864316,0.010629910205150826,0.2762122176774315,0.0381465945971424,-0.17455171684812873
5850.0,937.63,2025-10-16 19:50:25,0,2026-02-20,6642.16015625,0.5,2602,0.045,in,6701.603794305057,0.027180730563774836,0.13600954523449182,0.009249298197446638,-0.13590520879251794
6260.0,633.69,2025-10-16 13:56:36,0,2026-02-20,6642.16015625,0.5,2602,0.045,in,6701.603794305057,0.027180730563774836,0.1693838880419189,0.014345450764098657,-0.06816668492427598
6575.0,469.24,2025-11-13 15:36:47,0,2026-03-20,6642.16015625,0.5,2603,0.045,in,6757.292419864316,0.010629910205150826,0.19124140483305865,0.018286637461260916,-0.027347702151766892
7060.0,148.5,2025-11-13 21:05:40,0,2026-03-20,6642.16015625,0.5,2603,0.045,out,6757.292419864316,0.010629910205150826,0.13521830570387677,0.009141995098713537,0.043822771289555626
6525.0,548.98,2025-11-12 19:03:28,0,2026-03-20,6642.16015625,0.503968253968254,2603,0.045,in,6757.292419864316,0.010900540833456727,0.21916172895701022,0.02420653435240914,-0.03498132700683793
6540.0,526.84,2025-11-12 15:59:14,0,2026-03-20,6642.16015625,0.503968253968254,2603,0.045,in,6757.292419864316,0.010900540833456727,0.21143048505222237,0.022528817266651145,-0.03268511474648771
6525.0,401.57,2025-10-22 16:33:15,0,2026-02-27,6642.16015625,0.503968253968254,2602,0.045,in,6701.603794305057,0.027321039771934088,0.13450485852774233,0.009117570376512434,-0.02670591682752597
6990.0,230.88,2025-11-12 15:01:10,0,2026-03-20,6642.16015625,0.503968253968254,2603,0.045,out,6757.292419864316,0.010900540833456727,0.16639837016652267,0.013954083470029912,0.033858276030123764
6150.0,850.05,2025-11-11 18:04:44,0,2026-03-20,6642.16015625,0.5079365079365079,2603,0.045,in,6757.292419864316,0.01116694285819534,0.26098111774848964,0.03459613654412749,-0.09417019839716861
6190.0,797.4,2025-11-11 12:00:21,0,2026-03-20,6642.16015625,0.5079365079365079,2603,0.045,in,6757.292419864316,0.01116694285819534,0.24399505427088566,0.03023928203614092,-0.08768719351909031
6290.0,737.8,2025-11-11 18:21:53,0,2026-03-20,6642.16015625,0.5079365079365079,2603,0.045,in,6757.292419864316,0.01116694285819534,0.24679136811649605,0.030936370477110783,-0.07166120950324598
6275.0,564.02,2025-10-14 14:31:42,0,2026-02-20,6642.16015625,0.5079365079365079,2602,0.045,in,6701.603794305057,0.027459156648715854,0.1228844211269258,0.007670136358450614,-0.06577338501843552
6320.0,615.59,2025-10-21 17:41:29,0,2026-02-27,6642.16015625,0.5079365079365079,2602,0.045,in,6701.603794305057,0.027459156648715854,0.18275901477782863,0.01696551491177782,-0.05862766187751706
6380.0,568.15,2025-10-21 15:08:24,0,2026-02-27,6642.16015625,0.5079365079365079,2602,0.045,in,6701.603794305057,0.027459156648715854,0.17793027329629726,0.016080854428086367,-0.049178772679584565
6450.0,601.4,2025-11-11 18:17:11,0,2026-03-20,6642.16015625,0.5079365079365079,2603,0.045,in,6757.292419864316,0.01116694285819534,0.22332589854633111,0.025333057504267262,-0.046542149407914006
6420.0,536.27,2025-10-21 15:02:33,0,2026-02-27,6642.16015625,0.5079365079365079,2602,0.045,in,6701.603794305057,0.027459156648715854,0.174230399266005,0.015419038490611565,-0.042928752334413296
6480.0,578.79,2025-11-11 20:48:43,0,2026-03-20,6642.16015625,0.5079365079365079,2603,0.045,in,6757.292419864316,0.01116694285819534,0.22034476570209632,0.024661239757364686,-0.041901769851411814
6440.0,520.03,2025-10-21 15:10:32,0,2026-02-27,6642.16015625,0.5079365079365079,2602,0.045,in,6701.603794305057,0.027459156648715854,0.1721045800249631,0.015045072490447706,-0.0398183299200208
6550.0,521.2,2025-11-11 18:36:05,0,2026-03-20,6642.16015625,0.5079365079365079,2603,0.045,in,6757.292419864316,0.01116694285819534,0.2101989474676469,0.022442462230606516,-0.03115723056843454
5200.0,1625.86,2025-10-20 15:49:33,0,2026-02-27,6642.16015625,0.5119047619047619,2602,0.045,in,6701.603794305057,0.027595132178570767,0.3028181608911887,0.046941072122826645,-0.2536882444489015
5750.0,1042.98,2025-10-13 17:18:31,0,2026-02-20,6642.16015625,0.5119047619047619,2602,0.045,in,6701.603794305057,0.027595132178570767,0.15574680190682147,0.012417307750960898,-0.153147015227024
5900.0,916.61,2025-09-22 16:00:54,0,2026-01-30,6642.16015625,0.5119047619047619,2601,0.045,in,6668.195673400695,0.037357808381511245,0.1638919187310519,0.013750049096307929,-0.12239695868738971
6325.0,655.53,2025-11-10 15:57:34,0,2026-03-20,6642.16015625,0.5119047619047619,2603,0.045,in,6757.292419864316,0.011429214618984523,0.20868682197786298,0.022293549472505614,-0.06611224560201118
6390.0,510.32,2025-09-22 18:02:29,0,2026-01-30,6642.16015625,0.5119047619047619,2601,0.045,in,6668.195673400695,0.037357808381511245,0.14443410334803455,0.010678952845570014,-0.04261504120962003
6520.0,521.8,2025-11-10 18:12:20,0,2026-03-20,6642.16015625,0.5119047619047619,2603,0.045,in,6757.292419864316,0.011429214618984523,0.19988797562722568,0.020453258576369832,-0.0357479042770335
6560.0,490.9,2025-11-10 18:08:29,0,2026-03-20,6642.16015625,0.5119047619047619,2603,0.045,in,6757.292419864316,0.011429214618984523,0.19528386750196466,0.019521891940244885,-0.02963167725959746
6540.0,427.23,2025-10-20 14:13:55,0,2026-02-27,6642.16015625,0.5119047619047619,2602,0.045,in,6701.603794305057,0.027595132178570767,0.152892340137923,0.011966320356340054,-0.02440970456717571
5800.0,994.85,2025-11-19 14:35:18,0,2026-03-31,6642.16015625,0.5198412698412699,2603,0.045,in,6757.292419864316,0.011941745693503848,0.146202994486931,0.01111177120317409,-0.15276436266322146
6075.0,753.0,2025-11-19 17:20:01,0,2026-03-31,6642.16015625,0.5198412698412699,2603,0.045,in,6757.292419864316,0.011941745693503848,0.14334410674023185,0.010681455614155963,-0.10644029098898292
6100.0,772.1,2025-11-19 15:29:49,0,2026-03-31,6642.16015625,0.5198412698412699,2603,0.045,in,6757.292419864316,0.011941745693503848,0.17763277906563057,0.01640276170640423,-0.10233350903632957
6200.0,659.15,2025-11-19 14:35:18,0,2026-03-31,6642.16015625,0.5198412698412699,2603,0.045,in,6757.292419864316,0.011941745693503848,0.1489778536968005,0.01153756554311823,-0.08607298816454922
6615.0,344.5,2025-11-19 14:32:42,0,2026-03-31,6642.16015625,0.5198412698412699,2603,0.045,in,6757.292419864316,0.011941745693503848,0.12949148223554163,0.00871672127092875,-0.021282482648676077
6650.0,330.37,2025-11-19 20:59:59,0,2026-03-31,6642.16015625,0.5198412698412699,2603,0.045,out,6757.292419864316,0.011941745693503848,0.13272409643601954,0.009157360462274897,-0.016005425547832287
6675.0,310.5,2025-11-19 19:54:47,0,2026-03-31,6642.16015625,0.5198412698412699,2603,0.045,out,6757.292419864316,0.011941745693503848,0.12945638827748557,0.008711997210422597,-0.012253075929281881
6740.0,275.13,2025-11-19 20:59:59,0,2026-03-31,6642.16015625,0.5198412698412699,2603,0.045,out,6757.292419864316,0.011941745693503848,0.12886655739694014,0.008632790633370602,-0.0025623552913794315
6800.0,246.85,2025-11-19 14:51:41,0,2026-03-31,6642.16015625,0.5198412698412699,2603,0.045,out,6757.292419864316,0.011941745693503848,0.12940641922756266,0.008705272996770876,0.006300331966465893
6810.0,241.25,2025-11-19 14:51:41,0,2026-03-31,6642.16015625,0.5198412698412699,2603,0.045,out,6757.292419864316,0.011941745693503848,0.1289184525602799,0.008639744963414148,0.007769839945825945
6850.0,208.79,2025-11-19 17:33:54,0,2026-03-31,6642.16015625,0.5198412698412699,2603,0.045,out,6757.292419864316,0.011941745693503848,0.12137712122813608,0.007658512412894775,0.013626372058538925
6900.0,200.38,2025-11-19 14:58:34,0,2026-03-31,6642.16015625,0.5198412698412699,2603,0.045,out,6757.292419864316,0.011941745693503848,0.1280785143305383,0.008527531206898593,0.02089913138761861
6975.0,154.0,2025-11-19 17:55:52,0,2026-03-31,6642.16015625,0.5198412698412699,2603,0.045,out,6757.292419864316,0.011941745693503848,0.1187169181850921,0.00732649036865447,0.0317100474918342
7000.0,159.8,2025-11-19 15:15:07,0,2026-03-31,6642.16015625,0.5198412698412699,2603,0.045,out,6757.292419864316,0.011941745693503848,0.1266546900924892,0.008338987216022251,0.035287868839718246
7125.0,102.34,2025-11-19 20:32:47,0,2026-03-31,6642.16015625,0.5198412698412699,2603,0.045,out,6757.292419864316,0.011941745693503848,0.11597973074824736,0.006992539804448849,0.05298744593911904
7150.0,88.71,2025-11-19 17:42:04,0,2026-03-31,6642.16015625,0.5198412698412699,2603,0.045,out,6757.292419864316,0.011941745693503848,0.11159615062627377,0.006473947656082778,0.056490076490321166
5875.0,945.3,2025-11-18 18:43:22,0,2026-03-31,6642.16015625,0.5238095238095238,2603,0.045,in,6757.292419864316,0.012192187014007608,0.16741428509899858,0.014681093876537932,-0.13991622018537236
5930.0,938.63,2025-11-07 20:39:29,0,2026-03-20,6642.16015625,0.5238095238095238,2603,0.045,in,6757.292419864316,0.012192187014007608,0.20494104519461281,0.022000435812383985,-0.130598067205961
5860.0,920.8,2025-09-19 15:08:24,0,2026-01-30,6642.16015625,0.5238095238095238,2601,0.045,in,6668.195673400695,0.03753149455465872,0.09404232513817377,0.0046325499091111385,-0.1291997060101422
5975.0,826.05,2025-09-19 14:06:44,0,2026-01-30,6642.16015625,0.5238095238095238,2601,0.045,in,6668.195673400695,0.03753149455465872,0.12563413252893993,0.00826777561044246,-0.10976521178148903
5980.0,821.66,2025-09-19 14:06:44,0,2026-01-30,6642.16015625,0.5238095238095238,2601,0.045,in,6668.195673400695,0.03753149455465872,0.12575394951515065,0.00828355304786903,-0.1089287416365231
6175.0,684.06,2025-11-07 16:00:12,0,2026-03-20,6642.16015625,0.5238095238095238,2603,0.045,in,6757.292419864316,0.012192187014007608,0.15217369110556309,0.012129769281504983,-0.09011339770155415
6220.0,642.36,2025-11-18 17:03:03,0,2026-03-31,6642.16015625,0.5238095238095238,2603,0.045,in,6757.292419864316,0.012192187014007608,0.14663651434611905,0.011263092415970255,-0.08285237346450698
6170.0,686.3,2025-10-17 16:41:58,0,2026-02-27,6642.16015625,0.5238095238095238,2602,0.045,in,6701.603794305057,0.027990697356330526,0.1508376896208171,0.011917718795790738,-0.08264803211898668
6175.0,656.53,2025-10-17 13:45:39,0,2026-02-27,6642.16015625,0.5238095238095238,2602,0.045,in,6701.603794305057,0.027990697356330526,0.12842602332735228,0.008639318006878761,-0.08183798752224221
6230.0,651.87,2025-11-07 15:38:54,0,2026-03-20,6642.16015625,0.5238095238095238,2603,0.045,in,6757.292419864316,0.012192187014007608,0.15943938845436503,0.013315719261796238,-0.08124594741623334
6250.0,634.41,2025-11-18 14:46:04,0,2026-03-31,6642.16015625,0.5238095238095238,2603,0.045,in,6757.292419864316,0.012192187014007608,0.15749121801459987,0.01299230101280688,-0.07804081646728495
6275.0,611.38,2025-10-17 18:53:37,0,2026-02-27,6642.16015625,0.5238095238095238,2602,0.045,in,6701.603794305057,0.027990697356330526,0.1541383359644793,0.012444994892994552,-0.06577338501843552
6430.0,432.4,2025-10-17 09:41:14,0,2026-02-27,6642.16015625,0.5238095238095238,2602,0.045,in,6701.603794305057,0.027990697356330526,0.10826776059752163,0.006140047039658325,-0.041372331786755055
6500.0,447.6,2025-11-18 18:24:03,0,2026-03-31,6642.16015625,0.5238095238095238,2603,0.045,in,6757.292419864316,0.012192187014007608,0.14745039662517495,0.011388467338768355,-0.03882010331400368
6530.0,420.56,2025-11-07 18:22:09,0,2026-03-20,6642.16015625,0.5238095238095238,2603,0.045,in,6757.292419864316,0.012192187014007608,0.1426294556161906,0.010655941795384748,-0.03421533692725543
6520.0,421.26,2025-10-17 18:18:16,0,2026-02-27,6642.16015625,0.5238095238095238,2602,0.045,in,6701.603794305057,0.027990697356330526,0.139426136884009,0.010182672576684886,-0.027472494097721508
6605.0,372.0,2025-11-18 18:04:28,0,2026-03-31,6642.16015625,0.5238095238095238,2603,0.045,in,6757.292419864316,0.012192187014007608,0.14059687978222857,0.010354395649975371,-0.022795342241306398
6610.0,356.35,2025-11-18 17:03:03,0,2026-03-31,6642.16015625,0.5238095238095238,2603,0.045,in,6757.292419864316,0.012192187014007608,0.13355665875887401,0.009343390099389405,-0.0220386263520002
6570.0,383.8,2025-10-17 18:59:52,0,2026-02-27,6642.16015625,0.5238095238095238,2602,0.045,in,6701.603794305057,0.027990697356330526,0.1356220447104786,0.009634606148855314,-0.019833037539763943
6630.0,351.87,2025-11-07 18:12:23,0,2026-03-20,6642.16015625,0.5238095238095238,2603,0.045,in,6757.292419864316,0.012192187014007608,0.13741933036303172,0.009891656949126883,-0.01901747601782395
6640.0,369.5,2025-11-07 20:36:19,0,2026-03-20,6642.16015625,0.5238095238095238,2603,0.045,in,6757.292419864316,0.012192187014007608,0.1500504791952262,0.011793648065423198,-0.017510316727252645
6700.0,300.61,2025-11-18 20:51:18,0,2026-03-31,6642.16015625,0.5238095238095238,2603,0.045,out,6757.292419864316,0.012192187014007608,0.1305403710835642,0.008926127300427671,-0.008514753818674668
6750.0,274.18,2025-11-18 14:44:24,0,2026-03-31,6642.16015625,0.5238095238095238,2603,0.045,out,6757.292419864316,0.012192187014007608,0.1302097619506213,0.008880971579981531,-0.0010797753311566833
6905.0,183.63,2025-11-18 17:20:52,0,2026-03-31,6642.16015625,0.5238095238095238,2603,0.045,out,6757.292419864316,0.012192187014007608,0.1195967506892776,0.007492248120465021,0.021623506645660276
6910.0,189.8,2025-11-18 19:55:31,0,2026-03-31,6642.16015625,0.5238095238095238,2603,0.045,out,6757.292419864316,0.012192187014007608,0.12390227876674477,0.008041405786643498,0.022347357563983507
6960.0,161.94,2025-11-18 17:03:03,0,2026-03-31,6642.16015625,0.5238095238095238,2603,0.045,out,6757.292419864316,0.012192187014007608,0.1193581096862174,0.007462378182216103,0.029557194130733162
6970.0,165.0,2025-11-18 19:01:09,0,2026-03-31,6642.16015625,0.5238095238095238,2603,0.045,out,6757.292419864316,0.012192187014007608,0.12296099181026429,0.007919688598885843,0.03099294455683747
7050.0,135.12,2025-11-18 18:40:45,0,2026-03-31,6642.16015625,0.5238095238095238,2603,0.045,out,6757.292419864316,0.012192187014007608,0.12155631403167676,0.007739776775744942,0.04240533660858213
7070.0,116.79,2025-11-18 14:51:52,0,2026-03-31,6642.16015625,0.5238095238095238,2603,0.045,out,6757.292419864316,0.012192187014007608,0.11469321957081524,0.006890470512891029,0.04523819969288637
7075.0,122.32,2025-11-18 14:36:05,0,2026-03-31,6642.16015625,0.5238095238095238,2603,0.045,out,6757.292419864316,0.012192187014007608,0.1186977573706769,0.00738003493586233,0.04594516331370623
7080.0,122.45,2025-11-18 14:39:31,0,2026-03-31,6642.16015625,0.5238095238095238,2603,0.045,out,6757.292419864316,0.012192187014007608,0.11962399165730822,0.0074956615800145345,0.04665162749003323
7100.0,107.31,2025-11-18 17:04:31,0,2026-03-31,6642.16015625,0.5238095238095238,2603,0.045,out,6757.292419864316,0.012192187014007608,0.11422690901943347,0.0068345549612130125,0.04947250383167471
7130.0,97.02,2025-11-18 14:51:52,0,2026-03-31,6642.16015625,0.5238095238095238,2603,0.045,out,6757.292419864316,0.012192187014007608,0.1129421604127115,0.006681678456457012,0.05368895421060953
6260.0,713.0,2025-11-06 14:42:03,0,2026-03-20,6642.16015625,0.5277777777777778,2603,0.045,in,6757.292419864316,0.01243886229961657,0.21301436035028504,0.023947978794260576,-0.07644209510358796
6280.0,698.1,2025-11-06 14:42:40,0,2026-03-20,6642.16015625,0.5277777777777778,2603,0.045,in,6757.292419864316,0.01243886229961657,0.211928174479451,0.02370437421182389,-0.07325229973548779
6310.0,643.35,2025-11-17 16:42:37,0,2026-03-31,6642.16015625,0.5277777777777778,2603,0.045,in,6757.292419864316,0.01243886229961657,0.19015525892032512,0.01908392853905727,-0.06848660366247332
6375.0,594.62,2025-11-06 20:06:58,0,2026-03-20,6642.16015625,0.5277777777777778,2603,0.045,in,6757.292419864316,0.01243886229961657,0.18638236683336373,0.018334148518381242,-0.05823818917110525
6390.0,554.05,2025-11-17 16:18:52,0,2026-03-31,6642.16015625,0.5277777777777778,2603,0.045,in,6757.292419864316,0.01243886229961657,0.1676703060032009,0.014837591633025933,-0.05588801182615166
6515.0,466.9,2025-11-17 14:30:10,0,2026-03-31,6642.16015625,0.5277777777777778,2603,0.045,in,6757.292419864316,0.01243886229961657,0.1628912665673431,0.01400382582650976,-0.036515069638786674
6520.0,461.4,2025-11-17 14:31:43,0,2026-03-31,6642.16015625,0.5277777777777778,2603,0.045,in,6757.292419864316,0.01243886229961657,0.16148542017504763,0.01376314660147561,-0.0357479042770335
6575.0,385.42,2025-11-17 19:59:48,0,2026-03-31,6642.16015625,0.5277777777777778,2603,0.045,in,6757.292419864316,0.01243886229961657,0.1373148930727942,0.009951450481451811,-0.027347702151766892
6580.0,382.02,2025-11-17 19:59:48,0,2026-03-31,6642.16015625,0.5277777777777778,2603,0.045,in,6757.292419864316,0.01243886229961657,0.13708654266871192,0.009918380095454192,-0.026587534878369273
6735.0,289.77,2025-11-17 19:39:40,0,2026-03-31,6642.16015625,0.5277777777777778,2603,0.045,out,6757.292419864316,0.01243886229961657,0.13360448728142085,0.009420917261469323,-0.0033044703532678255
6775.0,259.3,2025-11-17 20:03:30,0,2026-03-31,6642.16015625,0.5277777777777778,2603,0.045,out,6757.292419864316,0.01243886229961657,0.12808304978330315,0.008658335699834726,0.0026170865501694116
6890.0,206.49,2025-11-17 19:34:49,0,2026-03-31,6642.16015625,0.5277777777777778,2603,0.045,out,6757.292419864316,0.01243886229961657,0.1276164409062349,0.008595365661164341,0.019448804809972044
7120.0,125.7,2025-11-17 15:56:54,0,2026-03-31,6642.16015625,0.5277777777777778,2603,0.045,out,6757.292419864316,0.01243886229961657,0.12750833771429032,0.008580809654071353,0.05228544520828929
6330.0,685.0,2025-11-05 16:57:33,0,2026-03-20,6642.16015625,0.5317460317460317,2603,0.045,in,6757.292419864316,0.01268185586454481,0.22216213200094648,0.026244863999831745,-0.06532204405951025
6380.0,643.9,2025-11-05 16:57:33,0,2026-03-20,6642.16015625,0.5317460317460317,2603,0.045,in,6757.292419864316,0.01268185586454481,0.21623194268505283,0.024862452011925256,-0.057454182858896544
6510.0,539.02,2025-11-05 17:16:54,0,2026-03-20,6642.16015625,0.5317460317460317,2603,0.045,in,6757.292419864316,0.01268185586454481,0.2006249614388714,0.021402977263550466,-0.03728282399511716
6140.0,750.23,2025-10-07 18:57:11,0,2026-02-20,6642.16015625,0.5357142857142857,2602,0.045,in,6701.603794305057,0.028368681859523178,0.17881753664539968,0.0171298453992476,-0.08752212787723199
6220.0,586.81,2025-09-16 14:13:33,0,2026-01-30,6642.16015625,0.5357142857142857,2601,0.045,in,6668.195673400695,0.03769746134233297,0.08981337964662696,0.004321308837615613,-0.06957940284797531
6340.0,654.6,2025-11-04 18:22:15,0,2026-03-20,6642.16015625,0.5357142857142857,2603,0.045,in,6757.292419864316,0.012921249524807436,0.2065918644295563,0.022864392025971517,-0.06374351176646056
6270.0,547.21,2025-09-16 14:05:38,0,2026-01-30,6642.16015625,0.5357142857142857,2601,0.045,in,6668.195673400695,0.03769746134233297,0.09456046303223256,0.00479018634046619,-0.061572954954234115
6440.0,570.09,2025-11-04 21:07:31,0,2026-03-20,6642.16015625,0.5357142857142857,2603,0.045,in,6757.292419864316,0.012921249524807436,0.19363383881780238,0.020086105465349287,-0.048093740099332837
6510.0,384.4,2025-10-14 07:50:16,0,2026-02-27,6642.16015625,0.5357142857142857,2602,0.045,in,6701.603794305057,0.028368681859523178,0.11088964910869356,0.006587418363990633,-0.029007413815805242
6590.0,456.19,2025-11-04 21:05:42,0,2026-03-20,6642.16015625,0.5357142857142857,2603,0.045,in,6757.292419864316,0.012921249524807436,0.17902977518108112,0.01717053235788667,-0.025068931701179183
6575.0,328.1,2025-10-14 11:00:38,0,2026-02-27,6642.16015625,0.5357142857142857,2602,0.045,in,6701.603794305057,0.028368681859523178,0.10295734880064462,0.005678686967173713,-0.019072291972454827
5575.0,1229.44,2025-11-14 14:36:37,0,2026-03-31,6642.16015625,0.5396825396825397,2603,0.045,in,6757.292419864316,0.013157122690066206,0.1895226231964268,0.019384762538264478,-0.19232996286941267
5700.0,1274.5,2025-11-03 16:34:05,0,2026-03-20,6642.16015625,0.5396825396825397,2603,0.045,in,6757.292419864316,0.013157122690066206,0.3275966170973327,0.05791848381179298,-0.17015610537509054
6050.0,959.7,2025-11-03 20:58:16,0,2026-03-20,6642.16015625,0.5396825396825397,2603,0.045,in,6757.292419864316,0.013157122690066206,0.2772101330801942,0.04147215187300834,-0.11056400817284492
6230.0,613.74,2025-10-13 15:04:17,0,2026-02-27,6642.16015625,0.5396825396825397,2602,0.045,in,6701.603794305057,0.028490970963497272,0.1249156303414921,0.00842116031623521,-0.07297053723692132
6325.0,633.02,2025-11-14 15:45:46,0,2026-03-31,6642.16015625,0.5396825396825397,2603,0.045,in,6757.292419864316,0.013157122690066206,0.18643428032372716,0.01875814587165217,-0.06611224560201118
6350.0,613.12,2025-11-14 15:45:46,0,2026-03-31,6642.16015625,0.5396825396825397,2603,0.045,in,6757.292419864316,0.013157122690066206,0.18434230115385553,0.018339537393964413,-0.06216746731099476
6475.0,536.21,2025-11-14 17:05:18,0,2026-03-31,6642.16015625,0.5396825396825397,2603,0.045,in,6757.292419864316,0.013157122690066206,0.1853320325954374,0.01853699553019862,-0.042673672629993616
6585.0,434.4,2025-11-14 20:42:05,0,2026-03-31,6642.16015625,0.5396825396825397,2603,0.045,in,6757.292419864316,0.013157122690066206,0.16470359491958775,0.014640116223822414,-0.025827945020350705
6590.0,427.1,2025-11-14 20:49:27,0,2026-03-31,6642.16015625,0.5396825396825397,2603,0.045,in,6757.292419864316,0.013157122690066206,0.16228759020903666,0.014213760409827162,-0.025068931701179183
6685.0,342.12,2025-11-14 14:47:15,0,2026-03-31,6642.16015625,0.5396825396825397,2603,0.045,out,6757.292419864316,0.013157122690066206,0.14489046178635767,0.011329688272485317,-0.010756069661688536
6990.0,193.62,2025-11-14 18:10:44,0,2026-03-31,6642.16015625,0.5396825396825397,2603,0.045,out,6757.292419864316,0.013157122690066206,0.13910496692174437,0.010442960666002955,0.033858276030123764
7030.0,168.28,2025-11-14 07:47:02,0,2026-03-31,6642.16015625,0.5396825396825397,2603,0.045,out,6757.292419864316,0.013157122690066206,0.13322253870963263,0.009578417839494367,0.03956442560697847
6280.0,682.6,2025-11-13 19:10:27,0,2026-03-31,6642.16015625,0.5436507936507936,2603,0.045,in,6757.292419864316,0.013389552451452583,0.19742421276952868,0.02118950718615291,-0.07325229973548779
6600.0,430.0,2025-11-13 19:49:31,0,2026-03-31,6642.16015625,0.5436507936507936,2603,0.045,in,6757.292419864316,0.013389552451452583,0.16594571799049096,0.014971045399821423,-0.023552631183215215
6720.0,392.88,2025-11-13 15:21:21,0,2026-03-31,6642.16015625,0.5436507936507936,2603,0.045,out,6757.292419864316,0.013389552451452583,0.17988856260248565,0.017592482574844488,-0.0055341256805369506
6755.0,371.34,2025-11-13 14:30:04,0,2026-03-31,6642.16015625,0.5436507936507936,2603,0.045,out,6757.292419864316,0.013389552451452583,0.17766187798661587,0.01715965387259195,-0.0003393088034329242
6925.0,239.58,2025-11-13 16:30:45,0,2026-03-31,6642.16015625,0.5436507936507936,2603,0.045,out,6757.292419864316,0.013389552451452583,0.14911325177928178,0.012087945929754892,0.024515771857807168
7110.0,166.9,2025-11-13 15:21:21,0,2026-03-31,6642.16015625,0.5436507936507936,2603,0.045,out,6757.292419864316,0.013389552451452583,0.14593289397203635,0.011577809949993427,0.05087996359955434
6790.0,369.34,2025-11-12 15:05:22,0,2026-03-31,6642.16015625,0.5476190476190477,2603,0.045,out,6757.292419864316,0.013618613665572495,0.18425411614523116,0.018591436292347326,0.0048286613550095675
7025.0,229.57,2025-11-12 14:42:27,0,2026-03-31,6642.16015625,0.5476190476190477,2603,0.045,out,6757.292419864316,0.013618613665572495,0.16302285789867324,0.014553771441461267,0.03885293500421447
6010.0,1010.3,2025-10-31 19:43:45,0,2026-03-20,6642.16015625,0.5515873015873016,2603,0.045,in,6757.292419864316,0.013844379034884925,0.2882015687013129,0.045814920809776845,-0.11719753166847888
6250.0,802.2,2025-10-31 13:30:02,0,2026-03-20,6642.16015625,0.5515873015873016,2603,0.045,in,6757.292419864316,0.013844379034884925,0.2554827385229236,0.03600289176968644,-0.07804081646728495
6550.0,536.46,2025-11-11 20:58:14,0,2026-03-31,6642.16015625,0.5515873015873016,2603,0.045,in,6757.292419864316,0.013844379034884925,0.20605579797204318,0.02341984075804552,-0.03115723056843454
6595.0,477.54,2025-11-11 15:25:08,0,2026-03-31,6642.16015625,0.5515873015873016,2603,0.045,in,6757.292419864316,0.013844379034884925,0.1878824466156669,0.019470929010849843,-0.02431049404631719
6780.0,372.09,2025-11-11 18:22:45,0,2026-03-31,6642.16015625,0.5515873015873016,2603,0.045,out,6757.292419864316,0.013844379034884925,0.1822971728612785,0.018330492196098672,0.003354821736709161
6785.0,368.69,2025-11-11 18:22:45,0,2026-03-31,6642.16015625,0.5515873015873016,2603,0.045,out,6757.292419864316,0.013844379034884925,0.1817680441384395,0.018224235872690488,0.004092013071237348
6825.0,338.38,2025-11-11 20:58:14,0,2026-03-31,6642.16015625,0.5515873015873016,2603,0.045,out,6757.292419864316,0.013844379034884925,0.17577473057956894,0.01704225822037495,0.00997006085542837
5250.0,1662.53,2025-11-10 19:00:12,0,2026-03-31,6642.16015625,0.5555555555555556,2603,0.045,in,6757.292419864316,0.014066919184635745,0.36321064789566854,0.07328998596932851,-0.25239420361206266
5300.0,1640.05,2025-10-30 19:11:08,0,2026-03-20,6642.16015625,0.5555555555555556,2603,0.045,in,6757.292419864316,0.014066919184635745,0.3772813733192841,0.07907846369649167,-0.2429154596575189
5325.0,1556.14,2025-11-10 16:31:20,0,2026-03-31,6642.16015625,0.5555555555555556,2603,0.045,in,6757.292419864316,0.014066919184635745,0.3181514722212263,0.056233532931407634,-0.23820956862010628
5450.0,1439.94,2025-11-10 16:33:19,0,2026-03-31,6642.16015625,0.5555555555555556,2603,0.045,in,6757.292419864316,0.014066919184635745,0.30207080900480276,0.05069265202934224,-0.21500667154044242
6025.0,973.3,2025-10-30 13:41:23,0,2026-03-20,6642.16015625,0.5555555555555556,2603,0.045,in,6757.292419864316,0.014066919184635745,0.2692864707093842,0.040286224059508914,-0.11470480083887641
6110.0,859.43,2025-11-10 15:45:01,0,2026-03-31,6642.16015625,0.5555555555555556,2603,0.045,in,6757.292419864316,0.014066919184635745,0.23287432943185168,0.030128029615741438,-0.1006955070320911
6180.0,836.33,2025-11-10 20:47:43,0,2026-03-31,6642.16015625,0.5555555555555556,2603,0.045,in,6757.292419864316,0.014066919184635745,0.24785710792131035,0.034129525526175604,-0.08930400874599573
6225.0,795.29,2025-11-10 20:11:23,0,2026-03-31,6642.16015625,0.5555555555555556,2603,0.045,in,6757.292419864316,0.014066919184635745,0.2406161278159423,0.032164511647298825,-0.08204883786482371
6230.0,790.92,2025-11-10 20:12:00,0,2026-03-31,6642.16015625,0.5555555555555556,2603,0.045,in,6757.292419864316,0.014066919184635745,0.23992001209055228,0.03197867344529486,-0.08124594741623334
6370.0,674.67,2025-11-10 20:38:25,0,2026-03-31,6642.16015625,0.5555555555555556,2603,0.045,in,6757.292419864316,0.014066919184635745,0.22321092833294554,0.02767951029291964,-0.059022810631523155
6375.0,670.62,2025-11-10 20:38:25,0,2026-03-31,6642.16015625,0.5555555555555556,2603,0.045,in,6757.292419864316,0.014066919184635745,0.22263883491797293,0.027537806007573558,-0.05823818917110525
6340.0,605.76,2025-10-09 19:48:50,0,2026-02-27,6642.16015625,0.5555555555555556,2602,0.045,in,6701.603794305057,0.028962657507397353,0.17137074073065403,0.016315517099207248,-0.0554681015871485
6460.0,620.94,2025-10-30 17:01:08,0,2026-03-20,6642.16015625,0.5555555555555556,2603,0.045,in,6757.292419864316,0.014066919184635745,0.22305164658815255,0.027640020580936727,-0.04499296242108457
6535.0,515.0,2025-11-10 15:19:57,0,2026-03-31,6642.16015625,0.5555555555555556,2603,0.045,in,6757.292419864316,0.014066919184635745,0.188872859785235,0.01981830953525169,-0.03344993313940982
6830.0,311.2,2025-11-10 14:58:50,0,2026-03-31,6642.16015625,0.5555555555555556,2603,0.045,out,6757.292419864316,0.014066919184635745,0.16224417812846978,0.014623985186990351,0.01070239336710356
5350.0,1427.15,2025-11-07 18:07:48,0,2026-03-31,6642.16015625,0.5674603174603174,2603,0.045,in,6757.292419864316,0.01471586493600702,0.10214988221543199,0.0059212205414190784,-0.23352571930767985
5550.0,1421.53,2025-10-27 17:38:53,0,2026-03-20,6642.16015625,0.5674603174603174,2603,0.045,in,6757.292419864316,0.01471586493600702,0.3447037640005963,0.06742602358338717,-0.19682435245725194
5940.0,1068.21,2025-10-27 19:35:59,0,2026-03-20,6642.16015625,0.5674603174603174,2603,0.045,in,6757.292419864316,0.01471586493600702,0.2892305143801934,0.04747049021489791,-0.12891314684104158
6000.0,850.32,2025-11-07 15:44:16,0,2026-03-31,6642.16015625,0.5674603174603174,2603,0.045,in,6757.292419864316,0.01471586493600702,0.16065084864563672,0.0146454103547244,-0.11886281098754004
6275.0,769.53,2025-10-27 17:47:33,0,2026-03-20,6642.16015625,0.5674603174603174,2603,0.045,in,6757.292419864316,0.01471586493600702,0.24034529449718742,0.03277983358703327,-0.07404879519774754
6300.0,610.92,2025-11-07 18:28:22,0,2026-03-31,6642.16015625,0.5674603174603174,2603,0.045,in,6757.292419864316,0.01471586493600702,0.1538667725471598,0.013434613762910141,-0.07007264681810806
6445.0,483.81,2025-11-07 17:14:34,0,2026-03-31,6642.16015625,0.5674603174603174,2603,0.045,in,6757.292419864316,0.01471586493600702,0.13718047076230616,0.01067874151934609,-0.04731764382444434
6625.0,364.47,2025-11-07 16:02:20,0,2026-03-31,6642.16015625,0.5674603174603174,2603,0.045,in,6757.292419864316,0.01471586493600702,0.13323656060659794,0.01007354482049769,-0.01977190834330922
6640.0,353.83,2025-11-07 16:05:33,0,2026-03-31,6642.16015625,0.5674603174603174,2603,0.045,in,6757.292419864316,0.01471586493600702,0.1321524960729038,0.009910287131812445,-0.017510316727252645
6645.0,370.0,2025-11-07 19:31:32,0,2026-03-31,6642.16015625,0.5674603174603174,2603,0.045,out,6757.292419864316,0.01471586493600702,0.14209650944974414,0.011457828467006251,-0.016757588050386442
6655.0,362.1,2025-11-07 14:32:20,0,2026-03-31,6642.16015625,0.5674603174603174,2603,0.045,out,6757.292419864316,0.01471586493600702,0.14087251602402967,0.011261287322398774,-0.015253828368520182
6660.0,338.63,2025-11-07 17:39:02,0,2026-03-31,6642.16015625,0.5674603174603174,2603,0.045,out,6757.292419864316,0.01471586493600702,0.13009622846334568,0.009604282136648198,-0.014502795663297333
6710.0,424.05,2025-10-27 19:36:26,0,2026-03-20,6642.16015625,0.5674603174603174,2603,0.045,out,6757.292419864316,0.01471586493600702,0.1875408638837974,0.019958473470468995,-0.00702332923200466
6710.0,300.0,2025-11-07 17:03:52,0,2026-03-31,6642.16015625,0.5674603174603174,2603,0.045,out,6757.292419864316,0.01471586493600702,0.12424315023789173,0.008759521962254178,-0.00702332923200466
6725.0,299.99,2025-11-07 17:29:53,0,2026-03-31,6642.16015625,0.5674603174603174,2603,0.045,out,6757.292419864316,0.01471586493600702,0.12827751255931844,0.009337627748659016,-0.004790354727692288
6950.0,176.2,2025-11-07 16:32:44,0,2026-03-31,6642.16015625,0.5674603174603174,2603,0.045,out,6757.292419864316,0.01471586493600702,0.11740861929029503,0.007822317838739847,0.02811937936110558
7005.0,166.48,2025-11-07 14:32:20,0,2026-03-31,6642.16015625,0.5674603174603174,2603,0.045,out,6757.292419864316,0.01471586493600702,0.12285792386132878,0.008565285444995224,0.03600189957337519
7010.0,151.4,2025-11-07 17:39:02,0,2026-03-31,6642.16015625,0.5674603174603174,2603,0.045,out,6757.292419864316,0.01471586493600702,0.11594253666333672,0.007628182811642351,0.03671542083090373
7015.0,150.86,2025-11-07 16:03:11,0,2026-03-31,6642.16015625,0.5674603174603174,2603,0.045,out,6757.292419864316,0.01471586493600702,0.11656348627463703,0.00771010962518707,0.0374284333388292
7020.0,145.54,2025-11-07 17:14:34,0,2026-03-31,6642.16015625,0.5674603174603174,2603,0.045,out,6757.292419864316,0.01471586493600702,0.11467630207244055,0.007462474439493561,0.03814093782212461
7060.0,139.54,2025-11-07 14:44:41,0,2026-03-31,6642.16015625,0.5674603174603174,2603,0.045,out,6757.292419864316,0.01471586493600702,0.11849115306189507,0.007967229879416884,0.043822771289555626
7065.0,131.3,2025-11-07 15:46:24,0,2026-03-31,6642.16015625,0.5674603174603174,2603,0.045,out,6757.292419864316,0.01471586493600702,0.11493092376475857,0.007495649860917328,0.044530735920895605
7140.0,111.7,2025-11-07 14:44:10,0,2026-03-31,6642.16015625,0.5674603174603174,2603,0.045,out,6757.292419864316,0.01471586493600702,0.11628593084101577,0.007673435447433709,0.05509049613589783
5900.0,998.7,2025-11-06 20:44:05,0,2026-03-31,6642.16015625,0.5714285714285714,2603,0.045,in,6757.292419864316,0.01492617142950697,0.21794655289166037,0.02714325709563275,-0.1356699293039213
6150.0,792.12,2025-11-06 20:02:36,0,2026-03-31,6642.16015625,0.5714285714285714,2603,0.045,in,6757.292419864316,0.01492617142950697,0.20193203503939575,0.023300883871515285,-0.09417019839716861
6480.0,516.24,2025-11-06 18:30:34,0,2026-03-31,6642.16015625,0.5714285714285714,2603,0.045,in,6757.292419864316,0.01492617142950697,0.16766475035969158,0.0160636962932444,-0.041901769851411814
6745.0,324.48,2025-11-06 17:02:04,0,2026-03-31,6642.16015625,0.5714285714285714,2603,0.045,out,6757.292419864316,0.01492617142950697,0.145096218189632,0.01203023573310474,-0.0018207905558758587
6855.0,287.2,2025-11-05 14:35:05,0,2026-03-31,6642.16015625,0.5753968253968254,2603,0.045,out,6757.292419864316,0.015133577143786232,0.15171327296599893,0.013243861083881257,0.014356032798682642
6985.0,217.03,2025-11-05 14:34:39,0,2026-03-31,6642.16015625,0.5753968253968254,2603,0.045,out,6757.292419864316,0.015133577143786232,0.14350083273039474,0.01184885279434891,0.03314271249333009
6995.0,211.93,2025-11-05 14:34:39,0,2026-03-31,6642.16015625,0.5753968253968254,2603,0.045,out,6757.292419864316,0.015133577143786232,0.14283157516331235,0.011738589425503083,0.03457332790184951
5400.0,1501.82,2025-11-04 10:42:05,0,2026-03-31,6642.16015625,0.5793650793650794,2603,0.045,in,6757.292419864316,0.015338141683897289,0.31209968205401956,0.0564337574784926,-0.22422332664536643
5500.0,1409.62,2025-11-04 10:42:05,0,2026-03-31,6642.16015625,0.5793650793650794,2603,0.045,in,6757.292419864316,0.015338141683897289,0.2995476313492128,0.051985723743059084,-0.20587418797716986
5870.0,1074.63,2025-10-24 19:37:27,0,2026-03-20,6642.16015625,0.5793650793650794,2603,0.045,in,6757.292419864316,0.015338141683897289,0.25538617649489853,0.03778740664731661,-0.14076764637558997
5920.0,1031.12,2025-10-24 19:27:51,0,2026-03-20,6642.16015625,0.5793650793650794,2603,0.045,in,6757.292419864316,0.015338141683897289,0.2502475783323707,0.03628207209260929,-0.13228583131968072
6330.0,527.15,2025-09-26 15:33:13,0,2026-02-20,6642.16015625,0.5793650793650794,2602,0.045,in,6701.603794305057,0.029621726376956366,0.1076439040355945,0.0067132248853156535,-0.05704663388019826
6630.0,442.93,2025-11-04 18:33:48,0,2026-03-31,6642.16015625,0.5793650793650794,2603,0.045,in,6757.292419864316,0.015338141683897289,0.17298786481304212,0.017337384922206347,-0.01901747601782395
6690.0,400.01,2025-11-04 21:06:34,0,2026-03-31,6642.16015625,0.5793650793650794,2603,0.045,out,6757.292419864316,0.015338141683897289,0.1673660137273785,0.016228816874781688,-0.010008406075458031
6695.0,418.46,2025-11-04 15:53:45,0,2026-03-31,6642.16015625,0.5793650793650794,2603,0.045,out,6757.292419864316,0.015338141683897289,0.17801871366785976,0.01836046314575428,-0.00926130107245925
6705.0,411.36,2025-11-04 15:54:14,0,2026-03-31,6642.16015625,0.5793650793650794,2603,0.045,out,6757.292419864316,0.015338141683897289,0.17701243170825368,0.01815347834513214,-0.007768763481953274
6730.0,393.58,2025-11-04 15:55:13,0,2026-03-31,6642.16015625,0.5793650793650794,2603,0.045,out,6757.292419864316,0.015338141683897289,0.1744048074833287,0.017622568982148236,-0.00404713655895862
6820.0,319.0,2025-11-04 18:08:07,0,2026-03-31,6642.16015625,0.5793650793650794,2603,0.045,out,6757.292419864316,0.015338141683897289,0.15880529144556613,0.014611077802786648,0.009237191639775747
6845.0,304.83,2025-11-04 18:10:30,0,2026-03-31,6642.16015625,0.5793650793650794,2603,0.045,out,6757.292419864316,0.015338141683897289,0.15743962066347578,0.014360857883254904,0.012896178524817071
6860.0,297.09,2025-11-04 14:30:17,0,2026-03-31,6642.16015625,0.5793650793650794,2603,0.045,out,6757.292419864316,0.015338141683897289,0.15692911428509027,0.014267877178191377,0.01508516152219871
5650.0,1339.86,2025-11-03 18:33:20,0,2026-03-31,6642.16015625,0.5833333333333334,2603,0.045,in,6757.292419864316,0.015539923032986423,0.33070803393090015,0.06379788549542416,-0.17896673505724547
5890.0,1121.72,2025-11-03 18:47:33,0,2026-03-31,6642.16015625,0.5833333333333334,2603,0.045,in,6757.292419864316,0.015539923032986423,0.2960410493145564,0.05112351001290377,-0.1373662825520997
6300.0,643.9,2025-10-23 13:53:08,0,2026-03-20,6642.16015625,0.5833333333333334,2603,0.045,in,6757.292419864316,0.015539923032986423,0.17061914640173556,0.016981354319333175,-0.07007264681810806
6620.0,520.21,2025-11-03 14:30:34,0,2026-03-31,6642.16015625,0.5833333333333334,2603,0.045,in,6757.292419864316,0.015539923032986423,0.20893814636951857,0.025465503588192717,-0.020526910266678203
6680.0,382.5,2025-11-20 02:01:20,0,2026-04-17,6642.16015625,0.5833333333333334,2604,0.045,out,6789.098437621407,0.007489852333348486,0.15494768698092642,0.014005124992097842,-0.016200167241829478
5700.0,1111.2,2025-11-19 14:47:02,0,2026-04-17,6642.16015625,0.5873015873015873,2604,0.045,in,6789.098437621407,0.007743299277042072,0.15457389548393402,0.01403244919218876,-0.1748519799498793
5800.0,1026.37,2025-11-19 20:43:45,0,2026-04-17,6642.16015625,0.5873015873015873,2604,0.045,in,6789.098437621407,0.007743299277042072,0.16037856994943708,0.015106151918475872,-0.1574602372380102
5900.0,923.65,2025-11-19 19:58:02,0,2026-04-17,6642.16015625,0.5873015873015873,2604,0.045,in,6789.098437621407,0.007743299277042072,0.14073884008586132,0.01163292985749849,-0.14036580387871003
6000.0,845.48,2025-11-19 17:56:19,0,2026-04-17,6642.16015625,0.5873015873015873,2604,0.045,in,6789.098437621407,0.007743299277042072,0.14913512397846757,0.013062342103979318,-0.1235586855623289
6050.0,835.2,2025-11-19 15:29:00,0,2026-04-17,6642.16015625,0.5873015873015873,2604,0.045,in,6789.098437621407,0.007743299277042072,0.1750491663153478,0.017996218940076778,-0.11525988274763377
6075.0,775.7,2025-11-19 17:13:30,0,2026-04-17,6642.16015625,0.5873015873015873,2604,0.045,in,6789.098437621407,0.007743299277042072,0.14181888035352683,0.011812158865316419,-0.11113616556377164
6100.0,768.71,2025-11-19 20:46:32,0,2026-04-17,6642.16015625,0.5873015873015873,2604,0.045,in,6789.098437621407,0.007743299277042072,0.1532334552651167,0.01379013011209526,-0.10702938361111829
6125.0,775.9,2025-11-19 15:29:44,0,2026-04-17,6642.16015625,0.5873015873015873,2604,0.045,in,6789.098437621407,0.007743299277042072,0.173491537176636,0.017677374578742012,-0.10293939835959309
6370.0,597.26,2025-10-22 13:44:03,0,2026-03-20,6642.16015625,0.5873015873015873,2603,0.045,in,6757.292419864316,0.015738977607087867,0.16989355568873854,0.01695176745696528,-0.059022810631523155
6390.0,553.3,2025-10-22 16:26:05,0,2026-03-20,6642.16015625,0.5873015873015873,2603,0.045,in,6757.292419864316,0.015738977607087867,0.15180134492686456,0.013533571236498123,-0.05588801182615166
6600.0,387.94,2025-11-19 17:56:19,0,2026-04-17,6642.16015625,0.5873015873015873,2604,0.045,in,6789.098437621407,0.007743299277042072,0.13382061165082748,0.010517371044385057,-0.02824850575800401
6700.0,323.9,2025-11-19 18:20:55,0,2026-04-17,6642.16015625,0.5873015873015873,2604,0.045,out,6789.098437621407,0.007743299277042072,0.12986915824886053,0.009905427552030166,-0.013210628393463453
6720.0,308.6,2025-11-19 19:10:08,0,2026-04-17,6642.16015625,0.5873015873015873,2604,0.045,out,6789.098437621407,0.007743299277042072,0.12751872540273387,0.009550125986484132,-0.010230000255325646
6730.0,306.0,2025-11-19 16:53:10,0,2026-04-17,6642.16015625,0.5873015873015873,2604,0.045,out,6789.098437621407,0.007743299277042072,0.12883962688796305,0.009749000474528455,-0.00874301113374738
6770.0,291.73,2025-11-19 20:21:45,0,2026-04-17,6642.16015625,0.5873015873015873,2604,0.045,out,6789.098437621407,0.007743299277042072,0.1318495165435111,0.010209824055111609,-0.0028170678662001757
6780.0,276.12,2025-11-19 16:44:57,0,2026-04-17,6642.16015625,0.5873015873015873,2604,0.045,out,6789.098437621407,0.007743299277042072,0.12655802512005104,0.009406770598803753,-0.0013410528380795954
6800.0,255.16,2025-11-19 17:38:21,0,2026-04-17,6642.16015625,0.5873015873015873,2604,0.045,out,6789.098437621407,0.007743299277042072,0.12100404645561462,0.00859925765983181,0.0016044573916772261
6810.0,260.7,2025-11-19 19:00:13,0,2026-04-17,6642.16015625,0.5873015873015873,2604,0.045,out,6789.098437621407,0.007743299277042072,0.12609702681021506,0.00933836549688755,0.0030739653710371026
6825.0,245.2,2025-11-19 17:41:57,0,2026-04-17,6642.16015625,0.5873015873015873,2604,0.045,out,6789.098437621407,0.007743299277042072,0.12193035455843854,0.008731419371771774,0.005274186280639595
6850.0,237.9,2025-11-19 19:00:17,0,2026-04-17,6642.16015625,0.5873015873015873,2604,0.045,out,6789.098437621407,0.007743299277042072,0.12397651289693407,0.009026928615128499,0.008930497483750043
6900.0,215.2,2025-11-19 20:46:32,0,2026-04-17,6642.16015625,0.5873015873015873,2604,0.045,out,6789.098437621407,0.007743299277042072,0.12352835422187379,0.008961784269528488,0.01620325681282995
6975.0,170.02,2025-11-19 17:41:17,0,2026-04-17,6642.16015625,0.5873015873015873,2604,0.045,out,6789.098437621407,0.007743299277042072,0.11587739825001979,0.00788603401162169,0.027014172917045443
7000.0,167.7,2025-11-19 20:58:15,0,2026-04-17,6642.16015625,0.5873015873015873,2604,0.045,out,6789.098437621407,0.007743299277042072,0.11933760994560355,0.008364035086644026,0.030591994264929378
7020.0,155.73,2025-11-19 17:31:35,0,2026-04-17,6642.16015625,0.5873015873015873,2604,0.045,out,6789.098437621407,0.007743299277042072,0.11684893625623195,0.00801882435644253,0.03344506324733583
7030.0,159.55,2025-11-19 14:52:36,0,2026-04-17,6642.16015625,0.5873015873015873,2604,0.045,out,6789.098437621407,0.007743299277042072,0.12057753545687813,0.008538743747676571,0.03486855103218973
7040.0,150.1,2025-11-19 19:00:02,0,2026-04-17,6642.16015625,0.5873015873015873,2604,0.045,out,6789.098437621407,0.007743299277042072,0.11746952186322097,0.00810422661858141,0.03629001537956712
7075.0,136.8,2025-11-19 19:00:05,0,2026-04-17,6642.16015625,0.5873015873015873,2604,0.045,out,6789.098437621407,0.007743299277042072,0.11648637443298052,0.007969139537396823,0.04124928873891748
7100.0,119.9,2025-11-19 19:35:26,0,2026-04-17,6642.16015625,0.5873015873015873,2604,0.045,out,6789.098437621407,0.007743299277042072,0.11155747007413037,0.007309008853739656,0.04477662925688585
7125.0,121.49,2025-11-19 20:32:47,0,2026-04-17,6642.16015625,0.5873015873015873,2604,0.045,out,6789.098437621407,0.007743299277042072,0.11637659934634503,0.007954126609373483,0.048291571364330294
7130.0,113.5,2025-11-19 19:13:15,0,2026-04-17,6642.16015625,0.5873015873015873,2604,0.045,out,6789.098437621407,0.007743299277042072,0.11278529767826863,0.007470783567903171,0.048993079635820794
7140.0,114.68,2025-11-19 20:57:15,0,2026-04-17,6642.16015625,0.5873015873015873,2604,0.045,out,6789.098437621407,0.007743299277042072,0.11497745210498543,0.007764018035309622,0.050394621561109146
7150.0,113.36,2025-11-19 14:50:14,0,2026-04-17,6642.16015625,0.5873015873015873,2604,0.045,out,6789.098437621407,0.007743299277042072,0.11577794934680638,0.007872503833860501,0.05179420191553252
5825.0,994.29,2025-11-18 20:50:26,0,2026-04-17,6642.16015625,0.5912698412698413,2604,0.045,in,6789.098437621407,0.007993344248337093,0.14499093227884974,0.012429893635001622,-0.1531591553386195
5950.0,953.39,2025-10-21 13:34:05,0,2026-03-20,6642.16015625,0.5912698412698413,2603,0.045,in,6757.292419864316,0.01593536030771144,0.20568382702004964,0.02501416534898588,-0.12723106065805667
6180.0,760.22,2025-10-21 18:06:24,0,2026-03-20,6642.16015625,0.5912698412698413,2603,0.045,in,6757.292419864316,0.01593536030771144,0.18903873057554899,0.021129407170573947,-0.08930400874599573
6410.0,570.12,2025-10-21 15:15:25,0,2026-03-20,6642.16015625,0.5912698412698413,2603,0.045,in,6757.292419864316,0.01593536030771144,0.1682741969921774,0.016742518256472053,-0.052763009283016395
6470.0,468.97,2025-11-18 15:21:49,0,2026-04-17,6642.16015625,0.5912698412698413,2604,0.045,in,6789.098437621407,0.007993344248337093,0.13276273908964906,0.01042168963768789,-0.04814204627757461
6500.0,427.85,2025-11-18 16:06:18,0,2026-04-17,6642.16015625,0.5912698412698413,2604,0.045,in,6789.098437621407,0.007993344248337093,0.12052248878475254,0.008588590774316465,-0.04351597788879237
6630.0,361.24,2025-11-18 17:16:17,0,2026-04-17,6642.16015625,0.5912698412698413,2604,0.045,in,6789.098437621407,0.007993344248337093,0.12822061787733252,0.009720787700309102,-0.023713350592612717
6670.0,356.8,2025-11-18 18:13:00,0,2026-04-17,6642.16015625,0.5912698412698413,2604,0.045,out,6789.098437621407,0.007993344248337093,0.13751295352638285,0.011180801768828652,-0.01769829486285149
6675.0,353.6,2025-11-18 18:13:00,0,2026-04-17,6642.16015625,0.5912698412698413,2604,0.045,out,6789.098437621407,0.007993344248337093,0.13727726489876751,0.011142508219265365,-0.016948950504070557
6710.0,302.46,2025-11-18 15:19:50,0,2026-04-17,6642.16015625,0.5912698412698413,2604,0.045,out,6789.098437621407,0.007993344248337093,0.12101882780192569,0.008659475975001068,-0.0117192038067934
6740.0,288.1,2025-11-18 16:14:38,0,2026-04-17,6642.16015625,0.5912698412698413,2604,0.045,out,6789.098437621407,0.007993344248337093,0.12175714408454275,0.008765458405587267,-0.0072582298661681465
6750.0,294.3,2025-11-18 16:30:58,0,2026-04-17,6642.16015625,0.5912698412698413,2604,0.045,out,6789.098437621407,0.007993344248337093,0.1273986158966369,0.009596550367160495,-0.005775649905945353
6925.0,201.4,2025-11-18 20:34:31,0,2026-04-17,6642.16015625,0.5912698412698413,2604,0.045,out,6789.098437621407,0.007993344248337093,0.12115733633693215,0.008679309214646089,0.0198198972830184
6970.0,180.7,2025-11-18 20:34:02,0,2026-04-17,6642.16015625,0.5912698412698413,2604,0.045,out,6789.098437621407,0.007993344248337093,0.11965756035538012,0.008465761233254024,0.026297069982048685
7010.0,158.88,2025-11-18 15:21:49,0,2026-04-17,6642.16015625,0.5912698412698413,2604,0.045,out,6789.098437621407,0.007993344248337093,0.11605266385302572,0.007963352767143349,0.0320195462561149
7050.0,146.38,2025-11-18 16:56:04,0,2026-04-17,6642.16015625,0.5912698412698413,2604,0.045,out,6789.098437621407,0.007993344248337093,0.11666080303130666,0.008047030561994007,0.03770946203379348
5200.0,1613.49,2025-11-17 18:54:58,0,2026-04-17,6642.16015625,0.5952380952380952,2604,0.045,in,6789.098437621407,0.008240055286681508,0.2400923389528454,0.034312101918957144,-0.26665952920300223
5400.0,1422.41,2025-11-17 18:55:21,0,2026-04-17,6642.16015625,0.5952380952380952,2604,0.045,in,6789.098437621407,0.008240055286681508,0.21855653969985378,0.02843271490807962,-0.22891920122015508
6425.0,551.49,2025-11-17 16:21:20,0,2026-04-17,6642.16015625,0.5952380952380952,2604,0.045,in,6789.098437621407,0.008240055286681508,0.16220756197613542,0.015661484025143935,-0.05512152400910039
6670.0,469.5,2025-10-31 13:45:17,0,2026-03-31,6642.16015625,0.5952380952380952,2603,0.045,out,6757.292419864316,0.016129124572326695,0.1935031369074529,0.022287776186324087,-0.01300242028806268
6790.0,286.9,2025-11-17 20:50:56,0,2026-04-17,6642.16015625,0.5952380952380952,2604,0.045,out,6789.098437621407,0.008240055286681508,0.1328320630763961,0.010502593441149807,0.00013278678022085523
6875.0,256.5,2025-11-17 18:30:04,0,2026-04-17,6642.16015625,0.5952380952380952,2604,0.045,out,6789.098437621407,0.008240055286681508,0.13714593181023202,0.011195837269105243,0.012573488762251067
7110.0,155.62,2025-11-17 16:49:38,0,2026-04-17,6642.16015625,0.5952380952380952,2604,0.045,out,6789.098437621407,0.008240055286681508,0.13088226192850927,0.010196527671144586,0.04618408902476573
6765.0,410.0,2025-10-30 15:02:14,0,2026-03-31,6642.16015625,0.5992063492063492,2603,0.045,out,6757.292419864316,0.016320322422841087,0.18658816794108515,0.020861455582369844,0.001139981407156328
6805.0,396.21,2025-10-29 19:48:46,0,2026-03-31,6642.16015625,0.6031746031746031,2603,0.045,out,6757.292419864316,0.0165090045121645,0.18821895263340108,0.02136828915802778,0.007035355887834417
6815.0,392.43,2025-10-29 19:50:34,0,2026-03-31,6642.16015625,0.6031746031746031,2603,0.045,out,6757.292419864316,0.0165090045121645,0.1886385658969789,0.02146367181999073,0.008503784932900807
6920.0,333.45,2025-10-29 20:02:17,0,2026-03-31,6642.16015625,0.6031746031746031,2603,0.045,out,6757.292419864316,0.0165090045121645,0.18252030047677742,0.02009395370274696,0.023793489413983026
6965.0,307.92,2025-10-29 14:03:30,0,2026-03-31,6642.16015625,0.6031746031746031,2603,0.045,out,6757.292419864316,0.0165090045121645,0.17913117060770956,0.019354652361348527,0.030275327016173834
5850.0,961.8,2025-10-17 14:00:53,0,2026-03-20,6642.16015625,0.6071428571428571,2603,0.045,in,6757.292419864316,0.016695220168947738,0.12026248378090518,0.008781146610271148,-0.14418061897182996
6200.0,775.93,2025-11-14 19:44:19,0,2026-04-17,6642.16015625,0.6071428571428571,2604,0.045,in,6789.098437621407,0.008960838516354423,0.20319217058624045,0.025067142471011186,-0.09076886273933793
6300.0,692.09,2025-11-14 19:33:26,0,2026-04-17,6642.16015625,0.6071428571428571,2604,0.045,in,6789.098437621407,0.008960838516354423,0.19316426606793882,0.0226539775948076,-0.07476852139289687
6340.0,647.99,2025-11-14 18:40:07,0,2026-04-17,6642.16015625,0.6071428571428571,2604,0.045,in,6789.098437621407,0.008960838516354423,0.1828232466666375,0.020293348995336177,-0.06843938634124931
6320.0,594.38,2025-10-17 16:10:14,0,2026-03-20,6642.16015625,0.6071428571428571,2603,0.045,in,6757.292419864316,0.016695220168947738,0.14219045651018217,0.012275290738705646,-0.06690307205682898
6350.0,644.6,2025-11-14 15:51:19,0,2026-04-17,6642.16015625,0.6071428571428571,2604,0.045,in,6789.098437621407,0.008960838516354423,0.1846169827811845,0.020693511272531388,-0.06686334188578358
6370.0,640.08,2025-11-14 16:50:03,0,2026-04-17,6642.16015625,0.6071428571428571,2604,0.045,in,6789.098437621407,0.008960838516354423,0.1893299055124585,0.021763529395109286,-0.06371868520631187
6375.0,624.9,2025-11-14 15:51:19,0,2026-04-17,6642.16015625,0.6071428571428571,2604,0.045,in,6789.098437621407,0.008960838516354423,0.18258698064588708,0.02024093191155308,-0.06293406374589394
6400.0,697.39,2025-10-28 14:51:55,0,2026-03-31,6642.16015625,0.6071428571428571,2603,0.045,in,6757.292419864316,0.016695220168947738,0.23069661534888228,0.032312706488154014,-0.05432428984996886
6450.0,578.08,2025-11-14 19:24:26,0,2026-04-17,6642.16015625,0.6071428571428571,2604,0.045,in,6789.098437621407,0.008960838516354423,0.18266864932832963,0.020259042950229157,-0.0512380239827027
6420.0,518.79,2025-10-17 16:29:33,0,2026-03-20,6642.16015625,0.6071428571428571,2603,0.045,in,6757.292419864316,0.016695220168947738,0.13867631639462488,0.011676037585331991,-0.05120416251372531
6480.0,535.9,2025-11-14 20:59:58,0,2026-04-17,6642.16015625,0.6071428571428571,2604,0.045,in,6789.098437621407,0.008960838516354423,0.16980654109729781,0.01750651584965289,-0.04659764442620048
6610.0,439.43,2025-11-14 15:44:30,0,2026-04-17,6642.16015625,0.6071428571428571,2604,0.045,in,6789.098437621407,0.008960838516354423,0.15929206662805281,0.015405620083600437,-0.02673450092678895
6640.0,423.98,2025-11-14 18:40:07,0,2026-04-17,6642.16015625,0.6071428571428571,2604,0.045,in,6789.098437621407,0.008960838516354423,0.1599063828743733,0.015524673993836299,-0.022206191302041368
6650.0,430.23,2025-11-14 17:57:05,0,2026-04-17,6642.16015625,0.6071428571428571,2604,0.045,out,6789.098437621407,0.008960838516354423,0.16578701474354537,0.016687524370671464,-0.02070130012262108
6660.0,427.9,2025-11-14 17:37:15,0,2026-04-17,6642.16015625,0.6071428571428571,2604,0.045,out,6789.098437621407,0.008960838516354423,0.16731092320358495,0.016995716621250368,-0.019198670238086076
6820.0,314.1,2025-11-14 20:13:55,0,2026-04-17,6642.16015625,0.6071428571428571,2604,0.045,out,6789.098437621407,0.008960838516354423,0.15083029257536887,0.013812364703296904,0.00454131706498695
6830.0,279.36,2025-11-14 14:46:37,0,2026-04-17,6642.16015625,0.6071428571428571,2604,0.045,out,6789.098437621407,0.008960838516354423,0.13623461573215842,0.011268492817953953,0.006006518792314807
6860.0,293.8,2025-11-14 19:58:42,0,2026-04-17,6642.16015625,0.6071428571428571,2604,0.045,out,6789.098437621407,0.008960838516354423,0.14985274188302,0.013633905437414403,0.01038928694741009
6835.0,361.6,2025-10-28 14:17:43,0,2026-03-31,6642.16015625,0.6071428571428571,2603,0.045,out,6757.292419864316,0.016695220168947738,0.1772380040572678,0.019072366835623904,0.011434189960317892
6870.0,293.4,2025-11-14 17:38:23,0,2026-04-17,6642.16015625,0.6071428571428571,2604,0.045,out,6789.098437621407,0.008960838516354423,0.15181458667513392,0.013993227441600347,0.0118459514438741
6880.0,284.7,2025-11-14 20:02:22,0,2026-04-17,6642.16015625,0.6071428571428571,2604,0.045,out,6789.098437621407,0.008960838516354423,0.14973322175196474,0.01361216574413542,0.013300497154868534
6890.0,279.6,2025-11-14 17:37:18,0,2026-04-17,6642.16015625,0.6071428571428571,2604,0.045,out,6789.098437621407,0.008960838516354423,0.14937211635255748,0.013546589122925482,0.014752930235183339
6875.0,344.44,2025-10-28 17:28:08,0,2026-03-31,6642.16015625,0.6071428571428571,2603,0.045,out,6757.292419864316,0.016695220168947738,0.17760476841664122,0.019151382642628174,0.017269363337039836
6910.0,268.7,2025-11-14 17:45:51,0,2026-04-17,6642.16015625,0.6071428571428571,2604,0.045,out,6789.098437621407,0.008960838516354423,0.1482400524738891,0.013342032988458704,0.017651482989194674
6920.0,261.1,2025-11-14 17:45:03,0,2026-04-17,6642.16015625,0.6071428571428571,2604,0.045,out,6789.098437621407,0.008960838516354423,0.1465948588098485,0.013047531953612499,0.019097614839194456
6940.0,238.27,2025-11-14 18:40:07,0,2026-04-17,6642.16015625,0.6071428571428571,2604,0.045,out,6789.098437621407,0.008960838516354423,0.13951245013766378,0.011817260844215716,0.0219836197283294
6960.0,241.0,2025-11-14 17:45:41,0,2026-04-17,6642.16015625,0.6071428571428571,2604,0.045,out,6789.098437621407,0.008960838516354423,0.14476527424362487,0.012723883523433663,0.02486131955594455
6980.0,217.27,2025-11-14 20:23:11,0,2026-04-17,6642.16015625,0.6071428571428571,2604,0.045,out,6789.098437621407,0.008960838516354423,0.13700154758285343,0.011395721738630231,0.027730761983897168
6990.0,201.0,2025-11-14 15:06:59,0,2026-04-17,6642.16015625,0.6071428571428571,2604,0.045,out,6789.098437621407,0.008960838516354423,0.13088531789826827,0.010400943910807951,0.029162401455335066
7025.0,198.4,2025-11-14 18:03:24,0,2026-04-17,6642.16015625,0.6071428571428571,2604,0.045,out,6789.098437621407,0.008960838516354423,0.1360048215717855,0.01123051054796945,0.034157060429425706
7090.0,170.28,2025-11-14 18:35:49,0,2026-04-17,6642.16015625,0.6071428571428571,2604,0.045,out,6789.098437621407,0.008960838516354423,0.13317950979864066,0.010768760396910921,0.043367185753652344
5990.0,944.42,2025-11-13 18:31:26,0,2026-04-17,6642.16015625,0.6111111111111112,2604,0.045,in,6789.098437621407,0.00919485904546901,0.21466296833084833,0.028160116094373265,-0.12522674266302591
6010.0,1001.0,2025-10-27 13:55:44,0,2026-03-31,6642.16015625,0.6111111111111112,2603,0.045,in,6757.292419864316,0.016879017440577952,0.26131613929347247,0.041730409511538925,-0.11719753166847888
6120.0,904.16,2025-10-27 13:55:10,0,2026-03-31,6642.16015625,0.6111111111111112,2603,0.045,in,6757.292419864316,0.016879017440577952,0.24718568723715778,0.03733935576244255,-0.09906018369136038
6140.0,902.59,2025-10-27 19:30:56,0,2026-03-31,6642.16015625,0.6111111111111112,2603,0.045,in,6757.292419864316,0.016879017440577952,0.25406491488213157,0.039446599484150684,-0.09579753805654397
6435.0,648.54,2025-10-27 17:44:46,0,2026-03-31,6642.16015625,0.6111111111111112,2603,0.045,in,6757.292419864316,0.016879017440577952,0.2145646229386774,0.02813431953249916,-0.048870439167505136
6525.0,527.19,2025-11-13 16:54:05,0,2026-04-17,6642.16015625,0.6111111111111112,2604,0.045,in,6789.098437621407,0.00919485904546901,0.17850088422840402,0.01947156790964128,-0.039677201581626735
6510.0,590.67,2025-10-27 19:26:17,0,2026-03-31,6642.16015625,0.6111111111111112,2603,0.045,in,6757.292419864316,0.016879017440577952,0.20699913400355435,0.026185280903357554,-0.03728282399511716
6550.0,492.75,2025-11-13 19:04:45,0,2026-04-17,6642.16015625,0.6111111111111112,2604,0.045,in,6789.098437621407,0.00919485904546901,0.16816649476248222,0.017282203864872198,-0.03585310514322334
6560.0,486.16,2025-11-13 19:02:16,0,2026-04-17,6642.16015625,0.6111111111111112,2604,0.045,in,6789.098437621407,0.00919485904546901,0.16775906510346827,0.017198563509349268,-0.03432755183438621
6580.0,504.35,2025-11-13 15:40:36,0,2026-04-17,6642.16015625,0.6111111111111112,2604,0.045,in,6789.098437621407,0.00919485904546901,0.18292342702978154,0.020448376762195443,-0.031283409453158044
6590.0,478.62,2025-11-13 16:58:05,0,2026-04-17,6642.16015625,0.6111111111111112,2604,0.045,in,6789.098437621407,0.00919485904546901,0.1726631812679038,0.01821879532339351,-0.029764806275968024
6865.0,327.65,2025-10-27 18:39:18,0,2026-03-31,6642.16015625,0.6111111111111112,2603,0.045,out,6757.292419864316,0.016879017440577952,0.16652269432524133,0.01694599360992863,0.01581375900433937
6915.0,285.0,2025-10-27 14:52:49,0,2026-03-31,6642.16015625,0.6111111111111112,2603,0.045,out,6757.292419864316,0.016879017440577952,0.1564045721711626,0.014949238453138253,0.023070684901126435
6930.0,295.0,2025-10-27 19:51:03,0,2026-03-31,6642.16015625,0.6111111111111112,2603,0.045,out,6757.292419864316,0.016879017440577952,0.16427953738170822,0.016492523912546044,0.02523753298621676
7120.0,160.25,2025-11-13 20:36:00,0,2026-04-17,6642.16015625,0.6111111111111112,2604,0.045,out,6789.098437621407,0.00919485904546901,0.13234877569575382,0.010704343483878585,0.04758957063350052
6290.0,605.75,2025-09-24 14:39:51,0,2026-02-27,6642.16015625,0.6150793650793651,2602,0.045,in,6701.603794305057,0.030514658393778253,0.1331735201802689,0.01090854723796308,-0.0633857993239339
6390.0,695.12,2025-11-12 18:47:39,0,2026-04-17,6642.16015625,0.6150793650793651,2604,0.045,in,6789.098437621407,0.00942585995485308,0.22409731530264065,0.030889043819471936,-0.06058388640094041
6400.0,683.46,2025-11-12 19:48:41,0,2026-04-17,6642.16015625,0.6150793650793651,2604,0.045,in,6789.098437621407,0.00942585995485308,0.22104827745516364,0.030054217657594154,-0.059020164424757666
6430.0,663.01,2025-11-12 19:06:02,0,2026-04-17,6642.16015625,0.6150793650793651,2604,0.045,in,6789.098437621407,0.00942585995485308,0.21961386776779623,0.029665432110989362,-0.05434361654085581
6475.0,628.81,2025-11-12 14:55:01,0,2026-04-17,6642.16015625,0.6150793650793651,2604,0.045,in,6789.098437621407,0.00942585995485308,0.21538830289627464,0.0285348363444575,-0.04736954720478242
6690.0,464.04,2025-11-12 18:47:39,0,2026-04-17,6642.16015625,0.6150793650793651,2604,0.045,out,6789.098437621407,0.00942585995485308,0.1912171842127542,0.02248976900170408,-0.01470428065024675
6760.0,420.84,2025-11-12 14:30:28,0,2026-04-17,6642.16015625,0.6150793650793651,2604,0.045,out,6789.098437621407,0.00942585995485308,0.18712280000101875,0.02153696846600911,-0.004295264735511082
6950.0,292.6,2025-11-12 19:02:10,0,2026-04-17,6642.16015625,0.6150793650793651,2604,0.045,out,6789.098437621407,0.00942585995485308,0.16632647061618677,0.017015859913824493,0.023423504786316923
6575.0,515.7,2025-11-11 15:18:51,0,2026-04-17,6642.16015625,0.6190476190476191,2604,0.045,in,6789.098437621407,0.009653899314116837,0.185418546337635,0.021282880249404862,-0.03204357672655558
6130.0,684.2,2025-09-15 13:49:45,0,2026-02-20,6642.16015625,0.623015873015873,2602,0.045,in,6701.603794305057,0.0306991850384435,0.0673363000318958,0.0028248644302052454,-0.08915212008816308
6395.0,630.0,2025-10-24 13:46:14,0,2026-03-31,6642.16015625,0.623015873015873,2603,0.045,in,6757.292419864316,0.017416361056363083,0.1884538851384042,0.022126325759246578,-0.05510584518478905
6460.0,565.25,2025-10-24 13:34:05,0,2026-03-31,6642.16015625,0.623015873015873,2603,0.045,in,6757.292419864316,0.017416361056363083,0.17523570258259838,0.019131291980793053,-0.04499296242108457
6470.0,557.35,2025-10-24 13:34:05,0,2026-03-31,6642.16015625,0.623015873015873,2603,0.045,in,6757.292419864316,0.017416361056363083,0.174286050618084,0.018924498047967246,-0.0434461717027859
6725.0,418.5,2025-11-10 19:35:47,0,2026-04-17,6642.16015625,0.623015873015873,2604,0.045,out,6789.098437621407,0.009879033713389981,0.17584858283277077,0.019265347941405293,-0.009486229302481072
6760.0,352.77,2025-10-24 14:47:34,0,2026-03-31,6642.16015625,0.623015873015873,2603,0.045,out,6757.292419864316,0.017416361056363083,0.15247093007339405,0.014483489560472197,0.0004006098392775431
6930.0,283.7,2025-11-10 18:52:24,0,2026-04-17,6642.16015625,0.623015873015873,2604,0.045,out,6789.098437621407,0.009879033713389981,0.15655063979511968,0.01526893707452788,0.020541658411428017
7080.0,182.88,2025-11-10 16:04:30,0,2026-04-17,6642.16015625,0.623015873015873,2604,0.045,out,6789.098437621407,0.009879033713389981,0.13525423175976228,0.011397269967464237,0.0419557529152445
7090.0,166.13,2025-10-24 15:28:27,0,2026-03-31,6642.16015625,0.623015873015873,2603,0.045,out,6757.292419864316,0.017416361056363083,0.12855008979491553,0.0102954155438337,0.048063060328441036
6770.0,317.2,2025-10-22 13:53:17,0,2026-03-31,6642.16015625,0.6309523809523809,2603,0.045,out,6757.292419864316,0.01776332506823273,0.13624550282716436,0.011712266228014561,0.0018788067085885151
5850.0,994.03,2025-11-07 15:57:34,0,2026-04-17,6642.16015625,0.6349206349206349,2604,0.045,in,6789.098437621407,0.010537551831263918,0.15444243269599578,0.015144422233052181,-0.14887649354661872
5875.0,973.01,2025-11-07 15:57:16,0,2026-04-17,6642.16015625,0.6349206349206349,2604,0.045,in,6789.098437621407,0.010537551831263918,0.1548879053350647,0.015231913154973943,-0.14461209476016124
5950.0,917.82,2025-11-07 15:06:19,0,2026-04-17,6642.16015625,0.6349206349206349,2604,0.045,in,6789.098437621407,0.010537551831263918,0.1623169010288487,0.016728111974354958,-0.1319269352328454
6175.0,720.56,2025-11-07 16:00:12,0,2026-04-17,6642.16015625,0.6349206349206349,2604,0.045,in,6789.098437621407,0.010537551831263918,0.14744544220164071,0.013803275191134837,-0.09480927227634298
6250.0,680.47,2025-11-07 15:30:45,0,2026-04-17,6642.16015625,0.6349206349206349,2604,0.045,in,6789.098437621407,0.010537551831263918,0.1580761626594925,0.01586544330231767,-0.08273669104207365
6270.0,621.27,2025-10-10 16:22:03,0,2026-03-20,6642.16015625,0.6349206349206349,2603,0.045,in,6757.292419864316,0.017933554286556273,0.1284376791522018,0.010473801540319957,-0.07484592557076572
6570.0,397.37,2025-10-10 16:22:03,0,2026-03-20,6642.16015625,0.6349206349206349,2603,0.045,in,6757.292419864316,0.017933554286556273,0.11974546266303451,0.009104111637069328,-0.02810844771907592
6625.0,402.74,2025-11-07 15:11:45,0,2026-04-17,6642.16015625,0.6349206349206349,2604,0.045,in,6789.098437621407,0.010537551831263918,0.13933750629483138,0.012326946451087093,-0.024467782918097897
7060.0,160.12,2025-11-07 19:13:24,0,2026-04-17,6642.16015625,0.6349206349206349,2604,0.045,out,6789.098437621407,0.010537551831263918,0.11876311293371236,0.008955350472194106,0.0391268967147668
5525.0,1332.81,2025-10-20 14:36:43,0,2026-03-31,6642.16015625,0.6388888888888888,2603,0.045,in,6757.292419864316,0.018101668856204994,0.22173725370908318,0.031412511741562926,-0.2013390328117785
5980.0,927.25,2025-10-20 14:36:22,0,2026-03-31,6642.16015625,0.6388888888888888,2603,0.045,in,6757.292419864316,0.018101668856204994,0.18824154792490538,0.02263895134441062,-0.1222017122530547
6320.0,667.72,2025-11-06 16:00:26,0,2026-04-17,6642.16015625,0.6388888888888888,2604,0.045,in,6789.098437621407,0.010751604304361652,0.17854945790709906,0.020367719587087097,-0.07159894663161782
6350.0,574.0,2025-11-19 19:52:19,0,2026-04-30,6642.16015625,0.6388888888888888,2604,0.045,in,6789.098437621407,0.010751604304361652,0.13527173088426156,0.011690670751604274,-0.06686334188578358
6360.0,639.16,2025-11-06 20:41:29,0,2026-04-17,6642.16015625,0.6388888888888888,2604,0.045,in,6789.098437621407,0.010751604304361652,0.1772714549357138,0.020077191136265847,-0.06528977743835308
6380.0,633.7,2025-11-06 15:02:39,0,2026-04-17,6642.16015625,0.6388888888888888,2604,0.045,in,6789.098437621407,0.010751604304361652,0.18138222473792479,0.021019132315839396,-0.06215005743368533
6420.0,574.01,2025-11-06 17:26:24,0,2026-04-17,6642.16015625,0.6388888888888888,2604,0.045,in,6789.098437621407,0.010751604304361652,0.16269249622243814,0.01691065309786181,-0.05590003708851402
6440.0,573.55,2025-11-06 17:57:46,0,2026-04-17,6642.16015625,0.6388888888888888,2604,0.045,in,6789.098437621407,0.010751604304361652,0.1693362549170863,0.018319990174303385,-0.05278961467412158
6460.0,571.33,2025-11-06 15:15:18,0,2026-04-17,6642.16015625,0.6388888888888888,2604,0.045,in,6789.098437621407,0.010751604304361652,0.17476156215942196,0.019512691194256516,-0.04968883699587333
6510.0,514.26,2025-11-06 17:37:00,0,2026-04-17,6642.16015625,0.6388888888888888,2604,0.045,in,6789.098437621407,0.010751604304361652,0.16081463986939845,0.01652252814209609,-0.041978698569905916
6505.0,510.17,2025-10-20 17:57:26,0,2026-03-31,6642.16015625,0.6388888888888888,2603,0.045,in,6757.292419864316,0.018101668856204994,0.15708451490506883,0.015764931414669395,-0.03805116825112648
6610.0,396.24,2025-11-19 17:08:39,0,2026-04-30,6642.16015625,0.6388888888888888,2604,0.045,in,6789.098437621407,0.010751604304361652,0.13091352049215532,0.010949501291554148,-0.02673450092678895
6680.0,378.5,2025-11-19 15:06:58,0,2026-04-30,6642.16015625,0.6388888888888888,2604,0.045,out,6789.098437621407,0.010751604304361652,0.14174634060339428,0.012836571575345266,-0.016200167241829478
6680.0,376.68,2025-10-20 15:24:52,0,2026-03-31,6642.16015625,0.6388888888888888,2603,0.045,out,6757.292419864316,0.018101668856204994,0.1408573427042464,0.012676060912642634,-0.011504292667040714
6715.0,355.6,2025-10-20 19:20:59,0,2026-03-31,6642.16015625,0.6388888888888888,2603,0.045,out,6757.292419864316,0.018101668856204994,0.1397075622536703,0.012469962996384793,-0.006278450240394153
6770.0,308.6,2025-11-19 20:35:33,0,2026-04-30,6642.16015625,0.6388888888888888,2604,0.045,out,6789.098437621407,0.010751604304361652,0.13071817311191664,0.010916848277208084,-0.0028170678662001757
6900.0,223.69,2025-11-19 19:25:10,0,2026-04-30,6642.16015625,0.6388888888888888,2604,0.045,out,6789.098437621407,0.010751604304361652,0.11922964763103193,0.009082258447418357,0.01620325681282995
6910.0,218.82,2025-11-19 19:25:10,0,2026-04-30,6642.16015625,0.6388888888888888,2604,0.045,out,6789.098437621407,0.010751604304361652,0.11894422976659136,0.00903882736887935,0.017651482989194674
7000.0,179.1,2025-11-19 17:32:55,0,2026-04-30,6642.16015625,0.6388888888888888,2604,0.045,out,6789.098437621407,0.010751604304361652,0.11705711704930782,0.008754291083155364,0.030591994264929378
7070.0,180.09,2025-11-06 16:17:48,0,2026-04-17,6642.16015625,0.6388888888888888,2604,0.045,out,6789.098437621407,0.010751604304361652,0.12967479079671784,0.010743268929665787,0.04054232511809759
7075.0,158.75,2025-11-19 15:54:31,0,2026-04-30,6642.16015625,0.6388888888888888,2604,0.045,out,6789.098437621407,0.010751604304361652,0.119994576357497,0.009199168393609696,0.04124928873891748
7100.0,156.75,2025-11-19 15:15:27,0,2026-04-30,6642.16015625,0.6388888888888888,2604,0.045,out,6789.098437621407,0.010751604304361652,0.12307261739013599,0.009677166402193123,0.04477662925688585
7125.0,131.04,2025-11-19 17:20:01,0,2026-04-30,6642.16015625,0.6388888888888888,2604,0.045,out,6789.098437621407,0.010751604304361652,0.11400234410124631,0.008303341460925453,0.048291571364330294
7150.0,137.1,2025-11-19 15:22:00,0,2026-04-30,6642.16015625,0.6388888888888888,2604,0.045,out,6789.098437621407,0.010751604304361652,0.12094186428234993,0.009344985953613279,0.05179420191553252
6620.0,488.77,2025-11-05 16:37:09,0,2026-04-17,6642.16015625,0.6428571428571429,2604,0.045,in,6789.098437621407,0.010963014154334733,0.17898442218153737,0.020594200746637807,-0.02522278484146702
6780.0,300.9,2025-11-18 20:23:58,0,2026-04-30,6642.16015625,0.6428571428571429,2604,0.045,out,6789.098437621407,0.010963014154334733,0.12874087037793572,0.01065485038221543,-0.0013410528380795954
6325.0,713.17,2025-11-04 17:23:50,0,2026-04-17,6642.16015625,0.6468253968253969,2604,0.045,in,6789.098437621407,0.011171830018418573,0.2037959609771519,0.026864465773126726,-0.07080812017679988
6270.0,581.81,2025-09-16 14:06:31,0,2026-02-27,6642.16015625,0.6468253968253969,2602,0.045,in,6701.603794305057,0.03122559540512656,0.09380518326463204,0.00569168342218939,-0.06657051539145378
6375.0,614.56,2025-11-17 16:08:43,0,2026-04-30,6642.16015625,0.6468253968253969,2604,0.045,in,6789.098437621407,0.011171830018418573,0.1671141047674862,0.018063973071408144,-0.06293406374589394
6400.0,562.98,2025-11-17 20:30:21,0,2026-04-30,6642.16015625,0.6468253968253969,2604,0.045,in,6789.098437621407,0.011171830018418573,0.14742197119726191,0.014057610029543137,-0.059020164424757666
6675.0,398.62,2025-11-17 16:08:43,0,2026-04-30,6642.16015625,0.6468253968253969,2604,0.045,out,6789.098437621407,0.011171830018418573,0.1487004715238644,0.014302493363973795,-0.016948950504070557
6825.0,279.71,2025-11-17 20:26:01,0,2026-04-30,6642.16015625,0.6468253968253969,2604,0.045,out,6789.098437621407,0.011171830018418573,0.12836892142357442,0.01065876403950257,0.005274186280639595
6975.0,223.33,2025-11-17 16:08:43,0,2026-04-30,6642.16015625,0.6468253968253969,2604,0.045,out,6789.098437621407,0.011171830018418573,0.13237819256801436,0.011334959112756388,0.027014172917045443
6980.0,199.5,2025-11-17 19:47:57,0,2026-04-30,6642.16015625,0.6468253968253969,2604,0.045,out,6789.098437621407,0.011171830018418573,0.12200219624700903,0.009627695833024896,0.027730761983897168
7025.0,180.03,2025-11-17 20:26:01,0,2026-04-30,6642.16015625,0.6468253968253969,2604,0.045,out,6789.098437621407,0.011171830018418573,0.1207430723702115,0.009429996002539267,0.034157060429425706
6485.0,461.0,2025-10-17 15:31:31,0,2026-03-31,6642.16015625,0.6507936507936508,2603,0.045,in,6757.292419864316,0.018593711499079294,0.12126571331954715,0.009570163528616546,-0.0411304624471879
6490.0,467.4,2025-10-17 17:30:01,0,2026-03-31,6642.16015625,0.6507936507936508,2603,0.045,in,6757.292419864316,0.018593711499079294,0.1266417186224362,0.010437509852720895,-0.04035974949959644
6530.0,454.3,2025-10-17 18:47:38,0,2026-03-31,6642.16015625,0.6507936507936508,2603,0.045,in,6757.292419864316,0.018593711499079294,0.13341672567507165,0.011584141750542067,-0.03421533692725543
6540.0,449.1,2025-10-17 18:33:49,0,2026-03-31,6642.16015625,0.6507936507936508,2603,0.045,in,6757.292419864316,0.018593711499079294,0.13396765385189027,0.011680009895583739,-0.03268511474648771
6545.0,443.7,2025-10-17 18:52:04,0,2026-03-31,6642.16015625,0.6507936507936508,2603,0.045,in,6757.292419864316,0.018593711499079294,0.13277244723682272,0.01147253067548333,-0.031920880853731876
6555.0,436.6,2025-10-17 18:52:04,0,2026-03-31,6642.16015625,0.6507936507936508,2603,0.045,in,6757.292419864316,0.018593711499079294,0.1322989358987368,0.011390846762499381,-0.03039416299993189
6560.0,426.0,2025-10-17 14:19:05,0,2026-03-31,6642.16015625,0.6507936507936508,2603,0.045,in,6757.292419864316,0.018593711499079294,0.12840522992750175,0.010730222634636797,-0.02963167725959746
6565.0,421.7,2025-10-17 14:20:03,0,2026-03-31,6642.16015625,0.6507936507936508,2603,0.045,in,6757.292419864316,0.018593711499079294,0.12777811564018446,0.010625668576171594,-0.02886977246083559
6570.0,427.2,2025-10-17 18:41:36,0,2026-03-31,6642.16015625,0.6507936507936508,2603,0.045,in,6757.292419864316,0.018593711499079294,0.13219091213479892,0.011372252814162464,-0.02810844771907592
6635.0,378.5,2025-10-17 19:59:14,0,2026-03-31,6642.16015625,0.6507936507936508,2603,0.045,in,6757.292419864316,0.018593711499079294,0.127110587552558,0.010514939050574872,-0.01826361243142422
6665.0,364.38,2025-10-17 18:19:28,0,2026-03-31,6642.16015625,0.6507936507936508,2603,0.045,out,6757.292419864316,0.018593711499079294,0.12858716797498898,0.010760651594935703,-0.013752326584923074
6840.0,378.65,2025-11-03 17:20:50,0,2026-04-17,6642.16015625,0.6507936507936508,2604,0.045,out,6789.098437621407,0.011378099347574555,0.1773780536479552,0.020475903659577965,0.00746957684407532
6455.0,508.3,2025-10-16 16:27:39,0,2026-03-31,6642.16015625,0.6547619047619048,2603,0.045,in,6757.292419864316,0.018753749611206086,0.13561698552941487,0.012042359190770284,-0.04576725591698927
6465.0,517.0,2025-10-16 14:13:35,0,2026-03-31,6642.16015625,0.6547619047619048,2603,0.045,in,6757.292419864316,0.018753749611206086,0.14394660505283938,0.013567075962417819,-0.04421926799177433
6495.0,467.6,2025-10-16 16:36:52,0,2026-03-31,6642.16015625,0.6547619047619048,2603,0.045,in,6757.292419864316,0.018753749611206086,0.12774083855552656,0.010684222629973816,-0.039589630093032166
5250.0,1555.09,2025-11-14 14:36:37,0,2026-04-30,6642.16015625,0.6587301587301587,2604,0.045,in,6789.098437621407,0.01178318248796522,0.17377708966615604,0.019892647477029023,-0.2570900781868515
6625.0,464.54,2025-11-14 19:36:29,0,2026-04-30,6642.16015625,0.6587301587301587,2604,0.045,in,6789.098437621407,0.01178318248796522,0.16509519380081258,0.01795462785983026,-0.024467782918097897
6660.0,390.3,2025-11-14 12:39:48,0,2026-04-30,6642.16015625,0.6587301587301587,2604,0.045,out,6789.098437621407,0.01178318248796522,0.13840657715415797,0.012618885633023652,-0.019198670238086076
6720.0,349.1,2025-11-14 13:37:50,0,2026-04-30,6642.16015625,0.6587301587301587,2604,0.045,out,6789.098437621407,0.01178318248796522,0.13424232403160677,0.011870977219022012,-0.010230000255325646
6750.0,372.1,2025-11-14 20:26:14,0,2026-04-30,6642.16015625,0.6587301587301587,2604,0.045,out,6789.098437621407,0.01178318248796522,0.15247018301213155,0.015313603228122934,-0.005775649905945353
5500.0,1483.31,2025-10-31 15:49:35,0,2026-04-17,6642.16015625,0.6626984126984127,2604,0.045,in,6789.098437621407,0.011982085586839678,0.3247135384262137,0.06987417976279543,-0.21057006255195865
6225.0,759.58,2025-11-13 19:58:18,0,2026-04-30,6642.16015625,0.6626984126984127,2604,0.045,in,6789.098437621407,0.011982085586839678,0.1886788603196788,0.02359187285462693,-0.08674471243961254
6250.0,741.19,2025-11-13 20:01:05,0,2026-04-30,6642.16015625,0.6626984126984127,2604,0.045,in,6789.098437621407,0.011982085586839678,0.18787574649255898,0.02339146211136016,-0.08273669104207365
6410.0,699.39,2025-10-31 19:22:55,0,2026-04-17,6642.16015625,0.6626984126984127,2604,0.045,in,6789.098437621407,0.011982085586839678,0.22002030616046947,0.03208052446639723,-0.05745888385780516
6500.0,546.01,2025-11-13 19:58:18,0,2026-04-30,6642.16015625,0.6626984126984127,2604,0.045,in,6789.098437621407,0.011982085586839678,0.16889697272322138,0.01890425910704942,-0.04351597788879237
6525.0,544.88,2025-11-13 17:51:30,0,2026-04-30,6642.16015625,0.6626984126984127,2604,0.045,in,6789.098437621407,0.011982085586839678,0.17584667077281546,0.02049199452720021,-0.039677201581626735
6550.0,511.65,2025-11-13 19:04:45,0,2026-04-30,6642.16015625,0.6626984126984127,2604,0.045,in,6789.098437621407,0.011982085586839678,0.166502454278973,0.018372032682197975,-0.03585310514322334
6600.0,475.17,2025-11-13 20:01:05,0,2026-04-30,6642.16015625,0.6626984126984127,2604,0.045,in,6789.098437621407,0.011982085586839678,0.16264905912537503,0.017531498589443438,-0.02824850575800401
6700.0,415.08,2025-11-13 19:34:02,0,2026-04-30,6642.16015625,0.6626984126984127,2604,0.045,out,6789.098437621407,0.011982085586839678,0.1599052914483427,0.01694500108309906,-0.013210628393463453
6725.0,389.04,2025-11-13 19:58:18,0,2026-04-30,6642.16015625,0.6626984126984127,2604,0.045,out,6789.098437621407,0.011982085586839678,0.15370743656373265,0.01565689683009516,-0.009486229302481072
6730.0,386.08,2025-11-13 20:08:39,0,2026-04-30,6642.16015625,0.6626984126984127,2604,0.045,out,6789.098437621407,0.011982085586839678,0.15352275051887948,0.015619294574560764,-0.00874301113374738
6775.0,379.7,2025-11-13 17:30:48,0,2026-04-30,6642.16015625,0.6626984126984127,2604,0.045,out,6789.098437621407,0.011982085586839678,0.16112350242442147,0.01720416970871665,-0.0020787880246192574
6790.0,370.2,2025-11-13 17:33:10,0,2026-04-30,6642.16015625,0.6626984126984127,2604,0.045,out,6789.098437621407,0.011982085586839678,0.16009254357630281,0.016984710154595156,0.00013278678022085523
6800.0,363.7,2025-11-13 17:33:08,0,2026-04-30,6642.16015625,0.6626984126984127,2604,0.045,out,6789.098437621407,0.011982085586839678,0.15930442608879866,0.016817894161259575,0.0016044573916772261
6810.0,333.2,2025-11-13 20:07:09,0,2026-04-30,6642.16015625,0.6626984126984127,2604,0.045,out,6789.098437621407,0.011982085586839678,0.1473147267996319,0.014381634913699924,0.0030739653710371026
6830.0,336.6,2025-11-13 17:10:36,0,2026-04-30,6642.16015625,0.6626984126984127,2604,0.045,out,6789.098437621407,0.011982085586839678,0.1532946836854442,0.01557292233221748,0.006006518792314807
6950.0,256.35,2025-11-13 20:01:05,0,2026-04-30,6642.16015625,0.6626984126984127,2604,0.045,out,6789.098437621407,0.011982085586839678,0.14054886192576027,0.013090932905954812,0.023423504786316923
6160.0,730.44,2025-10-13 18:40:42,0,2026-03-31,6642.16015625,0.6666666666666666,2603,0.045,in,6757.292419864316,0.019222432653863118,0.13758486954670576,0.012619730885456027,-0.09254550267016663
6175.0,711.07,2025-10-13 14:14:43,0,2026-03-31,6642.16015625,0.6666666666666666,2603,0.045,in,6757.292419864316,0.019222432653863118,0.13184034396708566,0.011587917531572973,-0.09011339770155415
6860.0,361.4,2025-11-12 20:05:47,0,2026-04-30,6642.16015625,0.6666666666666666,2604,0.045,out,6789.098437621407,0.012178620791679917,0.17044761767490355,0.019368260247366726,0.01038928694741009
6875.0,352.83,2025-11-12 19:37:08,0,2026-04-30,6642.16015625,0.6666666666666666,2604,0.045,out,6789.098437621407,0.012178620791679917,0.16959877003618662,0.01917582853185821,0.012573488762251067
6925.0,326.11,2025-11-12 20:39:52,0,2026-04-30,6642.16015625,0.6666666666666666,2604,0.045,out,6789.098437621407,0.012178620791679917,0.16732355711056782,0.01866478184275563,0.0198198972830184
6980.0,166.1,2025-10-13 14:57:10,0,2026-03-31,6642.16015625,0.6666666666666666,2603,0.045,out,6757.292419864316,0.019222432653863118,0.1033760766745296,0.007124408819078815,0.03242663655868613
7050.0,254.56,2025-11-12 21:02:15,0,2026-04-30,6642.16015625,0.6666666666666666,2604,0.045,out,6789.098437621407,0.012178620791679917,0.15729403305473952,0.01649427522308366,0.03770946203379348
6850.0,345.4,2025-11-11 15:23:18,0,2026-04-30,6642.16015625,0.6706349206349206,2604,0.045,out,6789.098437621407,0.012372830136107849,0.16020061703459945,0.01721133401193262,0.008930497483750043
6880.0,352.74,2025-11-11 19:58:20,0,2026-04-30,6642.16015625,0.6706349206349206,2604,0.045,out,6789.098437621407,0.012372830136107849,0.16982907358173466,0.019342394863029806,0.013300497154868534
6920.0,327.4,2025-11-11 19:39:37,0,2026-04-30,6642.16015625,0.6706349206349206,2604,0.045,out,6789.098437621407,0.012372830136107849,0.166194881666145,0.018523431900603352,0.019097614839194456
5250.0,1747.46,2025-10-28 16:27:25,0,2026-04-17,6642.16015625,0.6746031746031746,2604,0.045,in,6789.098437621407,0.012564754664718986,0.3803472336747683,0.09759080590431865,-0.2570900781868515
5650.0,1292.09,2025-11-10 15:56:48,0,2026-04-30,6642.16015625,0.6746031746031746,2604,0.045,in,6789.098437621407,0.012564754664718986,0.26150164559909556,0.04613146353442836,-0.18366260963203423
6240.0,653.0,2025-09-30 15:23:00,0,2026-03-20,6642.16015625,0.6746031746031746,2603,0.045,in,6757.292419864316,0.019525698152052965,0.12457086230127838,0.010468424424056709,-0.07964209783425874
6520.0,621.34,2025-10-28 14:04:42,0,2026-04-17,6642.16015625,0.6746031746031746,2604,0.045,in,6789.098437621407,0.012564754664718986,0.2097254418578186,0.029672259379435448,-0.0404437788518222
6690.0,450.31,2025-11-10 15:13:49,0,2026-04-30,6642.16015625,0.6746031746031746,2604,0.045,out,6789.098437621407,0.012564754664718986,0.17176599149121713,0.019903192426997417,-0.01470428065024675
6840.0,349.57,2025-11-10 15:13:49,0,2026-04-30,6642.16015625,0.6746031746031746,2604,0.045,out,6789.098437621407,0.012564754664718986,0.15927019861096814,0.017112656143444965,0.00746957684407532
6430.0,503.01,2025-10-10 17:44:28,0,2026-03-31,6642.16015625,0.6785714285714286,2603,0.045,in,6757.292419864316,0.019674670677479557,0.11801602314093874,0.009450994737216044,-0.04964774196606702
6795.0,262.31,2025-10-10 17:44:28,0,2026-03-31,6642.16015625,0.6785714285714286,2603,0.045,out,6757.292419864316,0.019674670677479557,0.10841702947182097,0.00797609976108501,0.005564767387511988
5675.0,1208.58,2025-11-07 20:39:29,0,2026-04-30,6642.16015625,0.6865079365079365,2604,0.045,in,6789.098437621407,0.013127215566486862,0.20466734122281524,0.028756939116811178,-0.1792475914229175
6025.0,961.91,2025-10-24 14:17:51,0,2026-04-17,6642.16015625,0.6904761904761905,2604,0.045,in,6789.098437621407,0.013310392488518542,0.2194127908117112,0.03324088596146972,-0.11940067541366513
6090.0,870.25,2025-10-07 13:35:56,0,2026-03-31,6642.16015625,0.6904761904761905,2603,0.045,in,6757.292419864316,0.02011131428648853,0.1909870926111063,0.025185857542315608,-0.10397419849378943
6890.0,294.1,2025-11-06 15:40:35,0,2026-04-30,6642.16015625,0.6904761904761905,2604,0.045,out,6789.098437621407,0.013310392488518542,0.14150935707612128,0.013826715382448063,0.014752930235183339
5675.0,1229.58,2025-10-23 19:35:00,0,2026-04-17,6642.16015625,0.6944444444444444,2604,0.045,in,6789.098437621407,0.013491475960012725,0.22058006861433754,0.0337885879652124,-0.1792475914229175
6125.0,714.6,2025-09-25 19:51:12,0,2026-03-20,6642.16015625,0.6944444444444444,2603,0.045,in,6757.292419864316,0.020253535347708594,0.08200734673508593,0.004670281193422645,-0.09824352378480437
6800.0,347.5,2025-11-20 03:31:58,0,2026-05-15,6642.16015625,0.6944444444444444,2605,0.045,out,6769.642417602806,0.017624114581151724,0.1460949772636988,0.014822043320611576,0.00447434532302357
6895.0,262.0,2025-10-06 18:57:46,0,2026-03-31,6642.16015625,0.6944444444444444,2603,0.045,out,6757.292419864316,0.020253535347708594,0.12732348952963563,0.011257827073613356,0.020174231029670118
7000.0,235.0,2025-11-20 05:40:02,0,2026-05-15,6642.16015625,0.6944444444444444,2605,0.045,out,6769.642417602806,0.017624114581151724,0.13488770349580467,0.012635203162758414,0.03346188219627583
5800.0,1070.71,2025-11-19 14:57:57,0,2026-05-15,6642.16015625,0.6984126984126984,2605,0.045,in,6769.642417602806,0.01777965938466791,0.16800916758245873,0.019714151384714777,-0.15459034930666374
6040.0,817.82,2025-09-24 16:41:31,0,2026-03-20,6642.16015625,0.6984126984126984,2603,0.045,in,6757.292419864316,0.020394140260505702,0.1177245831575464,0.009679355700050707,-0.11221826826887152
6100.0,823.9,2025-11-19 15:01:06,0,2026-05-15,6642.16015625,0.6984126984126984,2605,0.045,in,6769.642417602806,0.01777965938466791,0.1631673238842155,0.018594243264692147,-0.10415949567977188
6225.0,734.84,2025-10-22 14:34:05,0,2026-04-17,6642.16015625,0.6984126984126984,2604,0.045,in,6789.098437621407,0.013670501664785374,0.16510833159396557,0.019039261763756938,-0.08674471243961254
6400.0,586.54,2025-11-19 15:48:29,0,2026-05-15,6642.16015625,0.6984126984126984,2605,0.045,in,6769.642417602806,0.01777965938466791,0.14930736205607936,0.015569496635275988,-0.05615027649341121
6600.0,434.6,2025-11-19 15:57:44,0,2026-05-15,6642.16015625,0.6984126984126984,2605,0.045,in,6769.642417602806,0.01777965938466791,0.13591448313189905,0.01290160088730946,-0.02537861782665755
6675.0,401.2,2025-11-19 15:29:14,0,2026-05-15,6642.16015625,0.6984126984126984,2605,0.045,out,6769.642417602806,0.01777965938466791,0.1403560557582024,0.013758606112253702,-0.01407906257272417
6700.0,358.5,2025-11-19 19:17:59,0,2026-05-15,6642.16015625,0.6984126984126984,2605,0.045,out,6769.642417602806,0.01777965938466791,0.12674987030235318,0.011220369894495041,-0.010340740462117052
6725.0,335.8,2025-11-19 19:29:06,0,2026-05-15,6642.16015625,0.6984126984126984,2605,0.045,out,6769.642417602806,0.01777965938466791,0.12248063958677972,0.010477243035520821,-0.006616341371134545
6750.0,339.0,2025-11-19 20:53:06,0,2026-05-15,6642.16015625,0.6984126984126984,2605,0.045,out,6769.642417602806,0.01777965938466791,0.13005048658943125,0.011812344106896902,-0.002905761974598926
6825.0,291.66,2025-11-19 16:29:00,0,2026-05-15,6642.16015625,0.6984126984126984,2605,0.045,out,6769.642417602806,0.01777965938466791,0.12553080241829948,0.011005574978641495,0.008144074211985953
6850.0,270.42,2025-11-19 17:33:54,0,2026-05-15,6642.16015625,0.6984126984126984,2605,0.045,out,6769.642417602806,0.01777965938466791,0.12127517990212187,0.010272022975442049,0.011800385415096634
6900.0,245.8,2025-11-19 17:13:30,0,2026-05-15,6642.16015625,0.6984126984126984,2605,0.045,out,6769.642417602806,0.01777965938466791,0.12039554705230426,0.010123553349222839,0.019073144744176346
7025.0,185.6,2025-11-19 18:46:35,0,2026-05-15,6642.16015625,0.6984126984126984,2605,0.045,out,6769.642417602806,0.01777965938466791,0.11601773966153564,0.0094007158779613,0.037026948360772166
7075.0,170.7,2025-11-19 20:47:38,0,2026-05-15,6642.16015625,0.6984126984126984,2605,0.045,out,6769.642417602806,0.01777965938466791,0.1173782424510045,0.00962248697204792,0.044119176670263965
7100.0,159.9,2025-11-19 21:14:49,0,2026-05-15,6642.16015625,0.6984126984126984,2605,0.045,out,6769.642417602806,0.01777965938466791,0.11625728740164382,0.009439576229452223,0.04764651718823235
7150.0,153.8,2025-11-19 15:22:19,0,2026-05-15,6642.16015625,0.6984126984126984,2605,0.045,out,6769.642417602806,0.01777965938466791,0.12098922283972142,0.010223638887425869,0.05466408984687884
6050.0,830.22,2025-11-18 17:39:31,0,2026-05-15,6642.16015625,0.7023809523809523,2605,0.045,in,6769.642417602806,0.01793344661978278,0.13665060576713986,0.013115832087322029,-0.11238999481628728
6200.0,694.67,2025-11-18 15:45:27,0,2026-05-15,6642.16015625,0.7023809523809523,2605,0.045,in,6769.642417602806,0.01793344661978278,0.12508985931745503,0.010990486920709292,-0.08789897480799147
6350.0,583.76,2025-11-18 16:15:29,0,2026-05-15,6642.16015625,0.7023809523809523,2605,0.045,in,6769.642417602806,0.01793344661978278,0.12704623269173182,0.011336952014625456,-0.06399345395443715
6375.0,601.04,2025-11-18 18:27:15,0,2026-05-15,6642.16015625,0.7023809523809523,2605,0.045,in,6769.642417602806,0.01793344661978278,0.14719354050897987,0.015217742424839916,-0.060064175814547496
6500.0,506.96,2025-11-18 17:56:25,0,2026-05-15,6642.16015625,0.7023809523809523,2605,0.045,in,6769.642417602806,0.01793344661978278,0.14076637650158558,0.013917799910116458,-0.040646089957445966
6550.0,441.49,2025-11-18 15:45:27,0,2026-05-15,6642.16015625,0.7023809523809523,2605,0.045,in,6769.642417602806,0.01793344661978278,0.12346427598834948,0.010706693086598959,-0.032983217211876796
6620.0,540.19,2025-11-03 15:43:26,0,2026-04-30,6642.16015625,0.7023809523809523,2604,0.045,in,6789.098437621407,0.013847504480238568,0.1909161989246669,0.025601079829746853,-0.02522278484146702
6650.0,391.01,2025-11-18 20:55:00,0,2026-05-15,6642.16015625,0.7023809523809523,2605,0.045,out,6769.642417602806,0.01793344661978278,0.12821070323150477,0.011545727154332169,-0.01783141219127459
6775.0,317.9,2025-11-18 16:30:33,0,2026-05-15,6642.16015625,0.7023809523809523,2605,0.045,out,6769.642417602806,0.01793344661978278,0.12560920054927052,0.011081935767797438,0.000791099906727184
6950.0,221.3,2025-11-18 17:39:16,0,2026-05-15,6642.16015625,0.7023809523809523,2605,0.045,out,6769.642417602806,0.01793344661978278,0.11837398340797453,0.009842042820528741,0.026293392717663348
7050.0,167.47,2025-11-18 15:59:54,0,2026-05-15,6642.16015625,0.7023809523809523,2605,0.045,out,6769.642417602806,0.01793344661978278,0.11127413694220731,0.008696834280735158,0.04057934996513996
7125.0,148.16,2025-11-18 17:06:01,0,2026-05-15,6642.16015625,0.7023809523809523,2605,0.045,out,6769.642417602806,0.01793344661978278,0.11398548372793157,0.009125818327865983,0.05116145929567681
6000.0,892.16,2025-11-17 20:38:47,0,2026-05-15,6642.16015625,0.7063492063492064,2605,0.045,in,6769.642417602806,0.018085505908435686,0.15338625873675882,0.016618521022731213,-0.12068879763098242
6075.0,816.6,2025-09-22 16:01:32,0,2026-03-20,6642.16015625,0.7063492063492064,2603,0.045,in,6757.292419864316,0.020670610594657326,0.14115592104491226,0.014074003730931253,-0.10644029098898292
6840.0,295.59,2025-10-03 14:54:10,0,2026-03-31,6642.16015625,0.7063492063492064,2603,0.045,out,6757.292419864316,0.020670610594657326,0.12928865543665352,0.011807020014214104,0.012165451418864028
6975.0,221.0,2025-11-17 20:29:45,0,2026-05-15,6642.16015625,0.7063492063492064,2605,0.045,out,6769.642417602806,0.018085505908435686,0.12226458173871321,0.010558951486897469,0.02988406084839188
6420.0,514.5,2025-10-01 07:01:13,0,2026-03-31,6642.16015625,0.7142857142857143,2603,0.045,in,6757.292419864316,0.02094093714360558,0.11332766640530352,0.0091736856949084,-0.05120416251372531
5700.0,1134.28,2025-09-30 16:28:32,0,2026-03-31,6642.16015625,0.7182539682539683,2603,0.045,in,6757.292419864316,0.02107386014281218,0.12599682599163817,0.011402425511722434,-0.17015610537509054
5900.0,1018.05,2025-11-14 15:16:06,0,2026-05-15,6642.16015625,0.7182539682539683,2605,0.045,in,6769.642417602806,0.018531602495588686,0.1864694271659191,0.0249742990294963,-0.13749591594736363
6075.0,901.55,2025-11-14 20:38:36,0,2026-05-15,6642.16015625,0.7182539682539683,2605,0.045,in,6769.642417602806,0.018531602495588686,0.1965954641996555,0.02776035537476954,-0.10826627763242525
6275.0,671.03,2025-10-17 18:53:37,0,2026-04-17,6642.16015625,0.7182539682539683,2604,0.045,in,6789.098437621407,0.014535957419901806,0.143573793324276,0.014805680862870903,-0.07874466977253625
6425.0,517.72,2025-09-30 14:42:49,0,2026-03-31,6642.16015625,0.7182539682539683,2603,0.045,in,6757.292419864316,0.02107386014281218,0.11647008854275816,0.009743317285926922,-0.05042564943431158
6475.0,596.76,2025-11-14 17:55:00,0,2026-05-15,6642.16015625,0.7182539682539683,2605,0.045,in,6769.642417602806,0.018531602495588686,0.17501489134008044,0.022000271454488927,-0.04449965927343592
6525.0,566.74,2025-11-14 17:14:54,0,2026-05-15,6642.16015625,0.7182539682539683,2605,0.045,in,6769.642417602806,0.018531602495588686,0.1748697175054898,0.021963788397545297,-0.03680731365028032
6925.0,301.8,2025-11-14 17:38:37,0,2026-05-15,6642.16015625,0.7182539682539683,2605,0.045,out,6769.642417602806,0.018531602495588686,0.1473092567410292,0.015586123408764275,0.022689785214364815
6025.0,979.14,2025-11-13 15:46:01,0,2026-05-15,6642.16015625,0.7222222222222222,2605,0.045,in,6769.642417602806,0.01867703325110743,0.2213134077991845,0.03537417322955254,-0.11653078748231864
6330.0,602.3,2025-09-29 16:28:51,0,2026-03-31,6642.16015625,0.7222222222222222,2603,0.045,in,6757.292419864316,0.021205322449719802,0.12517702921038296,0.011316708463621216,-0.06532204405951025
6425.0,625.76,2025-11-13 21:00:12,0,2026-05-15,6642.16015625,0.7222222222222222,2605,0.045,in,6769.642417602806,0.01867703325110743,0.17331832054593352,0.02169500683773436,-0.05225163607775391
6450.0,507.6,2025-09-29 15:34:55,0,2026-03-31,6642.16015625,0.7222222222222222,2603,0.045,in,6757.292419864316,0.021205322449719802,0.11981472336385021,0.010367910175101523,-0.046542149407914006
6575.0,557.77,2025-11-13 14:38:04,0,2026-05-15,6642.16015625,0.7222222222222222,2605,0.045,in,6769.642417602806,0.01867703325110743,0.18344096328829396,0.024303201730987985,-0.02917368879520913
6875.0,353.46,2025-11-13 14:38:04,0,2026-05-15,6642.16015625,0.7222222222222222,2605,0.045,out,6769.642417602806,0.01867703325110743,0.15979382769478523,0.018441270877864402,0.01544337669359767
5325.0,1665.18,2025-11-12 18:27:11,0,2026-05-15,6642.16015625,0.7261904761904762,2605,0.045,in,6769.642417602806,0.018820874599462033,0.33997018274135976,0.08393289564696198,-0.2400355552635485
6325.0,781.05,2025-11-11 20:28:47,0,2026-05-15,6642.16015625,0.7301587301587301,2605,0.045,in,6769.642417602806,0.018963152454899736,0.2189887088583882,0.035015531935608565,-0.06793823224545346
6625.0,549.65,2025-11-11 19:36:16,0,2026-05-15,6642.16015625,0.7301587301587301,2605,0.045,in,6769.642417602806,0.018963152454899736,0.19080509909553414,0.026582586486974664,-0.021597894986751427
6050.0,791.7,2025-09-26 14:35:05,0,2026-03-31,6642.16015625,0.7341269841269841,2603,0.045,in,6757.292419864316,0.02159118208567029,0.07230445079327853,0.003837967130300645,-0.11056400817284492
6125.0,731.8,2025-09-26 14:37:12,0,2026-03-31,6642.16015625,0.7341269841269841,2603,0.045,in,6757.292419864316,0.02159118208567029,0.09104337825664799,0.00608510275401139,-0.09824352378480437
6275.0,609.75,2025-09-25 15:23:19,0,2026-03-31,6642.16015625,0.7380952380952381,2603,0.045,in,6757.292419864316,0.021717035945424755,0.09692868418603674,0.006934530103788809,-0.07404879519774754
6290.0,596.91,2025-09-25 15:32:56,0,2026-03-31,6642.16015625,0.7380952380952381,2603,0.045,in,6757.292419864316,0.021717035945424755,0.09649330860258068,0.006872374208506168,-0.07166120950324598
6440.0,528.5,2025-09-24 03:41:12,0,2026-03-31,6642.16015625,0.7420634920634921,2603,0.045,in,6757.292419864316,0.021841543774593606,0.12368204553301507,0.011351529557191119,-0.048093740099332837
5875.0,1048.68,2025-11-07 20:19:26,0,2026-05-15,6642.16015625,0.746031746031746,2605,0.045,in,6769.642417602806,0.019517127934582722,0.18690049292615984,0.026060227460856376,-0.14174220682881472
6150.0,720.19,2025-10-10 19:19:45,0,2026-04-17,6642.16015625,0.746031746031746,2604,0.045,in,6789.098437621407,0.01567025687767142,0.09918081871525998,0.007338591042037705,-0.09886607297195732
6300.0,660.49,2025-11-07 17:56:35,0,2026-05-15,6642.16015625,0.746031746031746,2605,0.045,in,6769.642417602806,0.019517127934582722,0.1419482697273772,0.0150320258745083,-0.07189863346155036
6410.0,537.4,2025-09-22 13:43:25,0,2026-03-31,6642.16015625,0.75,2603,0.045,in,6757.292419864316,0.022086606803433884,0.11538982756373559,0.009986109228891475,-0.052763009283016395
6450.0,636.06,2025-11-06 14:41:35,0,2026-05-15,6642.16015625,0.75,2605,0.045,in,6769.642417602806,0.019651957945510858,0.18032229067753086,0.024387096386393952,-0.0483681360513562
6525.0,442.82,2025-09-18 14:14:36,0,2026-03-31,6642.16015625,0.7658730158730159,2603,0.045,in,6757.292419864316,0.02256149578160106,0.10457258273565881,0.00837514697056031,-0.03498132700683793
5375.0,1524.66,2025-10-03 16:07:26,0,2026-04-17,6642.16015625,0.7738095238095238,2604,0.045,in,6789.098437621407,0.01672311945129347,0.2395463997327449,0.04440310768595001,-0.23355958077665737
6270.0,618.21,2025-09-16 14:06:31,0,2026-03-31,6642.16015625,0.7738095238095238,2603,0.045,in,6757.292419864316,0.022791634286405148,0.09126351496862403,0.00644508209152187,-0.07484592557076572
6240.0,637.6,2025-09-15 14:13:53,0,2026-03-31,6642.16015625,0.7777777777777778,2603,0.045,in,6757.292419864316,0.022904942274739815,0.08419845259716416,0.005513961770922033,-0.07964209783425874
5275.0,1554.06,2025-10-01 15:06:01,0,2026-04-17,6642.16015625,0.7817460317460317,2604,0.045,in,6789.098437621407,0.017010194380721964,0.1422032282210722,0.015808279162497562,-0.2523394754282536
5500.0,1553.51,2025-10-29 18:22:47,0,2026-05-15,6642.16015625,0.7817460317460317,2605,0.045,in,6769.642417602806,0.020681320059398742,0.33130087291572524,0.08580465426095293,-0.20770017462061208
5475.0,1568.09,2025-10-28 16:45:56,0,2026-05-15,6642.16015625,0.7857142857142857,2605,0.045,in,6769.642417602806,0.020804141675260363,0.3279481829889425,0.08450357985594557,-0.2122559911564729
5575.0,1476.84,2025-10-28 16:45:56,0,2026-05-15,6642.16015625,0.7857142857142857,2605,0.045,in,6769.642417602806,0.020804141675260363,0.31483554672975583,0.07788111688077622,-0.19415594951285498
6225.0,869.47,2025-10-27 15:18:57,0,2026-05-15,6642.16015625,0.7896825396825397,2605,0.045,in,6769.642417602806,0.020925728903022873,0.2181657535320326,0.037585963915975074,-0.08387482450826605
6150.0,849.19,2025-10-23 19:02:25,0,2026-05-15,6642.16015625,0.8055555555555556,2605,0.045,in,6769.642417602806,0.021400098776854937,0.1763827178319295,0.025061528648432325,-0.09599618504061089
6275.0,746.86,2025-10-23 18:49:54,0,2026-05-15,6642.16015625,0.8055555555555556,2605,0.045,in,6769.642417602806,0.021400098776854937,0.1679176808231623,0.022713724401607023,-0.07587478184118986
6125.0,824.13,2025-10-22 17:18:02,0,2026-05-15,6642.16015625,0.8095238095238095,2605,0.045,in,6769.642417602806,0.02151578456716447,0.14895994451459477,0.017962576485069028,-0.10006951042824667
5575.0,1268.78,2025-09-22 14:06:24,0,2026-04-17,6642.16015625,0.8174603174603174,2604,0.045,in,6789.098437621407,0.018233049966030226,0.08169999581370492,0.005456457139236654,-0.19702583744420143
5525.0,1320.38,2025-10-17 16:11:22,0,2026-05-15,6642.16015625,0.8293650793650794,2605,0.045,in,6769.642417602806,0.02207760790287824,0.09456566896158355,0.007416734686292571,-0.20316501945522084
6000.0,913.93,2025-11-19 17:53:44,0,2026-06-18,6642.16015625,0.8333333333333334,2606,0.045,in,6782.49740309468,0.019910223180595724,0.1363140371686257,0.015484597274341223,-0.1225859134396191
6500.0,554.14,2025-11-19 20:38:42,0,2026-06-18,6642.16015625,0.8333333333333334,2606,0.045,in,6782.49740309468,0.019910223180595724,0.14010447662386052,0.016357720308371567,-0.04254320576608261
6550.0,488.1,2025-11-19 17:39:00,0,2026-06-18,6642.16015625,0.8333333333333334,2606,0.045,in,6782.49740309468,0.019910223180595724,0.12378544873279573,0.012769031098316334,-0.03488033302051349
6600.0,485.67,2025-11-19 20:38:16,0,2026-06-18,6642.16015625,0.8333333333333334,2606,0.045,in,6782.49740309468,0.019910223180595724,0.1367082634661265,0.01557429108326988,-0.02727573363529419
6700.0,414.01,2025-11-19 20:44:28,0,2026-06-18,6642.16015625,0.8333333333333334,2606,0.045,out,6782.49740309468,0.019910223180595724,0.1303160565519626,0.014151895496045262,-0.012237856270753685
6725.0,396.4,2025-11-19 20:55:03,0,2026-06-18,6642.16015625,0.8333333333333334,2606,0.045,out,6782.49740309468,0.019910223180595724,0.12861263552727004,0.013784341681058668,-0.008513457179771203
6750.0,398.4,2025-11-19 15:29:34,0,2026-06-18,6642.16015625,0.8333333333333334,2606,0.045,out,6782.49740309468,0.019910223180595724,0.13515071136298434,0.015221428984933921,-0.004802877783235611
6775.0,356.7,2025-11-19 17:58:15,0,2026-06-18,6642.16015625,0.8333333333333334,2606,0.045,out,6782.49740309468,0.019910223180595724,0.12300989107319973,0.01260952775153372,-0.0011060159019094164
6800.0,346.07,2025-11-19 17:56:14,0,2026-06-18,6642.16015625,0.8333333333333334,2606,0.045,out,6782.49740309468,0.019910223180595724,0.12394523851894589,0.012802018459598656,0.0025772295143870537
6825.0,352.7,2025-11-19 15:29:45,0,2026-06-18,6642.16015625,0.8333333333333334,2606,0.045,out,6782.49740309468,0.019910223180595724,0.1319521371766843,0.014509472087912093,0.00624695840334941
6850.0,338.8,2025-11-19 15:29:39,0,2026-06-18,6642.16015625,0.8333333333333334,2606,0.045,out,6782.49740309468,0.019910223180595724,0.13121986272730427,0.014348876978477147,0.009903269606459843
6875.0,324.5,2025-11-19 15:29:38,0,2026-06-18,6642.16015625,0.8333333333333334,2606,0.045,out,6782.49740309468,0.019910223180595724,0.1302053487834283,0.014127860709845176,0.013546260884960856
6900.0,292.44,2025-11-19 20:58:10,0,2026-06-18,6642.16015625,0.8333333333333334,2606,0.045,out,6782.49740309468,0.019910223180595724,0.12172254017786148,0.012346980656125918,0.017176028935539725
6925.0,296.1,2025-11-19 15:29:26,0,2026-06-18,6642.16015625,0.8333333333333334,2606,0.045,out,6782.49740309468,0.019910223180595724,0.1279082856823643,0.01363377462183443,0.020792669405728166
6950.0,270.61,2025-11-19 20:44:28,0,2026-06-18,6642.16015625,0.8333333333333334,2606,0.045,out,6782.49740309468,0.019910223180595724,0.12191245859203875,0.012385539633296304,0.024396276909026675
6975.0,251.07,2025-11-19 18:26:51,0,2026-06-18,6642.16015625,0.8333333333333334,2606,0.045,out,6782.49740309468,0.019910223180595724,0.11824581988491792,0.011651728266880376,0.02798694503975518
7000.0,234.5,2025-11-19 19:20:53,0,2026-06-18,6642.16015625,0.8333333333333334,2606,0.045,out,6782.49740309468,0.019910223180595724,0.11566757746968738,0.011149157064755109,0.03156476638763932
7025.0,226.4,2025-11-19 17:58:00,0,2026-06-18,6642.16015625,0.8333333333333334,2606,0.045,out,6782.49740309468,0.019910223180595724,0.11646865051873605,0.01130412212804623,0.03512983255213542
7050.0,232.2,2025-11-19 15:29:15,0,2026-06-18,6642.16015625,0.8333333333333334,2606,0.045,out,6782.49740309468,0.019910223180595724,0.12295361645934008,0.012597993167025421,0.03868223415650319
7075.0,199.2,2025-11-19 17:35:32,0,2026-06-18,6642.16015625,0.8333333333333334,2606,0.045,out,6782.49740309468,0.019910223180595724,0.1130678051929454,0.010653607142624876,0.04222206086162738
7100.0,196.55,2025-11-19 20:51:02,0,2026-06-18,6642.16015625,0.8333333333333334,2606,0.045,out,6782.49740309468,0.019910223180595724,0.11578040849927689,0.01117091916021619,0.04574940137959574
7125.0,183.87,2025-11-19 18:26:51,0,2026-06-18,6642.16015625,0.8333333333333334,2606,0.045,out,6782.49740309468,0.019910223180595724,0.11411627510046124,0.010852103535670126,0.04926434348704017
7150.0,188.6,2025-11-19 15:29:19,0,2026-06-18,6642.16015625,0.8333333333333334,2606,0.045,out,6782.49740309468,0.019910223180595724,0.11979289217621755,0.011958614179952403,0.052766974038242175
6100.0,853.2,2025-11-18 18:25:04,0,2026-06-18,6642.16015625,0.8373015873015873,2606,0.045,in,6782.49740309468,0.020029132075474416,0.14913393943203224,0.018622367574996426,-0.10605661148840842
6150.0,781.02,2025-11-18 16:19:40,0,2026-06-18,6642.16015625,0.8373015873015873,2606,0.045,in,6782.49740309468,0.020029132075474416,0.1264526438991057,0.01338867941450247,-0.0978933008492475
6175.0,749.84,2025-10-15 17:15:25,0,2026-05-15,6642.16015625,0.8373015873015873,2605,0.045,in,6769.642417602806,0.02229488176161873,0.11831802193496793,0.01172151412849742,-0.09193938434499653
6250.0,732.33,2025-10-15 18:43:40,0,2026-05-15,6642.16015625,0.8373015873015873,2605,0.045,in,6769.642417602806,0.02229488176161873,0.14371327248737725,0.017293212259466555,-0.07986680311072727
6350.0,654.59,2025-11-18 19:04:00,0,2026-06-18,6642.16015625,0.8373015873015873,2606,0.045,in,6782.49740309468,0.020029132075474416,0.13995296852718062,0.016400086695671712,-0.06589056976307374
6400.0,592.45,2025-11-18 16:11:29,0,2026-06-18,6642.16015625,0.8373015873015873,2606,0.045,in,6782.49740309468,0.020029132075474416,0.12542613945239364,0.01317219116120438,-0.05804739230204785
6525.0,534.85,2025-11-18 18:25:04,0,2026-06-18,6642.16015625,0.8373015873015873,2606,0.045,in,6782.49740309468,0.020029132075474416,0.1377256371400007,0.015882230505974756,-0.03870442945891699
6625.0,455.4,2025-11-18 20:50:57,0,2026-06-18,6642.16015625,0.8373015873015873,2606,0.045,in,6782.49740309468,0.020029132075474416,0.12911599976426036,0.013958605691949465,-0.02349501079538809
6650.0,447.92,2025-11-18 18:27:00,0,2026-06-18,6642.16015625,0.8373015873015873,2606,0.045,out,6782.49740309468,0.020029132075474416,0.13223744209924754,0.014641676073860473,-0.01972852799991128
5700.0,1182.1,2025-11-17 20:31:37,0,2026-06-18,6642.16015625,0.8412698412698413,2606,0.045,in,6782.49740309468,0.02014691918832595,0.1462271730692299,0.01798835659718065,-0.1738792078271696
6450.0,632.29,2025-11-17 16:34:30,0,2026-06-18,6642.16015625,0.8412698412698413,2606,0.045,in,6782.49740309468,0.02014691918832595,0.1608730672502818,0.021772184438495646,-0.05026525185999291
5500.0,1426.79,2025-11-14 16:02:27,0,2026-06-18,6642.16015625,0.8531746031746031,2606,0.045,in,6782.49740309468,0.020493706362442334,0.21817159131862368,0.04061012420864134,-0.2095972904292488
6250.0,789.18,2025-11-14 15:44:26,0,2026-06-18,6642.16015625,0.8531746031746031,2606,0.045,in,6782.49740309468,0.020493706362442334,0.1715912157841267,0.02512048510662328,-0.08176391891936387
6575.0,529.28,2025-11-14 15:23:49,0,2026-06-18,6642.16015625,0.8531746031746031,2606,0.045,in,6782.49740309468,0.020493706362442334,0.14642233462077534,0.01829163696943109,-0.03107080460384574
6675.0,477.01,2025-11-14 15:44:26,0,2026-06-18,6642.16015625,0.8531746031746031,2606,0.045,out,6782.49740309468,0.020493706362442334,0.1484817829347043,0.01880980385176888,-0.015976178381360773
5200.0,1707.21,2025-11-13 18:26:32,0,2026-06-18,6642.16015625,0.8571428571428571,2606,0.045,in,6782.49740309468,0.02060716142557917,0.24738447277860384,0.0524563520330981,-0.2656867570802923
5900.0,1103.83,2025-11-13 16:41:20,0,2026-06-18,6642.16015625,0.8571428571428571,2606,0.045,in,6782.49740309468,0.02060716142557917,0.20832689570732527,0.037200081835757806,-0.13939303175600032
6200.0,838.17,2025-11-13 20:04:00,0,2026-06-18,6642.16015625,0.8571428571428571,2606,0.045,in,6782.49740309468,0.02060716142557917,0.17858760155507047,0.02733731265359366,-0.08979609061662813
6475.0,645.03,2025-11-13 18:15:40,0,2026-06-18,6642.16015625,0.8571428571428571,2606,0.045,in,6782.49740309468,0.02060716142557917,0.1710770178794201,0.02508629661129893,-0.04639677508207264
5400.0,1497.0,2025-10-09 18:22:27,0,2026-05-15,6642.16015625,0.8611111111111112,2605,0.045,in,6769.642417602806,0.02292267304931591,0.202866107888273,0.03543873304505081,-0.22604931328880873
6325.0,826.08,2025-11-12 18:13:48,0,2026-06-18,6642.16015625,0.8611111111111112,2606,0.045,in,6782.49740309468,0.020719570819931345,0.21207745651303575,0.038730063177560996,-0.06983534805409014
5625.0,1409.87,2025-11-11 18:12:24,0,2026-06-18,6642.16015625,0.8650793650793651,2606,0.045,in,6782.49740309468,0.020830948935436248,0.271976039784357,0.06399075648912107,-0.18712443457719014
6075.0,1021.12,2025-11-11 18:12:24,0,2026-06-18,6642.16015625,0.8650793650793651,2606,0.045,in,6782.49740309468,0.020830948935436248,0.2287626726980103,0.045271645125183585,-0.1101633934410619
6375.0,737.53,2025-11-10 15:50:22,0,2026-06-18,6642.16015625,0.8690476190476191,2606,0.045,in,6782.49740309468,0.020941309899201378,0.18331535967151474,0.029203929043800803,-0.061961291623184235
5600.0,1318.04,2025-11-07 20:17:35,0,2026-06-18,6642.16015625,0.8809523809523809,2606,0.045,in,6782.49740309468,0.02126642733299595,0.18634421556456326,0.030590337308375702,-0.1915787849265705
6050.0,883.16,2025-11-07 17:12:33,0,2026-06-18,6642.16015625,0.8809523809523809,2606,0.045,in,6782.49740309468,0.02126642733299595,0.13221283486259933,0.0153992534997377,-0.114287110624924
6175.0,796.46,2025-11-07 16:00:43,0,2026-06-18,6642.16015625,0.8809523809523809,2606,0.045,in,6782.49740309468,0.02126642733299595,0.1398562050451089,0.017231215459902933,-0.09383650015363316
6300.0,700.0,2025-11-07 17:32:11,0,2026-06-18,6642.16015625,0.8809523809523809,2606,0.045,in,6782.49740309468,0.02126642733299595,0.1372243627232506,0.016588796471849597,-0.073795749270187
6375.0,656.14,2025-11-19 15:52:32,0,2026-06-30,6642.16015625,0.8809523809523809,2606,0.045,in,6782.49740309468,0.02126642733299595,0.14160920542236413,0.017665885267454117,-0.061961291623184235
6425.0,626.16,2025-11-07 19:25:03,0,2026-06-18,6642.16015625,0.8809523809523809,2606,0.045,in,6782.49740309468,0.02126642733299595,0.14327618360964292,0.01808424755286981,-0.05414875188639059
6470.0,583.18,2025-11-19 20:40:05,0,2026-06-30,6642.16015625,0.8809523809523809,2606,0.045,in,6782.49740309468,0.02126642733299595,0.13672828045150873,0.016469072356747088,-0.04716927415486488
6750.0,411.5,2025-11-19 15:29:45,0,2026-06-30,6642.16015625,0.8809523809523809,2606,0.045,out,6782.49740309468,0.02126642733299595,0.13371909500589352,0.015752130134767176,-0.004802877783235611
6800.0,380.5,2025-11-19 15:29:46,0,2026-06-30,6642.16015625,0.8809523809523809,2606,0.045,out,6782.49740309468,0.02126642733299595,0.13161123918526196,0.015259432770370682,0.0025772295143870537
6850.0,348.8,2025-11-19 15:29:01,0,2026-06-30,6642.16015625,0.8809523809523809,2606,0.045,out,6782.49740309468,0.02126642733299595,0.12880498571285484,0.014615638113001985,0.009903269606459843
6870.0,340.33,2025-11-19 15:12:08,0,2026-06-30,6642.16015625,0.8809523809523809,2606,0.045,out,6782.49740309468,0.02126642733299595,0.1292683086704393,0.014720974718597405,0.012818723566583848
6880.0,334.32,2025-11-19 15:12:14,0,2026-06-30,6642.16015625,0.8809523809523809,2606,0.045,out,6782.49740309468,0.02126642733299595,0.12875404848776398,0.01460408059699073,0.014273269277578146
6900.0,320.1,2025-11-19 15:28:50,0,2026-06-30,6642.16015625,0.8809523809523809,2606,0.045,out,6782.49740309468,0.02126642733299595,0.12678629634669483,0.014161102448298598,0.017176028935539725
6910.0,313.42,2025-11-19 14:59:56,0,2026-06-30,6642.16015625,0.8809523809523809,2606,0.045,out,6782.49740309468,0.02126642733299595,0.12595027822549773,0.013974963943999299,0.01862425511190453
6920.0,311.91,2025-11-19 15:12:37,0,2026-06-30,6642.16015625,0.8809523809523809,2606,0.045,out,6782.49740309468,0.02126642733299595,0.12717774712770963,0.01424868182108922,0.020070386961904177
6925.0,304.04,2025-11-19 14:58:54,0,2026-06-30,6642.16015625,0.8809523809523809,2606,0.045,out,6782.49740309468,0.02126642733299595,0.12492066863594929,0.013747414708113043,0.020792669405728166
6950.0,274.5,2025-11-19 19:55:58,0,2026-06-30,6642.16015625,0.8809523809523809,2606,0.045,out,6782.49740309468,0.02126642733299595,0.1175214482480384,0.012167089512802513,0.024396276909026675
6960.0,276.47,2025-11-19 20:44:05,0,2026-06-30,6642.16015625,0.8809523809523809,2606,0.045,out,6782.49740309468,0.02126642733299595,0.12007199992725637,0.012700941694324975,0.025834091678654168
6970.0,264.62,2025-11-19 20:09:57,0,2026-06-30,6642.16015625,0.8809523809523809,2606,0.045,out,6782.49740309468,0.02126642733299595,0.11704568948155157,0.01206877754213896,0.02726984210475838
7000.0,249.46,2025-11-19 17:08:19,0,2026-06-30,6642.16015625,0.8809523809523809,2606,0.045,out,6782.49740309468,0.02126642733299595,0.11604387802790692,0.011863064767308626,0.03156476638763932
7010.0,254.14,2025-11-19 20:40:05,0,2026-06-30,6642.16015625,0.8809523809523809,2606,0.045,out,6782.49740309468,0.02126642733299595,0.11959321436299743,0.01259985395480792,0.032992318378824714
7040.0,227.04,2025-11-19 19:23:40,0,2026-06-30,6642.16015625,0.8809523809523809,2606,0.045,out,6782.49740309468,0.02126642733299595,0.1135252068014452,0.011353690129392935,0.037262787502276955
7100.0,209.72,2025-11-19 20:51:56,0,2026-06-30,6642.16015625,0.8809523809523809,2606,0.045,out,6782.49740309468,0.02126642733299595,0.1157571778056781,0.011804518950019258,0.04574940137959574
5200.0,1689.7,2025-10-03 13:45:39,0,2026-05-15,6642.16015625,0.8849206349206349,2605,0.045,in,6769.642417602806,0.0235166818461953,0.2182466017495166,0.04215016728600118,-0.2637896412716557
5300.0,1586.2,2025-11-06 16:56:48,0,2026-06-18,6642.16015625,0.8849206349206349,2606,0.045,in,6782.49740309468,0.021372855909978034,0.19764535611065243,0.0345682625184118,-0.24663856210959784
5425.0,1543.66,2025-11-06 14:31:29,0,2026-06-18,6642.16015625,0.8849206349206349,2606,0.045,in,6782.49740309468,0.021372855909978034,0.25486643925910535,0.057481702836973,-0.22332748324115084
5925.0,1049.49,2025-10-03 17:03:05,0,2026-05-15,6642.16015625,0.8849206349206349,2605,0.045,in,6769.642417602806,0.0235166818461953,0.17905307172771667,0.02837055776354833,-0.13326757983784257
6300.0,695.26,2025-11-18 16:32:57,0,2026-06-30,6642.16015625,0.8849206349206349,2606,0.045,in,6782.49740309468,0.021372855909978034,0.13387384553845713,0.01585973037219759,-0.073795749270187
6325.0,688.46,2025-11-18 14:41:04,0,2026-06-30,6642.16015625,0.8849206349206349,2606,0.045,in,6782.49740309468,0.021372855909978034,0.13978387510245305,0.017290934832225303,-0.06983534805409014
6700.0,402.55,2025-11-18 15:52:44,0,2026-06-30,6642.16015625,0.8849206349206349,2606,0.045,out,6782.49740309468,0.021372855909978034,0.11795629575770898,0.012312509361429623,-0.012237856270753685
6740.0,382.45,2025-11-18 14:59:10,0,2026-06-30,6642.16015625,0.8849206349206349,2606,0.045,out,6782.49740309468,0.021372855909978034,0.11885025374892225,0.01249984273019387,-0.006285457743458377
6860.0,315.55,2025-11-18 15:28:30,0,2026-06-30,6642.16015625,0.8849206349206349,2606,0.045,out,6782.49740309468,0.021372855909978034,0.11678993087932209,0.012070218309205133,0.011362059070119756
6890.0,287.66,2025-11-18 16:01:39,0,2026-06-30,6642.16015625,0.8849206349206349,2606,0.045,out,6782.49740309468,0.021372855909978034,0.1113369944914989,0.010969411009346083,0.01572570235789325
6975.0,266.95,2025-11-18 17:45:41,0,2026-06-30,6642.16015625,0.8849206349206349,2606,0.045,out,6782.49740309468,0.021372855909978034,0.11836431854864382,0.01239783712271078,0.02798694503975518
6980.0,266.8,2025-11-18 17:44:56,0,2026-06-30,6642.16015625,0.8849206349206349,2606,0.045,out,6782.49740309468,0.021372855909978034,0.11916071965715944,0.012565233314898045,0.028703534106607163
6990.0,265.78,2025-11-18 17:56:39,0,2026-06-30,6642.16015625,0.8849206349206349,2606,0.045,out,6782.49740309468,0.021372855909978034,0.12045078856827146,0.012838775873326233,0.030135173578044926
7075.0,213.34,2025-11-18 15:24:01,0,2026-06-30,6642.16015625,0.8849206349206349,2606,0.045,out,6782.49740309468,0.021372855909978034,0.11299268971200557,0.011298089635011293,0.04222206086162738
7150.0,183.86,2025-11-18 16:52:22,0,2026-06-30,6642.16015625,0.8849206349206349,2606,0.045,out,6782.49740309468,0.021372855909978034,0.11193480322986613,0.011087524757247115,0.052766974038242175
5800.0,1244.0,2025-11-05 19:54:05,0,2026-06-18,6642.16015625,0.8888888888888888,2606,0.045,in,6782.49740309468,0.021478334231808487,0.24145567994537903,0.05182297366923139,-0.15648746511530043
6000.0,1010.09,2025-11-17 14:37:44,0,2026-06-30,6642.16015625,0.8888888888888888,2606,0.045,in,6782.49740309468,0.021478334231808487,0.1885757102323932,0.03160959865746802,-0.1225859134396191
6560.0,548.83,2025-11-17 16:18:52,0,2026-06-30,6642.16015625,0.8888888888888888,2606,0.045,in,6782.49740309468,0.021478334231808487,0.14536356507216847,0.018782725378213825,-0.03335477971167639
6630.0,473.03,2025-11-17 20:11:16,0,2026-06-30,6642.16015625,0.8888888888888888,2606,0.045,in,6782.49740309468,0.021478334231808487,0.13031562092789983,0.015095254273621407,-0.022740578469902867
6640.0,466.48,2025-11-17 20:11:16,0,2026-06-30,6642.16015625,0.8888888888888888,2606,0.045,in,6782.49740309468,0.021478334231808487,0.1300077570708846,0.015024015020979685,-0.021233419179331546
6730.0,452.08,2025-11-17 15:26:07,0,2026-06-30,6642.16015625,0.8888888888888888,2606,0.045,out,6782.49740309468,0.021478334231808487,0.14500872105192347,0.0186911370498796,-0.007770239011037582
6940.0,320.71,2025-11-17 15:59:25,0,2026-06-30,6642.16015625,0.8888888888888888,2606,0.045,out,6782.49740309468,0.021478334231808487,0.13328569812516144,0.015791179844188145,0.02295639185103907
5950.0,966.67,2025-09-30 18:26:08,0,2026-05-15,6642.16015625,0.8968253968253969,2605,0.045,in,6769.642417602806,0.023801858635847575,0.12864902691277505,0.014842973414232087,-0.12905704730149894
6150.0,891.65,2025-11-14 20:34:50,0,2026-06-30,6642.16015625,0.9007936507936508,2606,0.045,in,6782.49740309468,0.021789193250771374,0.17971389804620935,0.029093009243129665,-0.0978933008492475
6225.0,838.41,2025-11-14 19:20:50,0,2026-06-30,6642.16015625,0.9007936507936508,2606,0.045,in,6782.49740309468,0.021789193250771374,0.17882375466232844,0.028805521022055188,-0.08577194031690275
6350.0,734.92,2025-11-14 20:34:50,0,2026-06-30,6642.16015625,0.9007936507936508,2606,0.045,in,6782.49740309468,0.021789193250771374,0.16859832260425298,0.02560541478328445,-0.06589056976307374
6475.0,655.51,2025-11-14 17:05:18,0,2026-06-30,6642.16015625,0.9007936507936508,2606,0.045,in,6782.49740309468,0.021789193250771374,0.16812972680093,0.025463279137909786,-0.04639677508207264
6500.0,622.89,2025-11-14 20:34:50,0,2026-06-30,6642.16015625,0.9007936507936508,2606,0.045,in,6782.49740309468,0.021789193250771374,0.16029486875605245,0.023145392871194676,-0.04254320576608261
6680.0,511.3,2025-11-14 17:37:15,0,2026-06-30,6642.16015625,0.9007936507936508,2606,0.045,out,6782.49740309468,0.021789193250771374,0.15669622154258087,0.022117822329280952,-0.015227395119119655
6825.0,411.5,2025-11-14 19:56:50,0,2026-06-30,6642.16015625,0.9007936507936508,2606,0.045,out,6782.49740309468,0.021789193250771374,0.1464876387820948,0.019329796141751752,0.00624695840334941
6175.0,907.36,2025-11-13 15:45:25,0,2026-06-30,6642.16015625,0.9047619047619048,2606,0.045,in,6782.49740309468,0.021890995034759216,0.19600586909647866,0.03475941493738346,-0.09383650015363316
6250.0,847.36,2025-11-13 15:45:25,0,2026-06-30,6642.16015625,0.9047619047619048,2606,0.045,in,6782.49740309468,0.021890995034759216,0.19082024914671764,0.03294452296209011,-0.08176391891936387
6510.0,614.6,2025-11-13 19:10:27,0,2026-06-30,6642.16015625,0.9047619047619048,2606,0.045,in,6782.49740309468,0.021890995034759216,0.15862902479407706,0.022766675363584687,-0.04100592644719619
6580.0,600.95,2025-11-13 15:40:36,0,2026-06-30,6642.16015625,0.9047619047619048,2606,0.045,in,6782.49740309468,0.021890995034759216,0.17051610758450222,0.02630662456998196,-0.030310637330448167
6590.0,575.02,2025-11-13 16:58:05,0,2026-06-30,6642.16015625,0.9047619047619048,2606,0.045,in,6782.49740309468,0.021890995034759216,0.16184521436372287,0.023699218801730895,-0.028792034153258175
6600.0,566.16,2025-11-13 16:56:32,0,2026-06-30,6642.16015625,0.9047619047619048,2606,0.045,in,6782.49740309468,0.021890995034759216,0.16049050979878804,0.0233041367130487,-0.02727573363529419
6820.0,403.9,2025-11-13 20:58:01,0,2026-06-30,6642.16015625,0.9047619047619048,2606,0.045,out,6782.49740309468,0.021890995034759216,0.14187435594433367,0.018211348791322392,0.005514089187696723
7050.0,278.27,2025-11-13 19:50:01,0,2026-06-30,6642.16015625,0.9047619047619048,2606,0.045,out,6782.49740309468,0.021890995034759216,0.13284354676103582,0.015966702400237082,0.03868223415650319
5850.0,1234.43,2025-11-12 18:38:07,0,2026-06-30,6642.16015625,0.9087301587301587,2606,0.045,in,6782.49740309468,0.02199190772019695,0.251282054430929,0.057379649330545617,-0.14790372142390895
6450.0,737.39,2025-11-12 17:53:09,0,2026-06-30,6642.16015625,0.9087301587301587,2606,0.045,in,6782.49740309468,0.02199190772019695,0.19654181013845434,0.03510304935453395,-0.05026525185999291
5250.0,1762.84,2025-10-30 18:25:06,0,2026-06-18,6642.16015625,0.9126984126984127,2606,0.045,in,6782.49740309468,0.02209194290402218,0.30898746098672847,0.08713828468577682,-0.2561173060641416
5800.0,1273.17,2025-11-11 18:58:10,0,2026-06-30,6642.16015625,0.9126984126984127,2606,0.045,in,6782.49740309468,0.02209194290402218,0.25255472301019116,0.05821545343806948,-0.15648746511530043
6200.0,936.09,2025-11-11 18:58:10,0,2026-06-30,6642.16015625,0.9126984126984127,2606,0.045,in,6782.49740309468,0.02209194290402218,0.21668640131802425,0.04285392539172955,-0.08979609061662813
7080.0,307.92,2025-11-11 18:01:14,0,2026-06-30,6642.16015625,0.9126984126984127,2606,0.045,out,6782.49740309468,0.02209194290402218,0.14833261379570234,0.020081705526019625,0.04292852503795444
5325.0,1634.99,2025-11-10 15:56:48,0,2026-06-30,6642.16015625,0.9166666666666666,2606,0.045,in,6782.49740309468,0.022191111982359745,0.25537688691828475,0.059782574841068185,-0.24193267107218525
7110.0,270.83,2025-11-10 14:42:07,0,2026-06-30,6642.16015625,0.9166666666666666,2606,0.045,out,6782.49740309468,0.022191111982359745,0.13768691472780054,0.017377879279988896,0.047156861147475485
6360.0,661.97,2025-11-07 16:12:57,0,2026-06-30,6642.16015625,0.9285714285714286,2606,0.045,in,6782.49740309468,0.022483533623611548,0.13094655047664683,0.0159222134330378,-0.06431700531564327
6400.0,636.28,2025-11-07 16:10:44,0,2026-06-30,6642.16015625,0.9285714285714286,2606,0.045,in,6782.49740309468,0.022483533623611548,0.1319313975100756,0.016162615531178613,-0.05804739230204785
6425.0,612.65,2025-11-07 16:41:32,0,2026-06-30,6642.16015625,0.9285714285714286,2606,0.045,in,6782.49740309468,0.022483533623611548,0.12866768406845341,0.015372846286143674,-0.05414875188639059
6570.0,536.49,2025-11-07 15:27:42,0,2026-06-30,6642.16015625,0.9285714285714286,2606,0.045,in,6782.49740309468,0.022483533623611548,0.13640294837495553,0.01727678115928216,-0.031831550171154945
6650.0,462.5,2025-11-07 17:54:32,0,2026-06-30,6642.16015625,0.9285714285714286,2606,0.045,out,6782.49740309468,0.022483533623611548,0.12505484651491006,0.014521663591377163,-0.01972852799991128
6675.0,450.38,2025-11-07 15:46:57,0,2026-06-30,6642.16015625,0.9285714285714286,2606,0.045,out,6782.49740309468,0.022483533623611548,0.12603361471225613,0.014749866891906181,-0.015976178381360773
6775.0,386.92,2025-11-07 15:48:37,0,2026-06-30,6642.16015625,0.9285714285714286,2606,0.045,out,6782.49740309468,0.022483533623611548,0.12256051546125628,0.01394814566797678,-0.0011060159019094164
7060.0,245.84,2025-11-07 15:27:42,0,2026-06-30,6642.16015625,0.9285714285714286,2606,0.045,out,6782.49740309468,0.022483533623611548,0.11874837799335929,0.013093950327764184,0.040099668837476586
5900.0,1105.22,2025-11-06 20:08:51,0,2026-06-30,6642.16015625,0.9325396825396826,2606,0.045,in,6782.49740309468,0.02257934837414937,0.191587200248466,0.0342294801399832,-0.13939303175600032
6930.0,340.1,2025-11-06 18:36:55,0,2026-06-30,6642.16015625,0.9325396825396826,2606,0.045,out,6782.49740309468,0.02257934837414937,0.13356477196864966,0.01663608671862613,0.021514430534137822
7130.0,246.5,2025-11-06 15:16:05,0,2026-06-30,6642.16015625,0.9325396825396826,2606,0.045,out,6782.49740309468,0.02257934837414937,0.1290908735663394,0.015540264305390263,0.0499658517585305
6550.0,624.34,2025-11-05 16:18:48,0,2026-06-30,6642.16015625,0.9365079365079365,2606,0.045,in,6782.49740309468,0.022674351135275855,0.1679529812754928,0.02641720684508311,-0.03488033302051349
6575.0,606.17,2025-11-05 16:18:48,0,2026-06-30,6642.16015625,0.9365079365079365,2606,0.045,in,6782.49740309468,0.022674351135275855,0.16634531776720846,0.02591389079113238,-0.03107080460384574
6625.0,569.99,2025-11-05 16:18:48,0,2026-06-30,6642.16015625,0.9365079365079365,2606,0.045,in,6782.49740309468,0.022674351135275855,0.16300708331584615,0.024884241959638308,-0.02349501079538809
6875.0,405.8,2025-11-05 14:55:03,0,2026-06-30,6642.16015625,0.9365079365079365,2606,0.045,out,6782.49740309468,0.022674351135275855,0.14881559844658068,0.020739981874917823,0.013546260884960856
5825.0,1067.03,2025-09-19 16:58:37,0,2026-05-15,6642.16015625,0.9404761904761905,2605,0.045,in,6769.642417602806,0.02478573861477448,0.09969353522930591,0.009347205670890854,-0.15028926740727316
6125.0,859.98,2025-10-22 17:18:02,0,2026-06-18,6642.16015625,0.9444444444444444,2606,0.045,in,6782.49740309468,0.0228619616299374,0.14249892014962318,0.019177834341374867,-0.10196662623688336
6000.0,954.46,2025-11-19 14:44:07,0,2026-07-17,6642.16015625,0.9484126984126984,2607,0.045,in,6824.604848689864,0.016428886924212432,0.13928614943846368,0.018399805201068153,-0.12877497253897732
6700.0,445.69,2025-11-19 14:44:07,0,2026-07-17,6642.16015625,0.9484126984126984,2607,0.045,out,6824.604848689864,0.016428886924212432,0.12721046972489813,0.01534769191358486,-0.018426915370112033
6750.0,407.89,2025-11-19 17:55:56,0,2026-07-17,6642.16015625,0.9484126984126984,2607,0.045,out,6824.604848689864,0.016428886924212432,0.12303023850227932,0.014355591512050507,-0.010991936882593966
6775.0,391.9,2025-11-19 17:42:59,0,2026-07-17,6642.16015625,0.9484126984126984,2607,0.045,out,6824.604848689864,0.016428886924212432,0.12198325891636977,0.014112300769643203,-0.007295075001267774
6800.0,370.4,2025-11-19 17:35:32,0,2026-07-17,6642.16015625,0.9484126984126984,2607,0.045,out,6824.604848689864,0.016428886924212432,0.1186465067470503,0.013350799450886533,-0.0036118295849714185
6825.0,356.0,2025-11-19 17:35:32,0,2026-07-17,6642.16015625,0.9484126984126984,2607,0.045,out,6824.604848689864,0.016428886924212432,0.11803858297916447,0.013214335675171643,5.7899303991156604e-05
6850.0,342.9,2025-11-19 17:35:06,0,2026-07-17,6642.16015625,0.9484126984126984,2607,0.045,out,6824.604848689864,0.016428886924212432,0.11782917231409218,0.013167490514783898,0.003714210507101476
6875.0,328.1,2025-11-19 17:35:32,0,2026-07-17,6642.16015625,0.9484126984126984,2607,0.045,out,6824.604848689864,0.016428886924212432,0.11683897379628908,0.012947109705027826,0.007357201785602594
6900.0,317.7,2025-11-19 17:33:09,0,2026-07-17,6642.16015625,0.9484126984126984,2607,0.045,out,6824.604848689864,0.016428886924212432,0.11745112716666159,0.013083132453094903,0.01098696983618135
6925.0,307.1,2025-11-19 17:42:38,0,2026-07-17,6642.16015625,0.9484126984126984,2607,0.045,out,6824.604848689864,0.016428886924212432,0.11786430764448284,0.013175344479947134,0.014603610306369898
6950.0,289.5,2025-11-19 17:35:06,0,2026-07-17,6642.16015625,0.9484126984126984,2607,0.045,out,6824.604848689864,0.016428886924212432,0.1154452693010593,0.012640074756962664,0.018207217809668295
6975.0,274.8,2025-11-19 17:36:57,0,2026-07-17,6642.16015625,0.9484126984126984,2607,0.045,out,6824.604848689864,0.016428886924212432,0.11403707183693981,0.012333589075401849,0.021797885940396906
7000.0,262.5,2025-11-19 17:36:56,0,2026-07-17,6642.16015625,0.9484126984126984,2607,0.045,out,6824.604848689864,0.016428886924212432,0.11344053662095074,0.012204890985614978,0.02537570728828093
7025.0,250.8,2025-11-19 17:36:57,0,2026-07-17,6642.16015625,0.9484126984126984,2607,0.045,out,6824.604848689864,0.016428886924212432,0.11295697389012503,0.012101061230750153,0.028940773452777138
7050.0,238.8,2025-11-19 17:36:31,0,2026-07-17,6642.16015625,0.9484126984126984,2607,0.045,out,6824.604848689864,0.016428886924212432,0.11223593338761403,0.011947064419325219,0.03249317505714501
7075.0,227.9,2025-11-19 17:36:59,0,2026-07-17,6642.16015625,0.9484126984126984,2607,0.045,out,6824.604848689864,0.016428886924212432,0.11182159204881163,0.011859017298218547,0.036033001762268875
7100.0,218.9,2025-11-19 17:35:06,0,2026-07-17,6642.16015625,0.9484126984126984,2607,0.045,out,6824.604848689864,0.016428886924212432,0.11203177824737669,0.011903640958759456,0.03956034228023734
7125.0,206.3,2025-11-19 17:36:42,0,2026-07-17,6642.16015625,0.9484126984126984,2607,0.045,out,6824.604848689864,0.016428886924212432,0.11070387341115466,0.011623127276141572,0.04307528438768187
7150.0,196.0,2025-11-19 17:36:31,0,2026-07-17,6642.16015625,0.9484126984126984,2607,0.045,out,6824.604848689864,0.016428886924212432,0.11015583761804515,0.011508332326026263,0.04657791493888398
5500.0,1382.83,2025-11-18 18:10:34,0,2026-07-17,6642.16015625,0.9523809523809523,2607,0.045,in,6824.604848689864,0.01654793322869488,0.12975752041332683,0.016035251527442788,-0.21578634952860723
6075.0,880.12,2025-11-18 17:39:31,0,2026-07-17,6642.16015625,0.9523809523809523,2607,0.045,in,6824.604848689864,0.01654793322869488,0.1281888129839407,0.015649877880220688,-0.11635245254042027
6175.0,831.23,2025-11-18 18:40:33,0,2026-07-17,6642.16015625,0.9523809523809523,2607,0.045,in,6824.604848689864,0.01654793322869488,0.1461043913438082,0.020329993495185387,-0.10002555925299143
6500.0,588.46,2025-11-18 18:10:34,0,2026-07-17,6642.16015625,0.9523809523809523,2607,0.045,in,6824.604848689864,0.01654793322869488,0.13655363611135782,0.01775894812879345,-0.04873226486544093
6600.0,508.1,2025-11-18 16:39:12,0,2026-07-17,6642.16015625,0.9523809523809523,2607,0.045,in,6824.604848689864,0.01654793322869488,0.12843950780372212,0.01571114968082133,-0.03346479273465252
6375.0,722.25,2025-11-17 16:33:45,0,2026-07-17,6642.16015625,0.9563492063492064,2607,0.045,in,6824.604848689864,0.016665991597040547,0.16046994217630184,0.024626568112848503,-0.06815035072254254
6450.0,621.12,2025-11-17 19:48:56,0,2026-07-17,6642.16015625,0.9563492063492064,2607,0.045,in,6824.604848689864,0.016665991597040547,0.13613203247962086,0.017722996802995414,-0.056454310959351224
6650.0,525.15,2025-11-17 16:33:45,0,2026-07-17,6642.16015625,0.9563492063492064,2607,0.045,out,6824.604848689864,0.016665991597040547,0.14722620161405578,0.0207293992875013,-0.025917587099269623
7125.0,302.4,2025-10-30 17:00:53,0,2026-06-30,6642.16015625,0.9603174603174603,2606,0.045,out,6782.49740309468,0.023227879619525212,0.1469263657543591,0.020730715804824038,0.04926434348704017
7025.0,367.5,2025-10-29 19:20:43,0,2026-06-30,6642.16015625,0.9642857142857143,2606,0.045,out,6782.49740309468,0.023317476822737045,0.15610204696492097,0.02349756874282988,0.03512983255213542
5400.0,1669.6,2025-10-28 16:58:11,0,2026-06-30,6642.16015625,0.9682539682539683,2606,0.045,in,6782.49740309468,0.02340633962264386,0.30492349545682806,0.09002664480917817,-0.2279464290974453
5700.0,1391.06,2025-10-28 14:28:00,0,2026-06-30,6642.16015625,0.9682539682539683,2606,0.045,in,6782.49740309468,0.02340633962264386,0.26629328357276427,0.06866093468942609,-0.1738792078271696
5950.0,982.2,2025-10-16 16:35:48,0,2026-06-18,6642.16015625,0.9682539682539683,2606,0.045,in,6782.49740309468,0.02340633962264386,0.12321227373239943,0.014699319496774148,-0.1309541631101357
6100.0,1070.77,2025-10-28 18:19:34,0,2026-06-30,6642.16015625,0.9682539682539683,2606,0.045,in,6782.49740309468,0.02340633962264386,0.2392903846571947,0.055442113961153665,-0.10605661148840842
6150.0,846.51,2025-11-14 14:33:51,0,2026-07-17,6642.16015625,0.9682539682539683,2607,0.045,in,6824.604848689864,0.017014360552814637,0.14103447958202003,0.019259272861734043,-0.10408235994860587
6125.0,1049.92,2025-10-28 18:19:34,0,2026-06-30,6642.16015625,0.9682539682539683,2606,0.045,in,6782.49740309468,0.02340633962264386,0.2369300797792527,0.05435377182470454,-0.10196662623688336
6275.0,763.53,2025-10-16 14:30:46,0,2026-06-18,6642.16015625,0.9682539682539683,2606,0.045,in,6782.49740309468,0.02340633962264386,0.1455648636027095,0.020516458737400014,-0.07777189764982648
6350.0,763.77,2025-11-14 18:55:03,0,2026-07-17,6642.16015625,0.9682539682539683,2607,0.045,in,6824.604848689864,0.017014360552814637,0.17021125881584712,0.028052130639495125,-0.07207962886243216
6610.0,661.91,2025-10-28 18:29:11,0,2026-06-30,6642.16015625,0.9682539682539683,2606,0.045,in,6782.49740309468,0.02340633962264386,0.192389473705297,0.03583867119283605,-0.025761728804079155
6620.0,643.87,2025-10-28 17:33:50,0,2026-06-30,6642.16015625,0.9682539682539683,2606,0.045,in,6782.49740309468,0.02340633962264386,0.18723901077054877,0.03394548057800562,-0.024250012718757253
6770.0,537.3,2025-10-28 17:43:31,0,2026-06-30,6642.16015625,0.9682539682539683,2606,0.045,out,6782.49740309468,0.02340633962264386,0.17584053086394683,0.029938308412149093,-0.0018442957434903766
6840.0,475.8,2025-10-28 13:47:34,0,2026-06-30,6642.16015625,0.9682539682539683,2606,0.045,out,6782.49740309468,0.02340633962264386,0.16521476404225705,0.02642938116999776,0.00844234896678504
5675.0,1241.95,2025-10-15 19:01:12,0,2026-06-18,6642.16015625,0.9722222222222222,2606,0.045,in,6782.49740309468,0.02349447701193919,0.14600660447162847,0.0207257638674086,-0.1782748193002076
6200.0,871.17,2025-11-13 20:04:00,0,2026-07-17,6642.16015625,0.9722222222222222,2607,0.045,in,6824.604848689864,0.01712858765259907,0.17318677037268052,0.02916050028122736,-0.09598514971598653
6400.0,725.23,2025-11-13 21:04:28,0,2026-07-17,6642.16015625,0.9722222222222222,2607,0.045,in,6824.604848689864,0.01712858765259907,0.16648281374440554,0.026946623736914026,-0.06423645140140616
6525.0,626.69,2025-11-13 18:42:35,0,2026-07-17,6642.16015625,0.9722222222222222,2607,0.045,in,6824.604848689864,0.01712858765259907,0.15697744261847535,0.023957419782952367,-0.04489348855827532
6550.0,610.83,2025-11-13 18:46:57,0,2026-07-17,6642.16015625,0.9722222222222222,2607,0.045,in,6824.604848689864,0.01712858765259907,0.15655306078937323,0.023828059152451155,-0.04106939211987182
6520.0,704.52,2025-10-27 19:58:38,0,2026-06-30,6642.16015625,0.9722222222222222,2606,0.045,in,6782.49740309468,0.02349447701193919,0.18869949982988374,0.0346184039794914,-0.0394710067291125
6625.0,555.9,2025-11-13 20:03:51,0,2026-07-17,6642.16015625,0.9722222222222222,2607,0.045,in,6824.604848689864,0.01712858765259907,0.15174684954244036,0.022387464503110032,-0.029684069894746427
6675.0,566.07,2025-11-13 14:39:02,0,2026-07-17,6642.16015625,0.9722222222222222,2607,0.045,out,6824.604848689864,0.01712858765259907,0.1671133356407391,0.027151120644836144,-0.022165237480719118
6690.0,568.96,2025-10-27 19:09:31,0,2026-06-30,6642.16015625,0.9722222222222222,2606,0.045,out,6782.49740309468,0.02349447701193919,0.17148231475644304,0.028589345822165917,-0.013731508527536955
6710.0,553.66,2025-10-27 19:21:02,0,2026-06-30,6642.16015625,0.9722222222222222,2606,0.045,out,6782.49740309468,0.02349447701193919,0.16957302778200267,0.027956261424734855,-0.010746431684083659
6720.0,547.28,2025-10-27 19:09:21,0,2026-06-30,6642.16015625,0.9722222222222222,2606,0.045,out,6782.49740309468,0.02349447701193919,0.16911022857284383,0.027803873035516166,-0.00925722813261582
6725.0,543.64,2025-10-27 19:13:02,0,2026-06-30,6642.16015625,0.9722222222222222,2606,0.045,out,6782.49740309468,0.02349447701193919,0.16869592641762315,0.02766780682351401,-0.008513457179771203
6760.0,519.18,2025-10-27 19:09:37,0,2026-06-30,6642.16015625,0.9722222222222222,2606,0.045,out,6782.49740309468,0.02349447701193919,0.16613023155853424,0.026832607897756308,-0.0033224926128013667
6810.0,474.49,2025-10-27 14:45:01,0,2026-06-30,6642.16015625,0.9722222222222222,2606,0.045,out,6782.49740309468,0.02349447701193919,0.158439971338371,0.02440591272554539,0.004046737493747014
6225.0,760.6,2025-10-14 15:48:49,0,2026-06-18,6642.16015625,0.9761904761904762,2606,0.045,in,6782.49740309468,0.02358189783709391,0.12211622648275143,0.014557316275853625,-0.08577194031690275
6300.0,878.36,2025-11-12 18:13:14,0,2026-07-17,6642.16015625,0.9761904761904762,2607,0.045,in,6824.604848689864,0.017241886076775494,0.20670515371217305,0.04170971055757373,-0.07998480836954541
6325.0,849.58,2025-11-12 16:05:08,0,2026-07-17,6642.16015625,0.9761904761904762,2607,0.045,in,6824.604848689864,0.017241886076775494,0.20069605622881698,0.03931988539090045,-0.07602440715344844
6475.0,740.39,2025-11-12 15:34:03,0,2026-07-17,6642.16015625,0.9761904761904762,2607,0.045,in,6824.604848689864,0.017241886076775494,0.19224141887579607,0.03607684019967977,-0.05258583418143096
5300.0,1732.74,2025-11-11 19:18:01,0,2026-07-17,6642.16015625,0.9801587301587301,2607,0.045,in,6824.604848689864,0.01735426710480474,0.2950399682498571,0.08532142844295454,-0.25282762120895624
5600.0,1465.01,2025-11-11 19:18:01,0,2026-07-17,6642.16015625,0.9801587301587301,2607,0.045,in,6824.604848689864,0.01735426710480474,0.2650620956025828,0.06886390828465273,-0.19776784402592879
6025.0,1097.02,2025-11-11 18:25:22,0,2026-07-17,6642.16015625,0.9801587301587301,2607,0.045,in,6824.604848689864,0.01735426710480474,0.22568904092223693,0.04992491733540709,-0.12461696239031371
6050.0,1052.6,2025-11-11 13:21:27,0,2026-07-17,6642.16015625,0.9801587301587301,2607,0.045,in,6824.604848689864,0.01735426710480474,0.21173323030490007,0.043941457624567144,-0.12047616972428225
6250.0,917.75,2025-11-11 21:09:57,0,2026-07-17,6642.16015625,0.9801587301587301,2607,0.045,in,6824.604848689864,0.01735426710480474,0.2097237650831986,0.04311135808431011,-0.08795297801872227
6275.0,874.13,2025-11-10 19:26:31,0,2026-07-17,6642.16015625,0.9841269841269841,2607,0.045,in,6824.604848689864,0.017465741834220852,0.19619726935429363,0.03788236265284186,-0.08396095674918477
5575.0,1365.53,2025-11-07 20:19:26,0,2026-07-17,6642.16015625,0.996031746031746,2607,0.045,in,6824.604848689864,0.01779483655333375,0.17740798804207353,0.031348699005973264,-0.20224212442084996
6420.0,681.94,2025-10-21 17:30:49,0,2026-06-30,6642.16015625,0.996031746031746,2606,0.045,in,6782.49740309468,0.024008553258665744,0.14877870287715886,0.022047264721755114,-0.054927264965804266
6575.0,540.07,2025-11-07 17:26:55,0,2026-07-17,6642.16015625,0.996031746031746,2607,0.045,in,6824.604848689864,0.01779483655333375,0.12935841491412747,0.016667196336440416,-0.03725986370320419
5850.0,1158.33,2025-10-08 16:22:11,0,2026-06-18,6642.16015625,1.0,2606,0.045,in,6782.49740309468,0.024091852650496435,0.1861628943187194,0.034656623221122694,-0.14790372142390895
5900.0,1190.61,2025-11-05 18:58:48,0,2026-07-17,6642.16015625,1.003968253968254,2607,0.045,in,6824.604848689864,0.018009897133939808,0.22494052977227122,0.050799028608572216,-0.14558209085535867
6725.0,545.6,2025-11-04 15:08:38,0,2026-07-17,6642.16015625,1.007936507936508,2607,0.045,out,6824.604848689864,0.01811615738144398,0.1642480012822637,0.027191512321450388,-0.014702516279129555
5600.0,1328.61,2025-10-16 14:34:06,0,2026-06-30,6642.16015625,1.0158730158730158,2606,0.045,in,6782.49740309468,0.024418542452832426,0.15608881751360498,0.024750444650458895,-0.1915787849265705
5975.0,1046.63,2025-10-03 16:44:36,0,2026-06-18,6642.16015625,1.0198412698412698,2606,0.045,in,6782.49740309468,0.024498625945233856,0.17141727025643178,0.029966894044987334,-0.12676128485009966
5875.0,1062.4,2025-09-29 13:40:09,0,2026-06-18,6642.16015625,1.0357142857142858,2606,0.045,in,6782.49740309468,0.02481282324875518,0.11957289361943396,0.014808308205971775,-0.14363932263745136
6525.0,626.27,2025-10-10 14:08:57,0,2026-06-30,6642.16015625,1.0396825396825398,2606,0.045,in,6782.49740309468,0.024889873541698863,0.14662504415804006,0.022352034668567326,-0.03870442945891699
6830.0,381.63,2025-10-10 15:06:21,0,2026-06-30,6642.16015625,1.0396825396825398,2606,0.045,out,6782.49740309468,0.024889873541698863,0.11797195339860005,0.01446965884378787,0.006979290915024664
6025.0,914.11,2025-09-26 16:47:28,0,2026-06-18,6642.16015625,1.0476190476190477,2606,0.045,in,6782.49740309468,0.02504222298456478,0.09666737351324843,0.009789561154423688,-0.11842790329095534
6780.0,451.8,2025-10-08 18:19:58,0,2026-06-30,6642.16015625,1.0476190476190477,2606,0.045,out,6782.49740309468,0.02504222298456478,0.13381747640217556,0.01875983684734428,-0.00036828071536982394
6425.0,687.43,2025-10-22 15:00:24,0,2026-07-17,6642.16015625,1.0595238095238095,2607,0.045,in,6824.604848689864,0.019425108520175174,0.142846858952638,0.021619821845529782,-0.0603378109857489
5575.0,1328.24,2025-09-22 14:42:33,0,2026-06-18,6642.16015625,1.0634920634920635,2606,0.045,in,6782.49740309468,0.02534010025345187,0.08070026489558235,0.006926026897342061,-0.19605306532149164
5650.0,1262.96,2025-09-22 14:43:04,0,2026-06-18,6642.16015625,1.0634920634920635,2606,0.045,in,6782.49740309468,0.02534010025345187,0.10569802514129809,0.011881410456470195,-0.18268983750932447
6100.0,948.11,2025-10-21 13:50:49,0,2026-07-17,6642.16015625,1.0634920634920635,2607,0.045,in,6824.604848689864,0.01952053721972676,0.1595610475775859,0.027076218564631657,-0.1122456705877668
6125.0,912.11,2025-10-20 13:45:25,0,2026-07-17,6642.16015625,1.0674603174603174,2607,0.045,in,6824.604848689864,0.019615256412218483,0.14915324753205733,0.023747460103482602,-0.10815568533624176
6225.0,834.61,2025-10-20 13:42:39,0,2026-07-17,6642.16015625,1.0674603174603174,2607,0.045,in,6824.604848689864,0.019615256412218483,0.14659433674149214,0.022939615011501508,-0.09196099941626103
6275.0,782.0,2025-10-02 16:26:59,0,2026-06-30,6642.16015625,1.0714285714285714,2606,0.045,in,6782.49740309468,0.025485729140463338,0.13729573445248042,0.02019655574876359,-0.07777189764982648
6000.0,971.71,2025-11-19 14:32:58,0,2026-08-21,6642.16015625,1.0873015873015872,2608,0.045,in,6826.813037082715,0.019780946469381114,0.12014112875335395,0.015693992397490523,-0.12909848302420115
6475.0,626.4,2025-11-19 17:08:43,0,2026-08-21,6642.16015625,1.0873015873015872,2608,0.045,in,6826.813037082715,0.019780946469381114,0.1262196925452538,0.01732224823580889,-0.052909344666654666
6825.0,403.3,2025-11-19 17:42:51,0,2026-08-21,6642.16015625,1.0873015873015872,2608,0.045,out,6826.813037082715,0.019780946469381114,0.1196430654000302,0.015564138448168879,-0.0002656111812326645
6925.0,347.3,2025-11-19 17:42:51,0,2026-08-21,6642.16015625,1.0873015873015872,2608,0.045,out,6826.813037082715,0.019780946469381114,0.11732851836202363,0.014967773232387276,0.014280099821146093
7075.0,284.77,2025-11-19 14:57:07,0,2026-08-21,6642.16015625,1.0873015873015872,2608,0.045,out,6826.813037082715,0.019780946469381114,0.11869650516381602,0.015318840208890643,0.03570949127704515
7100.0,271.59,2025-11-19 15:50:57,0,2026-08-21,6642.16015625,1.0873015873015872,2608,0.045,out,6826.813037082715,0.019780946469381114,0.11757847027065675,0.01503161463454537,0.039236831795013694
5500.0,1409.57,2025-11-18 19:49:46,0,2026-08-21,6642.16015625,1.0912698412698412,2608,0.045,in,6826.813037082715,0.019872652118583366,0.10659813636234715,0.012400276729680667,-0.21610986001383087
6175.0,831.7,2025-11-18 16:19:34,0,2026-08-21,6642.16015625,1.0912698412698412,2608,0.045,in,6826.813037082715,0.019872652118583366,0.12005436185108827,0.015728526566884168,-0.10034906973821518
6300.0,765.99,2025-11-18 19:00:39,0,2026-08-21,6642.16015625,1.0912698412698412,2608,0.045,in,6826.813037082715,0.019872652118583366,0.13492447584982672,0.01986614643024357,-0.08030831885476919
6400.0,681.53,2025-11-18 16:35:27,0,2026-08-21,6642.16015625,1.0912698412698412,2608,0.045,in,6826.813037082715,0.019872652118583366,0.12780082636278683,0.017823766211222527,-0.06455996188663002
6450.0,646.1,2025-11-18 17:03:52,0,2026-08-21,6642.16015625,1.0912698412698412,2608,0.045,in,6826.813037082715,0.019872652118583366,0.12704533229580325,0.017613658833299777,-0.05677782144457502
6500.0,627.15,2025-11-18 19:49:46,0,2026-08-21,6642.16015625,1.0912698412698412,2608,0.045,in,6826.813037082715,0.019872652118583366,0.13301452197645436,0.01930768785941183,-0.04905577535066466
6650.0,528.22,2025-11-18 18:08:46,0,2026-08-21,6642.16015625,1.0912698412698412,2608,0.045,out,6826.813037082715,0.019872652118583366,0.1300119410842953,0.01844584851880645,-0.02624109758449339
6700.0,490.6,2025-11-18 19:00:39,0,2026-08-21,6642.16015625,1.0912698412698412,2608,0.045,out,6826.813037082715,0.019872652118583366,0.1265379210514673,0.017473244057966377,-0.018750425855335734
6775.0,428.62,2025-11-18 17:11:03,0,2026-08-21,6642.16015625,1.0912698412698412,2608,0.045,out,6826.813037082715,0.019872652118583366,0.11873776299069237,0.015385438488132161,-0.007618585486491548
6850.0,394.0,2025-11-18 17:42:25,0,2026-08-21,6642.16015625,1.0912698412698412,2608,0.045,out,6826.813037082715,0.019872652118583366,0.12049837616716537,0.01584508385398418,0.003390700021877853
6900.0,374.4,2025-11-18 18:30:38,0,2026-08-21,6642.16015625,1.0912698412698412,2608,0.045,out,6826.813037082715,0.019872652118583366,0.12240448810706675,0.016350341844869394,0.01066345935095746
6950.0,344.4,2025-11-18 18:29:52,0,2026-08-21,6642.16015625,1.0912698412698412,2608,0.045,out,6826.813037082715,0.019872652118583366,0.120114330409276,0.015744243657376582,0.017883707324444574
6975.0,325.6,2025-11-18 17:42:27,0,2026-08-21,6642.16015625,1.0912698412698412,2608,0.045,out,6826.813037082715,0.019872652118583366,0.11745632872613575,0.01505514689841693,0.02147437545517327
7000.0,314.7,2025-11-18 14:46:55,0,2026-08-21,6642.16015625,1.0912698412698412,2608,0.045,out,6826.813037082715,0.019872652118583366,0.11756368071419857,0.015082679489461334,0.025052196803057168
7125.0,247.23,2025-11-18 17:10:49,0,2026-08-21,6642.16015625,1.0912698412698412,2608,0.045,out,6826.813037082715,0.019872652118583366,0.11189972360040178,0.013664387853205302,0.0427517739024581
6025.0,925.16,2025-09-26 16:47:28,0,2026-06-30,6642.16015625,1.0952380952380953,2606,0.045,in,6782.49740309468,0.025909952420018485,0.09418845289611737,0.009716366055055941,-0.11842790329095534
6225.0,884.94,2025-11-17 17:37:46,0,2026-08-21,6642.16015625,1.0952380952380953,2608,0.045,in,6826.813037082715,0.01996369323409575,0.16666615630990622,0.030423094102843627,-0.09228450990148483
6350.0,776.79,2025-11-17 17:52:19,0,2026-08-21,6642.16015625,1.0952380952380953,2608,0.045,in,6826.813037082715,0.01996369323409575,0.1553676891373732,0.026438082525781476,-0.07240313934765585
6425.0,686.94,2025-11-17 19:37:40,0,2026-08-21,6642.16015625,1.0952380952380953,2608,0.045,in,6826.813037082715,0.01996369323409575,0.1372977551067544,0.020645975800911858,-0.060661321470972675
6625.0,548.8,2025-11-17 19:37:52,0,2026-08-21,6642.16015625,1.0952380952380953,2608,0.045,in,6826.813037082715,0.01996369323409575,0.1318413018892794,0.019037569729942024,-0.030007580379970283
6800.0,471.38,2025-11-17 16:38:06,0,2026-08-21,6642.16015625,1.0952380952380953,2608,0.045,out,6826.813037082715,0.01996369323409575,0.1392281893866742,0.021230630502738438,-0.003935340070195105
6875.0,419.4,2025-11-17 18:47:19,0,2026-08-21,6642.16015625,1.0952380952380953,2608,0.045,out,6826.813037082715,0.01996369323409575,0.1339584813831995,0.01965391042349234,0.007033691300378836
7025.0,336.21,2025-11-17 16:04:29,0,2026-08-21,6642.16015625,1.0952380952380953,2608,0.045,out,6826.813037082715,0.01996369323409575,0.12885097146759109,0.018183770262250733,0.02861726296755324
7050.0,317.2,2025-11-17 18:30:01,0,2026-08-21,6642.16015625,1.0952380952380953,2608,0.045,out,6826.813037082715,0.01996369323409575,0.12584042804923462,0.017343986029863603,0.0321696645719212
5975.0,976.96,2025-10-10 17:44:08,0,2026-07-17,6642.16015625,1.1071428571428572,2607,0.045,in,6824.604848689864,0.02052510385264076,0.0995088220569837,0.010962934845793639,-0.13295034394945804
6375.0,796.6,2025-11-14 17:19:31,0,2026-08-21,6642.16015625,1.1071428571428572,2608,0.045,in,6826.813037082715,0.02023290083372913,0.1692700230636267,0.031722234355242226,-0.06847386120776626
6550.0,649.47,2025-11-14 15:51:55,0,2026-08-21,6642.16015625,1.1071428571428572,2608,0.045,in,6826.813037082715,0.02023290083372913,0.15273321907651544,0.025826804374775737,-0.0413929026050956
6575.0,630.8,2025-11-14 15:54:44,0,2026-08-21,6642.16015625,1.1071428571428572,2608,0.045,in,6826.813037082715,0.02023290083372913,0.15116986720249298,0.0253007925446643,-0.03758337418842788
6675.0,537.45,2025-11-14 15:01:09,0,2026-08-21,6642.16015625,1.1071428571428572,2608,0.045,out,6826.813037082715,0.02023290083372913,0.137182331567489,0.020835312675823826,-0.02248874796594291
6600.0,621.1,2025-11-13 18:28:24,0,2026-08-21,6642.16015625,1.1111111111111112,2608,0.045,in,6826.813037082715,0.02032135475932295,0.15254468655231698,0.025855423772605156,-0.03378830321987624
6725.0,547.98,2025-11-13 17:15:11,0,2026-08-21,6642.16015625,1.1111111111111112,2608,0.045,out,6826.813037082715,0.02032135475932295,0.151149157178004,0.02538451968402329,-0.015026026764353393
7150.0,299.38,2025-11-13 17:15:22,0,2026-08-21,6642.16015625,1.1111111111111112,2608,0.045,out,6826.813037082715,0.02032135475932295,0.13227177315657412,0.019439802193315783,0.04625440445366008
6200.0,990.19,2025-11-12 17:33:51,0,2026-08-21,6642.16015625,1.1150793650793651,2608,0.045,in,6826.813037082715,0.020409179119610057,0.20398338943407268,0.04639758614828781,-0.0963086602012103
6750.0,587.88,2025-11-12 18:56:27,0,2026-08-21,6642.16015625,1.1150793650793651,2608,0.045,out,6826.813037082715,0.020409179119610057,0.1704343033705527,0.032390660103487984,-0.011315447367817715
5900.0,1200.6,2025-11-10 15:08:05,0,2026-08-21,6642.16015625,1.123015873015873,2608,0.045,in,6826.813037082715,0.020582965839612815,0.20636500889553264,0.04782533445117569,-0.1459056013405824
6025.0,1099.53,2025-11-10 15:25:40,0,2026-08-21,6642.16015625,1.123015873015873,2608,0.045,in,6826.813037082715,0.020582965839612815,0.19941092399328664,0.04465640793660057,-0.12494047287553743
6150.0,1008.73,2025-11-10 18:42:56,0,2026-08-21,6642.16015625,1.123015873015873,2608,0.045,in,6826.813037082715,0.020582965839612815,0.19632297159464154,0.043284074193402265,-0.10440587043382961
6525.0,732.2,2025-11-10 20:39:04,0,2026-08-21,6642.16015625,1.123015873015873,2608,0.045,in,6826.813037082715,0.020582965839612815,0.17760810209099276,0.03542512910209188,-0.04521699904349907
6250.0,823.34,2025-11-07 19:00:56,0,2026-08-21,6642.16015625,1.1349206349206349,2608,0.045,in,6826.813037082715,0.02083908857556093,0.1387135899899869,0.021837530054374263,-0.088276488503946
6325.0,770.03,2025-11-07 15:00:27,0,2026-08-21,6642.16015625,1.1349206349206349,2608,0.045,in,6826.813037082715,0.02083908857556093,0.13843960033397845,0.021751347464367708,-0.07634791763867223
6125.0,1041.76,2025-10-31 17:19:39,0,2026-08-21,6642.16015625,1.1626984126984128,2608,0.045,in,6826.813037082715,0.02141631171539395,0.19714668172859312,0.04519038308000949,-0.10847919582146545
6275.0,826.9,2025-10-23 14:18:29,0,2026-08-21,6642.16015625,1.1944444444444444,2608,0.045,in,6826.813037082715,0.02204312070634693,0.13973652781686668,0.02332307721865278,-0.08428446723440851
7100.0,326.94,2025-11-20 06:55:16,0,2026-09-18,6642.16015625,1.1944444444444444,2609,0.045,out,6889.035465788719,0.01444700975755463,0.12651707985726326,0.01911896039753313,0.030163699272845148
6000.0,1004.2,2025-11-19 17:31:39,0,2026-09-18,6642.16015625,1.1984126984126984,2609,0.045,in,6889.035465788719,0.014548178599417032,0.12027154610122626,0.01733533305586102,-0.1381716155463697
6075.0,959.64,2025-10-22 17:20:53,0,2026-08-21,6642.16015625,1.1984126984126984,2608,0.045,in,6826.813037082715,0.02211913686294843,0.1307325355528876,0.020482066457659844,-0.11667596302564404
6200.0,886.26,2025-11-19 15:08:20,0,2026-09-18,6642.16015625,1.1984126984126984,2609,0.045,in,6889.035465788719,0.014548178599417032,0.14201393092199024,0.024169535261613397,-0.10538179272337884
6225.0,867.68,2025-11-19 15:08:20,0,2026-09-18,6642.16015625,1.1984126984126984,2609,0.045,in,6889.035465788719,0.014548178599417032,0.1417045545818999,0.02406434364426549,-0.10135764242365339
6300.0,778.7,2025-11-19 20:02:07,0,2026-09-18,6642.16015625,1.1984126984126984,2609,0.045,in,6889.035465788719,0.014548178599417032,0.12439069861020785,0.01854309469056405,-0.08938145137693766
6400.0,711.9,2025-11-19 18:07:34,0,2026-09-18,6642.16015625,1.1984126984126984,2609,0.045,in,6889.035465788719,0.014548178599417032,0.12608735542864982,0.019052390484504692,-0.07363309440879844
6500.0,659.64,2025-11-19 20:38:42,0,2026-09-18,6642.16015625,1.1984126984126984,2609,0.045,in,6889.035465788719,0.014548178599417032,0.1320445441763308,0.020895238163944296,-0.058128907872833244
6600.0,577.87,2025-11-19 16:12:51,0,2026-09-18,6642.16015625,1.1984126984126984,2609,0.045,in,6889.035465788719,0.014548178599417032,0.12432503162674315,0.01852352172093328,-0.042861435742044755
6650.0,529.82,2025-11-19 19:50:09,0,2026-09-18,6642.16015625,1.1984126984126984,2609,0.045,out,6889.035465788719,0.014548178599417032,0.11743843123538204,0.016528250434802865,-0.03531423010666194
6800.0,460.0,2025-11-19 20:36:15,0,2026-09-18,6642.16015625,1.1984126984126984,2609,0.045,out,6889.035465788719,0.014548178599417032,0.12311084626855404,0.018163478974705487,-0.013008472592363613
6825.0,425.9,2025-11-19 17:41:26,0,2026-09-18,6642.16015625,1.1984126984126984,2609,0.045,out,6889.035465788719,0.014548178599417032,0.11564083294024814,0.01602613602151009,-0.009338743703401186
6900.0,394.7,2025-11-19 20:50:08,0,2026-09-18,6642.16015625,1.1984126984126984,2609,0.045,out,6889.035465788719,0.014548178599417032,0.11820217035399262,0.016743926305837604,0.0015903268287890094
6925.0,383.1,2025-11-19 20:57:11,0,2026-09-18,6642.16015625,1.1984126984126984,2609,0.045,out,6889.035465788719,0.014548178599417032,0.11843160417925579,0.01680899027888301,0.005206967298977521
6950.0,356.3,2025-11-19 17:41:26,0,2026-09-18,6642.16015625,1.1984126984126984,2609,0.045,out,6889.035465788719,0.014548178599417032,0.11328223785296206,0.01537906886793044,0.008810574802276101
6975.0,343.6,2025-11-19 17:41:28,0,2026-09-18,6642.16015625,1.1984126984126984,2609,0.045,out,6889.035465788719,0.014548178599417032,0.11296274954837268,0.015292444449323685,0.012401242933004675
7000.0,346.77,2025-11-19 20:18:41,0,2026-09-18,6642.16015625,1.1984126984126984,2609,0.045,out,6889.035465788719,0.014548178599417032,0.11803661609685305,0.016697055981579174,0.015979064280888668
6275.0,799.22,2025-11-18 16:50:35,0,2026-09-18,6642.16015625,1.2023809523809523,2609,0.045,in,6889.035465788719,0.014648679660145027,0.12495531669931421,0.01877377319421449,-0.09335759975657709
6350.0,750.1,2025-11-18 16:48:32,0,2026-09-18,6642.16015625,1.2023809523809523,2609,0.045,in,6889.035465788719,0.014648679660145027,0.12715270128898762,0.01943986611849688,-0.08147627186982435
6625.0,572.95,2025-11-18 18:05:43,0,2026-09-18,6642.16015625,1.2023809523809523,2609,0.045,in,6889.035465788719,0.014648679660145027,0.12780702547780642,0.01964045490368989,-0.0390807129021387
6675.0,538.07,2025-11-18 19:09:57,0,2026-09-18,6642.16015625,1.2023809523809523,2609,0.045,out,6889.035465788719,0.014648679660145027,0.12574616302521507,0.019012164869904292,-0.03156188048811147
6700.0,523.03,2025-11-18 20:04:01,0,2026-09-18,6642.16015625,1.2023809523809523,2609,0.045,out,6889.035465788719,0.014648679660145027,0.12550751422066012,0.01894006843703297,-0.027823558377504304
6875.0,408.7,2025-11-18 17:42:07,0,2026-09-18,6642.16015625,1.2023809523809523,2609,0.045,out,6889.035465788719,0.014648679660145027,0.11830890725541467,0.016829723227773822,-0.002039441221789711
7025.0,333.39,2025-11-18 17:49:21,0,2026-09-18,6642.16015625,1.2023809523809523,2609,0.045,out,6889.035465788719,0.014648679660145027,0.11690217130031566,0.016431879561042417,0.019544130445384836
7125.0,286.78,2025-11-18 18:05:43,0,2026-09-18,6642.16015625,1.2023809523809523,2609,0.045,out,6889.035465788719,0.014648679660145027,0.115417417162834,0.016017133317125055,0.03367864138028965
7150.0,253.2,2025-11-18 15:49:31,0,2026-09-18,6642.16015625,1.2023809523809523,2609,0.045,out,6889.035465788719,0.014648679660145027,0.10723664393455451,0.013827017595678441,0.03718127193149172
5750.0,1273.65,2025-10-20 19:29:24,0,2026-08-21,6642.16015625,1.2063492063492063,2608,0.045,in,6826.813037082715,0.02226966885727114,0.16665644662579704,0.033505590656305116,-0.17165809744299712
6425.0,716.93,2025-11-17 19:32:47,0,2026-09-18,6642.16015625,1.2063492063492063,2609,0.045,in,6889.035465788719,0.014748519529684024,0.13456608625941663,0.02184460951443545,-0.06973445399314122
6725.0,503.07,2025-11-17 19:59:42,0,2026-09-18,6642.16015625,1.2063492063492063,2609,0.045,out,6889.035465788719,0.014748519529684024,0.12291355716084196,0.01822521321553649,-0.024099159286521864
6750.0,491.65,2025-11-17 19:47:50,0,2026-09-18,6642.16015625,1.2063492063492063,2609,0.045,out,6889.035465788719,0.014748519529684024,0.12385016578523492,0.018504025887972907,-0.0203885798899862
6775.0,470.91,2025-11-17 20:04:31,0,2026-09-18,6642.16015625,1.2063492063492063,2609,0.045,out,6889.035465788719,0.014748519529684024,0.12130411787230745,0.01775105341224092,-0.016691718008660043
6850.0,461.63,2025-11-17 14:31:20,0,2026-09-18,6642.16015625,1.2063492063492063,2609,0.045,out,6889.035465788719,0.014748519529684024,0.13208403736466126,0.021046200990757803,-0.0056824325002906816
7075.0,310.41,2025-11-17 19:46:56,0,2026-09-18,6642.16015625,1.2063492063492063,2609,0.045,out,6889.035465788719,0.014748519529684024,0.11607529712470478,0.016253715393598822,0.026636358754876722
5500.0,1466.35,2025-11-14 15:01:45,0,2026-09-18,6642.16015625,1.2182539682539681,2609,0.045,in,6889.035465788719,0.015044136602683854,0.15042847477546495,0.027567535274383798,-0.22518299253599938
6075.0,1045.1,2025-11-14 19:25:42,0,2026-09-18,6642.16015625,1.2182539682539681,2609,0.045,in,6889.035465788719,0.015044136602683854,0.17333368036018781,0.03660191022774913,-0.12574909554781252
6100.0,979.61,2025-11-14 15:01:45,0,2026-09-18,6642.16015625,1.2182539682539681,2609,0.045,in,6889.035465788719,0.015044136602683854,0.14925342702329197,0.02713853865796239,-0.12164231359515909
6550.0,648.09,2025-11-14 15:14:53,0,2026-09-18,6642.16015625,1.2182539682539681,2609,0.045,in,6889.035465788719,0.015044136602683854,0.13740172171452916,0.022999700678356716,-0.050466035127264094
6575.0,672.26,2025-11-14 19:44:21,0,2026-09-18,6642.16015625,1.2182539682539681,2609,0.045,in,6889.035465788719,0.015044136602683854,0.15255657874805859,0.02835304557074987,-0.04665650671059638
7050.0,345.42,2025-11-14 14:53:58,0,2026-09-18,6642.16015625,1.2182539682539681,2609,0.045,out,6889.035465788719,0.015044136602683854,0.12325552401977466,0.018507621943755947,0.02309653204975267
6525.0,695.78,2025-11-13 18:40:37,0,2026-09-18,6642.16015625,1.2222222222222223,2609,0.045,in,6889.035465788719,0.015141395899428391,0.14962593671028757,0.02736301447786009,-0.05429013156566755
6025.0,1165.67,2025-11-12 17:42:02,0,2026-09-18,6642.16015625,1.2261904761904763,2609,0.045,in,6889.035465788719,0.015238025686161633,0.21274358062056112,0.05549717384299394,-0.13401360539770601
6375.0,890.5,2025-11-12 18:17:45,0,2026-09-18,6642.16015625,1.2261904761904763,2609,0.045,in,6889.035465788719,0.015238025686161633,0.1902037380452602,0.04436045931593055,-0.07754699372993477
6450.0,835.06,2025-11-12 18:55:48,0,2026-09-18,6642.16015625,1.2261904761904763,2609,0.045,in,6889.035465788719,0.015238025686161633,0.1859556520857791,0.042401059141579454,-0.06585095396674358
6150.0,1029.42,2025-11-11 16:11:04,0,2026-09-18,6642.16015625,1.2301587301587302,2609,0.045,in,6889.035465788719,0.015334032054915951,0.1880449252381943,0.04349951234694367,-0.11347900295599812
6325.0,887.04,2025-11-10 15:16:55,0,2026-09-18,6642.16015625,1.2341269841269842,2609,0.045,in,6889.035465788719,0.015429421019369595,0.17506477022094147,0.03782312120337671,-0.08542105016084071
6000.0,1016.0,2025-11-19 18:32:33,0,2026-09-30,6642.16015625,1.246031746031746,2609,0.045,in,6889.035465788719,0.015711942474598548,0.11886180713435117,0.017604097489311587,-0.1381716155463697
6100.0,877.49,2025-10-10 19:35:38,0,2026-08-21,6642.16015625,1.246031746031746,2608,0.045,in,6826.813037082715,0.02299356475353639,0.06029498769481252,0.004529930396471922,-0.1125691810729906
6175.0,893.81,2025-11-07 17:56:47,0,2026-09-18,6642.16015625,1.246031746031746,2609,0.045,in,6889.035465788719,0.015711942474598548,0.12864106663035554,0.020619986283618295,-0.10942220226038371
6200.0,873.36,2025-11-19 20:58:24,0,2026-09-30,6642.16015625,1.246031746031746,2609,0.045,in,6889.035465788719,0.015711942474598548,0.1277239375737347,0.020327019555605293,-0.10538179272337884
6475.0,713.84,2025-11-07 20:39:41,0,2026-09-18,6642.16015625,1.246031746031746,2609,0.045,in,6889.035465788719,0.015711942474598548,0.14139322240545402,0.024910720672421546,-0.061982477188823236
6560.0,612.7,2025-11-19 18:10:06,0,2026-09-30,6642.16015625,1.246031746031746,2609,0.045,in,6889.035465788719,0.015711942474598548,0.12239317570031218,0.018665667023072822,-0.048940481818426945
6600.0,592.26,2025-11-19 20:58:24,0,2026-09-30,6642.16015625,1.246031746031746,2609,0.045,in,6889.035465788719,0.015711942474598548,0.12413664236472537,0.01920123205143868,-0.042861435742044755
6745.0,506.0,2025-11-19 20:35:02,0,2026-09-30,6642.16015625,1.246031746031746,2609,0.045,out,6889.035465788719,0.015711942474598548,0.12362093757391288,0.01904202686067113,-0.02112959511470541
6750.0,486.68,2025-11-19 14:30:41,0,2026-09-30,6642.16015625,1.246031746031746,2609,0.045,out,6889.035465788719,0.015711942474598548,0.11764620379245264,0.017245863451458107,-0.0203885798899862
6925.0,379.58,2025-11-19 19:40:45,0,2026-09-30,6642.16015625,1.246031746031746,2609,0.045,out,6889.035465788719,0.015711942474598548,0.11245380133121399,0.015757139818356372,0.005206967298977521
6950.0,375.7,2025-11-19 20:05:05,0,2026-09-30,6642.16015625,1.246031746031746,2609,0.045,out,6889.035465788719,0.015711942474598548,0.11528762664881055,0.0165613030694884,0.008810574802276101
7000.0,347.76,2025-11-19 19:58:17,0,2026-09-30,6642.16015625,1.246031746031746,2609,0.045,out,6889.035465788719,0.015711942474598548,0.1137717985370826,0.01612866251072154,0.015979064280888668
7040.0,319.37,2025-11-19 19:39:10,0,2026-09-30,6642.16015625,1.246031746031746,2609,0.045,out,6889.035465788719,0.015711942474598548,0.11026925897663709,0.015150885615994408,0.021677085395526284
7060.0,309.14,2025-11-19 19:39:39,0,2026-09-30,6642.16015625,1.246031746031746,2609,0.045,out,6889.035465788719,0.015711942474598548,0.10977749158381332,0.01501605025693786,0.024513966730726013
7075.0,331.1,2025-11-19 15:06:10,0,2026-09-30,6642.16015625,1.246031746031746,2609,0.045,out,6889.035465788719,0.015711942474598548,0.11938900227881902,0.01776060489544207,0.026636358754876722
7100.0,307.0,2025-11-19 20:43:16,0,2026-09-30,6642.16015625,1.246031746031746,2609,0.045,out,6889.035465788719,0.015711942474598548,0.11481406052229581,0.016425525027761373,0.030163699272845148
7150.0,285.05,2025-11-19 20:40:25,0,2026-09-30,6642.16015625,1.246031746031746,2609,0.045,out,6889.035465788719,0.015711942474598548,0.11427859996429894,0.016272674209036837,0.03718127193149172
5600.0,1426.98,2025-11-06 19:43:52,0,2026-09-18,6642.16015625,1.25,2609,0.045,in,6889.035465788719,0.015804920434996646,0.1808977440896182,0.04090499227089124,-0.20716448703332113
5850.0,1259.96,2025-11-06 14:38:51,0,2026-09-18,6642.16015625,1.25,2609,0.045,in,6889.035465788719,0.015804920434996646,0.19528814612496992,0.047671825021159506,-0.16348942353065954
6175.0,907.18,2025-11-18 18:40:33,0,2026-09-30,6642.16015625,1.25,2609,0.045,in,6889.035465788719,0.015804920434996646,0.13508809843228572,0.022810992922563646,-0.10942220226038371
6250.0,911.88,2025-11-06 15:15:45,0,2026-09-18,6642.16015625,1.25,2609,0.045,in,6889.035465788719,0.015804920434996646,0.16242719920552862,0.032978243802190596,-0.09734962102611457
6300.0,795.66,2025-11-18 16:32:57,0,2026-09-30,6642.16015625,1.25,2609,0.045,in,6889.035465788719,0.015804920434996646,0.12490588730098003,0.019501850853056404,-0.08938145137693766
6350.0,760.05,2025-11-18 16:30:15,0,2026-09-30,6642.16015625,1.25,2609,0.045,in,6889.035465788719,0.015804920434996646,0.12489206605699195,0.01949753520498005,-0.08147627186982435
6450.0,698.81,2025-11-18 19:05:15,0,2026-09-30,6642.16015625,1.25,2609,0.045,in,6889.035465788719,0.015804920434996646,0.12800021801699715,0.0204800697654985,-0.06585095396674358
6485.0,660.7,2025-11-18 17:05:59,0,2026-09-30,6642.16015625,1.25,2609,0.045,in,6889.035465788719,0.015804920434996646,0.12170914255524165,0.018516394226915166,-0.060439267006017455
6620.0,564.49,2025-11-18 16:23:23,0,2026-09-30,6642.16015625,1.25,2609,0.045,in,6889.035465788719,0.015804920434996646,0.11767716325697088,0.01730989344025972,-0.03983571482550784
6650.0,568.57,2025-11-18 19:14:13,0,2026-09-30,6642.16015625,1.25,2609,0.045,out,6889.035465788719,0.015804920434996646,0.12611235688391756,0.019880408198520737,-0.03531423010666194
6665.0,558.99,2025-11-18 19:14:13,0,2026-09-30,6642.16015625,1.25,2609,0.045,out,6889.035465788719,0.015804920434996646,0.12583164844701658,0.019792004688616964,-0.033061131143752615
6755.0,478.23,2025-11-18 21:04:03,0,2026-09-30,6642.16015625,1.25,2609,0.045,out,6889.035465788719,0.015804920434996646,0.11517616271745929,0.01658193557289832,-0.019648113362262517
6760.0,484.4,2025-11-18 20:46:32,0,2026-09-30,6642.16015625,1.25,2609,0.045,out,6889.035465788719,0.015804920434996646,0.11841154961254914,0.01752661885205648,-0.018908194719551904
6765.0,487.77,2025-11-18 19:34:05,0,2026-09-30,6642.16015625,1.25,2609,0.045,out,6889.035465788719,0.015804920434996646,0.12061918815472113,0.01818623568888002,-0.018168823151673306
6770.0,468.44,2025-11-18 16:13:45,0,2026-09-30,6642.16015625,1.25,2609,0.045,out,6889.035465788719,0.015804920434996646,0.11467525784996398,0.016438018453694657,-0.017429997850241085
6775.0,449.11,2025-11-18 16:01:58,0,2026-09-30,6642.16015625,1.25,2609,0.045,out,6889.035465788719,0.015804920434996646,0.10872708682160923,0.014776974260892188,-0.016691718008660043
6780.0,458.43,2025-11-18 15:46:13,0,2026-09-30,6642.16015625,1.25,2609,0.045,out,6889.035465788719,0.015804920434996646,0.11307805208651439,0.015983307329600578,-0.01595398282212048
6785.0,453.22,2025-11-18 15:12:32,0,2026-09-30,6642.16015625,1.25,2609,0.045,out,6889.035465788719,0.015804920434996646,0.11220453726162967,0.015737322727620552,-0.01521679148759215
6790.0,446.38,2025-11-18 15:04:52,0,2026-09-30,6642.16015625,1.25,2609,0.045,out,6889.035465788719,0.015804920434996646,0.11074765075573656,0.015331302684893244,-0.014480143203819898
6795.0,443.27,2025-11-18 15:04:45,0,2026-09-30,6642.16015625,1.25,2609,0.045,out,6889.035465788719,0.015804920434996646,0.11062255387786038,0.015296686783075154,-0.013744037171317664
6800.0,461.17,2025-11-18 14:51:21,0,2026-09-30,6642.16015625,1.25,2609,0.045,out,6889.035465788719,0.015804920434996646,0.11795955089523708,0.017393069559257533,-0.013008472592363613
6825.0,455.6,2025-11-18 14:40:34,0,2026-09-30,6642.16015625,1.25,2609,0.045,out,6889.035465788719,0.015804920434996646,0.1207111926904513,0.01821399005093908,-0.009338743703401186
6850.0,434.05,2025-11-18 16:30:15,0,2026-09-30,6642.16015625,1.25,2609,0.045,out,6889.035465788719,0.015804920434996646,0.11775619630010442,0.017333152208835908,-0.0056824325002906816
6900.0,393.03,2025-11-18 15:42:01,0,2026-09-30,6642.16015625,1.25,2609,0.045,out,6889.035465788719,0.015804920434996646,0.11240914578596656,0.015794770070413352,0.0015903268287890094
6975.0,361.0,2025-11-18 17:05:59,0,2026-09-30,6642.16015625,1.25,2609,0.045,out,6889.035465788719,0.015804920434996646,0.1139428753089524,0.016228723542089343,0.012401242933004675
7010.0,346.06,2025-11-18 16:36:07,0,2026-09-30,6642.16015625,1.25,2609,0.045,out,6889.035465788719,0.015804920434996646,0.11437118991216057,0.016350961352404374,0.017406616272074002
7025.0,322.49,2025-11-18 15:36:56,0,2026-09-30,6642.16015625,1.25,2609,0.045,out,6889.035465788719,0.015804920434996646,0.1086939054733711,0.014767956358817665,0.019544130445384836
7120.0,297.42,2025-11-18 17:52:50,0,2026-09-30,6642.16015625,1.25,2609,0.045,out,6889.035465788719,0.015804920434996646,0.11401330512505845,0.0162487921819246,0.03297664064945965
7140.0,287.34,2025-11-18 17:52:37,0,2026-09-30,6642.16015625,1.25,2609,0.045,out,6889.035465788719,0.015804920434996646,0.11334845785674935,0.016059841123129106,0.03578169157706832
6735.0,546.3,2025-11-17 18:50:57,0,2026-09-30,6642.16015625,1.253968253968254,2609,0.045,out,6889.035465788719,0.01589730992729096,0.13525196405868148,0.02293895886915458,-0.02261327491209733
6740.0,540.11,2025-11-17 18:38:33,0,2026-09-30,6642.16015625,1.253968253968254,2609,0.045,out,6889.035465788719,0.01589730992729096,0.13401557547361423,0.022521488620514212,-0.021871159850209015
6025.0,1097.95,2025-11-14 19:49:32,0,2026-09-30,6642.16015625,1.2658730158730158,2609,0.045,in,6889.035465788719,0.016171002937379133,0.1740496048418268,0.03834742665732199,-0.13401360539770601
6225.0,936.96,2025-11-14 19:20:50,0,2026-09-30,6642.16015625,1.2658730158730158,2609,0.045,in,6889.035465788719,0.016171002937379133,0.16372413857471785,0.0339324775519788,-0.10135764242365339
6875.0,438.38,2025-11-14 14:30:57,0,2026-09-30,6642.16015625,1.2658730158730158,2609,0.045,out,6889.035465788719,0.016171002937379133,0.12208553962742362,0.018867684113381078,-0.002039441221789711
6275.0,893.43,2025-11-13 19:21:14,0,2026-09-30,6642.16015625,1.2698412698412698,2609,0.045,in,6889.035465788719,0.016261093553199824,0.1587709438137358,0.03201042869778343,-0.09335759975657709
6490.0,759.2,2025-11-13 17:36:03,0,2026-09-30,6642.16015625,1.2698412698412698,2609,0.045,in,6889.035465788719,0.016261093553199824,0.15982932604673886,0.03243862027245048,-0.059668554058426075
6525.0,710.09,2025-11-13 18:42:35,0,2026-09-30,6642.16015625,1.2698412698412698,2609,0.045,in,6889.035465788719,0.016261093553199824,0.14904121133049641,0.02820734307918945,-0.05429013156566755
6710.0,632.81,2025-11-13 15:22:15,0,2026-09-30,6642.16015625,1.2698412698412698,2609,0.045,out,6889.035465788719,0.016261093553199824,0.15947628566782646,0.032295473892579286,-0.02633213379083423
6725.0,616.52,2025-11-13 14:41:15,0,2026-09-30,6642.16015625,1.2698412698412698,2609,0.045,out,6889.035465788719,0.016261093553199824,0.15653935967899532,0.031116915718996652,-0.024099159286521864
7050.0,380.82,2025-11-13 19:50:01,0,2026-09-30,6642.16015625,1.2698412698412698,2609,0.045,out,6889.035465788719,0.016261093553199824,0.1301985885545487,0.021525933284567183,0.02309653204975267
7125.0,354.31,2025-11-13 17:18:50,0,2026-09-30,6642.16015625,1.2698412698412698,2609,0.045,out,6889.035465788719,0.016261093553199824,0.1319911478298711,0.022122746800567472,0.03367864138028965
7130.0,351.63,2025-11-13 17:16:00,0,2026-09-30,6642.16015625,1.2698412698412698,2609,0.045,out,6889.035465788719,0.016261093553199824,0.13178111992058306,0.022052398180981703,0.03438014965177995
5150.0,1782.41,2025-10-03 20:11:53,0,2026-08-21,6642.16015625,1.2738095238095237,2608,0.045,in,6826.813037082715,0.023473455864829986,0.12285563095083098,0.019226251762225775,-0.28186123757661136
5450.0,1658.98,2025-11-12 18:38:07,0,2026-09-30,6642.16015625,1.2738095238095237,2609,0.045,in,6889.035465788719,0.01635062285677241,0.24989256710298013,0.07954468541648767,-0.23431547609927195
6125.0,1067.71,2025-10-31 17:19:39,0,2026-09-18,6642.16015625,1.2738095238095237,2609,0.045,in,6889.035465788719,0.01635062285677241,0.1908267989942256,0.04638560466593972,-0.11755232834363395
6125.0,1096.87,2025-11-12 17:40:54,0,2026-09-30,6642.16015625,1.2738095238095237,2609,0.045,in,6889.035465788719,0.01635062285677241,0.20358442714071143,0.0527950979790553,-0.11755232834363395
6475.0,834.37,2025-11-12 14:41:42,0,2026-09-30,6642.16015625,1.2738095238095237,2609,0.045,in,6889.035465788719,0.01635062285677241,0.1846622130363821,0.04343707408111757,-0.061982477188823236
6500.0,806.14,2025-11-12 15:23:39,0,2026-09-30,6642.16015625,1.2738095238095237,2609,0.045,in,6889.035465788719,0.01635062285677241,0.17947127664674428,0.04102932723940128,-0.058128907872833244
6575.0,756.41,2025-11-12 14:54:10,0,2026-09-30,6642.16015625,1.2738095238095237,2609,0.045,in,6889.035465788719,0.01635062285677241,0.17687802736824965,0.03985219657771559,-0.04665650671059638
6645.0,705.05,2025-11-12 17:40:54,0,2026-09-30,6642.16015625,1.2738095238095237,2609,0.045,out,6889.035465788719,0.01635062285677241,0.17227543789793903,0.03780517185491846,-0.036066392609216014
5250.0,1826.94,2025-10-30 18:25:06,0,2026-09-18,6642.16015625,1.2777777777777777,2609,0.045,in,6889.035465788719,0.01643959607771411,0.2605109428300098,0.08671760448256415,-0.27170300817089227
6050.0,1131.2,2025-10-30 19:50:30,0,2026-09-18,6642.16015625,1.2777777777777777,2609,0.045,in,6889.035465788719,0.01643959607771411,0.19615133664853088,0.04916294322150676,-0.1298728127316746
7045.0,440.22,2025-11-11 19:26:25,0,2026-09-30,6642.16015625,1.2777777777777777,2609,0.045,out,6889.035465788719,0.01643959607771411,0.1485669713220357,0.028203296347747733,0.02238706057621897
6605.0,599.96,2025-11-07 15:46:08,0,2026-09-30,6642.16015625,1.2936507936507937,2609,0.045,in,6889.035465788719,0.01679003048166854,0.12262440617897971,0.019452297091204968,-0.04210414680013602
7015.0,355.67,2025-11-07 15:44:50,0,2026-09-30,6642.16015625,1.2936507936507937,2609,0.045,out,6889.035465788719,0.01679003048166854,0.11429145787635138,0.016898361801514238,0.0181196287799995
7020.0,360.33,2025-11-07 15:36:17,0,2026-09-30,6642.16015625,1.2936507936507937,2609,0.045,out,6889.035465788719,0.01679003048166854,0.11660408602359505,0.0175891396747291,0.018832133263295168
7030.0,343.9,2025-11-07 17:42:36,0,2026-09-30,6642.16015625,1.2936507936507937,2609,0.045,out,6889.035465788719,0.01679003048166854,0.11264399022853677,0.016414706120165795,0.02025562104814887
7055.0,334.62,2025-11-07 15:45:05,0,2026-09-30,6642.16015625,1.2936507936507937,2609,0.045,out,6889.035465788719,0.01679003048166854,0.11327112812346303,0.016597990476325417,0.023805500530352672
7070.0,321.18,2025-11-07 16:27:49,0,2026-09-30,6642.16015625,1.2936507936507937,2609,0.045,out,6889.035465788719,0.01679003048166854,0.11099223877533208,0.015936842556688365,0.02592939513405683
7080.0,320.97,2025-11-07 17:22:59,0,2026-09-30,6642.16015625,1.2936507936507937,2609,0.045,out,6889.035465788719,0.01679003048166854,0.11236074539583982,0.016332259906850194,0.027342822931203752
6635.0,628.03,2025-11-06 16:26:03,0,2026-09-30,6642.16015625,1.2976190476190477,2609,0.045,in,6889.035465788719,0.016876299501602274,0.13934359938496776,0.02519540020430791,-0.03757241699025386
6640.0,618.48,2025-11-06 16:49:02,0,2026-09-30,6642.16015625,1.2976190476190477,2609,0.045,in,6889.035465788719,0.016876299501602274,0.13690430602973053,0.02432100002420893,-0.036819121286082133
6655.0,619.45,2025-11-06 16:30:03,0,2026-09-30,6642.16015625,1.2976190476190477,2609,0.045,out,6889.035465788719,0.016876299501602274,0.1404265100666519,0.025588534708517196,-0.03456263292734968
6690.0,628.54,2025-11-06 14:47:21,0,2026-09-30,6642.16015625,1.2976190476190477,2609,0.045,out,6889.035465788719,0.016876299501602274,0.1507791101102859,0.029500512678283568,-0.029317210634287626
7065.0,357.46,2025-11-06 16:57:18,0,2026-09-30,6642.16015625,1.2976190476190477,2609,0.045,out,6889.035465788719,0.016876299501602274,0.12194497455277054,0.019296343728996048,0.025221931362066026
7105.0,347.88,2025-11-06 20:38:31,0,2026-09-30,6642.16015625,1.2976190476190477,2609,0.045,out,6889.035465788719,0.016876299501602274,0.12445541572672535,0.020099016725054902,0.030867676774639332
7115.0,350.32,2025-11-06 15:04:21,0,2026-09-30,6642.16015625,1.2976190476190477,2609,0.045,out,6889.035465788719,0.016876299501602274,0.12665338621121908,0.020815211262211142,0.03227414676739098
7135.0,328.02,2025-11-06 16:36:57,0,2026-09-30,6642.16015625,1.2976190476190477,2609,0.045,out,6889.035465788719,0.016876299501602274,0.12200753815133589,0.01931614870079423,0.03508116615437508
5975.0,1024.09,2025-09-26 19:03:44,0,2026-08-21,6642.16015625,1.3015873015873016,2608,0.045,in,6826.813037082715,0.023932863818934228,0.0930776670246947,0.011276239239655792,-0.13327385443468182
5600.0,1470.13,2025-11-04 14:33:33,0,2026-09-30,6642.16015625,1.3055555555555556,2609,0.045,in,6889.035465788719,0.017047264246273387,0.19813717390912386,0.051253943477239904,-0.20716448703332113
6400.0,848.86,2025-11-04 17:09:55,0,2026-09-30,6642.16015625,1.3055555555555556,2609,0.045,in,6889.035465788719,0.017047264246273387,0.16860388772358126,0.03711338152524394,-0.07363309440879844
6585.0,711.02,2025-11-04 17:18:44,0,2026-09-30,6642.16015625,1.3055555555555556,2609,0.045,in,6889.035465788719,0.017047264246273387,0.15825039610871228,0.03269527305062566,-0.04513674957918024
6610.0,690.64,2025-11-04 17:22:14,0,2026-09-30,6642.16015625,1.3055555555555556,2609,0.045,in,6889.035465788719,0.017047264246273387,0.15603859585457883,0.031787723322906206,-0.04134743091082979
6700.0,635.13,2025-11-04 17:09:55,0,2026-09-30,6642.16015625,1.3055555555555556,2609,0.045,out,6889.035465788719,0.017047264246273387,0.1541369356703478,0.031017643391075336,-0.027823558377504304
7085.0,386.3,2025-11-04 20:48:27,0,2026-09-30,6642.16015625,1.3055555555555556,2609,0.045,out,6889.035465788719,0.017047264246273387,0.13360540407672736,0.02330469410916008,0.028048788368219075
6425.0,735.74,2025-11-19 20:44:22,0,2026-10-16,6642.16015625,1.3095238095238095,2610,0.045,in,6847.788630876894,0.021717844299610368,0.12872880745112408,0.021700257684008854,-0.06372914176358771
6550.0,778.52,2025-11-03 20:49:08,0,2026-09-30,6642.16015625,1.3095238095238095,2609,0.045,in,6889.035465788719,0.017131969506133164,0.17518646554895365,0.040189675574628804,-0.050466035127264094
6550.0,635.0,2025-11-19 17:45:21,0,2026-10-16,6642.16015625,1.3095238095238095,2610,0.045,in,6847.788630876894,0.021717844299610368,0.12098167475191418,0.019166931176613982,-0.04446072289771072
6600.0,591.3,2025-11-19 19:30:04,0,2026-10-16,6642.16015625,1.3095238095238095,2610,0.045,in,6847.788630876894,0.021717844299610368,0.11626949772735479,0.01770292346660535,-0.03685612351249137
6625.0,594.69,2025-11-19 14:42:31,0,2026-10-16,6642.16015625,1.3095238095238095,2610,0.045,in,6847.788630876894,0.021717844299610368,0.12340390688877509,0.01994211507018431,-0.03307540067258537
6650.0,581.17,2025-11-19 16:27:48,0,2026-10-16,6642.16015625,1.3095238095238095,2610,0.045,out,6847.788630876894,0.021717844299610368,0.12396022553973922,0.020122322937439662,-0.02930891787710842
6975.0,393.9,2025-11-19 14:55:50,0,2026-10-16,6642.16015625,1.3095238095238095,2610,0.045,out,6847.788630876894,0.021717844299610368,0.11933452032669822,0.018648572042575556,0.018406555162558215
7050.0,355.75,2025-11-19 14:57:25,0,2026-10-16,6642.16015625,1.3095238095238095,2610,0.045,out,6847.788630876894,0.021717844299610368,0.11809351869672327,0.01826272270713174,0.029101844279306066
7075.0,348.32,2025-11-19 15:05:20,0,2026-10-16,6642.16015625,1.3095238095238095,2610,0.045,out,6847.788630876894,0.021717844299610368,0.11926538846908359,0.018626971637320903,0.03264167098443007
7100.0,321.11,2025-11-19 21:11:54,0,2026-10-16,6642.16015625,1.3095238095238095,2610,0.045,out,6847.788630876894,0.021717844299610368,0.11383178974145947,0.01696838570395026,0.03616901150239845
7125.0,311.22,2025-11-19 16:27:47,0,2026-10-16,6642.16015625,1.3095238095238095,2610,0.045,out,6847.788630876894,0.021717844299610368,0.11403021674677591,0.017027594481486146,0.0396839536098429
7150.0,312.42,2025-11-19 15:11:22,0,2026-10-16,6642.16015625,1.3095238095238095,2610,0.045,out,6847.788630876894,0.021717844299610368,0.11780727454345229,0.018174296820109494,0.04318658416104514
6325.0,780.02,2025-11-18 14:58:18,0,2026-10-16,6642.16015625,1.3134920634920635,2610,0.045,in,6847.788630876894,0.021788183138584355,0.11678438839051276,0.01791418415098401,-0.07941573793128723
6375.0,731.18,2025-11-18 15:17:43,0,2026-10-16,6642.16015625,1.3134920634920635,2610,0.045,in,6847.788630876894,0.021788183138584355,0.11074552280545367,0.016109416436115194,-0.0715416815003814
6475.0,703.71,2025-11-18 14:37:47,0,2026-10-16,6642.16015625,1.3134920634920635,2610,0.045,in,6847.788630876894,0.021788183138584355,0.1286289934747842,0.021732275180687467,-0.055977164959269826
6500.0,686.99,2025-11-18 18:39:28,0,2026-10-16,6642.16015625,1.3134920634920635,2610,0.045,in,6847.788630876894,0.021788183138584355,0.1284158905303879,0.02166032599752326,-0.05212359564327977
6525.0,651.78,2025-11-18 17:10:23,0,2026-10-16,6642.16015625,1.3134920634920635,2610,0.045,in,6847.788630876894,0.021788183138584355,0.12078677191378567,0.01916311925855478,-0.04828481933611413
6575.0,631.36,2025-11-18 18:37:29,0,2026-10-16,6642.16015625,1.3134920634920635,2610,0.045,in,6847.788630876894,0.021788183138584355,0.12521186150873848,0.020592942051119206,-0.04065119448104294
6800.0,458.01,2025-11-18 15:05:10,0,2026-10-16,6642.16015625,1.3134920634920635,2610,0.045,out,6847.788630876894,0.021788183138584355,0.11028053515811495,0.015974423094863632,-0.007003160362810173
6825.0,465.3,2025-11-18 17:40:31,0,2026-10-16,6642.16015625,1.3134920634920635,2610,0.045,out,6847.788630876894,0.021788183138584355,0.11752858140157489,0.018143223113945436,-0.003333431473847795
6850.0,457.34,2025-11-18 20:19:29,0,2026-10-16,6642.16015625,1.3134920634920635,2610,0.045,out,6847.788630876894,0.021788183138584355,0.11933684542257375,0.01870581176809971,0.00032287972926277195
6875.0,438.6,2025-11-18 17:40:51,0,2026-10-16,6642.16015625,1.3134920634920635,2610,0.045,out,6847.788630876894,0.021788183138584355,0.11737212639779458,0.01809495045337816,0.0039658710077638045
6900.0,434.2,2025-11-18 18:30:17,0,2026-10-16,6642.16015625,1.3134920634920635,2610,0.045,out,6847.788630876894,0.021788183138584355,0.12018869907503424,0.018973817621232396,0.007595639058342476
6925.0,398.18,2025-11-18 15:00:11,0,2026-10-16,6642.16015625,1.3134920634920635,2610,0.045,out,6847.788630876894,0.021788183138584355,0.1122735641489007,0.016557031394511167,0.011212279528530938
6950.0,396.6,2025-11-18 17:41:47,0,2026-10-16,6642.16015625,1.3134920634920635,2610,0.045,out,6847.788630876894,0.021788183138584355,0.11586124490801716,0.017632091633775243,0.01481588703182947
7000.0,354.48,2025-11-18 15:13:11,0,2026-10-16,6642.16015625,1.3134920634920635,2610,0.045,out,6847.788630876894,0.021788183138584355,0.10977587628020119,0.015828555306870946,0.021984376510442157
7025.0,361.1,2025-11-18 18:58:38,0,2026-10-16,6642.16015625,1.3134920634920635,2610,0.045,out,6847.788630876894,0.021788183138584355,0.11578354219569525,0.017608449527617285,0.02554944267493828
6000.0,1117.16,2025-11-17 16:50:27,0,2026-10-16,6642.16015625,1.3174603174603174,2610,0.045,in,6847.788630876894,0.021858098249612715,0.16618228653255326,0.036383711835659895,-0.13216630331681625
6250.0,883.65,2025-11-17 19:09:44,0,2026-10-16,6642.16015625,1.3174603174603174,2610,0.045,in,6847.788630876894,0.021858098249612715,0.13981228751294086,0.025753023593442902,-0.09134430879656104
6275.0,900.39,2025-11-17 16:40:24,0,2026-10-16,6642.16015625,1.3174603174603174,2610,0.045,in,6847.788630876894,0.021858098249612715,0.1549893382573372,0.03164762988565278,-0.08735228752702362
6350.0,831.7,2025-11-17 18:47:00,0,2026-10-16,6642.16015625,1.3174603174603174,2610,0.045,in,6847.788630876894,0.021858098249612715,0.14704529494128663,0.028486546943535047,-0.07547095964027092
6400.0,758.35,2025-11-17 19:43:26,0,2026-10-16,6642.16015625,1.3174603174603174,2610,0.045,in,6847.788630876894,0.021858098249612715,0.1301488446414412,0.022316093749280407,-0.06762778217924499
6450.0,720.84,2025-11-17 20:10:30,0,2026-10-16,6642.16015625,1.3174603174603174,2610,0.045,in,6847.788630876894,0.021858098249612715,0.12842078673176374,0.02172742178696551,-0.05984564173719012
6725.0,582.5,2025-11-17 16:38:04,0,2026-10-16,6642.16015625,1.3174603174603174,2610,0.045,out,6847.788630876894,0.021858098249612715,0.13902273383407898,0.02546297783149519,-0.018093847056968388
6750.0,532.29,2025-11-17 19:31:05,0,2026-10-16,6642.16015625,1.3174603174603174,2610,0.045,out,6847.788630876894,0.021858098249612715,0.12620453877311388,0.020983961990088187,-0.014383267660432773
6775.0,536.76,2025-11-17 18:38:33,0,2026-10-16,6642.16015625,1.3174603174603174,2610,0.045,out,6847.788630876894,0.021858098249612715,0.13255759098220551,0.02314977363399163,-0.010686405779106666
6515.0,814.62,2025-10-31 19:48:13,0,2026-09-30,6642.16015625,1.3214285714285714,2609,0.045,in,6889.035465788719,0.017383032843915746,0.17956894453997513,0.04260947200708659,-0.055823874197616245
6555.0,784.22,2025-10-31 19:49:11,0,2026-09-30,6642.16015625,1.3214285714285714,2609,0.045,in,6889.035465788719,0.017383032843915746,0.1767860249358307,0.04129900173809463,-0.049702967558761524
6050.0,1197.52,2025-10-29 18:21:21,0,2026-09-30,6642.16015625,1.3293650793650793,2609,0.045,in,6889.035465788719,0.017547910259772967,0.21728023327606855,0.06276025564995406,-0.1298728127316746
6075.0,1181.39,2025-10-29 14:46:24,0,2026-09-30,6642.16015625,1.3293650793650793,2609,0.045,in,6889.035465788719,0.017547910259772967,0.21726734888082935,0.06275281269067796,-0.12574909554781252
6100.0,1163.05,2025-10-29 14:43:36,0,2026-09-30,6642.16015625,1.3293650793650793,2609,0.045,in,6889.035465788719,0.017547910259772967,0.2162693321333895,0.06217762717133526,-0.12164231359515909
6150.0,1124.3,2025-10-29 14:43:13,0,2026-09-30,6642.16015625,1.3293650793650793,2609,0.045,in,6889.035465788719,0.017547910259772967,0.21331186802099483,0.060488707412433,-0.11347900295599812
6625.0,757.49,2025-10-29 18:09:24,0,2026-09-30,6642.16015625,1.3293650793650793,2609,0.045,in,6889.035465788719,0.017547910259772967,0.1801495209589753,0.04314301475033997,-0.0390807129021387
6675.0,608.2,2025-11-14 15:34:49,0,2026-10-16,6642.16015625,1.3293650793650793,2610,0.045,out,6847.788630876894,0.022065339160810212,0.13685259141813585,0.024897189069773184,-0.025556568258558003
6700.0,600.24,2025-11-14 16:08:15,0,2026-10-16,6642.16015625,1.3293650793650793,2610,0.045,out,6847.788630876894,0.022065339160810212,0.1390530683042967,0.025704278550084125,-0.02181824614795089
5500.0,1649.86,2025-10-28 17:30:20,0,2026-09-30,6642.16015625,1.3333333333333333,2609,0.045,in,6889.035465788719,0.017629612907809355,0.2533197335348764,0.08556118319757439,-0.22518299253599938
5975.0,1029.93,2025-10-16 19:35:43,0,2026-09-18,6642.16015625,1.3333333333333333,2609,0.045,in,6889.035465788719,0.017629612907809355,0.0898964795874668,0.010775169389626445,-0.14234698695685025
6405.0,919.35,2025-10-28 19:12:11,0,2026-09-30,6642.16015625,1.3333333333333333,2609,0.045,in,6889.035465788719,0.017629612907809355,0.193202278156775,0.049769493713290466,-0.07285214942572708
6480.0,856.06,2025-10-28 20:03:26,0,2026-09-30,6642.16015625,1.3333333333333333,2609,0.045,in,6889.035465788719,0.017629612907809355,0.18588148972949206,0.046069237632073684,-0.06121057441024129
6615.0,756.94,2025-10-28 18:00:33,0,2026-09-30,6642.16015625,1.3333333333333333,2609,0.045,in,6889.035465788719,0.017629612907809355,0.17751236031681394,0.04201418408699518,-0.04059128720750563
6660.0,727.93,2025-10-28 18:47:41,0,2026-09-30,6642.16015625,1.3333333333333333,2609,0.045,out,6889.035465788719,0.017629612907809355,0.1759064019879721,0.04125741634713871,-0.03381160022212691
6670.0,700.54,2025-10-28 15:26:33,0,2026-09-30,6642.16015625,1.3333333333333333,2609,0.045,out,6889.035465788719,0.017629612907809355,0.16816995586613326,0.03770817874135628,-0.0323112248468923
6675.0,696.85,2025-10-28 15:26:33,0,2026-09-30,6642.16015625,1.3333333333333333,2609,0.045,out,6889.035465788719,0.017629612907809355,0.16782427096738356,0.03755331456764504,-0.03156188048811147
5750.0,1267.46,2025-10-15 13:52:06,0,2026-09-18,6642.16015625,1.3373015873015872,2609,0.045,in,6889.035465788719,0.017710830673661554,0.13308579636902262,0.02368605729672474,-0.18073122996516552
6150.0,1087.34,2025-11-12 19:24:50,0,2026-10-16,6642.16015625,1.3373015873015872,2610,0.045,in,6847.788630876894,0.02220144990763033,0.19671282158592826,0.051748134196080035,-0.10747369072644475
6175.0,1081.8,2025-11-12 14:43:47,0,2026-10-16,6642.16015625,1.3373015873015872,2610,0.045,in,6847.788630876894,0.02220144990763033,0.20110174010774423,0.05408303026849298,-0.10341689003083027
6200.0,1048.26,2025-11-12 19:21:13,0,2026-10-16,6642.16015625,1.3373015873015872,2610,0.045,in,6847.788630876894,0.02220144990763033,0.19382387134443463,0.05023933561782583,-0.09937648049382533
6300.0,974.51,2025-11-12 18:13:14,0,2026-10-16,6642.16015625,1.3373015873015872,2610,0.045,in,6847.788630876894,0.02220144990763033,0.18944115703968603,0.04799301514857257,-0.08337613914738425
6680.0,677.38,2025-10-27 18:06:19,0,2026-09-30,6642.16015625,1.3373015873015872,2609,0.045,out,6889.035465788719,0.017710830673661554,0.16146339088080494,0.034864022866758736,-0.030813097225870265
6100.0,1108.64,2025-11-10 19:44:21,0,2026-10-16,6642.16015625,1.3452380952380953,2610,0.045,in,6847.788630876894,0.0223359546279393,0.19056108997872095,0.04885034260200279,-0.1156370013656056
6125.0,1056.63,2025-11-10 17:17:31,0,2026-10-16,6642.16015625,1.3452380952380953,2610,0.045,in,6847.788630876894,0.0223359546279393,0.1750091755702741,0.04120223694426112,-0.11154701611408052
6250.0,910.6,2025-10-23 19:04:51,0,2026-09-30,6642.16015625,1.3531746031746033,2609,0.045,in,6889.035465788719,0.01803093823174177,0.14695610838804918,0.02922329106056738,-0.09734962102611457
6225.0,891.12,2025-11-07 15:39:55,0,2026-10-16,6642.16015625,1.3571428571428572,2610,0.045,in,6847.788630876894,0.02253476204348369,0.12901426361011506,0.02258920886302464,-0.09535233019409993
5550.0,1504.51,2025-11-06 15:12:14,0,2026-10-16,6642.16015625,1.3611111111111112,2610,0.045,in,6847.788630876894,0.022600258364056623,0.18394607092707244,0.046054769262940845,-0.21012784478652813
5600.0,1463.18,2025-11-06 15:12:14,0,2026-10-16,6642.16015625,1.3611111111111112,2610,0.045,in,6847.788630876894,0.022600258364056623,0.18274371106641019,0.045454664799496024,-0.2011591748037677
5950.0,1221.7,2025-11-05 17:14:16,0,2026-10-16,6642.16015625,1.3650793650793651,2610,0.045,in,6847.788630876894,0.022665373892068085,0.19233940316062187,0.050500354868314994,-0.14053455298733278
6730.0,545.22,2025-10-20 14:00:29,0,2026-09-30,6642.16015625,1.3650793650793651,2609,0.045,out,6889.035465788719,0.018266133537860302,0.12173735305397143,0.020230453159658837,-0.023355941117788274
5800.0,1319.51,2025-11-04 09:30:07,0,2026-10-16,6642.16015625,1.369047619047619,2610,0.045,in,6847.788630876894,0.022730111938757742,0.18664216311329374,0.047691180487322314,-0.16606785499249752
6345.0,727.8,2025-10-17 07:56:25,0,2026-09-30,6642.16015625,1.376984126984127,2609,0.045,in,6889.035465788719,0.01849726206635142,0.0877788400962752,0.010609834502859785,-0.08226398360807373
6685.0,551.94,2025-10-17 18:01:35,0,2026-09-30,6642.16015625,1.376984126984127,2609,0.045,out,6889.035465788719,0.01849726206635142,0.11351508938558906,0.01774337065405453,-0.030064874220518165
6695.0,549.93,2025-10-17 18:10:55,0,2026-09-30,6642.16015625,1.376984126984127,2609,0.045,out,6889.035465788719,0.01849726206635142,0.11493639561438239,0.018190476737216507,-0.028570105631288808
6705.0,548.62,2025-10-17 18:23:26,0,2026-09-30,6642.16015625,1.376984126984127,2609,0.045,out,6889.035465788719,0.01849726206635142,0.1165757714642737,0.018713091035294553,-0.027077568040782762
6715.0,539.87,2025-10-17 18:35:19,0,2026-09-30,6642.16015625,1.376984126984127,2609,0.045,out,6889.035465788719,0.01849726206635142,0.11554508635050599,0.0183836565157612,-0.0255872547992238
6720.0,536.15,2025-10-17 18:46:43,0,2026-09-30,6642.16015625,1.376984126984127,2609,0.045,out,6889.035465788719,0.01849726206635142,0.11525988182940866,0.018293014304314483,-0.02484293023936645
6520.0,653.1,2025-10-16 18:05:15,0,2026-09-30,6642.16015625,1.380952380952381,2609,0.045,in,6889.035465788719,0.018573419359264206,0.11185972770191868,0.017279302941184495,-0.05505670883586303
7145.0,298.77,2025-10-15 19:45:41,0,2026-09-30,6642.16015625,1.3849206349206349,2609,0.045,out,6889.035465788719,0.018649140220698978,0.10632977715359367,0.015657942487408642,0.03648172660740599
6510.0,651.95,2025-10-13 13:49:18,0,2026-09-30,6642.16015625,1.3928571428571428,2609,0.045,in,6889.035465788719,0.018799287569868785,0.10721135933084874,0.016009883829041654,-0.05659162855394677
7110.0,295.91,2025-10-13 13:49:18,0,2026-09-30,6642.16015625,1.3928571428571428,2609,0.045,out,6889.035465788719,0.018799287569868785,0.10004035022356964,0.013939814115761581,0.03157115904072484
6050.0,1169.15,2025-10-27 16:17:10,0,2026-10-16,6642.16015625,1.4007936507936507,2610,0.045,in,6847.788630876894,0.023234811951477113,0.19407105274224623,0.05275889464248711,-0.12386750050212111
6540.0,698.74,2025-10-08 13:48:04,0,2026-09-30,6642.16015625,1.4126984126984128,2609,0.045,in,6889.035465788719,0.019167275103999844,0.13093383236578154,0.024218833218431143,-0.05199391930531734
5900.0,1193.46,2025-10-23 19:58:12,0,2026-10-16,6642.16015625,1.4166666666666667,2610,0.045,in,6847.788630876894,0.023478679604681855,0.15025819170090188,0.03198482591206872,-0.14897342163319746
6075.0,1010.09,2025-10-22 17:20:53,0,2026-10-16,6642.16015625,1.4206349206349207,2610,0.045,in,6847.788630876894,0.02353879502478051,0.1217472381165608,0.02105720482565785,-0.11974378331825909
6360.0,839.73,2025-10-06 19:58:17,0,2026-09-30,6642.16015625,1.4206349206349207,2609,0.045,in,6889.035465788719,0.01931159200286018,0.13957889224908948,0.027677189062741626,-0.07990270742239383
6365.0,835.88,2025-10-06 19:58:17,0,2026-09-30,6642.16015625,1.4206349206349207,2609,0.045,in,6889.035465788719,0.01931159200286018,0.13936910017505655,0.02759405197591497,-0.07911685276505481
7005.0,405.34,2025-10-06 20:08:00,0,2026-09-30,6642.16015625,1.4206349206349207,2609,0.045,out,6889.035465788719,0.01931159200286018,0.11748464704380644,0.019608515635638035,0.016693095014545647
5550.0,1439.93,2025-09-22 18:29:52,0,2026-09-18,6642.16015625,1.4285714285714286,2609,0.045,in,6889.035465788719,0.019454305380622067,0.08837469761482748,0.011157267397874563,-0.21613315701608157
5550.0,1459.8,2025-10-02 13:58:14,0,2026-09-30,6642.16015625,1.4365079365079365,2609,0.045,in,6889.035465788719,0.01959544181498327,0.1266179817384948,0.023030257993769003,-0.21613315701608157
6375.0,781.08,2025-10-01 15:04:18,0,2026-09-30,6642.16015625,1.4404761904761905,2609,0.045,in,6889.035465788719,0.01966542682375742,0.11643229624741726,0.01952778610408341,-0.07754699372993477
5975.0,1071.84,2025-09-26 19:03:44,0,2026-10-16,6642.16015625,1.5238095238095237,2610,0.045,in,6847.788630876894,0.024991897444977658,0.07897434150770939,0.009503918653830568,-0.13634167472729686
