strike,lastPrice,lastTradeDate,CP,exp,S0,ttm,exp_month,r,in_out,F,q,imp_vol,w,y
6300.0,342.52,2025-11-21 19:48:32,0,2025-11-24,6602.990234375,0.007936507936507936,2511,0.045,in,6609.601643150545,-0.08109752620345627,0.6111498582633095,0.0029643186448830416,-0.04797375286344799
6375.0,250.17,2025-11-21 18:44:23,0,2025-11-24,6602.990234375,0.007936507936507936,2511,0.045,in,6609.601643150545,-0.08109752620345627,0.4035659478787002,0.00129258312926376,-0.03613929521644523
6400.0,212.75,2025-11-21 21:07:32,0,2025-11-24,6602.990234375,0.007936507936507936,2511,0.045,in,6609.601643150545,-0.08109752620345627,0.275553684748968,0.0006026177236407433,-0.03222539589530893
6440.0,180.39,2025-11-21 20:40:14,0,2025-11-24,6602.990234375,0.007936507936507936,2511,0.045,in,6609.601643150545,-0.08109752620345627,0.29388182583569905,0.0006854486314009853,-0.025994846144672852
6450.0,162.99,2025-11-21 21:02:20,0,2025-11-24,6602.990234375,0.007936507936507936,2511,0.045,in,6609.601643150545,-0.08109752620345627,0.22644757402848473,0.00040697225224909576,-0.024443255453253918
6460.0,158.15,2025-11-21 21:05:03,0,2025-11-24,6602.990234375,0.007936507936507936,2511,0.045,in,6609.601643150545,-0.08109752620345627,0.2550220972823805,0.0005161608738278091,-0.022894068466424614
6470.0,189.35,2025-11-21 19:39:37,0,2025-11-24,6602.990234375,0.007936507936507936,2511,0.045,in,6609.601643150545,-0.08109752620345627,0.4673915232982889,0.0017337685400880551,-0.021347277748125844
6475.0,141.31,2025-11-21 21:14:17,0,2025-11-24,6602.990234375,0.007936507936507936,2511,0.045,in,6609.601643150545,-0.08109752620345627,0.22480264097699199,0.000401081169763733,-0.02057477867533362
6490.0,129.32,2025-11-21 21:05:38,0,2025-11-24,6602.990234375,0.007936507936507936,2511,0.045,in,6609.601643150545,-0.08109752620345627,0.22701441466500147,0.000409012257664232,-0.01826085554493641
6500.0,119.37,2025-11-21 21:06:44,0,2025-11-24,6602.990234375,0.007936507936507936,2511,0.045,in,6609.601643150545,-0.08109752620345627,0.21498328915707668,0.00036680805251424793,-0.016721209359343667
6540.0,83.49,2025-11-21 21:09:01,0,2025-11-24,6602.990234375,0.007936507936507936,2511,0.045,in,6609.601643150545,-0.08109752620345627,0.1849848713820921,0.00027158256063689805,-0.010586220791827756
6550.0,77.11,2025-11-21 21:14:08,0,2025-11-24,6602.990234375,0.007936507936507936,2511,0.045,in,6609.601643150545,-0.08109752620345627,0.18839327963509145,0.00028168276041004575,-0.009058336613774483
6560.0,66.4,2025-11-21 21:10:51,0,2025-11-24,6602.990234375,0.007936507936507936,2511,0.045,in,6609.601643150545,-0.08109752620345627,0.16968052914369314,0.00022850382516256902,-0.007532783304937414
6570.0,60.48,2025-11-21 21:09:01,0,2025-11-24,6602.990234375,0.007936507936507936,2511,0.045,in,6609.601643150545,-0.08109752620345627,0.17251315196691636,0.00023619672699651094,-0.006009553764415887
6575.0,56.7,2025-11-21 21:14:25,0,2025-11-24,6602.990234375,0.007936507936507936,2511,0.045,in,6609.601643150545,-0.08109752620345627,0.1695631643869375,0.00022818783108659988,-0.005248808197106811
6580.0,53.37,2025-11-21 21:13:10,0,2025-11-24,6602.990234375,0.007936507936507936,2511,0.045,in,6609.601643150545,-0.08109752620345627,0.16826220198066608,0.00022469975091573383,-0.004488640923709253
6590.0,46.6,2025-11-21 21:14:39,0,2025-11-24,6602.990234375,0.007936507936507936,2511,0.045,in,6609.601643150545,-0.08109752620345627,0.16400212256520555,0.00021346584290391033,-0.0029700377465191785
6595.0,43.5,2025-11-21 21:14:40,0,2025-11-24,6602.990234375,0.007936507936507936,2511,0.045,in,6609.601643150545,-0.08109752620345627,0.16249902808281735,0.00020957090577666874,-0.002211600091657136
6600.0,40.62,2025-11-21 21:14:45,0,2025-11-24,6602.990234375,0.007936507936507936,2511,0.045,in,6609.601643150545,-0.08109752620345627,0.16150967159364396,0.0002070267779229105,-0.0014537372285552239
6605.0,37.3,2025-11-21 21:14:37,0,2025-11-24,6602.990234375,0.007936507936507936,2511,0.045,out,6609.601643150545,-0.08109752620345627,0.15820506649027685,0.0001986416116126422,-0.0006964482866463595
6610.0,35.0,2025-11-21 21:14:57,0,2025-11-24,6602.990234375,0.007936507936507936,2511,0.045,out,6609.601643150545,-0.08109752620345627,0.1587979542194906,0.0002001332560658368,6.026760265988945e-05
6620.0,29.0,2025-11-21 21:14:39,0,2025-11-24,6602.990234375,0.007936507936507936,2511,0.045,out,6609.601643150545,-0.08109752620345627,0.15258773507318316,0.0001847858483711423,0.0015719836879817591
6625.0,27.13,2025-11-21 21:14:55,0,2025-11-24,6602.990234375,0.007936507936507936,2511,0.045,out,6609.601643150545,-0.08109752620345627,0.15362372481134845,0.00018730356210248345,0.0023269856113507957
6630.0,24.68,2025-11-21 21:14:55,0,2025-11-24,6602.990234375,0.007936507936507936,2511,0.045,out,6609.601643150545,-0.08109752620345627,0.1516496763952621,0.0001825208281808549,0.003081417936836002
6635.0,22.34,2025-11-21 21:14:55,0,2025-11-24,6602.990234375,0.007936507936507936,2511,0.045,out,6609.601643150545,-0.08109752620345627,0.14962711835405434,0.00017768471862649352,0.0038352815232358885
6640.0,19.82,2025-11-21 21:14:35,0,2025-11-24,6602.990234375,0.007936507936507936,2511,0.045,out,6609.601643150545,-0.08109752620345627,0.14620642460012337,0.00016965332217739332,0.004588577227407513
6645.0,18.0,2025-11-21 21:13:16,0,2025-11-24,6602.990234375,0.007936507936507936,2511,0.045,out,6609.601643150545,-0.08109752620345627,0.14542498809777116,0.00016784466002568954,0.0053413059042736535
6650.0,16.0,2025-11-21 21:14:57,0,2025-11-24,6602.990234375,0.007936507936507936,2511,0.045,out,6609.601643150545,-0.08109752620345627,0.143216571494973,0.00016278560595852943,0.006093468406827746
6655.0,14.4,2025-11-21 21:14:58,0,2025-11-24,6602.990234375,0.007936507936507936,2511,0.045,out,6609.601643150545,-0.08109752620345627,0.1423670178462594,0.00016086006167013604,0.006845065586139902
6660.0,12.37,2025-11-21 21:14:42,0,2025-11-24,6602.990234375,0.007936507936507936,2511,0.045,out,6609.601643150545,-0.08109752620345627,0.13866348505121745,0.00015259969909959685,0.007596098291362689
6665.0,11.2,2025-11-21 21:14:58,0,2025-11-24,6602.990234375,0.007936507936507936,2511,0.045,out,6609.601643150545,-0.08109752620345627,0.13885131274850926,0.00015301338930146294,0.008346567369736884
6670.0,9.8,2025-11-21 21:14:58,0,2025-11-24,6602.990234375,0.007936507936507936,2511,0.045,out,6609.601643150545,-0.08109752620345627,0.13718576601675456,0.0001493645587111407,0.009096473666597216
6675.0,8.17,2025-11-21 21:14:39,0,2025-11-24,6602.990234375,0.007936507936507936,2511,0.045,out,6609.601643150545,-0.08109752620345627,0.13335241114209406,0.0001411338536302388,0.009845818025378286
6680.0,7.4,2025-11-21 21:14:59,0,2025-11-24,6602.990234375,0.007936507936507936,2511,0.045,out,6609.601643150545,-0.08109752620345627,0.13416733916452445,0.00014286408649594073,0.01059460128761939
6685.0,6.4,2025-11-21 21:14:59,0,2025-11-24,6602.990234375,0.007936507936507936,2511,0.045,out,6609.601643150545,-0.08109752620345627,0.13290552409130094,0.0001401895105871696,0.011342824292971506
6690.0,5.4,2025-11-21 21:14:58,0,2025-11-24,6602.990234375,0.007936507936507936,2511,0.045,out,6609.601643150545,-0.08109752620345627,0.1308822610154577,0.0001359537003850666,0.012090487879202059
6695.0,4.7,2025-11-21 21:13:37,0,2025-11-24,6602.990234375,0.007936507936507936,2511,0.045,out,6609.601643150545,-0.08109752620345627,0.1304366484012908,0.00013502951782668217,0.01283759288220078
6700.0,3.68,2025-11-21 21:15:29,0,2025-11-24,6602.990234375,0.007936507936507936,2511,0.045,out,6609.601643150545,-0.08109752620345627,0.12637583636498656,0.00012675279378531634,0.0135841401359853
6705.0,3.25,2025-11-21 21:14:52,0,2025-11-24,6602.990234375,0.007936507936507936,2511,0.045,out,6609.601643150545,-0.08109752620345627,0.12690536842505096,0.00012781724234204697,0.014330130472706743
6710.0,2.8,2025-11-21 21:14:58,0,2025-11-24,6602.990234375,0.007936507936507936,2511,0.045,out,6609.601643150545,-0.08109752620345627,0.1267070690909123,0.0001274181060127716,0.015075564722655295
6715.0,2.27,2025-11-21 21:14:49,0,2025-11-24,6602.990234375,0.007936507936507936,2511,0.045,out,6609.601643150545,-0.08109752620345627,0.12485350286635356,0.00012371743792062345,0.01582044371426596
6720.0,1.81,2025-11-21 21:14:46,0,2025-11-24,6602.990234375,0.007936507936507936,2511,0.045,out,6609.601643150545,-0.08109752620345627,0.1228842656590697,0.00011984557735372076,0.01656476827412321
6725.0,1.55,2025-11-21 21:14:58,0,2025-11-24,6602.990234375,0.007936507936507936,2511,0.045,out,6609.601643150545,-0.08109752620345627,0.12301085464561917,0.0001200926219098861,0.01730853922696781
6730.0,1.3,2025-11-21 21:14:58,0,2025-11-24,6602.990234375,0.007936507936507936,2511,0.045,out,6609.601643150545,-0.08109752620345627,0.1227141071627489,0.00011951390552976683,0.018051757395701418
6735.0,1.01,2025-11-21 21:14:09,0,2025-11-24,6602.990234375,0.007936507936507936,2511,0.045,out,6609.601643150545,-0.08109752620345627,0.1208349120833117,0.00011588155538239416,0.01879442360139226
6740.0,0.82,2025-11-21 21:14:54,0,2025-11-24,6602.990234375,0.007936507936507936,2511,0.045,out,6609.601643150545,-0.08109752620345627,0.12015500855421261,0.00011458115937034051,0.019536538663280593
6745.0,0.75,2025-11-21 21:14:41,0,2025-11-24,6602.990234375,0.007936507936507936,2511,0.045,out,6609.601643150545,-0.08109752620345627,0.12196984917343982,0.00011806860402691793,0.020278103398784105
6750.0,0.6,2025-11-21 21:14:58,0,2025-11-24,6602.990234375,0.007936507936507936,2511,0.045,out,6609.601643150545,-0.08109752620345627,0.12114717834234878,0.0001164812604786735,0.02101911862350333
6755.0,0.47,2025-11-21 21:14:03,0,2025-11-24,6602.990234375,0.007936507936507936,2511,0.045,out,6609.601643150545,-0.08109752620345627,0.12010080034965545,0.00011447779559228412,0.021759585151227025
6760.0,0.41,2025-11-21 21:14:09,0,2025-11-24,6602.990234375,0.007936507936507936,2511,0.045,out,6609.601643150545,-0.08109752620345627,0.12105340750611611,0.00011630101165747466,0.02249950379393776
6765.0,0.35,2025-11-21 21:14:58,0,2025-11-24,6602.990234375,0.007936507936507936,2511,0.045,out,6609.601643150545,-0.08109752620345627,0.12164054492813799,0.00011743192198741553,0.02323887536181637
6770.0,0.26,2025-11-21 21:12:15,0,2025-11-24,6602.990234375,0.007936507936507936,2511,0.045,out,6609.601643150545,-0.08109752620345627,0.12004243115130515,0.00011436654981520507,0.02397770066324861
6775.0,0.2,2025-11-21 21:10:52,0,2025-11-24,6602.990234375,0.007936507936507936,2511,0.045,out,6609.601643150545,-0.08109752620345627,0.11918332385984384,0.00011273543401809858,0.024715980504829555
6780.0,0.17,2025-11-21 21:11:16,0,2025-11-24,6602.990234375,0.007936507936507936,2511,0.045,out,6609.601643150545,-0.08109752620345627,0.11985678857669553,0.00011401309339618008,0.02545371569136913
6785.0,0.15,2025-11-21 21:14:52,0,2025-11-24,6602.990234375,0.007936507936507936,2511,0.045,out,6609.601643150545,-0.08109752620345627,0.12105624409682682,0.00011630646218119458,0.026190907025897367
6790.0,0.1,2025-11-21 21:14:27,0,2025-11-24,6602.990234375,0.007936507936507936,2511,0.045,out,6609.601643150545,-0.08109752620345627,0.11854196191237287,0.0001115253709050354,0.026927555309669636
6795.0,0.1,2025-11-21 21:14:53,0,2025-11-24,6602.990234375,0.007936507936507936,2511,0.045,out,6609.601643150545,-0.08109752620345627,0.12135986395755324,0.00011689060777615738,0.027663661342171884
6800.0,0.15,2025-11-21 21:13:32,0,2025-11-24,6602.990234375,0.007936507936507936,2511,0.045,out,6609.601643150545,-0.08109752620345627,0.12982250882141289,0.00013376098251337957,0.028399225921126054
6805.0,0.1,2025-11-21 21:14:59,0,2025-11-24,6602.990234375,0.007936507936507936,2511,0.045,out,6609.601643150545,-0.08109752620345627,0.12696995279497705,0.00012794737232348175,0.02913424984249441
6810.0,0.1,2025-11-21 21:08:29,0,2025-11-24,6602.990234375,0.007936507936507936,2511,0.045,out,6609.601643150545,-0.08109752620345627,0.12976255860680783,0.00013363747314432725,0.029868733900485986
6815.0,0.1,2025-11-21 21:14:59,0,2025-11-24,6602.990234375,0.007936507936507936,2511,0.045,out,6609.601643150545,-0.08109752620345627,0.13254713266961093,0.00013943446332488447,0.030602678887560898
6820.0,0.1,2025-11-21 21:12:30,0,2025-11-24,6602.990234375,0.007936507936507936,2511,0.045,out,6609.601643150545,-0.08109752620345627,0.1353238577539582,0.00014533767045566277,0.03133608559443567
6825.0,0.1,2025-11-21 21:14:12,0,2025-11-24,6602.990234375,0.007936507936507936,2511,0.045,out,6609.601643150545,-0.08109752620345627,0.13809290737164945,0.00015134643703456314,0.03206895481008833
6830.0,0.08,2025-11-21 21:09:30,0,2025-11-24,6602.990234375,0.007936507936507936,2511,0.045,out,6609.601643150545,-0.08109752620345627,0.13768572729426654,0.00015045523413135818,0.03280128732176357
6835.0,0.05,2025-11-21 21:13:49,0,2025-11-24,6602.990234375,0.007936507936507936,2511,0.045,out,6609.601643150545,-0.08109752620345627,0.13417117486927782,0.00014287225528414546,0.03353308391497774
6840.0,0.05,2025-11-21 21:09:58,0,2025-11-24,6602.990234375,0.007936507936507936,2511,0.045,out,6609.601643150545,-0.08109752620345627,0.13676805537365253,0.0001484563569102419,0.03426434537352414
6845.0,0.1,2025-11-21 20:56:47,0,2025-11-24,6602.990234375,0.007936507936507936,2511,0.045,out,6609.601643150545,-0.08109752620345627,0.14909553363794067,0.0001764244297681135,0.034995072479477224
6850.0,0.07,2025-11-21 21:07:25,0,2025-11-24,6602.990234375,0.007936507936507936,2511,0.045,out,6609.601643150545,-0.08109752620345627,0.1465296539527286,0.0001704042816468761,0.03572526601319891
6855.0,0.05,2025-11-21 21:05:48,0,2025-11-24,6602.990234375,0.007936507936507936,2511,0.045,out,6609.601643150545,-0.08109752620345627,0.1445214857884092,0.00016576555440070924,0.03645492675334268
6860.0,0.05,2025-11-21 20:58:19,0,2025-11-24,6602.990234375,0.007936507936507936,2511,0.045,out,6609.601643150545,-0.08109752620345627,0.1470939322523543,0.0001717192452814301,0.037184055476858796
6865.0,0.05,2025-11-21 21:10:13,0,2025-11-24,6602.990234375,0.007936507936507936,2511,0.045,out,6609.601643150545,-0.08109752620345627,0.14966053838746285,0.0001777641011938511,0.03791265295899928
6870.0,0.1,2025-11-21 20:30:19,0,2025-11-24,6602.990234375,0.007936507936507936,2511,0.045,out,6609.601643150545,-0.08109752620345627,0.1626937796228866,0.00021007353911095544,0.03864071997332286
6875.0,0.05,2025-11-21 21:00:08,0,2025-11-24,6602.990234375,0.007936507936507936,2511,0.045,out,6609.601643150545,-0.08109752620345627,0.1547766193898357,0.0001901254119821116,0.03936825729169985
6880.0,0.05,2025-11-21 21:10:27,0,2025-11-24,6602.990234375,0.007936507936507936,2511,0.045,out,6609.601643150545,-0.08109752620345627,0.15732627945463504,0.00019644093815109458,0.04009526568431734
6885.0,0.05,2025-11-21 21:10:57,0,2025-11-24,6602.990234375,0.007936507936507936,2511,0.045,out,6609.601643150545,-0.08109752620345627,0.159870470037999,0.00020284577135056139,0.04082174591968318
6890.0,0.05,2025-11-21 19:46:11,0,2025-11-24,6602.990234375,0.007936507936507936,2511,0.045,out,6609.601643150545,-0.08109752620345627,0.16240927506264596,0.00020933946528868408,0.04154769876463219
6895.0,0.1,2025-11-21 20:29:11,0,2025-11-24,6602.990234375,0.007936507936507936,2511,0.045,out,6609.601643150545,-0.08109752620345627,0.17613363401782456,0.00024621473835178544,0.0422731249843301
6900.0,0.05,2025-11-21 21:07:21,0,2025-11-24,6602.990234375,0.007936507936507936,2511,0.045,out,6609.601643150545,-0.08109752620345627,0.1674710486966156,0.00022259168374241423,0.04299802534227864
6905.0,0.05,2025-11-21 21:12:31,0,2025-11-24,6602.990234375,0.007936507936507936,2511,0.045,out,6609.601643150545,-0.08109752620345627,0.16999417022160737,0.00022934934848676842,0.04372240060032036
6910.0,0.05,2025-11-21 21:11:10,0,2025-11-24,6602.990234375,0.007936507936507936,2511,0.045,out,6609.601643150545,-0.08109752620345627,0.17251221232807987,0.0002361941539867342,0.04444625151864342
6915.0,0.05,2025-11-21 21:08:41,0,2025-11-24,6602.990234375,0.007936507936507936,2511,0.045,out,6609.601643150545,-0.08109752620345627,0.17502524493491303,0.0002431256854327484,0.045169578855786395
6920.0,0.04,2025-11-21 20:54:47,0,2025-11-24,6602.990234375,0.007936507936507936,2511,0.045,out,6609.601643150545,-0.08109752620345627,0.17409827535347797,0.00024055721810361454,0.04589238336864324
6925.0,0.05,2025-11-21 21:05:18,0,2025-11-24,6602.990234375,0.007936507936507936,2511,0.045,out,6609.601643150545,-0.08109752620345627,0.1800365495740796,0.00025724729509952397,0.04661466581246722
6930.0,0.04,2025-11-21 20:59:15,0,2025-11-24,6602.990234375,0.007936507936507936,2511,0.045,out,6609.601643150545,-0.08109752620345627,0.17901830521328302,0.00025434566350346154,0.047336426940876856
6935.0,0.05,2025-11-21 20:42:13,0,2025-11-24,6602.990234375,0.007936507936507936,2511,0.045,out,6609.601643150545,-0.08109752620345627,0.18502859811519087,0.00027171096921010165,0.04805766750585988
6940.0,0.05,2025-11-21 20:59:15,0,2025-11-24,6602.990234375,0.007936507936507936,2511,0.045,out,6609.601643150545,-0.08109752620345627,0.18751755295540615,0.0002790701005268536,0.048778388257778076
6945.0,0.05,2025-11-21 20:54:47,0,2025-11-24,6602.990234375,0.007936507936507936,2511,0.045,out,6609.601643150545,-0.08109752620345627,0.19000187189473902,0.00028651358193257793,0.049498589945372005
6950.0,0.05,2025-11-21 21:12:08,0,2025-11-24,6602.990234375,0.007936507936507936,2511,0.045,out,6609.601643150545,-0.08109752620345627,0.19248161050165233,0.00029404103477229993,0.05021827331576566
6955.0,0.07,2025-11-21 20:45:09,0,2025-11-24,6602.990234375,0.007936507936507936,2511,0.045,out,6609.601643150545,-0.08109752620345627,0.2009336168864623,0.00032043109837361593,0.05093743911447109
6960.0,0.05,2025-11-21 19:31:55,0,2025-11-24,6602.990234375,0.007936507936507936,2511,0.045,out,6609.601643150545,-0.08109752620345627,0.19742756067500336,0.0003093463628101757,0.05165608808539333
6965.0,0.1,2025-11-21 21:02:31,0,2025-11-24,6602.990234375,0.007936507936507936,2511,0.045,out,6609.601643150545,-0.08109752620345627,0.21301924426970814,0.0003601364954701395,0.052374220970834044
6970.0,0.05,2025-11-21 20:42:13,0,2025-11-24,6602.990234375,0.007936507936507936,2511,0.045,out,6609.601643150545,-0.08109752620345627,0.2023558157954698,0.0003249831443353182,0.05309183851149751
6975.0,0.07,2025-11-21 16:41:25,0,2025-11-24,6602.990234375,0.007936507936507936,2511,0.045,out,6609.601643150545,-0.08109752620345627,0.21104237411738072,0.00035348320375476575,0.0538089414464943
6980.0,0.05,2025-11-21 19:58:38,0,2025-11-24,6602.990234375,0.007936507936507936,2511,0.045,out,6609.601643150545,-0.08109752620345627,0.20726676474740616,0.00034094850610203657,0.05452553051334605
6985.0,0.05,2025-11-21 19:50:11,0,2025-11-24,6602.990234375,0.007936507936507936,2511,0.045,out,6609.601643150545,-0.08109752620345627,0.2097158650214532,0.0003490535241404474,0.05524160644799006
6990.0,0.05,2025-11-21 19:36:02,0,2025-11-24,6602.990234375,0.007936507936507936,2511,0.045,out,6609.601643150545,-0.08109752620345627,0.21216077496485972,0.0003572396383626178,0.05595716998478378
7000.0,0.05,2025-11-21 21:04:06,0,2025-11-24,6602.990234375,0.007936507936507936,2511,0.045,out,6609.601643150545,-0.08109752620345627,0.21703819419981504,0.0003738537915993383,0.057386762794378356
7010.0,0.05,2025-11-21 20:48:50,0,2025-11-24,6602.990234375,0.007936507936507936,2511,0.045,out,6609.601643150545,-0.08109752620345627,0.22189935210281023,0.00039078827352100753,0.058814314785563725
7020.0,0.05,2025-11-21 19:20:26,0,2025-11-24,6602.990234375,0.007936507936507936,2511,0.045,out,6609.601643150545,-0.08109752620345627,0.22674456163949339,0.00040804044629433344,0.0602398317767847
7050.0,0.05,2025-11-21 20:09:20,0,2025-11-24,6602.990234375,0.007936507936507936,2511,0.045,out,6609.601643150545,-0.08109752620345627,0.24118740531403532,0.00046167749588981545,0.06450423056324228
7075.0,0.05,2025-11-21 20:45:06,0,2025-11-24,6602.990234375,0.007936507936507936,2511,0.045,out,6609.601643150545,-0.08109752620345627,0.2531207520203391,0.0005084929770106509,0.0680440572683662
7100.0,0.05,2025-11-21 18:24:52,0,2025-11-24,6602.990234375,0.007936507936507936,2511,0.045,out,6609.601643150545,-0.08109752620345627,0.264965050011676,0.000557194267680079,0.07157139778633469
7125.0,0.05,2025-11-21 16:41:19,0,2025-11-24,6602.990234375,0.007936507936507936,2511,0.045,out,6609.601643150545,-0.08109752620345627,0.27672365208156874,0.0006077458700108024,0.07508633989377926
7150.0,0.03,2025-11-21 15:58:43,0,2025-11-24,6602.990234375,0.007936507936507936,2511,0.045,out,6609.601643150545,-0.08109752620345627,0.276878527001609,0.0006084263390046088,0.0785889704449812
6400.0,217.85,2025-11-21 21:06:56,0,2025-11-25,6602.990234375,0.011904761904761904,2511,0.045,in,6609.601643150545,-0.03906501746897084,0.2550696622852363,0.0007745301502179106,-0.03222539589530893
6450.0,192.41,2025-11-21 19:59:42,0,2025-11-25,6602.990234375,0.011904761904761904,2511,0.045,in,6609.601643150545,-0.03906501746897084,0.3318704210855645,0.0013111663856132131,-0.024443255453253918
6480.0,148.42,2025-11-21 21:05:19,0,2025-11-25,6602.990234375,0.011904761904761904,2511,0.045,in,6609.601643150545,-0.03906501746897084,0.23558554129346856,0.0006607208007921022,-0.019802875896751768
6500.0,128.3,2025-11-21 21:06:56,0,2025-11-25,6602.990234375,0.011904761904761904,2511,0.045,in,6609.601643150545,-0.03906501746897084,0.21327915262310831,0.0005415237731384658,-0.016721209359343667
6525.0,99.83,2025-11-21 20:58:34,0,2025-11-25,6602.990234375,0.011904761904761904,2511,0.045,in,6609.601643150545,-0.03906501746897084,0.17016281319908455,0.0003447069404265065,-0.0128824330521779
6530.0,102.6,2025-11-21 18:30:45,0,2025-11-25,6602.990234375,0.011904761904761904,2511,0.045,in,6609.601643150545,-0.03906501746897084,0.196964303633422,0.0004618444869737958,-0.012116442972595341
6550.0,89.7,2025-11-21 21:04:15,0,2025-11-25,6602.990234375,0.011904761904761904,2511,0.045,in,6609.601643150545,-0.03906501746897084,0.19937116301271623,0.00047320072191717937,-0.009058336613774483
6555.0,84.9,2025-11-21 21:01:34,0,2025-11-25,6602.990234375,0.011904761904761904,2511,0.045,in,6609.601643150545,-0.03906501746897084,0.19344660258306037,0.0004454950958443869,-0.008295269045271897
6560.0,81.6,2025-11-21 21:06:48,0,2025-11-25,6602.990234375,0.011904761904761904,2511,0.045,in,6609.601643150545,-0.03906501746897084,0.19295930785541845,0.00044325350581002565,-0.007532783304937414
6575.0,64.56,2025-11-21 20:58:34,0,2025-11-25,6602.990234375,0.011904761904761904,2511,0.045,in,6609.601643150545,-0.03906501746897084,0.16439993771489225,0.0003217540419126244,-0.005248808197106811
6580.0,67.4,2025-11-21 19:55:11,0,2025-11-25,6602.990234375,0.011904761904761904,2511,0.045,in,6609.601643150545,-0.03906501746897084,0.1850989478746251,0.0004078764345749188,-0.004488640923709253
6590.0,56.23,2025-11-21 20:43:33,0,2025-11-25,6602.990234375,0.011904761904761904,2511,0.045,in,6609.601643150545,-0.03906501746897084,0.16552320412231353,0.00032616584646329844,-0.0029700377465191785
6600.0,56.71,2025-11-21 21:05:00,0,2025-11-25,6602.990234375,0.011904761904761904,2511,0.045,in,6609.601643150545,-0.03906501746897084,0.18583286286015577,0.00041111729665239835,-0.0014537372285552239
6605.0,52.6,2025-11-21 21:07:40,0,2025-11-25,6602.990234375,0.011904761904761904,2511,0.045,out,6609.601643150545,-0.03906501746897084,0.18036363430501856,0.0003872742926156484,-0.0006964482866463595
6610.0,49.03,2025-11-21 21:06:58,0,2025-11-25,6602.990234375,0.011904761904761904,2511,0.045,out,6609.601643150545,-0.03906501746897084,0.17651551929059142,0.0003709253398860375,6.026760265988945e-05
6615.0,46.6,2025-11-21 21:07:20,0,2025-11-25,6602.990234375,0.011904761904761904,2511,0.045,out,6609.601643150545,-0.03906501746897084,0.17636221632098734,0.0003702813255434611,0.0008164113059839512
6620.0,41.29,2025-11-21 21:12:55,0,2025-11-25,6602.990234375,0.011904761904761904,2511,0.045,out,6609.601643150545,-0.03906501746897084,0.16586480385672786,0.0003275134899813191,0.0015719836879817591
6625.0,40.4,2025-11-21 21:01:57,0,2025-11-25,6602.990234375,0.011904761904761904,2511,0.045,out,6609.601643150545,-0.03906501746897084,0.17052432883470342,0.0003461731752919769,0.0023269856113507957
6630.0,38.1,2025-11-21 21:02:56,0,2025-11-25,6602.990234375,0.011904761904761904,2511,0.045,out,6609.601643150545,-0.03906501746897084,0.16996707809029268,0.0003439143766018053,0.003081417936836002
6635.0,35.6,2025-11-21 21:07:21,0,2025-11-25,6602.990234375,0.011904761904761904,2511,0.045,out,6609.601643150545,-0.03906501746897084,0.1684044342749817,0.00033761968432710274,0.0038352815232358885
6640.0,33.15,2025-11-21 21:02:56,0,2025-11-25,6602.990234375,0.011904761904761904,2511,0.045,out,6609.601643150545,-0.03906501746897084,0.16670591454664432,0.00033084359458134617,0.004588577227407513
6645.0,30.96,2025-11-21 21:03:27,0,2025-11-25,6602.990234375,0.011904761904761904,2511,0.045,out,6609.601643150545,-0.03906501746897084,0.16562839027625298,0.00032658051982741395,0.0053413059042736535
6650.0,28.1,2025-11-21 21:13:13,0,2025-11-25,6602.990234375,0.011904761904761904,2511,0.045,out,6609.601643150545,-0.03906501746897084,0.16174320358672714,0.0003114388560297317,0.006093468406827746
6655.0,24.32,2025-11-21 20:31:58,0,2025-11-25,6602.990234375,0.011904761904761904,2511,0.045,out,6609.601643150545,-0.03906501746897084,0.15392349397540786,0.0002820528809237788,0.006845065586139902
6660.0,23.75,2025-11-21 21:13:12,0,2025-11-25,6602.990234375,0.011904761904761904,2511,0.045,out,6609.601643150545,-0.03906501746897084,0.15792548673146278,0.00029691023046868364,0.007596098291362689
6665.0,22.4,2025-11-21 21:07:21,0,2025-11-25,6602.990234375,0.011904761904761904,2511,0.045,out,6609.601643150545,-0.03906501746897084,0.15869510201032402,0.0002998111357388946,0.008346567369736884
6670.0,20.2,2025-11-21 21:08:24,0,2025-11-25,6602.990234375,0.011904761904761904,2511,0.045,out,6609.601643150545,-0.03906501746897084,0.15575710827068118,0.0002888128187719607,0.009096473666597216
6675.0,18.0,2025-11-21 21:09:42,0,2025-11-25,6602.990234375,0.011904761904761904,2511,0.045,out,6609.601643150545,-0.03906501746897084,0.15233934780134706,0.0002762771058159498,0.009845818025378286
6680.0,15.82,2025-11-21 21:12:55,0,2025-11-25,6602.990234375,0.011904761904761904,2511,0.045,out,6609.601643150545,-0.03906501746897084,0.14846029969456676,0.00026238643554048305,0.01059460128761939
6685.0,15.72,2025-11-21 21:06:35,0,2025-11-25,6602.990234375,0.011904761904761904,2511,0.045,out,6609.601643150545,-0.03906501746897084,0.15332576481448432,0.00027986654947555423,0.011342824292971506
6690.0,13.35,2025-11-21 21:09:42,0,2025-11-25,6602.990234375,0.011904761904761904,2511,0.045,out,6609.601643150545,-0.03906501746897084,0.147688781828921,0.00025966638426322175,0.012090487879202059
6695.0,12.7,2025-11-21 21:06:05,0,2025-11-25,6602.990234375,0.011904761904761904,2511,0.045,out,6609.601643150545,-0.03906501746897084,0.14959426507210297,0.000266410049315031,0.01283759288220078
6700.0,11.2,2025-11-21 21:14:57,0,2025-11-25,6602.990234375,0.011904761904761904,2511,0.045,out,6609.601643150545,-0.03906501746897084,0.14704277050014336,0.0002573997185280694,0.0135841401359853
6705.0,10.0,2025-11-21 21:14:18,0,2025-11-25,6602.990234375,0.011904761904761904,2511,0.045,out,6609.601643150545,-0.03906501746897084,0.14550722512979458,0.00025205181624967526,0.014330130472706743
6710.0,8.07,2025-11-21 21:12:26,0,2025-11-25,6602.990234375,0.011904761904761904,2511,0.045,out,6609.601643150545,-0.03906501746897084,0.13928961587443442,0.00023097139393389872,0.015075564722655295
6715.0,7.3,2025-11-21 21:10:14,0,2025-11-25,6602.990234375,0.011904761904761904,2511,0.045,out,6609.601643150545,-0.03906501746897084,0.13903609568738817,0.00023013137980943524,0.01582044371426596
6720.0,6.35,2025-11-21 21:11:44,0,2025-11-25,6602.990234375,0.011904761904761904,2511,0.045,out,6609.601643150545,-0.03906501746897084,0.13721980673908746,0.00022415804001800607,0.01656476827412321
6725.0,5.79,2025-11-21 21:14:32,0,2025-11-25,6602.990234375,0.011904761904761904,2511,0.045,out,6609.601643150545,-0.03906501746897084,0.13753340673613632,0.00022518378533866078,0.01730853922696781
6730.0,5.09,2025-11-21 21:14:32,0,2025-11-25,6602.990234375,0.011904761904761904,2511,0.045,out,6609.601643150545,-0.03906501746897084,0.13648750184825886,0.0002217718828664103,0.018051757395701418
6735.0,4.6,2025-11-21 21:07:04,0,2025-11-25,6602.990234375,0.011904761904761904,2511,0.045,out,6609.601643150545,-0.03906501746897084,0.13660607097700753,0.00022215736461637164,0.01879442360139226
6740.0,3.55,2025-11-21 21:00:36,0,2025-11-25,6602.990234375,0.011904761904761904,2511,0.045,out,6609.601643150545,-0.03906501746897084,0.1314547817421717,0.00020571856717716664,0.019536538663280593
6745.0,3.32,2025-11-21 21:13:26,0,2025-11-25,6602.990234375,0.011904761904761904,2511,0.045,out,6609.601643150545,-0.03906501746897084,0.13294099527984657,0.00021039652649995462,0.020278103398784105
6750.0,2.8,2025-11-21 21:14:21,0,2025-11-25,6602.990234375,0.011904761904761904,2511,0.045,out,6609.601643150545,-0.03906501746897084,0.13125438640291132,0.00020509183273815178,0.02101911862350333
6755.0,2.5,2025-11-21 21:13:33,0,2025-11-25,6602.990234375,0.011904761904761904,2511,0.045,out,6609.601643150545,-0.03906501746897084,0.13140336298489388,0.00020555766433023547,0.021759585151227025
6760.0,2.05,2025-11-21 21:06:13,0,2025-11-25,6602.990234375,0.011904761904761904,2511,0.045,out,6609.601643150545,-0.03906501746897084,0.12929355606321202,0.00019900980523179703,0.02249950379393776
6765.0,1.55,2025-11-21 21:02:13,0,2025-11-25,6602.990234375,0.011904761904761904,2511,0.045,out,6609.601643150545,-0.03906501746897084,0.1254913718597843,0.00018747719537203167,0.02323887536181637
6770.0,1.3,2025-11-21 21:01:24,0,2025-11-25,6602.990234375,0.011904761904761904,2511,0.045,out,6609.601643150545,-0.03906501746897084,0.12453064742494019,0.00018461764461993765,0.02397770066324861
6775.0,1.22,2025-11-21 21:13:22,0,2025-11-25,6602.990234375,0.011904761904761904,2511,0.045,out,6609.601643150545,-0.03906501746897084,0.1261595672678125,0.0001894790049190679,0.024715980504829555
6780.0,0.95,2025-11-21 21:12:23,0,2025-11-25,6602.990234375,0.011904761904761904,2511,0.045,out,6609.601643150545,-0.03906501746897084,0.12377817829794813,0.0001823933026518885,0.02545371569136913
6785.0,0.63,2025-11-21 21:00:05,0,2025-11-25,6602.990234375,0.011904761904761904,2511,0.045,out,6609.601643150545,-0.03906501746897084,0.11873596130020671,0.00016783605364147837,0.026190907025897367
6790.0,0.4,2025-11-21 20:58:46,0,2025-11-25,6602.990234375,0.011904761904761904,2511,0.045,out,6609.601643150545,-0.03906501746897084,0.11383278667804006,0.00015426075384390682,0.026927555309669636
6795.0,0.52,2025-11-21 21:09:58,0,2025-11-25,6602.990234375,0.011904761904761904,2511,0.045,out,6609.601643150545,-0.03906501746897084,0.12082406616268802,0.00017379113052482873,0.027663661342171884
6800.0,0.5,2025-11-21 21:14:26,0,2025-11-25,6602.990234375,0.011904761904761904,2511,0.045,out,6609.601643150545,-0.03906501746897084,0.12283034123866249,0.00017961062772388418,0.028399225921126054
6805.0,0.35,2025-11-21 21:05:49,0,2025-11-25,6602.990234375,0.011904761904761904,2511,0.045,out,6609.601643150545,-0.03906501746897084,0.1195433833454773,0.00017012643454385404,0.02913424984249441
6810.0,0.37,2025-11-21 21:13:22,0,2025-11-25,6602.990234375,0.011904761904761904,2511,0.045,out,6609.601643150545,-0.03906501746897084,0.12300775534237732,0.00018012985564726375,0.029868733900485986
6815.0,0.25,2025-11-21 21:03:18,0,2025-11-25,6602.990234375,0.011904761904761904,2511,0.045,out,6609.601643150545,-0.03906501746897084,0.11946939256334624,0.00016991590189827297,0.030602678887560898
6820.0,0.2,2025-11-21 21:02:03,0,2025-11-25,6602.990234375,0.011904761904761904,2511,0.045,out,6609.601643150545,-0.03906501746897084,0.11871853385677802,0.0001677867890607494,0.03133608559443567
6825.0,0.25,2025-11-21 21:13:34,0,2025-11-25,6602.990234375,0.011904761904761904,2511,0.045,out,6609.601643150545,-0.03906501746897084,0.12439364982991837,0.00018421166807152796,0.03206895481008833
6830.0,0.2,2025-11-21 21:10:54,0,2025-11-25,6602.990234375,0.011904761904761904,2511,0.045,out,6609.601643150545,-0.03906501746897084,0.12352499939665301,0.00018164792233265627,0.03280128732176357
6835.0,0.25,2025-11-21 21:11:05,0,2025-11-25,6602.990234375,0.011904761904761904,2511,0.045,out,6609.601643150545,-0.03906501746897084,0.12928853868686158,0.00019899435994981073,0.03353308391497774
6840.0,0.2,2025-11-21 21:10:44,0,2025-11-25,6602.990234375,0.011904761904761904,2511,0.045,out,6609.601643150545,-0.03906501746897084,0.128303985920886,0.0001959751524188918,0.03426434537352414
6845.0,0.15,2025-11-21 21:06:13,0,2025-11-25,6602.990234375,0.011904761904761904,2511,0.045,out,6609.601643150545,-0.03906501746897084,0.12652300177228987,0.0001905722616365579,0.034995072479477224
6850.0,0.15,2025-11-21 21:05:12,0,2025-11-25,6602.990234375,0.011904761904761904,2511,0.045,out,6609.601643150545,-0.03906501746897084,0.12883511656493934,0.00019760103881311317,0.03572526601319891
6855.0,0.1,2025-11-21 21:14:02,0,2025-11-25,6602.990234375,0.011904761904761904,2511,0.045,out,6609.601643150545,-0.03906501746897084,0.12564900743938226,0.00018794848893454689,0.03645492675334268
6860.0,0.1,2025-11-21 21:11:57,0,2025-11-25,6602.990234375,0.011904761904761904,2511,0.045,out,6609.601643150545,-0.03906501746897084,0.12787042208466473,0.00019465291481083705,0.037184055476858796
6865.0,0.15,2025-11-21 21:11:11,0,2025-11-25,6602.990234375,0.011904761904761904,2511,0.045,out,6609.601643150545,-0.03906501746897084,0.13573595299071223,0.00021933629683686711,0.03791265295899928
6870.0,0.1,2025-11-21 21:11:38,0,2025-11-25,6602.990234375,0.011904761904761904,2511,0.045,out,6609.601643150545,-0.03906501746897084,0.13229723437049365,0.00020836378835811104,0.03864071997332286
6875.0,0.1,2025-11-21 21:11:34,0,2025-11-25,6602.990234375,0.011904761904761904,2511,0.045,out,6609.601643150545,-0.03906501746897084,0.1345028167654441,0.0002153691394980789,0.03936825729169985
6880.0,0.1,2025-11-21 21:11:30,0,2025-11-25,6602.990234375,0.011904761904761904,2511,0.045,out,6609.601643150545,-0.03906501746897084,0.13670330031601324,0.00022247371806297743,0.04009526568431734
6885.0,0.1,2025-11-21 21:09:48,0,2025-11-25,6602.990234375,0.011904761904761904,2511,0.045,out,6609.601643150545,-0.03906501746897084,0.13889876845382604,0.00022967699854749496,0.04082174591968318
6890.0,0.1,2025-11-21 21:09:58,0,2025-11-25,6602.990234375,0.011904761904761904,2511,0.045,out,6609.601643150545,-0.03906501746897084,0.1410893014019238,0.00023697846392955828,0.04154769876463219
6895.0,0.1,2025-11-21 21:10:09,0,2025-11-25,6602.990234375,0.011904761904761904,2511,0.045,out,6609.601643150545,-0.03906501746897084,0.14327497635671266,0.0002443776053573401,0.0422731249843301
6900.0,0.1,2025-11-21 21:14:27,0,2025-11-25,6602.990234375,0.011904761904761904,2511,0.045,out,6609.601643150545,-0.03906501746897084,0.14545586765561028,0.00025187392185055255,0.04299802534227864
6905.0,0.05,2025-11-21 20:51:24,0,2025-11-25,6602.990234375,0.011904761904761904,2511,0.045,out,6609.601643150545,-0.03906501746897084,0.13829205128438707,0.00022767489819575643,0.04372240060032036
6910.0,0.16,2025-11-21 19:46:43,0,2025-11-25,6602.990234375,0.011904761904761904,2511,0.045,out,6609.601643150545,-0.03906501746897084,0.15721493564417463,0.0002942444760666901,0.04444625151864342
6920.0,0.1,2025-11-21 20:13:14,0,2025-11-25,6602.990234375,0.011904761904761904,2511,0.045,out,6609.601643150545,-0.03906501746897084,0.15413299144050385,0.0002828211791714099,0.04589238336864324
6925.0,0.1,2025-11-21 20:17:50,0,2025-11-25,6602.990234375,0.011904761904761904,2511,0.045,out,6609.601643150545,-0.03906501746897084,0.15629098981576708,0.0002907961130665739,0.04661466581246722
6930.0,0.1,2025-11-21 20:18:04,0,2025-11-25,6602.990234375,0.011904761904761904,2511,0.045,out,6609.601643150545,-0.03906501746897084,0.15844459855525767,0.00029886536680162807,0.047336426940876856
6935.0,0.05,2025-11-21 19:54:08,0,2025-11-25,6602.990234375,0.011904761904761904,2511,0.045,out,6609.601643150545,-0.03906501746897084,0.15057133437446488,0.00026990150875365364,0.04805766750585988
6940.0,0.05,2025-11-21 19:54:08,0,2025-11-25,6602.990234375,0.011904761904761904,2511,0.045,out,6609.601643150545,-0.03906501746897084,0.15260413940159487,0.0002772383733631119,0.048778388257778076
6950.0,0.05,2025-11-21 21:13:54,0,2025-11-25,6602.990234375,0.011904761904761904,2511,0.045,out,6609.601643150545,-0.03906501746897084,0.1566584092358963,0.00029216496648001855,0.05021827331576566
6955.0,0.05,2025-11-21 19:00:08,0,2025-11-25,6602.990234375,0.011904761904761904,2511,0.045,out,6609.601643150545,-0.03906501746897084,0.15867996405100407,0.0002997539403717612,0.05093743911447109
6960.0,0.08,2025-11-21 21:05:19,0,2025-11-25,6602.990234375,0.011904761904761904,2511,0.045,out,6609.601643150545,-0.03906501746897084,0.16767905456608065,0.0003347174445258887,0.05165608808539333
6965.0,0.05,2025-11-21 12:47:27,0,2025-11-25,6602.990234375,0.011904761904761904,2511,0.045,out,6609.601643150545,-0.03906501746897084,0.16271212848105152,0.00031518138993850254,0.052374220970834044
6970.0,0.05,2025-11-21 19:00:27,0,2025-11-25,6602.990234375,0.011904761904761904,2511,0.045,out,6609.601643150545,-0.03906501746897084,0.16472282034115257,0.000323019137394567,0.05309183851149751
6975.0,0.05,2025-11-21 17:21:28,0,2025-11-25,6602.990234375,0.011904761904761904,2511,0.045,out,6609.601643150545,-0.03906501746897084,0.16672997150272661,0.0003309390880630956,0.0538089414464943
6980.0,0.05,2025-11-21 18:52:04,0,2025-11-25,6602.990234375,0.011904761904761904,2511,0.045,out,6609.601643150545,-0.03906501746897084,0.16873362022629163,0.00033894088803179055,0.05452553051334605
6985.0,0.08,2025-11-21 16:52:43,0,2025-11-25,6602.990234375,0.011904761904761904,2511,0.045,out,6609.601643150545,-0.03906501746897084,0.17807759713460808,0.00037751941191947345,0.05524160644799006
7010.0,0.08,2025-11-21 16:52:43,0,2025-11-25,6602.990234375,0.011904761904761904,2511,0.045,out,6609.601643150545,-0.03906501746897084,0.18838429718813388,0.0004224838503222279,0.058814314785563725
7025.0,0.06,2025-11-20 18:50:39,0,2025-11-24,6602.990234375,0.011904761904761904,2511,0.045,out,6609.601643150545,-0.03906501746897084,0.18958333937195784,0.00042787907818360644,0.06095182895887438
7025.0,0.05,2025-11-21 16:55:14,0,2025-11-25,6602.990234375,0.011904761904761904,2511,0.045,out,6609.601643150545,-0.03906501746897084,0.1866146715618045,0.0004145837576442877,0.06095182895887438
7030.0,0.1,2025-11-20 16:29:08,0,2025-11-24,6602.990234375,0.011904761904761904,2511,0.045,out,6609.601643150545,-0.03906501746897084,0.20067281224206004,0.0004793997330135366,0.06166331956163843
7040.0,0.05,2025-11-20 16:10:05,0,2025-11-24,6602.990234375,0.011904761904761904,2511,0.045,out,6609.601643150545,-0.03906501746897084,0.19251682008684579,0.00044122292876608266,0.06308478390901609
7125.0,0.08,2025-11-21 16:59:54,0,2025-11-25,6602.990234375,0.011904761904761904,2511,0.045,out,6609.601643150545,-0.03906501746897084,0.23472967929675892,0.000655928837413801,0.07508633989377926
7150.0,0.03,2025-11-21 16:59:54,0,2025-11-25,6602.990234375,0.011904761904761904,2511,0.045,out,6609.601643150545,-0.03906501746897084,0.22560172251310315,0.0006059063952485618,0.0785889704449812
6300.0,352.74,2025-11-21 19:34:28,0,2025-11-26,6602.990234375,0.015873015873015872,2511,0.045,in,6609.601643150545,-0.018048763101728135,0.4691460624092659,0.003493619490065377,-0.04797375286344799
6400.0,267.26,2025-11-21 19:29:08,0,2025-11-26,6602.990234375,0.015873015873015872,2511,0.045,in,6609.601643150545,-0.018048763101728135,0.4275031806483411,0.0029009360232452085,-0.03222539589530893
6450.0,180.36,2025-11-21 21:08:25,0,2025-11-26,6602.990234375,0.015873015873015872,2511,0.045,in,6609.601643150545,-0.018048763101728135,0.23581477995213743,0.000882676356251984,-0.024443255453253918
6480.0,138.9,2025-11-21 14:09:10,0,2025-11-26,6602.990234375,0.015873015873015872,2511,0.045,in,6609.601643150545,-0.018048763101728135,0.15813846885154514,0.00039694881477319227,-0.019802875896751768
6500.0,138.56,2025-11-21 21:08:25,0,2025-11-26,6602.990234375,0.015873015873015872,2511,0.045,in,6609.601643150545,-0.018048763101728135,0.2198539016282163,0.000767233937478562,-0.016721209359343667
6530.0,116.1,2025-11-21 18:04:22,0,2025-11-26,6602.990234375,0.015873015873015872,2511,0.045,in,6609.601643150545,-0.018048763101728135,0.21394107148206684,0.0007265203502681719,-0.012116442972595341
6540.0,109.89,2025-11-21 20:43:10,0,2025-11-26,6602.990234375,0.015873015873015872,2511,0.045,in,6609.601643150545,-0.018048763101728135,0.21501067575570468,0.0007338030268083296,-0.010586220791827756
6550.0,99.1,2025-11-21 21:08:33,0,2025-11-26,6602.990234375,0.015873015873015872,2511,0.045,in,6609.601643150545,-0.018048763101728135,0.20070080663803147,0.0006393779965897856,-0.009058336613774483
6570.0,119.53,2025-11-21 16:30:57,0,2025-11-26,6602.990234375,0.015873015873015872,2511,0.045,in,6609.601643150545,-0.018048763101728135,0.3008550593454199,0.0014367264560910494,-0.006009553764415887
6575.0,80.24,2025-11-21 21:10:47,0,2025-11-26,6602.990234375,0.015873015873015872,2511,0.045,in,6609.601643150545,-0.018048763101728135,0.1889237514744853,0.000566542601130049,-0.005248808197106811
6580.0,74.4,2025-11-21 20:50:40,0,2025-11-26,6602.990234375,0.015873015873015872,2511,0.045,in,6609.601643150545,-0.018048763101728135,0.17976502520122228,0.0005129438775491441,-0.004488640923709253
6590.0,73.1,2025-11-21 21:03:44,0,2025-11-26,6602.990234375,0.015873015873015872,2511,0.045,in,6609.601643150545,-0.018048763101728135,0.1926893629080653,0.0005893522313954935,-0.0029700377465191785
6595.0,67.8,2025-11-21 21:11:38,0,2025-11-26,6602.990234375,0.015873015873015872,2511,0.045,in,6609.601643150545,-0.018048763101728135,0.1847094342361839,0.0005415488110452563,-0.002211600091657136
6600.0,65.0,2025-11-21 21:13:05,0,2025-11-26,6602.990234375,0.015873015873015872,2511,0.045,in,6609.601643150545,-0.018048763101728135,0.18412797929158484,0.0005381446469524173,-0.0014537372285552239
6620.0,54.61,2025-11-21 21:14:17,0,2025-11-26,6602.990234375,0.015873015873015872,2511,0.045,out,6609.601643150545,-0.018048763101728135,0.18229013025346005,0.0005274554220289434,0.0015719836879817591
6625.0,47.64,2025-11-21 20:52:41,0,2025-11-26,6602.990234375,0.015873015873015872,2511,0.045,out,6609.601643150545,-0.018048763101728135,0.1680817710520237,0.000448436218412459,0.0023269856113507957
6635.0,45.56,2025-11-21 20:53:29,0,2025-11-26,6602.990234375,0.015873015873015872,2511,0.045,out,6609.601643150545,-0.018048763101728135,0.17495236733939595,0.00048584652123268154,0.0038352815232358885
6640.0,43.48,2025-11-21 21:08:29,0,2025-11-26,6602.990234375,0.015873015873015872,2511,0.045,out,6609.601643150545,-0.018048763101728135,0.17493002717566802,0.0004857224509155548,0.004588577227407513
6645.0,40.98,2025-11-21 21:08:29,0,2025-11-26,6602.990234375,0.015873015873015872,2511,0.045,out,6609.601643150545,-0.018048763101728135,0.17339727438446337,0.0004772478533962043,0.0053413059042736535
6650.0,37.58,2025-11-21 21:12:25,0,2025-11-26,6602.990234375,0.015873015873015872,2511,0.045,out,6609.601643150545,-0.018048763101728135,0.16880390177672838,0.000452297734207101,0.006093468406827746
6655.0,36.7,2025-11-21 21:00:55,0,2025-11-26,6602.990234375,0.015873015873015872,2511,0.045,out,6609.601643150545,-0.018048763101728135,0.17189895857497145,0.0004690357453834881,0.006845065586139902
6660.0,33.3,2025-11-21 20:53:29,0,2025-11-26,6602.990234375,0.015873015873015872,2511,0.045,out,6609.601643150545,-0.018048763101728135,0.16675924254186172,0.0004414070630656423,0.007596098291362689
6665.0,28.72,2025-11-21 20:53:29,0,2025-11-26,6602.990234375,0.015873015873015872,2511,0.045,out,6609.601643150545,-0.018048763101728135,0.1573594132102144,0.0003930473797756031,0.008346567369736884
6670.0,29.39,2025-11-21 21:11:04,0,2025-11-26,6602.990234375,0.015873015873015872,2511,0.045,out,6609.601643150545,-0.018048763101728135,0.1649519708572372,0.0004318913125347116,0.009096473666597216
6675.0,27.85,2025-11-21 21:14:26,0,2025-11-26,6602.990234375,0.015873015873015872,2511,0.045,out,6609.601643150545,-0.018048763101728135,0.16507734681680064,0.00043254810209641714,0.009845818025378286
6680.0,22.9,2025-11-21 20:49:47,0,2025-11-26,6602.990234375,0.015873015873015872,2511,0.045,out,6609.601643150545,-0.018048763101728135,0.15314431269899192,0.0003722727065404225,0.01059460128761939
6685.0,24.3,2025-11-21 21:00:55,0,2025-11-26,6602.990234375,0.015873015873015872,2511,0.045,out,6609.601643150545,-0.018048763101728135,0.16302926379123023,0.0004218816008303259,0.011342824292971506
6690.0,22.22,2025-11-21 21:00:46,0,2025-11-26,6602.990234375,0.015873015873015872,2511,0.045,out,6609.601643150545,-0.018048763101728135,0.16050575186120283,0.0004089221647703177,0.012090487879202059
6695.0,21.14,2025-11-21 21:06:06,0,2025-11-26,6602.990234375,0.015873015873015872,2511,0.045,out,6609.601643150545,-0.018048763101728135,0.16133080826629437,0.0004131369792992989,0.01283759288220078
6700.0,18.5,2025-11-21 21:13:05,0,2025-11-26,6602.990234375,0.015873015873015872,2511,0.045,out,6609.601643150545,-0.018048763101728135,0.15603761375497263,0.0003864720143864448,0.0135841401359853
6705.0,15.6,2025-11-21 20:59:22,0,2025-11-26,6602.990234375,0.015873015873015872,2511,0.045,out,6609.601643150545,-0.018048763101728135,0.14907072843370833,0.00035273146151994315,0.014330130472706743
6710.0,16.09,2025-11-21 21:13:58,0,2025-11-26,6602.990234375,0.015873015873015872,2511,0.045,out,6609.601643150545,-0.018048763101728135,0.15540854968589032,0.0003833621796106641,0.015075564722655295
6715.0,15.0,2025-11-21 21:04:11,0,2025-11-26,6602.990234375,0.015873015873015872,2511,0.045,out,6609.601643150545,-0.018048763101728135,0.155195835731537,0.00038231345124460663,0.01582044371426596
6720.0,13.3,2025-11-21 21:08:00,0,2025-11-26,6602.990234375,0.015873015873015872,2511,0.045,out,6609.601643150545,-0.018048763101728135,0.15207099400386634,0.0003670728129733961,0.01656476827412321
6725.0,12.33,2025-11-21 21:06:06,0,2025-11-26,6602.990234375,0.015873015873015872,2511,0.045,out,6609.601643150545,-0.018048763101728135,0.15179035000973365,0.0003657192120012293,0.01730853922696781
6730.0,11.1,2025-11-21 21:14:03,0,2025-11-26,6602.990234375,0.015873015873015872,2511,0.045,out,6609.601643150545,-0.018048763101728135,0.15001193940150703,0.0003571997136984352,0.018051757395701418
6735.0,9.88,2025-11-21 21:07:31,0,2025-11-26,6602.990234375,0.015873015873015872,2511,0.045,out,6609.601643150545,-0.018048763101728135,0.1478773630480231,0.00034710657939740995,0.01879442360139226
6740.0,8.88,2025-11-21 21:13:34,0,2025-11-26,6602.990234375,0.015873015873015872,2511,0.045,out,6609.601643150545,-0.018048763101728135,0.14645049513120617,0.0003404404368916737,0.019536538663280593
6745.0,8.07,2025-11-21 21:06:06,0,2025-11-26,6602.990234375,0.015873015873015872,2511,0.045,out,6609.601643150545,-0.018048763101728135,0.14569280171923238,0.00033692686464761206,0.020278103398784105
6750.0,7.1,2025-11-21 21:13:51,0,2025-11-26,6602.990234375,0.015873015873015872,2511,0.045,out,6609.601643150545,-0.018048763101728135,0.14365783950927016,0.0003275805532138289,0.02101911862350333
6755.0,6.23,2025-11-21 21:13:58,0,2025-11-26,6602.990234375,0.015873015873015872,2511,0.045,out,6609.601643150545,-0.018048763101728135,0.14175268717975434,0.00031894959242351255,0.021759585151227025
6760.0,4.7,2025-11-21 20:45:34,0,2025-11-26,6602.990234375,0.015873015873015872,2511,0.045,out,6609.601643150545,-0.018048763101728135,0.13463234184574444,0.00028771218207729186,0.02249950379393776
6765.0,6.3,2025-11-21 20:40:40,0,2025-11-26,6602.990234375,0.015873015873015872,2511,0.045,out,6609.601643150545,-0.018048763101728135,0.14898623551054496,0.0003523317201841836,0.02323887536181637
6770.0,5.9,2025-11-21 20:40:10,0,2025-11-26,6602.990234375,0.015873015873015872,2511,0.045,out,6609.601643150545,-0.018048763101728135,0.1496631870612702,0.0003555407866878849,0.02397770066324861
6775.0,3.53,2025-11-21 21:09:01,0,2025-11-26,6602.990234375,0.015873015873015872,2511,0.045,out,6609.601643150545,-0.018048763101728135,0.13467267819623924,0.0002878846071832986,0.024715980504829555
6780.0,3.3,2025-11-21 21:05:49,0,2025-11-26,6602.990234375,0.015873015873015872,2511,0.045,out,6609.601643150545,-0.018048763101728135,0.13561853937181673,0.0002919426701800794,0.02545371569136913
6785.0,2.75,2025-11-21 21:03:00,0,2025-11-26,6602.990234375,0.015873015873015872,2511,0.045,out,6609.601643150545,-0.018048763101728135,0.1332038992341123,0.00028163934557415147,0.026190907025897367
6790.0,2.27,2025-11-21 21:08:25,0,2025-11-26,6602.990234375,0.015873015873015872,2511,0.045,out,6609.601643150545,-0.018048763101728135,0.1308166194759903,0.00027163472906549275,0.026927555309669636
6795.0,1.96,2025-11-21 21:03:49,0,2025-11-26,6602.990234375,0.015873015873015872,2511,0.045,out,6609.601643150545,-0.018048763101728135,0.12982238249222436,0.0002675214443802762,0.027663661342171884
6800.0,1.77,2025-11-21 21:13:58,0,2025-11-26,6602.990234375,0.015873015873015872,2511,0.045,out,6609.601643150545,-0.018048763101728135,0.1300262027909474,0.00026836211765448535,0.028399225921126054
6805.0,1.35,2025-11-21 21:12:23,0,2025-11-26,6602.990234375,0.015873015873015872,2511,0.045,out,6609.601643150545,-0.018048763101728135,0.12639105278954887,0.00025356663849604016,0.02913424984249441
6810.0,1.15,2025-11-21 21:09:47,0,2025-11-26,6602.990234375,0.015873015873015872,2511,0.045,out,6609.601643150545,-0.018048763101728135,0.12550045994364475,0.0002500058007312124,0.029868733900485986
6815.0,0.95,2025-11-21 21:10:46,0,2025-11-26,6602.990234375,0.015873015873015872,2511,0.045,out,6609.601643150545,-0.018048763101728135,0.12409923760280955,0.00024445429799362827,0.030602678887560898
6820.0,0.75,2025-11-21 20:58:19,0,2025-11-26,6602.990234375,0.015873015873015872,2511,0.045,out,6609.601643150545,-0.018048763101728135,0.12200640000822842,0.00023627875623758474,0.03133608559443567
6825.0,0.85,2025-11-21 21:09:36,0,2025-11-26,6602.990234375,0.015873015873015872,2511,0.045,out,6609.601643150545,-0.018048763101728135,0.12679434020731506,0.0002551873763271167,0.03206895481008833
6830.0,0.45,2025-11-21 20:59:32,0,2025-11-26,6602.990234375,0.015873015873015872,2511,0.045,out,6609.601643150545,-0.018048763101728135,0.11788404017870642,0.0002205816972834106,0.03280128732176357
6835.0,0.4,2025-11-21 20:59:53,0,2025-11-26,6602.990234375,0.015873015873015872,2511,0.045,out,6609.601643150545,-0.018048763101728135,0.1182595285763349,0.00022198914443011063,0.03353308391497774
6840.0,0.5,2025-11-21 21:05:39,0,2025-11-26,6602.990234375,0.015873015873015872,2511,0.045,out,6609.601643150545,-0.018048763101728135,0.12412912432927063,0.0002445720556627226,0.03426434537352414
6845.0,0.35,2025-11-21 20:59:59,0,2025-11-26,6602.990234375,0.015873015873015872,2511,0.045,out,6609.601643150545,-0.018048763101728135,0.12058090428773699,0.00023078975363251408,0.034995072479477224
6850.0,0.45,2025-11-21 21:14:11,0,2025-11-26,6602.990234375,0.015873015873015872,2511,0.045,out,6609.601643150545,-0.018048763101728135,0.12682683354500268,0.00025531818582621936,0.03572526601319891
6855.0,0.3,2025-11-21 21:10:57,0,2025-11-26,6602.990234375,0.015873015873015872,2511,0.045,out,6609.601643150545,-0.018048763101728135,0.12253519005056995,0.00023833131429729042,0.03645492675334268
6860.0,0.25,2025-11-21 21:00:25,0,2025-11-26,6602.990234375,0.015873015873015872,2511,0.045,out,6609.601643150545,-0.018048763101728135,0.12194975215767463,0.00023605939763997251,0.037184055476858796
6865.0,0.25,2025-11-21 21:10:57,0,2025-11-26,6602.990234375,0.015873015873015872,2511,0.045,out,6609.601643150545,-0.018048763101728135,0.12403245374684793,0.00024419126321371384,0.03791265295899928
6870.0,0.2,2025-11-21 21:14:53,0,2025-11-26,6602.990234375,0.015873015873015872,2511,0.045,out,6609.601643150545,-0.018048763101728135,0.1228988199727769,0.00023974793572541307,0.03864071997332286
6875.0,0.22,2025-11-21 21:09:01,0,2025-11-26,6602.990234375,0.015873015873015872,2511,0.045,out,6609.601643150545,-0.018048763101728135,0.12629255485258034,0.00025317157795542875,0.03936825729169985
6880.0,0.15,2025-11-21 21:14:53,0,2025-11-26,6602.990234375,0.015873015873015872,2511,0.045,out,6609.601643150545,-0.018048763101728135,0.12299866564282833,0.00024013764682406785,0.04009526568431734
6885.0,0.15,2025-11-21 20:39:53,0,2025-11-26,6602.990234375,0.015873015873015872,2511,0.045,out,6609.601643150545,-0.018048763101728135,0.1249673904025015,0.0002478864867303369,0.04082174591968318
6890.0,0.15,2025-11-21 21:03:17,0,2025-11-26,6602.990234375,0.015873015873015872,2511,0.045,out,6609.601643150545,-0.018048763101728135,0.1269315136060521,0.00025573982771941883,0.04154769876463219
6895.0,0.1,2025-11-21 20:56:23,0,2025-11-26,6602.990234375,0.015873015873015872,2511,0.045,out,6609.601643150545,-0.018048763101728135,0.12361408343482594,0.0002425466924354303,0.0422731249843301
6900.0,0.12,2025-11-21 21:08:14,0,2025-11-26,6602.990234375,0.015873015873015872,2511,0.045,out,6609.601643150545,-0.018048763101728135,0.12783621156429165,0.0002593983648747672,0.04299802534227864
6905.0,0.1,2025-11-21 20:40:22,0,2025-11-26,6602.990234375,0.015873015873015872,2511,0.045,out,6609.601643150545,-0.018048763101728135,0.12738875796220292,0.0002575856453198844,0.04372240060032036
6910.0,0.1,2025-11-21 20:59:53,0,2025-11-26,6602.990234375,0.015873015873015872,2511,0.045,out,6609.601643150545,-0.018048763101728135,0.12927001403687344,0.0002652497861760866,0.04444625151864342
6915.0,0.05,2025-11-20 20:07:24,0,2025-11-25,6602.990234375,0.015873015873015872,2511,0.045,out,6609.601643150545,-0.018048763101728135,0.12288443158811177,0.00023969180201164,0.045169578855786395
6915.0,0.15,2025-11-21 20:56:21,0,2025-11-26,6602.990234375,0.015873015873015872,2511,0.045,out,6609.601643150545,-0.018048763101728135,0.13668560080766282,0.0002965548169547897,0.045169578855786395
6920.0,0.1,2025-11-21 21:14:04,0,2025-11-26,6602.990234375,0.015873015873015872,2511,0.045,out,6609.601643150545,-0.018048763101728135,0.133020654926247,0.0002808649942382172,0.04589238336864324
6925.0,0.1,2025-11-21 20:57:37,0,2025-11-26,6602.990234375,0.015873015873015872,2511,0.045,out,6609.601643150545,-0.018048763101728135,0.1348901502069263,0.0002888151209975736,0.04661466581246722
6930.0,0.1,2025-11-21 20:56:16,0,2025-11-26,6602.990234375,0.015873015873015872,2511,0.045,out,6609.601643150545,-0.018048763101728135,0.13675583260168006,0.00029685964683458314,0.047336426940876856
6935.0,0.1,2025-11-21 21:08:12,0,2025-11-26,6602.990234375,0.015873015873015872,2511,0.045,out,6609.601643150545,-0.018048763101728135,0.1386177528509806,0.00030499811754691335,0.04805766750585988
6940.0,0.1,2025-11-21 21:08:28,0,2025-11-26,6602.990234375,0.015873015873015872,2511,0.045,out,6609.601643150545,-0.018048763101728135,0.14047596005576726,0.0003132300849776114,0.048778388257778076
6945.0,0.05,2025-11-20 20:09:13,0,2025-11-25,6602.990234375,0.015873015873015872,2511,0.045,out,6609.601643150545,-0.018048763101728135,0.13348073674694327,0.0002828112235318535,0.049498589945372005
6945.0,0.1,2025-11-21 21:10:27,0,2025-11-26,6602.990234375,0.015873015873015872,2511,0.045,out,6609.601643150545,-0.018048763101728135,0.14233050175706802,0.0003215551068320435,0.049498589945372005
6950.0,0.05,2025-11-21 20:59:47,0,2025-11-26,6602.990234375,0.015873015873015872,2511,0.045,out,6609.601643150545,-0.018048763101728135,0.135235152165338,0.00029029438700289075,0.05021827331576566
6955.0,0.05,2025-11-21 20:59:54,0,2025-11-26,6602.990234375,0.015873015873015872,2511,0.045,out,6609.601643150545,-0.018048763101728135,0.13698635043564422,0.0002978612731059861,0.05093743911447109
6960.0,0.05,2025-11-21 20:53:14,0,2025-11-26,6602.990234375,0.015873015873015872,2511,0.045,out,6609.601643150545,-0.018048763101728135,0.13873436904675399,0.0003055115103936655,0.05165608808539333
6965.0,0.05,2025-11-21 20:24:08,0,2025-11-26,6602.990234375,0.015873015873015872,2511,0.045,out,6609.601643150545,-0.018048763101728135,0.14047924438201337,0.00031324473178002277,0.052374220970834044
6970.0,0.1,2025-11-21 20:24:08,0,2025-11-26,6602.990234375,0.015873015873015872,2511,0.045,out,6609.601643150545,-0.018048763101728135,0.15154979134961263,0.00036456094060493844,0.05309183851149751
6975.0,0.05,2025-11-21 20:23:26,0,2025-11-26,6602.990234375,0.015873015873015872,2511,0.045,out,6609.601643150545,-0.018048763101728135,0.14395970552416285,0.00032895867959688383,0.0538089414464943
6980.0,0.05,2025-11-21 20:23:26,0,2025-11-26,6602.990234375,0.015873015873015872,2511,0.045,out,6609.601643150545,-0.018048763101728135,0.14569535899908828,0.00033693869260116214,0.05452553051334605
6985.0,0.1,2025-11-21 20:23:26,0,2025-11-26,6602.990234375,0.015873015873015872,2511,0.045,out,6609.601643150545,-0.018048763101728135,0.15704012180599142,0.00039145396598159717,0.05524160644799006
6990.0,0.05,2025-11-20 20:12:46,0,2025-11-25,6602.990234375,0.015873015873015872,2511,0.045,out,6609.601643150545,-0.018048763101728135,0.14915767392576285,0.00035314304271339986,0.05595716998478378
6990.0,0.1,2025-11-21 20:23:50,0,2025-11-26,6602.990234375,0.015873015873015872,2511,0.045,out,6609.601643150545,-0.018048763101728135,0.15886358913759613,0.00040059745958220556,0.05595716998478378
7000.0,0.05,2025-11-20 20:39:54,0,2025-11-25,6602.990234375,0.015873015873015872,2511,0.045,out,6609.601643150545,-0.018048763101728135,0.15260820554063873,0.0003696708634656164,0.057386762794378356
7000.0,0.08,2025-11-21 21:08:14,0,2025-11-26,6602.990234375,0.015873015873015872,2511,0.045,out,6609.601643150545,-0.018048763101728135,0.15913856384537545,0.0004019854365518831,0.057386762794378356
7010.0,0.1,2025-11-21 20:21:05,0,2025-11-26,6602.990234375,0.015873015873015872,2511,0.045,out,6609.601643150545,-0.018048763101728135,0.16612518144446098,0.0004380567604754775,0.058814314785563725
7020.0,0.17,2025-11-20 16:20:03,0,2025-11-25,6602.990234375,0.015873015873015872,2511,0.045,out,6609.601643150545,-0.018048763101728135,0.1788392122944212,0.0005076740294299851,0.0602398317767847
7020.0,0.1,2025-11-21 20:23:51,0,2025-11-26,6602.990234375,0.015873015873015872,2511,0.045,out,6609.601643150545,-0.018048763101728135,0.16973707141001906,0.00045731227636269697,0.0602398317767847
7025.0,0.1,2025-11-21 20:24:19,0,2025-11-26,6602.990234375,0.015873015873015872,2511,0.045,out,6609.601643150545,-0.018048763101728135,0.17153839901218096,0.000467070195804162,0.06095182895887438
7040.0,0.2,2025-11-20 15:06:44,0,2025-11-25,6602.990234375,0.015873015873015872,2511,0.045,out,6609.601643150545,-0.018048763101728135,0.1894899712400967,0.0005699436381043282,0.06308478390901609
7050.0,0.15,2025-11-20 16:19:38,0,2025-11-25,6602.990234375,0.015873015873015872,2511,0.045,out,6609.601643150545,-0.018048763101728135,0.18769957976871687,0.0005592243213548081,0.06450423056324228
7050.0,0.06,2025-11-21 17:34:21,0,2025-11-26,6602.990234375,0.015873015873015872,2511,0.045,out,6609.601643150545,-0.018048763101728135,0.17237084325217697,0.0004716144064042311,0.06450423056324228
7075.0,0.1,2025-11-20 16:58:51,0,2025-11-25,6602.990234375,0.015873015873015872,2511,0.045,out,6609.601643150545,-0.018048763101728135,0.18938906841903602,0.0005693368132798461,0.0680440572683662
7100.0,0.1,2025-11-20 20:55:49,0,2025-11-25,6602.990234375,0.015873015873015872,2511,0.045,out,6609.601643150545,-0.018048763101728135,0.1982085985689991,0.0006235975959791529,0.07157139778633469
7100.0,0.08,2025-11-21 20:11:34,0,2025-11-26,6602.990234375,0.015873015873015872,2511,0.045,out,6609.601643150545,-0.018048763101728135,0.19423912561906592,0.0005988704431945915,0.07157139778633469
7150.0,0.11,2025-11-21 17:36:06,0,2025-11-26,6602.990234375,0.015873015873015872,2511,0.045,out,6609.601643150545,-0.018048763101728135,0.21753811409438512,0.0007511560489482812,0.0785889704449812
6225.0,460.18,2025-11-19 15:29:12,0,2025-11-25,6602.990234375,0.01984126984126984,2511,0.045,in,6609.601643150545,-0.005439010481382504,0.6012121442172375,0.007171746872108895,-0.05994994391016372
7030.0,0.1,2025-11-19 19:57:21,0,2025-11-25,6602.990234375,0.01984126984126984,2511,0.045,out,6609.601643150545,-0.005439010481382504,0.15463350404587167,0.00047443493201398035,0.06166331956163843
7030.0,0.1,2025-11-20 20:10:13,0,2025-11-26,6602.990234375,0.01984126984126984,2511,0.045,out,6609.601643150545,-0.005439010481382504,0.15463350404587167,0.00047443493201398035,0.06166331956163843
7040.0,0.1,2025-11-20 20:10:13,0,2025-11-26,6602.990234375,0.01984126984126984,2511,0.045,out,6609.601643150545,-0.005439010481382504,0.15784309787155007,0.000494334197335074,0.06308478390901609
7125.0,0.12,2025-11-20 15:29:13,0,2025-11-26,6602.990234375,0.01984126984126984,2511,0.045,out,6609.601643150545,-0.005439010481382504,0.18786400844981202,0.0007002556680720444,0.07508633989377926
5875.0,746.07,2025-11-21 19:59:35,0,2025-11-28,6602.990234375,0.023809523809523808,2511,0.045,in,6609.601643150545,0.0029674912655145783,0.48786175014776373,0.005666883029934263,-0.11781732623071234
6000.0,654.59,2025-11-21 19:41:46,0,2025-11-28,6602.990234375,0.023809523809523808,2511,0.045,in,6609.601643150545,0.0029674912655145783,0.6034658788106859,0.008670739687827462,-0.09676391703288002
6200.0,463.71,2025-11-17 20:26:20,0,2025-11-24,6602.990234375,0.023809523809523808,2511,0.045,in,6609.601643150545,0.0029674912655145783,0.49235810667256197,0.00577182155252833,-0.06397409420988913
6250.0,411.01,2025-11-21 19:19:19,0,2025-11-28,6602.990234375,0.023809523809523808,2511,0.045,in,6609.601643150545,0.0029674912655145783,0.4443040413258322,0.004700144789011113,-0.05594192251262493
6300.0,344.7,2025-11-21 20:10:00,0,2025-11-28,6602.990234375,0.023809523809523808,2511,0.045,in,6609.601643150545,0.0029674912655145783,0.34750875557807626,0.002875293695319599,-0.04797375286344799
6310.0,315.11,2025-11-21 18:32:58,0,2025-11-28,6602.990234375,0.023809523809523808,2511,0.045,in,6609.601643150545,0.0029674912655145783,0.2577655643673354,0.0015819782422288313,-0.046387709707813266
6345.0,298.56,2025-11-21 19:58:04,0,2025-11-28,6602.990234375,0.023809523809523808,2511,0.045,in,6609.601643150545,0.0029674912655145783,0.31033167582625015,0.0022929940243125906,-0.040856285094584034
6350.0,271.21,2025-11-21 20:54:10,0,2025-11-28,6602.990234375,0.023809523809523808,2511,0.045,in,6609.601643150545,0.0029674912655145783,0.21299502109972218,0.0010801637860302642,-0.04006857335633477
6375.0,248.14,2025-11-21 20:54:10,0,2025-11-28,6602.990234375,0.023809523809523808,2511,0.045,in,6609.601643150545,0.0029674912655145783,0.2071533270678844,0.0010217262122689018,-0.03613929521644523
6400.0,236.97,2025-11-21 20:41:51,0,2025-11-28,6602.990234375,0.023809523809523808,2511,0.045,in,6609.601643150545,0.0029674912655145783,0.2461704094821227,0.0014428540596332373,-0.03222539589530893
6405.0,243.82,2025-11-21 19:58:14,0,2025-11-28,6602.990234375,0.023809523809523808,2511,0.045,in,6609.601643150545,0.0029674912655145783,0.2826505158459538,0.001902174145428185,-0.03144445091223745
6410.0,216.8,2025-11-21 19:58:14,0,2025-11-28,6602.990234375,0.023809523809523808,2511,0.045,in,6609.601643150545,0.0029674912655145783,0.2004019076497448,0.0009562124902299248,-0.030664115328356372
6425.0,214.11,2025-11-21 20:41:51,0,2025-11-28,6602.990234375,0.023809523809523808,2511,0.045,in,6609.601643150545,0.0029674912655145783,0.23504493776126614,0.0013153838754094635,-0.02832675547965152
6430.0,200.8,2025-11-21 16:54:54,0,2025-11-28,6602.990234375,0.023809523809523808,2511,0.045,in,6609.601643150545,0.0029674912655145783,0.2020567069114969,0.0009720693525694895,-0.027548848011407022
6440.0,235.0,2025-11-21 18:51:46,0,2025-11-28,6602.990234375,0.023809523809523808,2511,0.045,in,6609.601643150545,0.0029674912655145783,0.33196082582192354,0.0026237616638184157,-0.025994846144672852
6450.0,193.08,2025-11-21 20:42:06,0,2025-11-28,6602.990234375,0.023809523809523808,2511,0.045,in,6609.601643150545,0.0029674912655145783,0.2286993462340931,0.0012453188325690855,-0.024443255453253918
6470.0,167.42,2025-11-21 16:20:41,0,2025-11-28,6602.990234375,0.023809523809523808,2511,0.045,in,6609.601643150545,0.0029674912655145783,0.1949235073040771,0.0009046469928505378,-0.021347277748125844
6475.0,172.58,2025-11-21 20:42:06,0,2025-11-28,6602.990234375,0.023809523809523808,2511,0.045,in,6609.601643150545,0.0029674912655145783,0.22219103226625245,0.0011754489242748294,-0.02057477867533362
6480.0,143.6,2025-11-21 12:32:47,0,2025-11-28,6602.990234375,0.023809523809523808,2511,0.045,in,6609.601643150545,0.0029674912655145783,0.13999521366918702,0.0004666347583400316,-0.019802875896751768
6490.0,142.7,2025-11-21 01:17:47,0,2025-11-28,6602.990234375,0.023809523809523808,2511,0.045,in,6609.601643150545,0.0029674912655145783,0.1642155328159004,0.0006420652670954776,-0.01826085554493641
6500.0,147.0,2025-11-21 21:13:31,0,2025-11-28,6602.990234375,0.023809523809523808,2511,0.045,in,6609.601643150545,0.0029674912655145783,0.19932315443704876,0.0009459457117794187,-0.016721209359343667
6505.0,135.76,2025-11-21 19:09:14,0,2025-11-28,6602.990234375,0.023809523809523808,2511,0.045,in,6609.601643150545,0.0029674912655145783,0.1769130773675737,0.0007451961177063123,-0.01595227429646641
6510.0,169.11,2025-11-21 19:17:45,0,2025-11-28,6602.990234375,0.023809523809523808,2511,0.045,in,6609.601643150545,0.0029674912655145783,0.27794669781498044,0.0018393896863393342,-0.015183930040457162
6515.0,140.8,2025-11-21 17:02:36,0,2025-11-28,6602.990234375,0.023809523809523808,2511,0.045,in,6609.601643150545,0.0029674912655145783,0.21067446348620283,0.0010567554658380812,-0.014416175684126623
6520.0,134.48,2025-11-21 20:28:25,0,2025-11-28,6602.990234375,0.023809523809523808,2511,0.045,in,6609.601643150545,0.0029674912655145783,0.2024818901063427,0.000976164662405644,-0.013649010322373506
6525.0,128.6,2025-11-21 20:39:04,0,2025-11-28,6602.990234375,0.023809523809523808,2511,0.045,in,6609.601643150545,0.0029674912655145783,0.19548195403490343,0.0009098379607929546,-0.0128824330521779
6530.0,136.4,2025-11-21 17:47:00,0,2025-11-28,6602.990234375,0.023809523809523808,2511,0.045,in,6609.601643150545,0.0029674912655145783,0.22491843450346444,0.0012044833852259337,-0.012116442972595341
6535.0,117.27,2025-11-21 21:12:06,0,2025-11-28,6602.990234375,0.023809523809523808,2511,0.045,in,6609.601643150545,0.0029674912655145783,0.18259325280055638,0.0007938165706735213,-0.011351039184749792
6540.0,113.62,2025-11-21 21:12:06,0,2025-11-28,6602.990234375,0.023809523809523808,2511,0.045,in,6609.601643150545,0.0029674912655145783,0.18148326166152903,0.0007841946253168336,-0.010586220791827756
6545.0,107.58,2025-11-21 20:54:08,0,2025-11-28,6602.990234375,0.023809523809523808,2511,0.045,in,6609.601643150545,0.0029674912655145783,0.17395207958186154,0.0007204601426393878,-0.009821986899071754
6550.0,108.76,2025-11-21 21:03:17,0,2025-11-28,6602.990234375,0.023809523809523808,2511,0.045,in,6609.601643150545,0.0029674912655145783,0.1852874236129792,0.0008174149845032286,-0.009058336613774483
6555.0,112.8,2025-11-21 20:38:25,0,2025-11-28,6602.990234375,0.023809523809523808,2511,0.045,in,6609.601643150545,0.0029674912655145783,0.20355378816782954,0.0009865272542255625,-0.008295269045271897
6560.0,97.1,2025-11-21 20:41:44,0,2025-11-28,6602.990234375,0.023809523809523808,2511,0.045,in,6609.601643150545,0.0029674912655145783,0.17099189088205805,0.0006961482558909915,-0.007532783304937414
6565.0,96.21,2025-11-21 21:10:47,0,2025-11-28,6602.990234375,0.023809523809523808,2511,0.045,in,6609.601643150545,0.0029674912655145783,0.17640091638416225,0.0007408876976469571,-0.006770878506175494
6570.0,96.15,2025-11-21 21:01:13,0,2025-11-28,6602.990234375,0.023809523809523808,2511,0.045,in,6609.601643150545,0.0029674912655145783,0.1836796028869247,0.0008032903932547227,-0.006009553764415887
6575.0,92.75,2025-11-21 21:01:13,0,2025-11-28,6602.990234375,0.023809523809523808,2511,0.045,in,6609.601643150545,0.0029674912655145783,0.18234273447078728,0.0007916398289115246,-0.005248808197106811
6580.0,88.82,2025-11-21 21:14:03,0,2025-11-28,6602.990234375,0.023809523809523808,2511,0.045,in,6609.601643150545,0.0029674912655145783,0.17956287317731295,0.000767686319611709,-0.004488640923709253
6585.0,90.28,2025-11-21 20:40:48,0,2025-11-28,6602.990234375,0.023809523809523808,2511,0.045,in,6609.601643150545,0.0029674912655145783,0.19008206784892806,0.0008602664885172497,-0.0037290510656906384
6590.0,82.27,2025-11-21 21:14:03,0,2025-11-28,6602.990234375,0.023809523809523808,2511,0.045,in,6609.601643150545,0.0029674912655145783,0.17692158259914426,0.000745267771175853,-0.0029700377465191785
6595.0,76.54,2025-11-21 21:10:47,0,2025-11-28,6602.990234375,0.023809523809523808,2511,0.045,in,6609.601643150545,0.0029674912655145783,0.16934208159275316,0.0006827795380515873,-0.002211600091657136
6600.0,74.55,2025-11-21 21:11:12,0,2025-11-28,6602.990234375,0.023809523809523808,2511,0.045,in,6609.601643150545,0.0029674912655145783,0.17088695373547727,0.0006952940704045511,-0.0014537372285552239
6605.0,72.64,2025-11-21 21:14:48,0,2025-11-28,6602.990234375,0.023809523809523808,2511,0.045,out,6609.601643150545,0.0029674912655145783,0.17248165537953628,0.0007083314629158361,-0.0006964482866463595
6610.0,69.4,2025-11-21 21:13:34,0,2025-11-28,6602.990234375,0.023809523809523808,2511,0.045,out,6609.601643150545,0.0029674912655145783,0.17066069739037637,0.0006934541341373717,6.026760265988945e-05
6615.0,67.11,2025-11-21 21:01:15,0,2025-11-28,6602.990234375,0.023809523809523808,2511,0.045,out,6609.601643150545,0.0029674912655145783,0.17103781934315515,0.0006965222772776614,0.0008164113059839512
6620.0,63.4,2025-11-21 21:14:53,0,2025-11-28,6602.990234375,0.023809523809523808,2511,0.045,out,6609.601643150545,0.0029674912655145783,0.1677779193981249,0.0006702245294658022,0.0015719836879817591
6625.0,56.98,2025-11-21 20:47:55,0,2025-11-28,6602.990234375,0.023809523809523808,2511,0.045,out,6609.601643150545,0.0029674912655145783,0.15767839269631184,0.0005919637029355315,0.0023269856113507957
6630.0,57.99,2025-11-21 21:14:48,0,2025-11-28,6602.990234375,0.023809523809523808,2511,0.045,out,6609.601643150545,0.0029674912655145783,0.165765576414851,0.0006542434839082812,0.003081417936836002
6635.0,55.05,2025-11-21 21:13:34,0,2025-11-28,6602.990234375,0.023809523809523808,2511,0.045,out,6609.601643150545,0.0029674912655145783,0.16395051209074757,0.0006399945336861515,0.0038352815232358885
6640.0,49.13,2025-11-21 20:54:03,0,2025-11-28,6602.990234375,0.023809523809523808,2511,0.045,out,6609.601643150545,0.0029674912655145783,0.15453220629021214,0.0005685762566885876,0.004588577227407513
6645.0,47.5,2025-11-21 21:00:18,0,2025-11-28,6602.990234375,0.023809523809523808,2511,0.045,out,6609.601643150545,0.0029674912655145783,0.1556333400994954,0.0005767080131077428,0.0053413059042736535
6650.0,47.5,2025-11-21 21:14:03,0,2025-11-28,6602.990234375,0.023809523809523808,2511,0.045,out,6609.601643150545,0.0029674912655145783,0.1607159794528698,0.0006149910964641731,0.006093468406827746
6655.0,40.63,2025-11-21 20:47:55,0,2025-11-28,6602.990234375,0.023809523809523808,2511,0.045,out,6609.601643150545,0.0029674912655145783,0.14819191935576614,0.0005228772610082356,0.006845065586139902
6660.0,40.53,2025-11-21 21:12:28,0,2025-11-28,6602.990234375,0.023809523809523808,2511,0.045,out,6609.601643150545,0.0029674912655145783,0.15274551171377368,0.0005555045559214898,0.007596098291362689
6665.0,40.6,2025-11-21 21:01:08,0,2025-11-28,6602.990234375,0.023809523809523808,2511,0.045,out,6609.601643150545,0.0029674912655145783,0.15766031427705257,0.0005918279689985473,0.008346567369736884
6670.0,38.67,2025-11-21 21:04:31,0,2025-11-28,6602.990234375,0.023809523809523808,2511,0.045,out,6609.601643150545,0.0029674912655145783,0.15726860819844365,0.0005888908363017994,0.009096473666597216
6675.0,33.74,2025-11-21 21:12:37,0,2025-11-28,6602.990234375,0.023809523809523808,2511,0.045,out,6609.601643150545,0.0029674912655145783,0.14871045639106362,0.0005265428533342484,0.009845818025378286
6680.0,33.5,2025-11-21 21:02:13,0,2025-11-28,6602.990234375,0.023809523809523808,2511,0.045,out,6609.601643150545,0.0029674912655145783,0.15246164416001454,0.0005534417366660689,0.01059460128761939
6685.0,29.81,2025-11-21 21:12:51,0,2025-11-28,6602.990234375,0.023809523809523808,2511,0.045,out,6609.601643150545,0.0029674912655145783,0.14665970111045226,0.0005121206649954093,0.011342824292971506
6690.0,28.96,2025-11-21 21:13:56,0,2025-11-28,6602.990234375,0.023809523809523808,2511,0.045,out,6609.601643150545,0.0029674912655145783,0.1484751075644718,0.0005248775611019397,0.012090487879202059
6695.0,25.99,2025-11-21 21:12:51,0,2025-11-28,6602.990234375,0.023809523809523808,2511,0.045,out,6609.601643150545,0.0029674912655145783,0.14411496879331792,0.0004945029578642618,0.01283759288220078
6700.0,25.12,2025-11-21 21:14:36,0,2025-11-28,6602.990234375,0.023809523809523808,2511,0.045,out,6609.601643150545,0.0029674912655145783,0.14557160293160742,0.0005045497995256565,0.0135841401359853
6705.0,22.6,2025-11-21 21:10:20,0,2025-11-28,6602.990234375,0.023809523809523808,2511,0.045,out,6609.601643150545,0.0029674912655145783,0.14197118125851005,0.0004799003882842075,0.014330130472706743
6710.0,21.72,2025-11-21 21:14:36,0,2025-11-28,6602.990234375,0.023809523809523808,2511,0.045,out,6609.601643150545,0.0029674912655145783,0.14308603967422798,0.0004874670178489224,0.015075564722655295
6715.0,18.15,2025-11-21 20:57:04,0,2025-11-28,6602.990234375,0.023809523809523808,2511,0.045,out,6609.601643150545,0.0029674912655145783,0.135507896887966,0.0004371997647380863,0.01582044371426596
6720.0,18.8,2025-11-21 21:14:01,0,2025-11-28,6602.990234375,0.023809523809523808,2511,0.045,out,6609.601643150545,0.0029674912655145783,0.14121494389126424,0.0004748014375764977,0.01656476827412321
6725.0,16.85,2025-11-21 21:11:16,0,2025-11-28,6602.990234375,0.023809523809523808,2511,0.045,out,6609.601643150545,0.0029674912655145783,0.13829437420286317,0.000455365093718132,0.01730853922696781
6730.0,15.81,2025-11-21 21:13:56,0,2025-11-28,6602.990234375,0.023809523809523808,2511,0.045,out,6609.601643150545,0.0029674912655145783,0.13817967385072227,0.0004546100539402852,0.018051757395701418
6735.0,14.35,2025-11-21 21:14:26,0,2025-11-28,6602.990234375,0.023809523809523808,2511,0.045,out,6609.601643150545,0.0029674912655145783,0.1363707063796992,0.00044278498948805073,0.01879442360139226
6740.0,12.77,2025-11-21 21:10:58,0,2025-11-28,6602.990234375,0.023809523809523808,2511,0.045,out,6609.601643150545,0.0029674912655145783,0.13379186014605418,0.00042619671050812667,0.019536538663280593
6745.0,10.6,2025-11-21 20:57:51,0,2025-11-28,6602.990234375,0.023809523809523808,2511,0.045,out,6609.601643150545,0.0029674912655145783,0.12840709938703246,0.00039258055173788646,0.020278103398784105
6750.0,11.1,2025-11-21 21:14:01,0,2025-11-28,6602.990234375,0.023809523809523808,2511,0.045,out,6609.601643150545,0.0029674912655145783,0.13355432689856878,0.00042468471984118497,0.02101911862350333
6755.0,9.24,2025-11-21 21:12:37,0,2025-11-28,6602.990234375,0.023809523809523808,2511,0.045,out,6609.601643150545,0.0029674912655145783,0.1287101362042045,0.00039443569432630647,0.021759585151227025
6760.0,9.0,2025-11-21 21:14:34,0,2025-11-28,6602.990234375,0.023809523809523808,2511,0.045,out,6609.601643150545,0.0029674912655145783,0.1306050772724527,0.0004061353859367463,0.02249950379393776
6765.0,6.8,2025-11-21 20:59:21,0,2025-11-28,6602.990234375,0.023809523809523808,2511,0.045,out,6609.601643150545,0.0029674912655145783,0.12292004103001991,0.00035974610682908993,0.02323887536181637
6770.0,6.76,2025-11-21 21:12:51,0,2025-11-28,6602.990234375,0.023809523809523808,2511,0.045,out,6609.601643150545,0.0029674912655145783,0.12549938639840866,0.0003750022853899304,0.02397770066324861
6775.0,6.43,2025-11-21 21:14:41,0,2025-11-28,6602.990234375,0.023809523809523808,2511,0.045,out,6609.601643150545,0.0029674912655145783,0.1265072763919052,0.0003810497852404261,0.024715980504829555
6780.0,5.8,2025-11-21 21:14:42,0,2025-11-28,6602.990234375,0.023809523809523808,2511,0.045,out,6609.601643150545,0.0029674912655145783,0.12571740039223084,0.0003763063038423924,0.02545371569136913
6785.0,5.15,2025-11-21 21:14:41,0,2025-11-28,6602.990234375,0.023809523809523808,2511,0.045,out,6609.601643150545,0.0029674912655145783,0.12451946644847732,0.00036916898868127304,0.026190907025897367
6790.0,4.55,2025-11-21 21:14:18,0,2025-11-28,6602.990234375,0.023809523809523808,2511,0.045,out,6609.601643150545,0.0029674912655145783,0.12329732207000321,0.0003619578483246214,0.026927555309669636
6795.0,4.0,2025-11-21 21:13:43,0,2025-11-28,6602.990234375,0.023809523809523808,2511,0.045,out,6609.601643150545,0.0029674912655145783,0.12206145922864992,0.0003547380911673182,0.027663661342171884
6800.0,3.55,2025-11-21 21:14:15,0,2025-11-28,6602.990234375,0.023809523809523808,2511,0.045,out,6609.601643150545,0.0029674912655145783,0.12121017655300478,0.0003498073071431093,0.028399225921126054
6805.0,2.9,2025-11-21 21:11:45,0,2025-11-28,6602.990234375,0.023809523809523808,2511,0.045,out,6609.601643150545,0.0029674912655145783,0.11834127864831226,0.0003334442436218449,0.02913424984249441
6810.0,2.7,2025-11-21 21:05:49,0,2025-11-28,6602.990234375,0.023809523809523808,2511,0.045,out,6609.601643150545,0.0029674912655145783,0.1189103392322304,0.00033665878038866936,0.029868733900485986
6815.0,2.17,2025-11-21 21:11:05,0,2025-11-28,6602.990234375,0.023809523809523808,2511,0.045,out,6609.601643150545,0.0029674912655145783,0.11606351582732524,0.00032073189776666135,0.030602678887560898
6820.0,1.85,2025-11-21 21:10:21,0,2025-11-28,6602.990234375,0.023809523809523808,2511,0.045,out,6609.601643150545,0.0029674912655145783,0.11478580996137999,0.0003137090992497629,0.03133608559443567
6825.0,1.72,2025-11-21 21:13:29,0,2025-11-28,6602.990234375,0.023809523809523808,2511,0.045,out,6609.601643150545,0.0029674912655145783,0.1154187505815117,0.000317178285376124,0.03206895481008833
6830.0,1.15,2025-11-21 20:59:46,0,2025-11-28,6602.990234375,0.023809523809523808,2511,0.045,out,6609.601643150545,0.0029674912655145783,0.10969512668103226,0.0002865004956563742,0.03280128732176357
6835.0,1.05,2025-11-21 20:59:47,0,2025-11-28,6602.990234375,0.023809523809523808,2511,0.045,out,6609.601643150545,0.0029674912655145783,0.11009858773102546,0.0002886118814372931,0.03353308391497774
6840.0,1.07,2025-11-21 21:09:04,0,2025-11-28,6602.990234375,0.023809523809523808,2511,0.045,out,6609.601643150545,0.0029674912655145783,0.1124483867881567,0.0003010628497918784,0.03426434537352414
6845.0,0.7,2025-11-21 20:58:58,0,2025-11-28,6602.990234375,0.023809523809523808,2511,0.045,out,6609.601643150545,0.0029674912655145783,0.10727407537596571,0.00027399350589924696,0.034995072479477224
6850.0,0.79,2025-11-21 21:11:40,0,2025-11-28,6602.990234375,0.023809523809523808,2511,0.045,out,6609.601643150545,0.0029674912655145783,0.11114378250156938,0.00029411762830371807,0.03572526601319891
6855.0,0.55,2025-11-21 20:58:46,0,2025-11-28,6602.990234375,0.023809523809523808,2511,0.045,out,6609.601643150545,0.0029674912655145783,0.1073575872627578,0.0002744202748304918,0.03645492675334268
6860.0,0.45,2025-11-21 20:59:28,0,2025-11-28,6602.990234375,0.023809523809523808,2511,0.045,out,6609.601643150545,0.0029674912655145783,0.1062878473242657,0.00026897872592443847,0.037184055476858796
6865.0,0.6,2025-11-21 21:14:41,0,2025-11-28,6602.990234375,0.023809523809523808,2511,0.045,out,6609.601643150545,0.0029674912655145783,0.1123892635867508,0.000300746346894575,0.03791265295899928
6870.0,0.5,2025-11-21 21:06:20,0,2025-11-28,6602.990234375,0.023809523809523808,2511,0.045,out,6609.601643150545,0.0029674912655145783,0.11143663521597459,0.0002956696111490045,0.03864071997332286
6875.0,0.47,2025-11-21 21:14:41,0,2025-11-28,6602.990234375,0.023809523809523808,2511,0.045,out,6609.601643150545,0.0029674912655145783,0.1123233922836179,0.0003003939155737979,0.03936825729169985
6880.0,0.35,2025-11-21 21:02:07,0,2025-11-28,6602.990234375,0.023809523809523808,2511,0.045,out,6609.601643150545,0.0029674912655145783,0.10989621356895916,0.00028755185135224487,0.04009526568431734
6885.0,0.35,2025-11-21 21:12:27,0,2025-11-28,6602.990234375,0.023809523809523808,2511,0.045,out,6609.601643150545,0.0029674912655145783,0.11163603846172566,0.00029672869246256885,0.04082174591968318
6890.0,0.32,2025-11-21 21:13:54,0,2025-11-28,6602.990234375,0.023809523809523808,2511,0.045,out,6609.601643150545,0.0029674912655145783,0.11213195271814878,0.0002993708290567894,0.04154769876463219
6895.0,0.25,2025-11-21 21:02:02,0,2025-11-28,6602.990234375,0.023809523809523808,2511,0.045,out,6609.601643150545,0.0029674912655145783,0.1105605483480962,0.0002910389250245647,0.0422731249843301
6900.0,0.27,2025-11-21 21:12:27,0,2025-11-28,6602.990234375,0.023809523809523808,2511,0.045,out,6609.601643150545,0.0029674912655145783,0.11324448572346328,0.000305340798732659,0.04299802534227864
6905.0,0.2,2025-11-21 20:59:56,0,2025-11-28,6602.990234375,0.023809523809523808,2511,0.045,out,6609.601643150545,0.0029674912655145783,0.11105815298911816,0.0002936646034608184,0.04372240060032036
6910.0,0.2,2025-11-21 21:14:52,0,2025-11-28,6602.990234375,0.023809523809523808,2511,0.045,out,6609.601643150545,0.0029674912655145783,0.11268931379996172,0.00030235432011205336,0.04444625151864342
6915.0,0.2,2025-11-21 21:04:24,0,2025-11-28,6602.990234375,0.023809523809523808,2511,0.045,out,6609.601643150545,0.0029674912655145783,0.11431679195151084,0.0003111506886210718,0.045169578855786395
6920.0,0.2,2025-11-21 21:14:55,0,2025-11-28,6602.990234375,0.023809523809523808,2511,0.045,out,6609.601643150545,0.0029674912655145783,0.11594064205267153,0.0003200531542758501,0.04589238336864324
6925.0,0.2,2025-11-21 21:14:59,0,2025-11-28,6602.990234375,0.023809523809523808,2511,0.045,out,6609.601643150545,0.0029674912655145783,0.11756091681888921,0.0003290611705547092,0.04661466581246722
6930.0,0.2,2025-11-21 21:14:53,0,2025-11-28,6602.990234375,0.023809523809523808,2511,0.045,out,6609.601643150545,0.0029674912655145783,0.11917766717148578,0.0003381741988675581,0.047336426940876856
6935.0,0.15,2025-11-21 21:14:53,0,2025-11-28,6602.990234375,0.023809523809523808,2511,0.045,out,6609.601643150545,0.0029674912655145783,0.11713431396558188,0.00032667732162351215,0.04805766750585988
6940.0,0.15,2025-11-21 21:14:53,0,2025-11-28,6602.990234375,0.023809523809523808,2511,0.045,out,6609.601643150545,0.0029674912655145783,0.11870446755010716,0.00033549406229415343,0.048778388257778076
6945.0,0.15,2025-11-21 21:01:39,0,2025-11-28,6602.990234375,0.023809523809523808,2511,0.045,out,6609.601643150545,0.0029674912655145783,0.12027140323837206,0.00034440977230778793,0.049498589945372005
6950.0,0.15,2025-11-21 20:51:18,0,2025-11-28,6602.990234375,0.023809523809523808,2511,0.045,out,6609.601643150545,0.0029674912655145783,0.12183516276709593,0.0003534239734877323,0.05021827331576566
6955.0,0.1,2025-11-21 20:48:11,0,2025-11-28,6602.990234375,0.023809523809523808,2511,0.045,out,6609.601643150545,0.0029674912655145783,0.11848316083792039,0.0003342442714796312,0.05093743911447109
6960.0,0.1,2025-11-21 20:48:11,0,2025-11-28,6602.990234375,0.023809523809523808,2511,0.045,out,6609.601643150545,0.0029674912655145783,0.11998952052348325,0.00034279726274893827,0.05165608808539333
6965.0,0.1,2025-11-21 21:14:59,0,2025-11-28,6602.990234375,0.023809523809523808,2511,0.045,out,6609.601643150545,0.0029674912655145783,0.12149301614977819,0.0003514417374564348,0.052374220970834044
6970.0,0.1,2025-11-21 21:14:55,0,2025-11-28,6602.990234375,0.023809523809523808,2511,0.045,out,6609.601643150545,0.0029674912655145783,0.12299368145756419,0.00036017727805916114,0.05309183851149751
6975.0,0.1,2025-11-21 21:14:59,0,2025-11-28,6602.990234375,0.023809523809523808,2511,0.045,out,6609.601643150545,0.0029674912655145783,0.12449154920481002,0.0003690034719860389,0.0538089414464943
6980.0,0.1,2025-11-21 21:14:53,0,2025-11-28,6602.990234375,0.023809523809523808,2511,0.045,out,6609.601643150545,0.0029674912655145783,0.12598665121067995,0.0003779199115067029,0.05452553051334605
6985.0,0.1,2025-11-21 21:14:59,0,2025-11-28,6602.990234375,0.023809523809523808,2511,0.045,out,6609.601643150545,0.0029674912655145783,0.12747901839423234,0.00038692619358945306,0.05524160644799006
6990.0,0.1,2025-11-21 21:14:59,0,2025-11-28,6602.990234375,0.023809523809523808,2511,0.045,out,6609.601643150545,0.0029674912655145783,0.12896868081443258,0.00039602191978607113,0.05595716998478378
6995.0,0.1,2025-11-21 21:03:38,0,2025-11-28,6602.990234375,0.023809523809523808,2511,0.045,out,6609.601643150545,0.0029674912655145783,0.13045566770550543,0.00040520669610688695,0.056672221856509365
7000.0,0.1,2025-11-21 21:00:49,0,2025-11-28,6602.990234375,0.023809523809523808,2511,0.045,out,6609.601643150545,0.0029674912655145783,0.131940007511192,0.00041448013290603335,0.057386762794378356
7005.0,0.1,2025-11-21 21:03:44,0,2025-11-28,6602.990234375,0.023809523809523808,2511,0.045,out,6609.601643150545,0.0029674912655145783,0.1334217279170884,0.0004238418447709896,0.05810079352803535
7010.0,0.1,2025-11-21 20:59:20,0,2025-11-28,6602.990234375,0.023809523809523808,2511,0.045,out,6609.601643150545,0.0029674912655145783,0.134900855881197,0.00043329145041617813,0.058814314785563725
7015.0,0.1,2025-11-21 20:58:50,0,2025-11-28,6602.990234375,0.023809523809523808,2511,0.045,out,6609.601643150545,0.0029674912655145783,0.13637741766296688,0.0004428285725814121,0.05952732729348924
7020.0,0.1,2025-11-21 21:09:24,0,2025-11-28,6602.990234375,0.023809523809523808,2511,0.045,out,6609.601643150545,0.0029674912655145783,0.13785143885072237,0.00045245283793367736,0.0602398317767847
7025.0,0.1,2025-11-21 21:09:38,0,2025-11-28,6602.990234375,0.023809523809523808,2511,0.045,out,6609.601643150545,0.0029674912655145783,0.13932294438726803,0.0004621638769699471,0.06095182895887438
7030.0,0.1,2025-11-21 21:10:39,0,2025-11-28,6602.990234375,0.023809523809523808,2511,0.045,out,6609.601643150545,0.0029674912655145783,0.14079195859687357,0.00047196132394151816,0.06166331956163843
7035.0,0.05,2025-11-21 20:48:11,0,2025-11-28,6602.990234375,0.023809523809523808,2511,0.045,out,6609.601643150545,0.0029674912655145783,0.13369292048412584,0.000425566594942257,0.06237430430541725
7040.0,0.05,2025-11-21 20:48:11,0,2025-11-28,6602.990234375,0.023809523809523808,2511,0.045,out,6609.601643150545,0.0029674912655145783,0.13508277484306835,0.0004344608585548357,0.06308478390901609
7045.0,0.05,2025-11-21 20:48:11,0,2025-11-28,6602.990234375,0.023809523809523808,2511,0.045,out,6609.601643150545,0.0029674912655145783,0.13647043396095607,0.0004434328415593255,0.06379475908970857
7050.0,0.05,2025-11-21 20:59:47,0,2025-11-28,6602.990234375,0.023809523809523808,2511,0.045,out,6609.601643150545,0.0029674912655145783,0.13785591705371394,0.0004524822349219156,0.06450423056324228
7055.0,0.05,2025-11-21 20:48:11,0,2025-11-28,6602.990234375,0.023809523809523808,2511,0.045,out,6609.601643150545,0.0029674912655145783,0.13923924289890593,0.00046160873245382206,0.0652131990438423
7060.0,0.05,2025-11-21 20:48:11,0,2025-11-28,6602.990234375,0.023809523809523808,2511,0.045,out,6609.601643150545,0.0029674912655145783,0.14062042984457188,0.00047081203070648003,0.06592166524421567
7065.0,0.05,2025-11-21 20:48:11,0,2025-11-28,6602.990234375,0.023809523809523808,2511,0.045,out,6609.601643150545,0.0029674912655145783,0.14199949583042534,0.00048009182895464243,0.0666296298755557
7070.0,0.05,2025-11-21 20:48:11,0,2025-11-28,6602.990234375,0.023809523809523808,2511,0.045,out,6609.601643150545,0.0029674912655145783,0.1433764583974127,0.0004894478291091669,0.0673370936475463
7075.0,0.05,2025-11-19 20:59:17,0,2025-11-26,6602.990234375,0.023809523809523808,2511,0.045,out,6609.601643150545,0.0029674912655145783,0.14475133470380191,0.0004988797356793354,0.0680440572683662
7075.0,0.05,2025-11-21 20:48:11,0,2025-11-28,6602.990234375,0.023809523809523808,2511,0.045,out,6609.601643150545,0.0029674912655145783,0.14475133470380191,0.0004988797356793354,0.0680440572683662
7080.0,0.08,2025-11-21 20:37:30,0,2025-11-28,6602.990234375,0.023809523809523808,2511,0.045,out,6609.601643150545,0.0029674912655145783,0.15221809280028042,0.0005516749470417805,0.06875052144469344
7085.0,0.05,2025-11-21 20:37:28,0,2025-11-28,6602.990234375,0.023809523809523808,2511,0.045,out,6609.601643150545,0.0029674912655145783,0.14749489532846885,0.0005179700987608567,0.06945648688170879
7090.0,0.05,2025-11-21 20:40:51,0,2025-11-28,6602.990234375,0.023809523809523808,2511,0.045,out,6609.601643150545,0.0029674912655145783,0.14886361216072605,0.0005276279767985491,0.07016195428310114
7095.0,0.05,2025-11-21 20:40:50,0,2025-11-28,6602.990234375,0.023809523809523808,2511,0.045,out,6609.601643150545,0.0029674912655145783,0.15023030778358892,0.0005373606042083775,0.07086692435107096
7100.0,0.05,2025-11-21 20:56:19,0,2025-11-28,6602.990234375,0.023809523809523808,2511,0.045,out,6609.601643150545,0.0029674912655145783,0.15159499762255596,0.0005471676977186369,0.07157139778633469
7110.0,0.05,2025-11-21 20:40:51,0,2025-11-28,6602.990234375,0.023809523809523808,2511,0.045,out,6609.601643150545,0.0029674912655145783,0.15431842009390198,0.0005670041614351907,0.07297885755421442
7120.0,0.05,2025-11-21 14:41:38,0,2025-11-28,6602.990234375,0.023809523809523808,2511,0.045,out,6609.601643150545,0.0029674912655145783,0.15703399688700315,0.0005871351471025551,0.07438433916294925
7125.0,0.05,2025-11-21 20:56:21,0,2025-11-28,6602.990234375,0.023809523809523808,2511,0.045,out,6609.601643150545,0.0029674912655145783,0.1583888785606614,0.0005973104012310462,0.07508633989377926
7130.0,0.05,2025-11-21 20:40:49,0,2025-11-28,6602.990234375,0.023809523809523808,2511,0.045,out,6609.601643150545,0.0029674912655145783,0.15974184075633485,0.0006075584687671962,0.07578784816526958
7140.0,0.05,2025-11-21 20:40:47,0,2025-11-28,6602.990234375,0.023809523809523808,2511,0.045,out,6609.601643150545,0.0029674912655145783,0.16244206017094356,0.0006282719741090583,0.07718939009055797
7150.0,0.08,2025-11-21 19:26:23,0,2025-11-28,6602.990234375,0.023809523809523808,2511,0.045,out,6609.601643150545,0.0029674912655145783,0.17188867508822056,0.0007034694434186632,0.0785889704449812
7160.0,0.05,2025-11-21 14:42:31,0,2025-11-28,6602.990234375,0.023809523809523808,2511,0.045,out,6609.601643150545,0.0029674912655145783,0.16782003960037598,0.0006705610878921847,0.0799865947116191
6045.0,726.57,2025-11-20 15:26:43,0,2025-11-28,6602.990234375,0.027777777777777776,2511,0.045,in,6609.601643150545,0.008972135370441066,0.9020760217599972,0.02260392080650953,-0.08929190219417905
6160.0,595.1,2025-11-20 14:30:08,0,2025-11-28,6602.990234375,0.027777777777777776,2511,0.045,in,6609.601643150545,0.008972135370441066,0.7569152118743223,0.01591446216574306,-0.07044660871550659
6175.0,535.01,2025-11-20 16:19:38,0,2025-11-28,6602.990234375,0.027777777777777776,2511,0.045,in,6609.601643150545,0.008972135370441066,0.6162343645229433,0.010548466444972105,-0.0680145037468942
6190.0,520.29,2025-11-20 16:19:38,0,2025-11-28,6602.990234375,0.027777777777777776,2511,0.045,in,6609.601643150545,0.008972135370441066,0.6050767410881625,0.010169940627940867,-0.06558829956443032
6245.0,529.83,2025-11-20 15:33:00,0,2025-11-28,6602.990234375,0.027777777777777776,2511,0.045,in,6609.601643150545,0.008972135370441066,0.7352500535611854,0.015016462257270166,-0.05674224268339403
6280.0,402.85,2025-11-20 16:38:40,0,2025-11-28,6602.990234375,0.027777777777777776,2511,0.045,in,6609.601643150545,0.008972135370441066,0.45400151881934414,0.005725482752507535,-0.051153405780827686
6320.0,321.47,2025-11-20 17:25:46,0,2025-11-28,6602.990234375,0.027777777777777776,2511,0.045,in,6609.601643150545,0.008972135370441066,0.29377625981359495,0.002397346967501801,-0.04480417810216894
6330.0,300.1,2025-11-20 17:25:46,0,2025-11-28,6602.990234375,0.027777777777777776,2511,0.045,in,6609.601643150545,0.008972135370441066,0.24417321998862646,0.0016561267044337268,-0.043223150104850235
6335.0,440.12,2025-11-20 15:35:50,0,2025-11-28,6602.990234375,0.027777777777777776,2511,0.045,in,6609.601643150545,0.008972135370441066,0.653822691242167,0.011874558655087498,-0.04243357248783271
6390.0,226.04,2025-11-20 19:31:42,0,2025-11-28,6602.990234375,0.027777777777777776,2511,0.045,in,6609.601643150545,0.008972135370441066,0.14129224751000613,0.0005545416446230231,-0.03378911787149161
6420.0,355.85,2025-11-20 14:56:25,0,2025-11-28,6602.990234375,0.027777777777777776,2511,0.045,in,6609.601643150545,0.008972135370441066,0.5751924334151084,0.009190175984944276,-0.029105268559065294
5350.0,1265.28,2025-11-19 17:38:58,0,2025-11-28,6602.990234375,0.031746031746031744,2511,0.045,in,6609.601643150545,0.013475618449135932,0.5820132072795207,0.010753630903104579,-0.21142682535301982
5510.0,1124.67,2025-11-19 17:31:46,0,2025-11-28,6602.990234375,0.031746031746031744,2511,0.045,in,6609.601643150545,0.013475618449135932,0.6990060002383603,0.01551140915457875,-0.18195876309611186
5985.0,640.04,2025-11-19 19:49:28,0,2025-11-28,6602.990234375,0.031746031746031744,2511,0.045,in,6609.601643150545,0.013475618449135932,0.38160134383592487,0.004622843987853452,-0.09926704725099858
6020.0,630.94,2025-11-19 16:17:39,0,2025-11-28,6602.990234375,0.031746031746031744,2511,0.045,in,6609.601643150545,0.013475618449135932,0.4889737012226688,0.007590326364679231,-0.09343612694020535
6415.0,251.6,2025-11-19 14:34:05,0,2025-11-28,6602.990234375,0.031746031746031744,2511,0.045,in,6609.601643150545,0.013475618449135932,0.2810566862330071,0.0025077098690882223,-0.02988438819333532
5360.0,1284.06,2025-11-18 20:34:40,0,2025-11-28,6602.990234375,0.03571428571428571,2511,0.045,in,6609.601643150545,0.01697832751034305,0.793197051292714,0.022470055792123442,-0.20955941117822446
5870.0,757.23,2025-11-18 15:23:34,0,2025-11-28,6602.990234375,0.03571428571428571,2511,0.045,in,6609.601643150545,0.01697832751034305,0.4228875892251994,0.0063869254685964645,-0.11866875242093002
6000.0,744.24,2025-11-14 20:43:38,0,2025-11-24,6602.990234375,0.03571428571428571,2511,0.045,in,6609.601643150545,0.01697832751034305,0.7542819012145722,0.020319328089281056,-0.09676391703288002
6325.0,319.72,2025-11-18 16:23:23,0,2025-11-28,6602.990234375,0.03571428571428571,2511,0.045,in,6609.601643150545,0.01697832751034305,0.2605694825974824,0.0024248734021828458,-0.04401335164735109
6400.0,242.48,2025-11-21 20:41:51,0,2025-12-01,6602.990234375,0.03571428571428571,2512,0.045,in,6627.109445923378,-0.057091244638319355,0.2091100038814515,0.0015616783472607381,-0.03487073775776112
6385.0,285.11,2025-11-18 20:37:36,0,2025-11-28,6602.990234375,0.03571428571428571,2511,0.045,in,6609.601643150545,0.01697832751034305,0.29221986610021145,0.0030497303622723394,-0.0345718967764324
6450.0,200.25,2025-11-21 20:42:06,0,2025-12-01,6602.990234375,0.03571428571428571,2512,0.045,in,6627.109445923378,-0.057091244638319355,0.19851767245024288,0.0014074737955379257,-0.027088597315706085
6475.0,179.86,2025-11-21 20:42:06,0,2025-12-01,6602.990234375,0.03571428571428571,2512,0.045,in,6627.109445923378,-0.057091244638319355,0.1930163754165005,0.0013305471849615518,-0.023220120537785834
6500.0,178.87,2025-11-21 18:09:47,0,2025-12-01,6602.990234375,0.03571428571428571,2512,0.045,in,6627.109445923378,-0.057091244638319355,0.22945105365732563,0.0018802780723020328,-0.01936655122179581
6525.0,117.0,2025-11-21 09:01:28,0,2025-12-01,6602.990234375,0.03571428571428571,2512,0.045,in,6627.109445923378,-0.057091244638319355,0.1277187272358699,0.0005825740459553764,-0.01552777491463009
6530.0,144.02,2025-11-21 17:27:02,0,2025-12-01,6602.990234375,0.03571428571428571,2512,0.045,in,6627.109445923378,-0.057091244638319355,0.1952892324399382,0.0013620672966778646,-0.01476178483504754
6550.0,112.35,2025-11-21 20:54:10,0,2025-12-01,6602.990234375,0.03571428571428571,2512,0.045,in,6627.109445923378,-0.057091244638319355,0.15428739405624092,0.0008501642844523488,-0.011703678476226718
6560.0,141.7,2025-11-21 19:40:00,0,2025-12-01,6602.990234375,0.03571428571428571,2512,0.045,in,6627.109445923378,-0.057091244638319355,0.22778095183282435,0.0018530057863524088,-0.010178125167389555
6570.0,104.46,2025-11-21 21:01:07,0,2025-12-01,6602.990234375,0.03571428571428571,2512,0.045,in,6627.109445923378,-0.057091244638319355,0.1629131086863441,0.0009478814636374487,-0.008654895626868046
6575.0,108.2,2025-11-21 19:15:33,0,2025-12-01,6602.990234375,0.03571428571428571,2512,0.045,in,6627.109445923378,-0.057091244638319355,0.17644873093836863,0.0011119340946343145,-0.007894150059558978
6580.0,97.83,2025-11-21 21:01:07,0,2025-12-01,6602.990234375,0.03571428571428571,2512,0.045,in,6627.109445923378,-0.057091244638319355,0.16098230227794957,0.0009255464873824689,-0.007133982786161431
6590.0,97.85,2025-11-21 17:53:38,0,2025-12-01,6602.990234375,0.03571428571428571,2512,0.045,in,6627.109445923378,-0.057091244638319355,0.17215899776897933,0.001058525732600694,-0.0056153796089713735
6600.0,84.2,2025-11-21 21:14:14,0,2025-12-01,6602.990234375,0.03571428571428571,2512,0.045,in,6627.109445923378,-0.057091244638319355,0.15527257337535055,0.0008610561443787007,-0.004099079091007326
6610.0,83.5,2025-11-21 20:48:37,0,2025-12-01,6602.990234375,0.03571428571428571,2512,0.045,out,6627.109445923378,-0.057091244638319355,0.1641368028533772,0.0009621746446760147,-0.0025850742597923414
6620.0,70.1,2025-11-21 20:54:10,0,2025-12-01,6602.990234375,0.03571428571428571,2512,0.045,out,6627.109445923378,-0.057091244638319355,0.14706603328709858,0.000772443505242928,-0.0010733581744703786
6625.0,70.5,2025-11-21 20:44:07,0,2025-12-01,6602.990234375,0.03571428571428571,2512,0.045,out,6627.109445923378,-0.057091244638319355,0.15264067161677738,0.0008321133797007452,-0.0003183562511013513
6630.0,69.1,2025-11-21 20:40:28,0,2025-12-01,6602.990234375,0.03571428571428571,2512,0.045,out,6627.109445923378,-0.057091244638319355,0.15449870552413214,0.0008524946431654463,0.0004360760743839572
6640.0,57.43,2025-11-21 20:28:11,0,2025-12-01,6602.990234375,0.03571428571428571,2512,0.045,out,6627.109445923378,-0.057091244638319355,0.13996408964977833,0.0006996409425532565,0.0019432353649552288
6645.0,69.68,2025-11-21 20:01:18,0,2025-12-01,6602.990234375,0.03571428571428571,2512,0.045,out,6627.109445923378,-0.057091244638319355,0.16919648214571426,0.0010224089132316071,0.002695964041821361
6650.0,51.4,2025-11-21 20:57:10,0,2025-12-01,6602.990234375,0.03571428571428571,2512,0.045,out,6627.109445923378,-0.057091244638319355,0.1362795943095016,0.0006632902794700834,0.003448126544375444
6660.0,49.42,2025-11-21 21:08:38,0,2025-12-01,6602.990234375,0.03571428571428571,2512,0.045,out,6627.109445923378,-0.057091244638319355,0.14044345526979343,0.000704441576004231,0.00495075642891059
6665.0,44.24,2025-11-21 18:53:33,0,2025-12-01,6602.990234375,0.03571428571428571,2512,0.045,out,6627.109445923378,-0.057091244638319355,0.1336319492906094,0.0006377677811145715,0.005701225507284777
6670.0,55.2,2025-11-21 20:14:06,0,2025-12-01,6602.990234375,0.03571428571428571,2512,0.045,out,6627.109445923378,-0.057091244638319355,0.16047749228715855,0.0009197509118133939,0.006451131804145099
6675.0,39.94,2025-11-21 20:53:34,0,2025-12-01,6602.990234375,0.03571428571428571,2512,0.045,out,6627.109445923378,-0.057091244638319355,0.13219949148848062,0.0006241680553504593,0.00720047616292594
6680.0,58.68,2025-11-21 18:53:08,0,2025-12-01,6602.990234375,0.03571428571428571,2512,0.045,out,6627.109445923378,-0.057091244638319355,0.17564270601072793,0.0011017985776703928,0.007949259425167035
6685.0,42.86,2025-11-21 17:14:03,0,2025-12-01,6602.990234375,0.03571428571428571,2512,0.045,out,6627.109445923378,-0.057091244638319355,0.1459198046259854,0.0007604496207887766,0.008697482430519363
6690.0,34.93,2025-11-21 21:12:51,0,2025-12-01,6602.990234375,0.03571428571428571,2512,0.045,out,6627.109445923378,-0.057091244638319355,0.1322031998983753,0.0006242030736917779,0.009445146016749907
6695.0,31.98,2025-11-21 20:58:07,0,2025-12-01,6602.990234375,0.03571428571428571,2512,0.045,out,6627.109445923378,-0.057091244638319355,0.12907212494172976,0.000594986194177625,0.010192251019748619
6700.0,32.0,2025-11-21 21:14:40,0,2025-12-01,6602.990234375,0.03571428571428571,2512,0.045,out,6627.109445923378,-0.057091244638319355,0.1325308350139805,0.0006273007939108185,0.01093879827353313
6705.0,28.97,2025-11-21 21:12:36,0,2025-12-01,6602.990234375,0.03571428571428571,2512,0.045,out,6627.109445923378,-0.057091244638319355,0.1288780392473674,0.0005931981785802133,0.011684788610254564
6710.0,26.54,2025-11-21 20:58:08,0,2025-12-01,6602.990234375,0.03571428571428571,2512,0.045,out,6627.109445923378,-0.057091244638319355,0.12638101283695694,0.0005704343002033954,0.012430222860203106
6715.0,27.16,2025-11-21 21:05:36,0,2025-12-01,6602.990234375,0.03571428571428571,2512,0.045,out,6627.109445923378,-0.057091244638319355,0.1310703465648591,0.0006135512767368669,0.013175101851813762
6720.0,23.24,2025-11-21 20:58:08,0,2025-12-01,6602.990234375,0.03571428571428571,2512,0.045,out,6627.109445923378,-0.057091244638319355,0.1245765926215676,0.0005542616939000004,0.013919426411671005
6725.0,21.8,2025-11-21 20:59:23,0,2025-12-01,6602.990234375,0.03571428571428571,2512,0.045,out,6627.109445923378,-0.057091244638319355,0.12395958093509726,0.0005487849180573188,0.014663197364515598
6730.0,19.9,2025-11-21 20:56:34,0,2025-12-01,6602.990234375,0.03571428571428571,2512,0.045,out,6627.109445923378,-0.057091244638319355,0.12196823253183466,0.0005312946338192746,0.015406415533249194
6735.0,22.8,2025-11-21 20:44:56,0,2025-12-01,6602.990234375,0.03571428571428571,2512,0.045,out,6627.109445923378,-0.057091244638319355,0.13251969172837047,0.0006271953105636551,0.01614908173894003
6740.0,16.9,2025-11-21 20:43:24,0,2025-12-01,6602.990234375,0.03571428571428571,2512,0.045,out,6627.109445923378,-0.057091244638319355,0.11948009956765704,0.0005098390783106157,0.016891196800828352
6745.0,16.5,2025-11-21 19:59:53,0,2025-12-01,6602.990234375,0.03571428571428571,2512,0.045,out,6627.109445923378,-0.057091244638319355,0.1211132485384262,0.0005238721061260927,0.017632761536332073
6750.0,15.1,2025-11-21 21:12:34,0,2025-12-01,6602.990234375,0.03571428571428571,2512,0.045,out,6627.109445923378,-0.057091244638319355,0.11973398728798426,0.0005120081325671134,0.01837377676105129
6755.0,17.47,2025-11-21 20:40:54,0,2025-12-01,6602.990234375,0.03571428571428571,2512,0.045,out,6627.109445923378,-0.057091244638319355,0.1294108637323118,0.0005981132732836777,0.019114243288774976
6760.0,12.8,2025-11-21 21:12:49,0,2025-12-01,6602.990234375,0.03571428571428571,2512,0.045,out,6627.109445923378,-0.057091244638319355,0.11787365618266885,0.000496221386495358,0.019854161931485485
6765.0,12.0,2025-11-21 21:11:07,0,2025-12-01,6602.990234375,0.03571428571428571,2512,0.045,out,6627.109445923378,-0.057091244638319355,0.11780502699191302,0.0004956437280201912,0.02059353349936409
6770.0,10.7,2025-11-21 21:12:49,0,2025-12-01,6602.990234375,0.03571428571428571,2512,0.045,out,6627.109445923378,-0.057091244638319355,0.11585690086825896,0.000479386481385628,0.021332358800796317
6775.0,10.05,2025-11-21 21:10:07,0,2025-12-01,6602.990234375,0.03571428571428571,2512,0.045,out,6627.109445923378,-0.057091244638319355,0.11597505281797155,0.0004803647455761175,0.02207063864237747
6780.0,9.62,2025-11-21 21:01:43,0,2025-12-01,6602.990234375,0.03571428571428571,2512,0.045,out,6627.109445923378,-0.057091244638319355,0.11679193829573953,0.0004871556018169939,0.02280837382891704
6785.0,8.55,2025-11-21 20:41:36,0,2025-12-01,6602.990234375,0.03571428571428571,2512,0.045,out,6627.109445923378,-0.057091244638319355,0.11502975465025057,0.000472565873389173,0.023545565163445265
6790.0,7.85,2025-11-21 21:14:18,0,2025-12-01,6602.990234375,0.03571428571428571,2512,0.045,out,6627.109445923378,-0.057091244638319355,0.11449105669790825,0.0004681500737072729,0.024282213447217524
6795.0,8.08,2025-11-21 20:26:05,0,2025-12-01,6602.990234375,0.03571428571428571,2512,0.045,out,6627.109445923378,-0.057091244638319355,0.11772414407911609,0.000494963360684303,0.025018319479719765
6800.0,6.0,2025-11-21 21:09:46,0,2025-12-01,6602.990234375,0.03571428571428571,2512,0.045,out,6627.109445923378,-0.057091244638319355,0.11070026272044177,0.00043766243451338676,0.02575388405867371
6805.0,5.14,2025-11-21 21:12:39,0,2025-12-01,6602.990234375,0.03571428571428571,2512,0.045,out,6627.109445923378,-0.057091244638319355,0.10853632672931139,0.0004207190792818512,0.026488907980042053
6810.0,4.55,2025-11-21 20:59:53,0,2025-12-01,6602.990234375,0.03571428571428571,2512,0.045,out,6627.109445923378,-0.057091244638319355,0.10742480565641895,0.00041214603108283494,0.02722339203803384
6815.0,5.83,2025-11-21 20:34:39,0,2025-12-01,6602.990234375,0.03571428571428571,2512,0.045,out,6627.109445923378,-0.057091244638319355,0.11627811941207555,0.00048287860907174644,0.027957337025108744
6820.0,3.55,2025-11-21 20:59:53,0,2025-12-01,6602.990234375,0.03571428571428571,2512,0.045,out,6627.109445923378,-0.057091244638319355,0.10541261922360907,0.0003968507246993427,0.028690743731983503
6825.0,3.51,2025-11-21 21:13:29,0,2025-12-01,6602.990234375,0.03571428571428571,2512,0.045,out,6627.109445923378,-0.057091244638319355,0.10710028839211055,0.00040965970620261607,0.029423612947636166
6830.0,3.1,2025-11-21 21:01:15,0,2025-12-01,6602.990234375,0.03571428571428571,2512,0.045,out,6627.109445923378,-0.057091244638319355,0.10620348533649047,0.00040282786777207666,0.030155945459311394
6835.0,2.3,2025-11-21 20:54:44,0,2025-12-01,6602.990234375,0.03571428571428571,2512,0.045,out,6627.109445923378,-0.057091244638319355,0.10183289122879652,0.0003703549191434251,0.03088774205252555
6840.0,2.4,2025-11-21 21:01:15,0,2025-12-01,6602.990234375,0.03571428571428571,2512,0.045,out,6627.109445923378,-0.057091244638319355,0.10450246011379263,0.00039002729177981503,0.03161900351107194
6845.0,2.06,2025-11-21 21:02:17,0,2025-12-01,6602.990234375,0.03571428571428571,2512,0.045,out,6627.109445923378,-0.057091244638319355,0.10329056405853627,0.00038103359369752086,0.03234973061702502
6850.0,1.8,2025-11-21 21:13:27,0,2025-12-01,6602.990234375,0.03571428571428571,2512,0.045,out,6627.109445923378,-0.057091244638319355,0.10251751266317483,0.00037535144295157896,0.033079924150746697
6855.0,2.01,2025-11-21 20:45:04,0,2025-12-01,6602.990234375,0.03571428571428571,2512,0.045,out,6627.109445923378,-0.057091244638319355,0.1063556503228007,0.00040398301269949484,0.033809584890890455
6860.0,1.4,2025-11-21 21:05:12,0,2025-12-01,6602.990234375,0.03571428571428571,2512,0.045,out,6627.109445923378,-0.057091244638319355,0.10149369926908372,0.00036789182111868587,0.03453871361440656
6865.0,1.52,2025-11-21 20:40:22,0,2025-12-01,6602.990234375,0.03571428571428571,2512,0.045,out,6627.109445923378,-0.057091244638319355,0.10460721183701935,0.0003908095988683943,0.035267311096547044
6870.0,0.8,2025-11-21 20:58:37,0,2025-12-01,6602.990234375,0.03571428571428571,2512,0.045,out,6627.109445923378,-0.057091244638319355,0.09604438380242954,0.00032944727357101384,0.03599537811087082
6875.0,0.9,2025-11-21 21:10:07,0,2025-12-01,6602.990234375,0.03571428571428571,2512,0.045,out,6627.109445923378,-0.057091244638319355,0.09932839578611029,0.0003523617931943633,0.036722915429247806
6880.0,0.55,2025-11-21 20:59:14,0,2025-12-01,6602.990234375,0.03571428571428571,2512,0.045,out,6627.109445923378,-0.057091244638319355,0.09405581235073573,0.0003159462798913147,0.03744992382186507
6885.0,0.5,2025-11-21 20:59:12,0,2025-12-01,6602.990234375,0.03571428571428571,2512,0.045,out,6627.109445923378,-0.057091244638319355,0.09433120313281584,0.0003177991387315916,0.03817640405723091
6890.0,0.45,2025-11-21 20:59:35,0,2025-12-01,6602.990234375,0.03571428571428571,2512,0.045,out,6627.109445923378,-0.057091244638319355,0.09448708810289477,0.0003188503506487214,0.03890235690217991
6895.0,0.35,2025-11-21 20:59:14,0,2025-12-01,6602.990234375,0.03571428571428571,2512,0.045,out,6627.109445923378,-0.057091244638319355,0.09293724439375267,0.00030847612126800396,0.039627783121877806
6900.0,0.5,2025-11-21 21:14:51,0,2025-12-01,6602.990234375,0.03571428571428571,2512,0.045,out,6627.109445923378,-0.057091244638319355,0.09873123032464148,0.0003481377086220502,0.040352683479826554
6905.0,0.4,2025-11-21 21:03:00,0,2025-12-01,6602.990234375,0.03571428571428571,2512,0.045,out,6627.109445923378,-0.057091244638319355,0.09735958966387961,0.00033853177498282194,0.04107705873786826
6910.0,0.35,2025-11-21 21:14:53,0,2025-12-01,6602.990234375,0.03571428571428571,2512,0.045,out,6627.109445923378,-0.057091244638319355,0.09716193009092196,0.00033715859496404304,0.041800909656191314
6915.0,0.3,2025-11-21 21:14:53,0,2025-12-01,6602.990234375,0.03571428571428571,2512,0.045,out,6627.109445923378,-0.057091244638319355,0.0967511483177082,0.0003343137393141132,0.04252423699333428
6920.0,0.3,2025-11-21 21:14:53,0,2025-12-01,6602.990234375,0.03571428571428571,2512,0.045,out,6627.109445923378,-0.057091244638319355,0.0981288346908604,0.0003439024356352216,0.04324704150619091
6925.0,0.25,2025-11-21 21:14:55,0,2025-12-01,6602.990234375,0.03571428571428571,2512,0.045,out,6627.109445923378,-0.057091244638319355,0.09741713151547729,0.00033893205402513567,0.04396932395001488
6930.0,0.2,2025-11-21 20:59:31,0,2025-12-01,6602.990234375,0.03571428571428571,2512,0.045,out,6627.109445923378,-0.057091244638319355,0.09632854104462443,0.0003313995649923533,0.04469108507842472
6940.0,0.2,2025-11-21 21:14:59,0,2025-12-01,6602.990234375,0.03571428571428571,2512,0.045,out,6627.109445923378,-0.057091244638319355,0.0989629772848979,0.00034977395975325777,0.04613304639532592
6950.0,0.2,2025-11-21 21:14:55,0,2025-12-01,6602.990234375,0.03571428571428571,2512,0.045,out,6627.109445923378,-0.057091244638319355,0.1015862687975592,0.0003685632145789268,0.04757293145331348
6960.0,0.15,2025-11-21 20:54:58,0,2025-12-01,6602.990234375,0.03571428571428571,2512,0.045,out,6627.109445923378,-0.057091244638319355,0.10107610953317776,0.0003648707113701053,0.04901074622294114
6970.0,0.2,2025-11-21 20:54:44,0,2025-12-01,6602.990234375,0.03571428571428571,2512,0.045,out,6627.109445923378,-0.057091244638319355,0.10680057253976431,0.0004073700819579092,0.050446496649045304
6975.0,0.15,2025-11-21 20:29:55,0,2025-12-01,6602.990234375,0.03571428571428571,2512,0.045,out,6627.109445923378,-0.057091244638319355,0.10487987027721249,0.00039284954247731856,0.05116359958404208
6980.0,0.1,2025-11-21 20:31:45,0,2025-12-01,6602.990234375,0.03571428571428571,2512,0.045,out,6627.109445923378,-0.057091244638319355,0.10195518309565947,0.00037124497714533737,0.051880188650893826
6990.0,0.1,2025-11-21 20:31:48,0,2025-12-01,6602.990234375,0.03571428571428571,2512,0.045,out,6627.109445923378,-0.057091244638319355,0.1043920126574287,0.00038920329666674116,0.053311828122331754
7000.0,0.15,2025-11-21 20:56:39,0,2025-12-01,6602.990234375,0.03571428571428571,2512,0.045,out,6627.109445923378,-0.057091244638319355,0.11117126617985838,0.00044139465800117585,0.0547414209319261
7010.0,0.1,2025-11-21 20:30:19,0,2025-12-01,6602.990234375,0.03571428571428571,2512,0.045,out,6627.109445923378,-0.057091244638319355,0.10923945648840877,0.00042618781621010543,0.056168972923111446
7020.0,0.1,2025-11-21 20:38:20,0,2025-12-01,6602.990234375,0.03571428571428571,2512,0.045,out,6627.109445923378,-0.057091244638319355,0.1116504346455359,0.00044520784130489574,0.057594489914332615
7050.0,0.2,2025-11-21 19:53:33,0,2025-12-01,6602.990234375,0.03571428571428571,2512,0.045,out,6627.109445923378,-0.057091244638319355,0.12726294219198375,0.0005784234448342928,0.06185888870078995
7075.0,0.05,2025-11-21 20:44:17,0,2025-12-01,6602.990234375,0.03571428571428571,2512,0.045,out,6627.109445923378,-0.057091244638319355,0.11733839644782604,0.0004917249743195426,0.06539871540591402
7100.0,0.1,2025-11-21 21:01:01,0,2025-12-01,6602.990234375,0.03571428571428571,2512,0.045,out,6627.109445923378,-0.057091244638319355,0.13065309126860306,0.0006096510806443543,0.06892605592388247
7125.0,0.1,2025-11-21 20:40:57,0,2025-12-01,6602.990234375,0.03571428571428571,2512,0.045,out,6627.109445923378,-0.057091244638319355,0.1364941826371156,0.0006653807819205096,0.072440998031327
7150.0,0.05,2025-11-21 20:07:05,0,2025-12-01,6602.990234375,0.03571428571428571,2512,0.045,out,6627.109445923378,-0.057091244638319355,0.13399077764402714,0.0006411974462018258,0.0759436285825291
5810.0,899.0,2025-11-17 18:52:24,0,2025-11-28,6602.990234375,0.03968253968253968,2511,0.045,in,6609.601643150545,0.019780494759308747,0.742353965439939,0.02186862738112707,-0.12894281539711525
6000.0,626.25,2025-11-20 18:24:20,0,2025-12-01,6602.990234375,0.03968253968253968,2512,0.045,in,6627.109445923378,-0.046882120174487424,0.32995902224443047,0.004320355411130974,-0.09940925889533228
6075.0,637.98,2025-11-17 16:23:37,0,2025-11-28,6602.990234375,0.03968253968253968,2511,0.045,in,6609.601643150545,0.019780494759308747,0.582968034128083,0.013486179714887367,-0.08434139703432295
6100.0,677.25,2025-11-14 17:20:26,0,2025-11-25,6602.990234375,0.03968253968253968,2511,0.045,in,6609.601643150545,0.019780494759308747,0.7229155347740143,0.020738367873714244,-0.08023461508166944
6125.0,589.92,2025-11-17 16:23:37,0,2025-11-28,6602.990234375,0.03968253968253968,2511,0.045,in,6609.601643150545,0.019780494759308747,0.5550229951882784,0.012224227189990779,-0.07614462983014436
6235.0,500.82,2025-11-17 14:33:47,0,2025-11-28,6602.990234375,0.03968253968253968,2511,0.045,in,6609.601643150545,0.019780494759308747,0.5300855643027274,0.011150424820719877,-0.05834480712893531
6500.0,195.8,2025-11-21 16:16:37,0,2025-12-02,6602.990234375,0.03968253968253968,2512,0.045,in,6627.109445923378,-0.046882120174487424,0.2510653228940194,0.0025013411253919926,-0.01936655122179581
6530.0,122.5,2025-11-21 10:32:13,0,2025-12-02,6602.990234375,0.03968253968253968,2512,0.045,in,6627.109445923378,-0.046882120174487424,0.13896406050760612,0.0007663099251095879,-0.01476178483504754
6550.0,136.96,2025-11-21 01:53:46,0,2025-12-02,6602.990234375,0.03968253968253968,2512,0.045,in,6627.109445923378,-0.046882120174487424,0.1941148156815687,0.001495260383614658,-0.011703678476226718
6570.0,122.88,2025-11-21 18:55:36,0,2025-12-02,6602.990234375,0.03968253968253968,2512,0.045,in,6627.109445923378,-0.046882120174487424,0.1891622898534697,0.0014199353929606382,-0.008654895626868046
6575.0,132.11,2025-11-21 19:32:34,0,2025-12-02,6602.990234375,0.03968253968253968,2512,0.045,in,6627.109445923378,-0.046882120174487424,0.21241740288701338,0.0017905219463993556,-0.007894150059558978
6580.0,103.72,2025-11-21 21:01:09,0,2025-12-02,6602.990234375,0.03968253968253968,2512,0.045,in,6627.109445923378,-0.046882120174487424,0.16285951645075142,0.0010525088134354195,-0.007133982786161431
6590.0,109.6,2025-11-21 20:20:44,0,2025-12-02,6602.990234375,0.03968253968253968,2512,0.045,in,6627.109445923378,-0.046882120174487424,0.18467914504194785,0.0013534280402152704,-0.0056153796089713735
6600.0,116.6,2025-11-21 19:41:04,0,2025-12-02,6602.990234375,0.03968253968253968,2512,0.045,in,6627.109445923378,-0.046882120174487424,0.20807751566027918,0.001718105258863243,-0.004099079091007326
6605.0,91.4,2025-11-21 20:34:15,0,2025-12-02,6602.990234375,0.03968253968253968,2512,0.045,out,6627.109445923378,-0.046882120174487424,0.16482740954567904,0.0010780982118071033,-0.0033417901490985814
6625.0,73.18,2025-11-21 21:12:51,0,2025-12-02,6602.990234375,0.03968253968253968,2512,0.045,out,6627.109445923378,-0.046882120174487424,0.14885615331980168,0.0008792918405225518,-0.0003183562511013513
6635.0,80.99,2025-11-21 20:09:29,0,2025-12-02,6602.990234375,0.03968253968253968,2512,0.045,out,6627.109445923378,-0.046882120174487424,0.1726268600167338,0.0011825409840967066,0.0011899396607836133
6650.0,67.7,2025-11-21 20:00:00,0,2025-12-02,6602.990234375,0.03968253968253968,2512,0.045,out,6627.109445923378,-0.046882120174487424,0.15986200368149237,0.0010141214373437094,0.003448126544375444
6660.0,66.58,2025-11-21 19:58:19,0,2025-12-02,6602.990234375,0.03968253968253968,2512,0.045,out,6627.109445923378,-0.046882120174487424,0.1657956008465356,0.0010908008436533237,0.00495075642891059
6670.0,57.1,2025-11-21 20:22:29,0,2025-12-02,6602.990234375,0.03968253968253968,2512,0.045,out,6627.109445923378,-0.046882120174487424,0.15508225016341123,0.0009543850918947167,0.006451131804145099
6675.0,50.68,2025-11-21 18:34:16,0,2025-12-02,6602.990234375,0.03968253968253968,2512,0.045,out,6627.109445923378,-0.046882120174487424,0.14613283974746968,0.0008474129703436371,0.00720047616292594
6680.0,51.96,2025-11-21 20:38:01,0,2025-12-02,6602.990234375,0.03968253968253968,2512,0.045,out,6627.109445923378,-0.046882120174487424,0.1523689968577911,0.0009212821906130775,0.007949259425167035
6685.0,53.26,2025-11-21 20:09:29,0,2025-12-02,6602.990234375,0.03968253968253968,2512,0.045,out,6627.109445923378,-0.046882120174487424,0.15862060796630703,0.0009984324314127328,0.008697482430519363
6690.0,42.45,2025-11-21 21:02:07,0,2025-12-02,6602.990234375,0.03968253968253968,2512,0.045,out,6627.109445923378,-0.046882120174487424,0.14024449979116657,0.0007804968143521635,0.009445146016749907
6695.0,40.3,2025-11-21 21:02:07,0,2025-12-02,6602.990234375,0.03968253968253968,2512,0.045,out,6627.109445923378,-0.046882120174487424,0.1392278817460922,0.0007692223434723745,0.010192251019748619
6700.0,38.45,2025-11-21 21:04:29,0,2025-12-02,6602.990234375,0.03968253968253968,2512,0.045,out,6627.109445923378,-0.046882120174487424,0.13871695267532708,0.000763587022203529,0.01093879827353313
6710.0,32.94,2025-11-21 21:09:47,0,2025-12-02,6602.990234375,0.03968253968253968,2512,0.045,out,6627.109445923378,-0.046882120174487424,0.13340243714196123,0.0007061988188656712,0.012430222860203106
6715.0,32.45,2025-11-21 21:04:29,0,2025-12-02,6602.990234375,0.03968253968253968,2512,0.045,out,6627.109445923378,-0.046882120174487424,0.1354786327477837,0.0007283515845717799,0.013175101851813762
6720.0,29.2,2025-11-21 21:09:47,0,2025-12-02,6602.990234375,0.03968253968253968,2512,0.045,out,6627.109445923378,-0.046882120174487424,0.13129429533311848,0.0006840552375801642,0.013919426411671005
6725.0,26.05,2025-11-21 08:07:47,0,2025-12-02,6602.990234375,0.03968253968253968,2512,0.045,out,6627.109445923378,-0.046882120174487424,0.12703927003404544,0.0006404355607453617,0.014663197364515598
6740.0,25.19,2025-11-21 20:43:03,0,2025-12-02,6602.990234375,0.03968253968253968,2512,0.045,out,6627.109445923378,-0.046882120174487424,0.13370311778929986,0.000709385861372198,0.016891196800828352
6745.0,23.06,2025-11-21 20:29:51,0,2025-12-02,6602.990234375,0.03968253968253968,2512,0.045,out,6627.109445923378,-0.046882120174487424,0.13129708361329545,0.0006840842922760593,0.017632761536332073
6750.0,21.0,2025-11-21 18:50:09,0,2025-12-02,6602.990234375,0.03968253968253968,2512,0.045,out,6627.109445923378,-0.046882120174487424,0.1288338369173431,0.0006586570450335141,0.01837377676105129
6755.0,29.92,2025-11-21 19:32:29,0,2025-12-02,6602.990234375,0.03968253968253968,2512,0.045,out,6627.109445923378,-0.046882120174487424,0.15366518132315837,0.0009370233313920293,0.019114243288774976
6760.0,15.99,2025-11-21 20:44:54,0,2025-12-02,6602.990234375,0.03968253968253968,2512,0.045,out,6627.109445923378,-0.046882120174487424,0.12059746985315668,0.0005771329259913902,0.019854161931485485
6765.0,14.9,2025-11-21 20:43:04,0,2025-12-02,6602.990234375,0.03968253968253968,2512,0.045,out,6627.109445923378,-0.046882120174487424,0.11997695911041452,0.0005712091554516697,0.02059353349936409
6770.0,19.78,2025-11-21 20:09:55,0,2025-12-02,6602.990234375,0.03968253968253968,2512,0.045,out,6627.109445923378,-0.046882120174487424,0.1362596853838392,0.0007367738833691604,0.021332358800796317
6775.0,16.01,2025-11-21 20:40:36,0,2025-12-02,6602.990234375,0.03968253968253968,2512,0.045,out,6627.109445923378,-0.046882120174487424,0.12821511856637316,0.000652345897975759,0.02207063864237747
6780.0,15.4,2025-11-21 20:48:04,0,2025-12-02,6602.990234375,0.03968253968253968,2512,0.045,out,6627.109445923378,-0.046882120174487424,0.1288915536317721,0.0006592473253020628,0.02280837382891704
6790.0,10.4,2025-11-21 20:54:13,0,2025-12-02,6602.990234375,0.03968253968253968,2512,0.045,out,6627.109445923378,-0.046882120174487424,0.11753362970187323,0.0005481807186863911,0.024282213447217524
6795.0,9.8,2025-11-21 21:07:20,0,2025-12-02,6602.990234375,0.03968253968253968,2512,0.045,out,6627.109445923378,-0.046882120174487424,0.11764433473580226,0.0005492138688662495,0.025018319479719765
6800.0,9.19,2025-11-21 20:51:32,0,2025-12-02,6602.990234375,0.03968253968253968,2512,0.045,out,6627.109445923378,-0.046882120174487424,0.11760525481491749,0.0005488490460349869,0.02575388405867371
6805.0,8.38,2025-11-21 20:52:59,0,2025-12-02,6602.990234375,0.03968253968253968,2512,0.045,out,6627.109445923378,-0.046882120174487424,0.11665583652473573,0.0005400231823526136,0.026488907980042053
6810.0,9.0,2025-11-21 20:48:54,0,2025-12-02,6602.990234375,0.03968253968253968,2512,0.045,out,6627.109445923378,-0.046882120174487424,0.1212433020791902,0.000583330884883562,0.02722339203803384
6815.0,6.93,2025-11-21 20:52:59,0,2025-12-02,6602.990234375,0.03968253968253968,2512,0.045,out,6627.109445923378,-0.046882120174487424,0.11484133035890187,0.0005233544110556523,0.027957337025108744
6820.0,9.25,2025-11-21 19:48:51,0,2025-12-02,6602.990234375,0.03968253968253968,2512,0.045,out,6627.109445923378,-0.046882120174487424,0.1265388931547265,0.0006354004555882256,0.028690743731983503
6825.0,6.45,2025-11-21 20:43:03,0,2025-12-02,6602.990234375,0.03968253968253968,2512,0.045,out,6627.109445923378,-0.046882120174487424,0.1167654147525456,0.0005410381778703965,0.029423612947636166
6830.0,7.15,2025-11-21 20:19:20,0,2025-12-02,6602.990234375,0.03968253968253968,2512,0.045,out,6627.109445923378,-0.046882120174487424,0.12198521349543245,0.0005904917583938982,0.030155945459311394
6835.0,7.2,2025-11-21 19:58:25,0,2025-12-02,6602.990234375,0.03968253968253968,2512,0.045,out,6627.109445923378,-0.046882120174487424,0.1242530928285242,0.0006126520268830894,0.03088774205252555
6840.0,6.4,2025-11-21 19:58:23,0,2025-12-02,6602.990234375,0.03968253968253968,2512,0.045,out,6627.109445923378,-0.046882120174487424,0.12255513836059627,0.0005960222991501942,0.03161900351107194
6845.0,5.07,2025-11-21 20:26:12,0,2025-12-02,6602.990234375,0.03968253968253968,2512,0.045,out,6627.109445923378,-0.046882120174487424,0.11773703696752351,0.0005500797569004761,0.03234973061702502
6850.0,2.8,2025-11-21 20:59:22,0,2025-12-02,6602.990234375,0.03968253968253968,2512,0.045,out,6627.109445923378,-0.046882120174487424,0.10529367622108975,0.0004399507242917333,0.033079924150746697
6855.0,2.99,2025-11-21 20:02:28,0,2025-12-02,6602.990234375,0.03968253968253968,2512,0.045,out,6627.109445923378,-0.046882120174487424,0.10845878162870976,0.00046679790922159317,0.033809584890890455
6860.0,2.4,2025-11-21 21:08:09,0,2025-12-02,6602.990234375,0.03968253968253968,2512,0.045,out,6627.109445923378,-0.046882120174487424,0.10558662357143332,0.00044240218560379194,0.03453871361440656
6865.0,3.7,2025-11-21 19:58:26,0,2025-12-02,6602.990234375,0.03968253968253968,2512,0.045,out,6627.109445923378,-0.046882120174487424,0.11697111121103904,0.0005429460657914786,0.035267311096547044
6870.0,3.3,2025-11-21 19:58:26,0,2025-12-02,6602.990234375,0.03968253968253968,2512,0.045,out,6627.109445923378,-0.046882120174487424,0.11599666625648121,0.0005339375628022812,0.03599537811087082
6875.0,2.12,2025-11-21 19:58:27,0,2025-12-02,6602.990234375,0.03968253968253968,2512,0.045,out,6627.109445923378,-0.046882120174487424,0.10816778480639694,0.00046429641547313474,0.036722915429247806
6880.0,2.46,2025-11-21 20:19:20,0,2025-12-02,6602.990234375,0.03968253968253968,2512,0.045,out,6627.109445923378,-0.046882120174487424,0.11288046897922036,0.0005056349316257432,0.03744992382186507
6885.0,2.2,2025-11-21 19:58:28,0,2025-12-02,6602.990234375,0.03968253968253968,2512,0.045,out,6627.109445923378,-0.046882120174487424,0.11222910987792717,0.0004998163930155496,0.03817640405723091
6890.0,1.8,2025-11-21 20:26:44,0,2025-12-02,6602.990234375,0.03968253968253968,2512,0.045,out,6627.109445923378,-0.046882120174487424,0.10990824005472825,0.00047935798539395916,0.03890235690217991
6895.0,1.67,2025-11-21 20:26:12,0,2025-12-02,6602.990234375,0.03968253968253968,2512,0.045,out,6627.109445923378,-0.046882120174487424,0.11009750440787398,0.0004810103363826123,0.039627783121877806
6900.0,1.55,2025-11-21 19:58:27,0,2025-12-02,6602.990234375,0.03968253968253968,2512,0.045,out,6627.109445923378,-0.046882120174487424,0.110301259680398,0.0004827923764715315,0.040352683479826554
6905.0,1.35,2025-11-21 19:58:27,0,2025-12-02,6602.990234375,0.03968253968253968,2512,0.045,out,6627.109445923378,-0.046882120174487424,0.10938209389592102,0.0004747794628990509,0.04107705873786826
6910.0,1.25,2025-11-21 20:07:42,0,2025-12-02,6602.990234375,0.03968253968253968,2512,0.045,out,6627.109445923378,-0.046882120174487424,0.10957705280805469,0.0004764734326229843,0.041800909656191314
6915.0,0.95,2025-11-21 19:58:28,0,2025-12-02,6602.990234375,0.03968253968253968,2512,0.045,out,6627.109445923378,-0.046882120174487424,0.1065531367980282,0.0004505385302182267,0.04252423699333428
6920.0,0.85,2025-11-21 19:58:28,0,2025-12-02,6602.990234375,0.03968253968253968,2512,0.045,out,6627.109445923378,-0.046882120174487424,0.10628714370244807,0.0004482919411279701,0.04324704150619091
6925.0,0.7,2025-11-21 19:58:28,0,2025-12-02,6602.990234375,0.03968253968253968,2512,0.045,out,6627.109445923378,-0.046882120174487424,0.10482901449098064,0.0004360762809186599,0.04396932395001488
6930.0,0.65,2025-11-21 19:58:28,0,2025-12-02,6602.990234375,0.03968253968253968,2512,0.045,out,6627.109445923378,-0.046882120174487424,0.10517347012636698,0.00043894677850880187,0.04469108507842472
6940.0,0.6,2025-11-21 19:58:27,0,2025-12-02,6602.990234375,0.03968253968253968,2512,0.045,out,6627.109445923378,-0.046882120174487424,0.10682197639678476,0.0004528148667188587,0.04613304639532592
6950.0,0.29,2025-11-21 20:52:20,0,2025-12-02,6602.990234375,0.03968253968253968,2512,0.045,out,6627.109445923378,-0.046882120174487424,0.10015812010921035,0.00039808131046869074,0.04757293145331348
6960.0,0.35,2025-11-21 19:58:27,0,2025-12-02,6602.990234375,0.03968253968253968,2512,0.045,out,6627.109445923378,-0.046882120174487424,0.10501087743287037,0.0004375906499691001,0.04901074622294114
6970.0,0.31,2025-11-21 19:58:26,0,2025-12-02,6602.990234375,0.03968253968253968,2512,0.045,out,6627.109445923378,-0.046882120174487424,0.10608799829921375,0.0004466136263148405,0.050446496649045304
6975.0,0.2,2025-11-21 20:59:22,0,2025-12-02,6602.990234375,0.03968253968253968,2512,0.045,out,6627.109445923378,-0.046882120174487424,0.1022441378969265,0.0004148358624716557,0.05116359958404208
6980.0,0.25,2025-11-21 19:58:27,0,2025-12-02,6602.990234375,0.03968253968253968,2512,0.045,out,6627.109445923378,-0.046882120174487424,0.10602767829038223,0.0004461058953828885,0.051880188650893826
7000.0,0.1,2025-11-21 20:53:19,0,2025-12-02,6602.990234375,0.03968253968253968,2512,0.045,out,6627.109445923378,-0.046882120174487424,0.10105093658547913,0.0004052099914604176,0.0547414209319261
7010.0,1.12,2025-11-21 18:48:13,0,2025-12-02,6602.990234375,0.03968253968253968,2512,0.045,out,6627.109445923378,-0.046882120174487424,0.13708146640754584,0.0007456876362080603,0.056168972923111446
7020.0,0.15,2025-11-21 20:53:19,0,2025-12-02,6602.990234375,0.03968253968253968,2512,0.045,out,6627.109445923378,-0.046882120174487424,0.10990601425286772,0.0004793385701964906,0.057594489914332615
7025.0,0.15,2025-11-20 20:41:32,0,2025-12-01,6602.990234375,0.03968253968253968,2512,0.045,out,6627.109445923378,-0.046882120174487424,0.11108492141311416,0.0004896769748157836,0.0583064870964223
7050.0,0.2,2025-11-21 20:53:19,0,2025-12-02,6602.990234375,0.03968253968253968,2512,0.045,out,6627.109445923378,-0.046882120174487424,0.12043109010822117,0.0005755415660577178,0.06185888870078995
7075.0,0.24,2025-11-21 17:39:09,0,2025-12-02,6602.990234375,0.03968253968253968,2512,0.045,out,6627.109445923378,-0.046882120174487424,0.12882753328922825,0.0006585925925947305,0.06539871540591402
7100.0,0.11,2025-11-21 19:18:34,0,2025-12-02,6602.990234375,0.03968253968253968,2512,0.045,out,6627.109445923378,-0.046882120174487424,0.12476702490937314,0.0006177305755847673,0.06892605592388247
7125.0,0.19,2025-11-21 17:29:57,0,2025-12-02,6602.990234375,0.03968253968253968,2512,0.045,out,6627.109445923378,-0.046882120174487424,0.137434993523858,0.0007495387874961462,0.072440998031327
7150.0,0.12,2025-11-21 19:07:56,0,2025-12-02,6602.990234375,0.03968253968253968,2512,0.045,out,6627.109445923378,-0.046882120174487424,0.13699491573537123,0.0007447463070373596,0.0759436285825291
6425.0,249.9,2025-11-21 19:44:05,0,2025-12-03,6602.990234375,0.04365079365079365,2512,0.045,in,6627.109445923378,-0.03852920015862493,0.24619432672574007,0.0026457464747275594,-0.030972097342103752
6475.0,151.2,2025-11-20 17:28:55,0,2025-12-02,6602.990234375,0.04365079365079365,2512,0.045,in,6627.109445923378,-0.03852920015862493,0.09933083982001265,0.00043068560766999645,-0.023220120537785834
6475.0,155.7,2025-11-21 12:30:10,0,2025-12-03,6602.990234375,0.04365079365079365,2512,0.045,in,6627.109445923378,-0.03852920015862493,0.1126144344732985,0.0005535798387664653,-0.023220120537785834
6500.0,170.31,2025-11-21 20:28:21,0,2025-12-03,6602.990234375,0.04365079365079365,2512,0.045,in,6627.109445923378,-0.03852920015862493,0.18731402233765826,0.001531555446854921,-0.01936655122179581
6525.0,123.3,2025-11-20 18:17:04,0,2025-12-02,6602.990234375,0.04365079365079365,2512,0.045,in,6627.109445923378,-0.03852920015862493,0.12542164567708783,0.0006866527033644389,-0.01552777491463009
6540.0,137.07,2025-11-21 21:01:10,0,2025-12-03,6602.990234375,0.04365079365079365,2512,0.045,in,6627.109445923378,-0.03852920015862493,0.17243445596176768,0.0012978970540918205,-0.013231562654279862
6550.0,121.5,2025-11-21 18:19:08,0,2025-12-03,6602.990234375,0.04365079365079365,2512,0.045,in,6627.109445923378,-0.03852920015862493,0.15436667828180287,0.0010401578769894202,-0.011703678476226718
6575.0,104.72,2025-11-21 18:15:50,0,2025-12-03,6602.990234375,0.04365079365079365,2512,0.045,in,6627.109445923378,-0.03852920015862493,0.15068254315091834,0.0009911012575980636,-0.007894150059558978
6600.0,91.95,2025-11-21 18:22:51,0,2025-12-03,6602.990234375,0.04365079365079365,2512,0.045,in,6627.109445923378,-0.03852920015862493,0.15234120194545137,0.0010130407139366379,-0.004099079091007326
6620.0,87.3,2025-11-21 20:44:15,0,2025-12-03,6602.990234375,0.04365079365079365,2512,0.045,out,6627.109445923378,-0.03852920015862493,0.16220693137430392,0.0011484998985894824,-0.0010733581744703786
6625.0,84.2,2025-11-21 20:44:13,0,2025-12-03,6602.990234375,0.04365079365079365,2512,0.045,out,6627.109445923378,-0.03852920015862493,0.16094099561858377,0.0011306430348321864,-0.0003183562511013513
6650.0,71.85,2025-11-21 20:00:00,0,2025-12-03,6602.990234375,0.04365079365079365,2512,0.045,out,6627.109445923378,-0.03852920015862493,0.15910629470242268,0.0011050116791796662,0.003448126544375444
6660.0,59.12,2025-11-21 18:22:51,0,2025-12-03,6602.990234375,0.04365079365079365,2512,0.045,out,6627.109445923378,-0.03852920015862493,0.14335680507157925,0.0008970750363636447,0.00495075642891059
6670.0,60.98,2025-11-21 20:40:21,0,2025-12-03,6602.990234375,0.04365079365079365,2512,0.045,out,6627.109445923378,-0.03852920015862493,0.1542589632585961,0.0010387067666737533,0.006451131804145099
6675.0,58.12,2025-11-21 20:35:06,0,2025-12-03,6602.990234375,0.04365079365079365,2512,0.045,out,6627.109445923378,-0.03852920015862493,0.1525382072942098,0.0010156625060708114,0.00720047616292594
6680.0,48.8,2025-11-21 20:59:21,0,2025-12-03,6602.990234375,0.04365079365079365,2512,0.045,out,6627.109445923378,-0.03852920015862493,0.1384164822993999,0.0008363109059267498,0.007949259425167035
6685.0,38.0,2025-11-21 15:36:02,0,2025-12-03,6602.990234375,0.04365079365079365,2512,0.045,out,6627.109445923378,-0.03852920015862493,0.12088777901062435,0.0006379063740291152,0.008697482430519363
6690.0,50.93,2025-11-21 19:21:21,0,2025-12-03,6602.990234375,0.04365079365079365,2512,0.045,out,6627.109445923378,-0.03852920015862493,0.14938551723766713,0.0009741125411270586,0.009445146016749907
6700.0,49.02,2025-11-21 20:47:06,0,2025-12-03,6602.990234375,0.04365079365079365,2512,0.045,out,6627.109445923378,-0.03852920015862493,0.15240566813886924,0.0010138982717833593,0.01093879827353313
6710.0,44.71,2025-11-21 16:47:18,0,2025-12-03,6602.990234375,0.04365079365079365,2512,0.045,out,6627.109445923378,-0.03852920015862493,0.15041024653861576,0.0009875224797693608,0.012430222860203106
6715.0,38.8,2025-11-21 14:40:51,0,2025-12-03,6602.990234375,0.04365079365079365,2512,0.045,out,6627.109445923378,-0.03852920015862493,0.14161769166190843,0.0008754415734449247,0.013175101851813762
6720.0,34.11,2025-11-21 20:53:50,0,2025-12-03,6602.990234375,0.04365079365079365,2512,0.045,out,6627.109445923378,-0.03852920015862493,0.13493797371234628,0.0007948048581171921,0.013919426411671005
6725.0,30.77,2025-11-21 20:56:47,0,2025-12-03,6602.990234375,0.04365079365079365,2512,0.045,out,6627.109445923378,-0.03852920015862493,0.130781266408041,0.0007465918098261941,0.014663197364515598
6730.0,35.9,2025-11-20 20:01:36,0,2025-12-02,6602.990234375,0.04365079365079365,2512,0.045,out,6627.109445923378,-0.03852920015862493,0.1446631711669685,0.0009134990635433329,0.015406415533249194
6730.0,42.65,2025-11-21 18:48:13,0,2025-12-03,6602.990234375,0.04365079365079365,2512,0.045,out,6627.109445923378,-0.03852920015862493,0.15873169695809922,0.0010998145548062551,0.015406415533249194
6735.0,45.69,2025-11-21 19:40:13,0,2025-12-03,6602.990234375,0.04365079365079365,2512,0.045,out,6627.109445923378,-0.03852920015862493,0.16803253865019804,0.001232477279752116,0.01614908173894003
6745.0,34.4,2025-11-21 19:55:17,0,2025-12-03,6602.990234375,0.04365079365079365,2512,0.045,out,6627.109445923378,-0.03852920015862493,0.1501850590488737,0.0009845677443517874,0.017632761536332073
6750.0,28.25,2025-11-21 20:35:06,0,2025-12-03,6602.990234375,0.04365079365079365,2512,0.045,out,6627.109445923378,-0.03852920015862493,0.13930597554793098,0.0008470940597498736,0.01837377676105129
6755.0,29.43,2025-11-21 19:58:23,0,2025-12-03,6602.990234375,0.04365079365079365,2512,0.045,out,6627.109445923378,-0.03852920015862493,0.1447370571173748,0.0009144324314800809,0.019114243288774976
6760.0,25.0,2025-11-21 19:37:24,0,2025-12-03,6602.990234375,0.04365079365079365,2512,0.045,out,6627.109445923378,-0.03852920015862493,0.13711093652980272,0.0008206091193526805,0.019854161931485485
6765.0,20.0,2025-11-21 18:29:45,0,2025-12-03,6602.990234375,0.04365079365079365,2512,0.045,out,6627.109445923378,-0.03852920015862493,0.12737741608621608,0.0007082343945111555,0.02059353349936409
6770.0,19.35,2025-11-21 18:29:45,0,2025-12-03,6602.990234375,0.04365079365079365,2512,0.045,out,6627.109445923378,-0.03852920015862493,0.12820260378684104,0.0007174404118848541,0.021332358800796317
6775.0,17.03,2025-11-21 20:53:50,0,2025-12-03,6602.990234375,0.04365079365079365,2512,0.045,out,6627.109445923378,-0.03852920015862493,0.1244786497446683,0.000676366177241325,0.02207063864237747
6780.0,23.13,2025-11-21 15:18:54,0,2025-12-03,6602.990234375,0.04365079365079365,2512,0.045,out,6627.109445923378,-0.03852920015862493,0.1428698088209245,0.0008909904960230265,0.02280837382891704
6785.0,20.28,2025-11-21 18:48:12,0,2025-12-03,6602.990234375,0.04365079365079365,2512,0.045,out,6627.109445923378,-0.03852920015862493,0.13803853932570892,0.0008317500862338418,0.023545565163445265
6790.0,11.4,2025-11-21 16:09:02,0,2025-12-03,6602.990234375,0.04365079365079365,2512,0.045,out,6627.109445923378,-0.03852920015862493,0.1148166911748071,0.0005754428503795288,0.024282213447217524
6795.0,22.71,2025-11-21 19:38:50,0,2025-12-03,6602.990234375,0.04365079365079365,2512,0.045,out,6627.109445923378,-0.03852920015862493,0.14930514593117064,0.0009730646532413085,0.025018319479719765
6800.0,10.45,2025-11-21 20:43:36,0,2025-12-03,6602.990234375,0.04365079365079365,2512,0.045,out,6627.109445923378,-0.03852920015862493,0.11601742669185873,0.0005875415724532102,0.02575388405867371
6805.0,10.5,2025-11-21 21:14:03,0,2025-12-03,6602.990234375,0.04365079365079365,2512,0.045,out,6627.109445923378,-0.03852920015862493,0.1183270182570166,0.0006111671259744433,0.026488907980042053
6810.0,14.1,2025-11-21 20:03:57,0,2025-12-03,6602.990234375,0.04365079365079365,2512,0.045,out,6627.109445923378,-0.03852920015862493,0.13220911857748469,0.0007629831801007519,0.02722339203803384
6815.0,10.72,2025-11-21 20:22:25,0,2025-12-03,6602.990234375,0.04365079365079365,2512,0.045,out,6627.109445923378,-0.03852920015862493,0.12333858378665201,0.0006640336061724872,0.027957337025108744
6820.0,16.58,2025-11-21 19:18:13,0,2025-12-03,6602.990234375,0.04365079365079365,2512,0.045,out,6627.109445923378,-0.03852920015862493,0.14423792722425388,0.0009081364132914316,0.028690743731983503
6825.0,11.3,2025-11-21 19:58:23,0,2025-12-03,6602.990234375,0.04365079365079365,2512,0.045,out,6627.109445923378,-0.03852920015862493,0.12958395883252005,0.0007329842311658364,0.029423612947636166
6830.0,6.0,2025-11-21 18:29:45,0,2025-12-03,6602.990234375,0.04365079365079365,2512,0.045,out,6627.109445923378,-0.03852920015862493,0.1107488945445635,0.0005353908494891719,0.030155945459311394
6835.0,6.89,2025-11-21 20:30:57,0,2025-12-03,6602.990234375,0.04365079365079365,2512,0.045,out,6627.109445923378,-0.03852920015862493,0.11665581261118219,0.0005940252570465388,0.03088774205252555
6840.0,5.67,2025-11-21 21:06:25,0,2025-12-03,6602.990234375,0.04365079365079365,2512,0.045,out,6627.109445923378,-0.03852920015862493,0.11295919709613268,0.0005569745329152082,0.03161900351107194
6845.0,6.31,2025-11-21 19:58:26,0,2025-12-03,6602.990234375,0.04365079365079365,2512,0.045,out,6627.109445923378,-0.03852920015862493,0.1178695910160093,0.0006064509736075171,0.03234973061702502
6850.0,4.22,2025-11-21 21:11:35,0,2025-12-03,6602.990234375,0.04365079365079365,2512,0.045,out,6627.109445923378,-0.03852920015862493,0.10899692476469534,0.000518585816229235,0.033079924150746697
6855.0,6.3,2025-11-21 19:58:27,0,2025-12-03,6602.990234375,0.04365079365079365,2512,0.045,out,6627.109445923378,-0.03852920015862493,0.12158782866622497,0.000645315876497778,0.033809584890890455
6860.0,4.33,2025-11-21 20:24:05,0,2025-12-03,6602.990234375,0.04365079365079365,2512,0.045,out,6627.109445923378,-0.03852920015862493,0.11316721995009531,0.0005590278427919275,0.03453871361440656
6865.0,4.98,2025-11-21 20:22:25,0,2025-12-03,6602.990234375,0.04365079365079365,2512,0.045,out,6627.109445923378,-0.03852920015862493,0.11858130822018063,0.0006137967986162868,0.035267311096547044
6870.0,3.53,2025-11-21 19:58:27,0,2025-12-03,6602.990234375,0.04365079365079365,2512,0.045,out,6627.109445923378,-0.03852920015862493,0.11172148334621694,0.0005448356676661481,0.03599537811087082
6880.0,3.8,2025-11-21 19:58:27,0,2025-12-03,6602.990234375,0.04365079365079365,2512,0.045,out,6627.109445923378,-0.03852920015862493,0.11688576328989844,0.0005963694375336661,0.03744992382186507
6885.0,2.55,2025-11-21 20:30:57,0,2025-12-03,6602.990234375,0.04365079365079365,2512,0.045,out,6627.109445923378,-0.03852920015862493,0.10957643104816199,0.0005241148279911848,0.03817640405723091
6890.0,1.87,2025-11-21 21:06:25,0,2025-12-03,6602.990234375,0.04365079365079365,2512,0.045,out,6627.109445923378,-0.03852920015862493,0.10511063611594816,0.00048226469869719015,0.03890235690217991
6895.0,2.4,2025-11-21 20:27:32,0,2025-12-03,6602.990234375,0.04365079365079365,2512,0.045,out,6627.109445923378,-0.03852920015862493,0.11152784098898293,0.0005429486209218351,0.039627783121877806
6900.0,1.37,2025-11-21 21:11:35,0,2025-12-03,6602.990234375,0.04365079365079365,2512,0.045,out,6627.109445923378,-0.03852920015862493,0.10269912564803364,0.00046038974006974844,0.040352683479826554
6905.0,2.35,2025-11-21 19:58:27,0,2025-12-03,6602.990234375,0.04365079365079365,2512,0.045,out,6627.109445923378,-0.03852920015862493,0.11425714121547939,0.000569847767881246,0.04107705873786826
6910.0,1.9,2025-11-21 19:58:28,0,2025-12-03,6602.990234375,0.04365079365079365,2512,0.045,out,6627.109445923378,-0.03852920015862493,0.11155666001292538,0.000543229255260451,0.041800909656191314
6915.0,1.7,2025-11-21 19:58:28,0,2025-12-03,6602.990234375,0.04365079365079365,2512,0.045,out,6627.109445923378,-0.03852920015862493,0.1109679836020825,0.0005375112191739387,0.04252423699333428
6920.0,1.35,2025-11-21 20:27:55,0,2025-12-03,6602.990234375,0.04365079365079365,2512,0.045,out,6627.109445923378,-0.03852920015862493,0.10832454779577322,0.0005122074770108981,0.04324704150619091
6925.0,1.35,2025-11-21 19:58:28,0,2025-12-03,6602.990234375,0.04365079365079365,2512,0.045,out,6627.109445923378,-0.03852920015862493,0.10978171650615033,0.0005260804685293823,0.04396932395001488
6930.0,1.25,2025-11-21 19:58:28,0,2025-12-03,6602.990234375,0.04365079365079365,2512,0.045,out,6627.109445923378,-0.03852920015862493,0.10990351940827277,0.0005272484895300415,0.04469108507842472
6940.0,1.0,2025-11-21 19:58:28,0,2025-12-03,6602.990234375,0.04365079365079365,2512,0.045,out,6627.109445923378,-0.03852920015862493,0.10904536758707888,0.0005190468814056058,0.04613304639532592
6950.0,0.75,2025-11-21 19:58:28,0,2025-12-03,6602.990234375,0.04365079365079365,2512,0.045,out,6627.109445923378,-0.03852920015862493,0.10734922864574138,0.000503025499203144,0.04757293145331348
6960.0,0.65,2025-11-21 19:58:27,0,2025-12-03,6602.990234375,0.04365079365079365,2512,0.045,out,6627.109445923378,-0.03852920015862493,0.10792318721851729,0.0005084188798945812,0.04901074622294114
6970.0,0.5,2025-11-21 19:58:28,0,2025-12-03,6602.990234375,0.04365079365079365,2512,0.045,out,6627.109445923378,-0.03852920015862493,0.10686082529639698,0.0004984587135448327,0.050446496649045304
6975.0,0.3,2025-11-21 19:58:27,0,2025-12-03,6602.990234375,0.04365079365079365,2512,0.045,out,6627.109445923378,-0.03852920015862493,0.10168197163404627,0.00045131530519546383,0.05116359958404208
6980.0,0.45,2025-11-21 19:58:27,0,2025-12-03,6602.990234375,0.04365079365079365,2512,0.045,out,6627.109445923378,-0.03852920015862493,0.10798752633230141,0.0005090252550677158,0.051880188650893826
6990.0,0.3,2025-11-20 19:55:42,0,2025-12-02,6602.990234375,0.04365079365079365,2512,0.045,out,6627.109445923378,-0.03852920015862493,0.1053196170788775,0.0004841842823732351,0.053311828122331754
6990.0,0.4,2025-11-21 19:58:27,0,2025-12-03,6602.990234375,0.04365079365079365,2512,0.045,out,6627.109445923378,-0.03852920015862493,0.10893393943355015,0.0005179866458953814,0.053311828122331754
7000.0,0.2,2025-11-21 20:47:50,0,2025-12-03,6602.990234375,0.04365079365079365,2512,0.045,out,6627.109445923378,-0.03852920015862493,0.1030294462359126,0.00046335609011296375,0.0547414209319261
7020.0,0.65,2025-11-21 13:10:34,0,2025-12-03,6602.990234375,0.04365079365079365,2512,0.045,out,6627.109445923378,-0.03852920015862493,0.12355779347073646,0.0006663960777814635,0.057594489914332615
7025.0,0.4,2025-11-20 19:30:44,0,2025-12-02,6602.990234375,0.04365079365079365,2512,0.045,out,6627.109445923378,-0.03852920015862493,0.11756642560228352,0.0006033353520550393,0.0583064870964223
7025.0,0.45,2025-11-21 14:30:03,0,2025-12-03,6602.990234375,0.04365079365079365,2512,0.045,out,6627.109445923378,-0.03852920015862493,0.11923467519287871,0.0006205793073486673,0.0583064870964223
7050.0,0.25,2025-11-21 20:02:25,0,2025-12-03,6602.990234375,0.04365079365079365,2512,0.045,out,6627.109445923378,-0.03852920015862493,0.11728807565089361,0.0006004818237650285,0.06185888870078995
7100.0,0.25,2025-11-21 19:07:56,0,2025-12-03,6602.990234375,0.04365079365079365,2512,0.045,out,6627.109445923378,-0.03852920015862493,0.12881856839641087,0.0007243510285742406,0.06892605592388247
7125.0,0.22,2025-11-21 17:28:58,0,2025-12-03,6602.990234375,0.04365079365079365,2512,0.045,out,6627.109445923378,-0.03852920015862493,0.13272969623866732,0.0007690035511892771,0.072440998031327
7150.0,0.13,2025-11-21 18:03:03,0,2025-12-03,6602.990234375,0.04365079365079365,2512,0.045,out,6627.109445923378,-0.03852920015862493,0.13133390138385556,0.0007529148023005843,0.0759436285825291
6475.0,181.8,2025-11-21 16:50:06,0,2025-12-04,6602.990234375,0.047619047619047616,2512,0.045,in,6627.109445923378,-0.03156843347873953,0.16602690521379065,0.0013126158692794772,-0.023220120537785834
6530.0,135.8,2025-11-21 14:48:19,0,2025-12-04,6602.990234375,0.047619047619047616,2512,0.045,in,6627.109445923378,-0.03156843347873953,0.14948941162546983,0.0010641468661013883,-0.01476178483504754
6550.0,148.03,2025-11-21 18:20:36,0,2025-12-04,6602.990234375,0.047619047619047616,2512,0.045,in,6627.109445923378,-0.03156843347873953,0.19467826350392228,0.0018047441086144094,-0.011703678476226718
6560.0,108.7,2025-11-20 20:54:11,0,2025-12-03,6602.990234375,0.047619047619047616,2512,0.045,in,6627.109445923378,-0.03156843347873953,0.13425863426101478,0.0008583514701729966,-0.010178125167389555
6560.0,128.68,2025-11-21 21:01:13,0,2025-12-04,6602.990234375,0.047619047619047616,2512,0.045,in,6627.109445923378,-0.03156843347873953,0.1703990761485898,0.0013826592929663286,-0.010178125167389555
6600.0,101.3,2025-11-21 20:34:03,0,2025-12-04,6602.990234375,0.047619047619047616,2512,0.045,in,6627.109445923378,-0.03156843347873953,0.1611146509783104,0.0012360919409458466,-0.004099079091007326
6610.0,92.0,2025-11-21 20:56:12,0,2025-12-04,6602.990234375,0.047619047619047616,2512,0.045,out,6627.109445923378,-0.03156843347873953,0.15384734428555472,0.0011270954925580003,-0.0025850742597923414
6625.0,89.3,2025-11-21 20:44:31,0,2025-12-04,6602.990234375,0.047619047619047616,2512,0.045,out,6627.109445923378,-0.03156843347873953,0.16198047155045467,0.0012494130077956025,-0.0003183562511013513
6630.0,90.7,2025-11-21 18:01:44,0,2025-12-04,6602.990234375,0.047619047619047616,2512,0.045,out,6627.109445923378,-0.03156843347873953,0.16854585887662596,0.0013527479306885482,0.0004360760743839572
6645.0,88.0,2025-11-21 20:01:03,0,2025-12-04,6602.990234375,0.047619047619047616,2512,0.045,out,6627.109445923378,-0.03156843347873953,0.17584364327596852,0.0014724279466936223,0.002695964041821361
6650.0,72.13,2025-11-21 21:07:11,0,2025-12-04,6602.990234375,0.047619047619047616,2512,0.045,out,6627.109445923378,-0.03156843347873953,0.15192313864577658,0.0010990780979039931,0.003448126544375444
6655.0,82.1,2025-11-21 20:01:03,0,2025-12-04,6602.990234375,0.047619047619047616,2512,0.045,out,6627.109445923378,-0.03156843347873953,0.17321433488602708,0.0014287240861908922,0.004199723723687813
6675.0,76.3,2025-11-21 19:33:44,0,2025-12-04,6602.990234375,0.047619047619047616,2512,0.045,out,6627.109445923378,-0.03156843347873953,0.17769999452885218,0.0015036803835978142,0.00720047616292594
6690.0,60.74,2025-11-21 20:13:25,0,2025-12-04,6602.990234375,0.047619047619047616,2512,0.045,out,6627.109445923378,-0.03156843347873953,0.16018346182521584,0.0012218448305862087,0.009445146016749907
6700.0,55.19,2025-11-21 20:20:32,0,2025-12-04,6602.990234375,0.047619047619047616,2512,0.045,out,6627.109445923378,-0.03156843347873953,0.15661607303399044,0.0011680283015518204,0.01093879827353313
6705.0,44.8,2025-11-21 18:13:48,0,2025-12-04,6602.990234375,0.047619047619047616,2512,0.045,out,6627.109445923378,-0.03156843347873953,0.14035867092314988,0.0009381217382530037,0.011684788610254564
6715.0,39.6,2025-11-21 18:22:51,0,2025-12-04,6602.990234375,0.047619047619047616,2512,0.045,out,6627.109445923378,-0.03156843347873953,0.13644081018449208,0.0008864806992285999,0.013175101851813762
6720.0,49.0,2025-11-21 18:47:27,0,2025-12-04,6602.990234375,0.047619047619047616,2512,0.045,out,6627.109445923378,-0.03156843347873953,0.15758398894598055,0.001182510170101282,0.013919426411671005
6725.0,39.61,2025-11-21 18:33:19,0,2025-12-04,6602.990234375,0.047619047619047616,2512,0.045,out,6627.109445923378,-0.03156843347873953,0.14235315075550622,0.0009649723585723753,0.014663197364515598
6730.0,37.35,2025-11-21 20:40:52,0,2025-12-04,6602.990234375,0.047619047619047616,2512,0.045,out,6627.109445923378,-0.03156843347873953,0.140742386061114,0.0009432580587702692,0.015406415533249194
6740.0,23.42,2025-11-20 20:55:52,0,2025-12-03,6602.990234375,0.047619047619047616,2512,0.045,out,6627.109445923378,-0.03156843347873953,0.11687173461196795,0.0006504286833909651,0.016891196800828352
6740.0,31.9,2025-11-21 15:25:11,0,2025-12-04,6602.990234375,0.047619047619047616,2512,0.045,out,6627.109445923378,-0.03156843347873953,0.1351734111685574,0.0008700881469973276,0.016891196800828352
6745.0,39.21,2025-11-21 17:11:09,0,2025-12-04,6602.990234375,0.047619047619047616,2512,0.045,out,6627.109445923378,-0.03156843347873953,0.15300958363556358,0.0011148539373489774,0.017632761536332073
6750.0,38.2,2025-11-21 19:47:39,0,2025-12-04,6602.990234375,0.047619047619047616,2512,0.045,out,6627.109445923378,-0.03156843347873953,0.15374285683334826,0.0011255650489180675,0.01837377676105129
6760.0,35.82,2025-11-21 19:13:30,0,2025-12-04,6602.990234375,0.047619047619047616,2512,0.045,out,6627.109445923378,-0.03156843347873953,0.1542772906158508,0.0011334039237984612,0.019854161931485485
6775.0,25.44,2025-11-21 17:11:09,0,2025-12-04,6602.990234375,0.047619047619047616,2512,0.045,out,6627.109445923378,-0.03156843347873953,0.1391997214815404,0.0009226934505018293,0.02207063864237747
6780.0,25.0,2025-11-21 17:41:09,0,2025-12-04,6602.990234375,0.047619047619047616,2512,0.045,out,6627.109445923378,-0.03156843347873953,0.14064428965884362,0.0009419436292209861,0.02280837382891704
6800.0,14.27,2025-11-21 21:05:36,0,2025-12-04,6602.990234375,0.047619047619047616,2512,0.045,out,6627.109445923378,-0.03156843347873953,0.1222480242138584,0.0007116466392472433,0.02575388405867371
6810.0,14.57,2025-11-21 13:27:27,0,2025-12-04,6602.990234375,0.047619047619047616,2512,0.045,out,6627.109445923378,-0.03156843347873953,0.1274425394158519,0.0007734095644171887,0.02722339203803384
6820.0,13.86,2025-11-21 20:11:25,0,2025-12-04,6602.990234375,0.047619047619047616,2512,0.045,out,6627.109445923378,-0.03156843347873953,0.12959356822989682,0.0007997377584074725,0.028690743731983503
6825.0,9.7,2025-11-21 21:05:31,0,2025-12-04,6602.990234375,0.047619047619047616,2512,0.045,out,6627.109445923378,-0.03156843347873953,0.11811990254313995,0.0006643957798476609,0.029423612947636166
6830.0,11.16,2025-11-21 20:47:08,0,2025-12-04,6602.990234375,0.047619047619047616,2512,0.045,out,6627.109445923378,-0.03156843347873953,0.12512813237610793,0.0007455737862825136,0.030155945459311394
6840.0,7.5,2025-11-21 21:04:42,0,2025-12-04,6602.990234375,0.047619047619047616,2512,0.045,out,6627.109445923378,-0.03156843347873953,0.11560541712283448,0.000636410117530693,0.03161900351107194
6850.0,7.9,2025-11-21 20:47:08,0,2025-12-04,6602.990234375,0.047619047619047616,2512,0.045,out,6627.109445923378,-0.03156843347873953,0.1209611000354753,0.0006967422724662983,0.033079924150746697
6860.0,5.0,2025-11-21 21:14:46,0,2025-12-04,6602.990234375,0.047619047619047616,2512,0.045,out,6627.109445923378,-0.03156843347873953,0.11149053187591466,0.0005919113665702068,0.03453871361440656
6870.0,3.8,2025-11-21 20:56:49,0,2025-12-04,6602.990234375,0.047619047619047616,2512,0.045,out,6627.109445923378,-0.03156843347873953,0.10822347821788084,0.0005577295827417204,0.03599537811087082
6875.0,4.3,2025-11-20 19:59:11,0,2025-12-03,6602.990234375,0.047619047619047616,2512,0.045,out,6627.109445923378,-0.03156843347873953,0.11281086722150754,0.0006060138934889811,0.036722915429247806
6875.0,6.0,2025-11-21 18:48:12,0,2025-12-04,6602.990234375,0.047619047619047616,2512,0.045,out,6627.109445923378,-0.03156843347873953,0.12167383047828374,0.0007049771915837204,0.036722915429247806
6880.0,6.52,2025-11-21 17:23:24,0,2025-12-04,6602.990234375,0.047619047619047616,2512,0.045,out,6627.109445923378,-0.03156843347873953,0.1258991550189954,0.0007547903444998587,0.03744992382186507
6890.0,5.9,2025-11-21 17:32:37,0,2025-12-04,6602.990234375,0.047619047619047616,2512,0.045,out,6627.109445923378,-0.03156843347873953,0.1264140441815674,0.0007609766936352034,0.03890235690217991
6900.0,2.08,2025-11-21 21:00:08,0,2025-12-04,6602.990234375,0.047619047619047616,2512,0.045,out,6627.109445923378,-0.03156843347873953,0.10516927565709719,0.0005266941210589759,0.040352683479826554
6925.0,3.75,2025-11-21 18:57:42,0,2025-12-04,6602.990234375,0.047619047619047616,2512,0.045,out,6627.109445923378,-0.03156843347873953,0.1256810229026582,0.0007521771198980235,0.04396932395001488
6930.0,3.3,2025-11-21 19:31:15,0,2025-12-04,6602.990234375,0.047619047619047616,2512,0.045,out,6627.109445923378,-0.03156843347873953,0.1241048131570927,0.0007334287927979469,0.04469108507842472
6950.0,0.75,2025-11-21 21:04:46,0,2025-12-04,6602.990234375,0.047619047619047616,2512,0.045,out,6627.109445923378,-0.03156843347873953,0.10245909898310956,0.0004998984268776496,0.04757293145331348
6970.0,1.46,2025-11-21 18:56:59,0,2025-12-04,6602.990234375,0.047619047619047616,2512,0.045,out,6627.109445923378,-0.03156843347873953,0.11859679491814103,0.0006697714173740762,0.050446496649045304
6975.0,0.5,2025-11-21 20:56:58,0,2025-12-04,6602.990234375,0.047619047619047616,2512,0.045,out,6627.109445923378,-0.03156843347873953,0.10323077160894537,0.0005074567717608686,0.05116359958404208
6980.0,1.27,2025-11-21 17:23:24,0,2025-12-04,6602.990234375,0.047619047619047616,2512,0.045,out,6627.109445923378,-0.03156843347873953,0.11877399397620289,0.0006717743640504324,0.051880188650893826
7000.0,1.07,2025-11-21 19:09:11,0,2025-12-04,6602.990234375,0.047619047619047616,2512,0.045,out,6627.109445923378,-0.03156843347873953,0.1210519953279028,0.0006977897891841238,0.0547414209319261
7010.0,2.3,2025-11-20 15:07:10,0,2025-12-03,6602.990234375,0.047619047619047616,2512,0.045,out,6627.109445923378,-0.03156843347873953,0.1393016428984357,0.0009240451292477761,0.056168972923111446
7025.0,0.25,2025-11-21 20:51:29,0,2025-12-04,6602.990234375,0.047619047619047616,2512,0.045,out,6627.109445923378,-0.03156843347873953,0.10642062264777992,0.0005393023297495794,0.0583064870964223
7050.0,0.49,2025-11-21 18:01:08,0,2025-12-04,6602.990234375,0.047619047619047616,2512,0.045,out,6627.109445923378,-0.03156843347873953,0.12099998096547566,0.0006971902568402605,0.06185888870078995
7075.0,0.4,2025-11-20 17:55:49,0,2025-12-03,6602.990234375,0.047619047619047616,2512,0.045,out,6627.109445923378,-0.03156843347873953,0.12388890729721157,0.0007308791119665277,0.06539871540591402
7075.0,0.3,2025-11-21 18:01:08,0,2025-12-04,6602.990234375,0.047619047619047616,2512,0.045,out,6627.109445923378,-0.03156843347873953,0.1199165004952386,0.000684760337667836,0.06539871540591402
7100.0,0.28,2025-11-21 18:03:03,0,2025-12-04,6602.990234375,0.047619047619047616,2512,0.045,out,6627.109445923378,-0.03156843347873953,0.12456289392011198,0.0007388530734168128,0.06892605592388247
7150.0,0.18,2025-11-21 19:07:56,0,2025-12-04,6602.990234375,0.047619047619047616,2512,0.045,out,6627.109445923378,-0.03156843347873953,0.12950594896085021,0.0007986567055357304,0.0759436285825291
5420.0,1344.5,2025-11-14 16:35:18,0,2025-11-28,6602.990234375,0.051587301587301584,2511,0.045,in,6609.601643150545,0.02560038058408365,1.0216707282978812,0.05384739683249761,-0.19842757080938023
5610.0,1158.59,2025-11-14 16:37:33,0,2025-11-28,6602.990234375,0.051587301587301584,2511,0.045,in,6609.601643150545,0.02560038058408365,0.9149038761701745,0.04318110450081639,-0.16397266672633004
5925.0,761.57,2025-11-14 14:37:37,0,2025-11-28,6602.990234375,0.051587301587301584,2511,0.045,in,6609.601643150545,0.02560038058408365,0.5219167940446119,0.014052233407839189,-0.10934269923974017
6160.0,482.94,2025-11-21 20:46:29,0,2025-12-05,6602.990234375,0.051587301587301584,2512,0.045,in,6627.109445923378,-0.02567855398037494,0.27804545751929577,0.003988176959573367,-0.0730919505779588
6200.0,449.23,2025-11-21 17:02:18,0,2025-12-05,6602.990234375,0.051587301587301584,2512,0.045,in,6627.109445923378,-0.02567855398037494,0.27911872147030875,0.004019025352293084,-0.06661943607234141
6300.0,349.94,2025-11-21 20:34:36,0,2025-12-05,6602.990234375,0.051587301587301584,2512,0.045,in,6627.109445923378,-0.02567855398037494,0.2331040135537431,0.0028031240267985215,-0.050619094725900225
6350.0,311.19,2025-11-19 17:42:09,0,2025-12-03,6602.990234375,0.051587301587301584,2512,0.045,in,6627.109445923378,-0.02567855398037494,0.23537011341656738,0.0028578895784383386,-0.04271391521878698
6340.0,302.98,2025-11-14 20:23:44,0,2025-11-28,6602.990234375,0.051587301587301584,2511,0.045,in,6609.601643150545,0.02560038058408365,0.19515244359272688,0.001964675361598261,-0.041644617811800434
6400.0,256.94,2025-11-21 16:55:13,0,2025-12-05,6602.990234375,0.051587301587301584,2512,0.045,in,6627.109445923378,-0.02567855398037494,0.19922068683881616,0.0020474423287257363,-0.03487073775776112
6425.0,205.4,2025-11-21 15:49:28,0,2025-12-05,6602.990234375,0.051587301587301584,2512,0.045,in,6627.109445923378,-0.02567855398037494,0.12014642722026055,0.0007446711573782291,-0.030972097342103752
6450.0,182.24,2025-11-20 20:55:02,0,2025-12-04,6602.990234375,0.051587301587301584,2512,0.045,in,6627.109445923378,-0.02567855398037494,0.11427470321005348,0.0006736634972964107,-0.027088597315706085
6450.0,182.1,2025-11-21 15:36:06,0,2025-12-05,6602.990234375,0.051587301587301584,2512,0.045,in,6627.109445923378,-0.02567855398037494,0.11388608070990765,0.0006690893330675666,-0.027088597315706085
6460.0,175.4,2025-11-21 09:36:05,0,2025-12-05,6602.990234375,0.051587301587301584,2512,0.045,in,6627.109445923378,-0.02567855398037494,0.11796111180152014,0.0007178282169319823,-0.0255394103288768
6470.0,172.6,2025-11-21 14:31:12,0,2025-12-05,6602.990234375,0.051587301587301584,2512,0.045,in,6627.109445923378,-0.02567855398037494,0.13020202362167874,0.0008745371841958032,-0.023992619610578046
6455.0,168.49,2025-11-14 15:44:34,0,2025-11-28,6602.990234375,0.051587301587301584,2511,0.045,in,6609.601643150545,0.02560038058408365,0.0839401403617889,0.00036348140131523286,-0.023668361962329246
6475.0,202.13,2025-11-21 20:42:17,0,2025-12-05,6602.990234375,0.051587301587301584,2512,0.045,in,6627.109445923378,-0.02567855398037494,0.19769507734801842,0.002016204233727408,-0.023220120537785834
6500.0,147.24,2025-11-20 20:55:02,0,2025-12-04,6602.990234375,0.051587301587301584,2512,0.045,in,6627.109445923378,-0.02567855398037494,0.12419837262456174,0.0007957462893399338,-0.01936655122179581
6500.0,181.63,2025-11-21 20:45:05,0,2025-12-05,6602.990234375,0.051587301587301584,2512,0.045,in,6627.109445923378,-0.02567855398037494,0.1904486725301881,0.001871107378137463,-0.01936655122179581
6510.0,174.09,2025-11-21 20:45:05,0,2025-12-05,6602.990234375,0.051587301587301584,2512,0.045,in,6627.109445923378,-0.02567855398037494,0.18848310777386112,0.0018326843845603504,-0.017829271902909324
6520.0,114.0,2025-11-18 15:40:33,0,2025-12-02,6602.990234375,0.051587301587301584,2512,0.045,in,6627.109445923378,-0.02567855398037494,0.08502707481219726,0.0003729557335894717,-0.016294352184825688
6520.0,196.29,2025-11-21 16:49:01,0,2025-12-05,6602.990234375,0.051587301587301584,2512,0.045,in,6627.109445923378,-0.02567855398037494,0.23893009692636033,0.002944994785016346,-0.016294352184825688
6525.0,152.53,2025-11-21 20:55:56,0,2025-12-05,6602.990234375,0.051587301587301584,2512,0.045,in,6627.109445923378,-0.02567855398037494,0.1668009037766894,0.0014352898393228777,-0.01552777491463009
6530.0,151.84,2025-11-21 20:54:46,0,2025-12-05,6602.990234375,0.051587301587301584,2512,0.045,in,6627.109445923378,-0.02567855398037494,0.17123654719960654,0.0015126405407101587,-0.01476178483504754
6540.0,148.69,2025-11-21 20:52:17,0,2025-12-05,6602.990234375,0.051587301587301584,2512,0.045,in,6627.109445923378,-0.02567855398037494,0.1765846896347872,0.001608603111009459,-0.013231562654279862
6545.0,147.6,2025-11-21 20:17:55,0,2025-12-05,6602.990234375,0.051587301587301584,2512,0.045,in,6627.109445923378,-0.02567855398037494,0.1799541440956152,0.0016705770702516295,-0.012467328761523979
6550.0,134.9,2025-11-21 19:52:00,0,2025-12-05,6602.990234375,0.051587301587301584,2512,0.045,in,6627.109445923378,-0.02567855398037494,0.16301622665294394,0.0013708959205481423,-0.011703678476226718
6555.0,131.5,2025-11-21 20:26:00,0,2025-12-05,6602.990234375,0.051587301587301584,2512,0.045,in,6627.109445923378,-0.02567855398037494,0.16230289775196216,0.0013589245954082954,-0.010940610907724028
6560.0,165.0,2025-11-21 17:52:44,0,2025-12-05,6602.990234375,0.051587301587301584,2512,0.045,in,6627.109445923378,-0.02567855398037494,0.22480094754483157,0.002606988326276601,-0.010178125167389555
6570.0,143.23,2025-11-21 20:03:47,0,2025-12-05,6602.990234375,0.051587301587301584,2512,0.045,in,6627.109445923378,-0.02567855398037494,0.1972042711995987,0.0020062056330624736,-0.008654895626868046
6575.0,114.02,2025-11-20 19:50:47,0,2025-12-04,6602.990234375,0.051587301587301584,2512,0.045,in,6627.109445923378,-0.02567855398037494,0.15221532632839407,0.0011952522714300533,-0.007894150059558978
6575.0,139.78,2025-11-21 20:03:47,0,2025-12-05,6602.990234375,0.051587301587301584,2512,0.045,in,6627.109445923378,-0.02567855398037494,0.19603033960087188,0.001982391359414409,-0.007894150059558978
6580.0,120.9,2025-11-21 21:01:15,0,2025-12-05,6602.990234375,0.051587301587301584,2512,0.045,in,6627.109445923378,-0.02567855398037494,0.16867712716381386,0.001467760523678915,-0.007133982786161431
6585.0,112.05,2025-11-21 20:55:57,0,2025-12-05,6602.990234375,0.051587301587301584,2512,0.045,in,6627.109445923378,-0.02567855398037494,0.15833792844544103,0.0012933400579250667,-0.006374392928142824
6590.0,113.21,2025-11-21 21:13:24,0,2025-12-05,6602.990234375,0.051587301587301584,2512,0.045,in,6627.109445923378,-0.02567855398037494,0.16487642332001035,0.001402361327652342,-0.0056153796089713735
6595.0,111.33,2025-11-21 20:45:37,0,2025-12-05,6602.990234375,0.051587301587301584,2512,0.045,in,6627.109445923378,-0.02567855398037494,0.16619614423855264,0.001424901026495648,-0.00485694195410934
6600.0,106.55,2025-11-21 21:14:34,0,2025-12-05,6602.990234375,0.051587301587301584,2512,0.045,in,6627.109445923378,-0.02567855398037494,0.16257499025303193,0.0013634847497025974,-0.004099079091007326
6605.0,93.2,2025-11-20 21:01:41,0,2025-12-04,6602.990234375,0.051587301587301584,2512,0.045,out,6627.109445923378,-0.02567855398037494,0.14453390413007638,0.0010776612807939182,-0.0033417901490985814
6605.0,102.0,2025-11-21 20:54:08,0,2025-12-05,6602.990234375,0.051587301587301584,2512,0.045,out,6627.109445923378,-0.02567855398037494,0.1592844178486683,0.0013088485515954727,-0.0033417901490985814
6610.0,104.3,2025-11-21 20:43:08,0,2025-12-05,6602.990234375,0.051587301587301584,2512,0.045,out,6627.109445923378,-0.02567855398037494,0.16739907200552337,0.0014456025436826792,-0.0025850742597923414
6615.0,101.35,2025-11-21 19:42:27,0,2025-12-05,6602.990234375,0.051587301587301584,2512,0.045,out,6627.109445923378,-0.02567855398037494,0.16665081870175216,0.0014327080946886328,-0.0018289305564681776
6620.0,95.03,2025-11-21 21:07:53,0,2025-12-05,6602.990234375,0.051587301587301584,2512,0.045,out,6627.109445923378,-0.02567855398037494,0.16020413180939436,0.0013240068652159657,-0.0010733581744703786
6625.0,92.8,2025-11-21 20:31:13,0,2025-12-05,6602.990234375,0.051587301587301584,2512,0.045,out,6627.109445923378,-0.02567855398037494,0.16052775720997173,0.0013293614716397904,-0.0003183562511013513
6630.0,95.6,2025-11-21 20:40:03,0,2025-12-05,6602.990234375,0.051587301587301584,2512,0.045,out,6627.109445923378,-0.02567855398037494,0.1691931549567492,0.0014767547932334963,0.0004360760743839572
6635.0,81.78,2025-11-21 20:53:54,0,2025-12-05,6602.990234375,0.051587301587301584,2512,0.045,out,6627.109445923378,-0.02567855398037494,0.1499892454197355,0.0011605478517482594,0.0011899396607836133
6640.0,79.03,2025-11-21 20:53:54,0,2025-12-05,6602.990234375,0.051587301587301584,2512,0.045,out,6627.109445923378,-0.02567855398037494,0.1492209375944144,0.0011486886778382123,0.0019432353649552288
6645.0,80.33,2025-11-21 21:07:53,0,2025-12-05,6602.990234375,0.051587301587301584,2512,0.045,out,6627.109445923378,-0.02567855398037494,0.1551787376487563,0.001242244952529365,0.002695964041821361
6650.0,77.49,2025-11-21 21:13:31,0,2025-12-05,6602.990234375,0.051587301587301584,2512,0.045,out,6627.109445923378,-0.02567855398037494,0.15412145262416616,0.0012253749526459532,0.003448126544375444
6655.0,72.05,2025-11-21 20:56:47,0,2025-12-05,6602.990234375,0.051587301587301584,2512,0.045,out,6627.109445923378,-0.02567855398037494,0.1485962793688886,0.0011390916871015806,0.004199723723687813
6660.0,85.6,2025-11-20 20:44:56,0,2025-12-04,6602.990234375,0.051587301587301584,2512,0.045,out,6627.109445923378,-0.02567855398037494,0.17508688081795185,0.0015814301819415703,0.00495075642891059
6660.0,76.38,2025-11-21 20:03:50,0,2025-12-05,6602.990234375,0.051587301587301584,2512,0.045,out,6627.109445923378,-0.02567855398037494,0.15951073807790417,0.0013125705647144869,0.00495075642891059
6665.0,66.05,2025-11-21 20:56:09,0,2025-12-05,6602.990234375,0.051587301587301584,2512,0.045,out,6627.109445923378,-0.02567855398037494,0.1455082673601939,0.0010922401837783877,0.005701225507284777
6670.0,67.4,2025-11-21 21:06:37,0,2025-12-05,6602.990234375,0.051587301587301584,2512,0.045,out,6627.109445923378,-0.02567855398037494,0.1512716200988461,0.001180477538155893,0.006451131804145099
6675.0,65.48,2025-11-21 20:52:37,0,2025-12-05,6602.990234375,0.051587301587301584,2512,0.045,out,6627.109445923378,-0.02567855398037494,0.15139750750325687,0.0011824431294308864,0.00720047616292594
6680.0,67.04,2025-11-21 20:37:17,0,2025-12-05,6602.990234375,0.051587301587301584,2512,0.045,out,6627.109445923378,-0.02567855398037494,0.1574488625174136,0.0012788566508109378,0.007949259425167035
6685.0,60.47,2025-11-21 21:04:49,0,2025-12-05,6602.990234375,0.051587301587301584,2512,0.045,out,6627.109445923378,-0.02567855398037494,0.14940427294490316,0.0011515130081926055,0.008697482430519363
6690.0,53.67,2025-11-21 20:47:35,0,2025-12-05,6602.990234375,0.051587301587301584,2512,0.045,out,6627.109445923378,-0.02567855398037494,0.14074293944688812,0.0010218709327537913,0.009445146016749907
6695.0,51.8,2025-11-21 20:59:36,0,2025-12-05,6602.990234375,0.051587301587301584,2512,0.045,out,6627.109445923378,-0.02567855398037494,0.14059118193847048,0.0010196684353378151,0.010192251019748619
6700.0,51.5,2025-11-21 21:09:12,0,2025-12-05,6602.990234375,0.051587301587301584,2512,0.045,out,6627.109445923378,-0.02567855398037494,0.1431640010129765,0.0010573297834070075,0.01093879827353313
6705.0,47.23,2025-11-21 20:56:02,0,2025-12-05,6602.990234375,0.051587301587301584,2512,0.045,out,6627.109445923378,-0.02567855398037494,0.13854581586513562,0.000990215318327654,0.011684788610254564
6710.0,33.9,2025-11-20 20:53:25,0,2025-12-04,6602.990234375,0.051587301587301584,2512,0.045,out,6627.109445923378,-0.02567855398037494,0.11682015136915457,0.0007040092101462635,0.012430222860203106
6710.0,49.11,2025-11-21 21:05:15,0,2025-12-05,6602.990234375,0.051587301587301584,2512,0.045,out,6627.109445923378,-0.02567855398037494,0.14495591261258164,0.0010839635548313621,0.012430222860203106
6715.0,45.53,2025-11-21 21:00:54,0,2025-12-05,6602.990234375,0.051587301587301584,2512,0.045,out,6627.109445923378,-0.02567855398037494,0.14139254900855602,0.0010313257456221426,0.013175101851813762
6720.0,40.97,2025-11-21 20:54:11,0,2025-12-05,6602.990234375,0.051587301587301584,2512,0.045,out,6627.109445923378,-0.02567855398037494,0.13582630037046933,0.0009517229775407796,0.013919426411671005
6725.0,47.4,2025-11-21 20:36:54,0,2025-12-05,6602.990234375,0.051587301587301584,2512,0.045,out,6627.109445923378,-0.02567855398037494,0.15067114791281272,0.001171124335610083,0.014663197364515598
6730.0,38.86,2025-11-21 21:00:37,0,2025-12-05,6602.990234375,0.051587301587301584,2512,0.045,out,6627.109445923378,-0.02567855398037494,0.13745790960202212,0.0009747253962621027,0.015406415533249194
6735.0,43.0,2025-11-21 20:47:26,0,2025-12-05,6602.990234375,0.051587301587301584,2512,0.045,out,6627.109445923378,-0.02567855398037494,0.1481306595489838,0.001131964285235795,0.01614908173894003
6740.0,33.67,2025-11-21 20:59:19,0,2025-12-05,6602.990234375,0.051587301587301584,2512,0.045,out,6627.109445923378,-0.02567855398037494,0.13277392814172673,0.0009094282060491959,0.016891196800828352
6745.0,33.95,2025-11-21 21:05:51,0,2025-12-05,6602.990234375,0.051587301587301584,2512,0.045,out,6627.109445923378,-0.02567855398037494,0.13597973587646867,0.0009538744103073188,0.017632761536332073
6750.0,31.7,2025-11-21 21:07:52,0,2025-12-05,6602.990234375,0.051587301587301584,2512,0.045,out,6627.109445923378,-0.02567855398037494,0.1340477778254081,0.000926962252456705,0.01837377676105129
6755.0,30.25,2025-11-21 20:30:11,0,2025-12-05,6602.990234375,0.051587301587301584,2512,0.045,out,6627.109445923378,-0.02567855398037494,0.13362733242658303,0.0009211564747173764,0.019114243288774976
6760.0,32.15,2025-11-21 20:09:47,0,2025-12-05,6602.990234375,0.051587301587301584,2512,0.045,out,6627.109445923378,-0.02567855398037494,0.14010685721151753,0.0010126551932140924,0.019854161931485485
6765.0,27.03,2025-11-21 21:02:34,0,2025-12-05,6602.990234375,0.051587301587301584,2512,0.045,out,6627.109445923378,-0.02567855398037494,0.13180530496330328,0.0008962075373575474,0.02059353349936409
6770.0,17.48,2025-11-20 20:58:11,0,2025-12-04,6602.990234375,0.051587301587301584,2512,0.045,out,6627.109445923378,-0.02567855398037494,0.11230782939868493,0.0006506731391871965,0.021332358800796317
6770.0,24.7,2025-11-21 19:45:03,0,2025-12-05,6602.990234375,0.051587301587301584,2512,0.045,out,6627.109445923378,-0.02567855398037494,0.1291183770620209,0.0008600405509392564,0.021332358800796317
6775.0,22.05,2025-11-21 20:16:48,0,2025-12-05,6602.990234375,0.051587301587301584,2512,0.045,out,6627.109445923378,-0.02567855398037494,0.12546710572069963,0.0008120870239407931,0.02207063864237747
6780.0,21.5,2025-11-21 21:10:48,0,2025-12-05,6602.990234375,0.051587301587301584,2512,0.045,out,6627.109445923378,-0.02567855398037494,0.1265008405398614,0.0008255238672412251,0.02280837382891704
6785.0,23.31,2025-11-21 20:34:27,0,2025-12-05,6602.990234375,0.051587301587301584,2512,0.045,out,6627.109445923378,-0.02567855398037494,0.13303626635758542,0.0009130255006458864,0.023545565163445265
6790.0,18.77,2025-11-20 20:58:11,0,2025-12-04,6602.990234375,0.051587301587301584,2512,0.045,out,6627.109445923378,-0.02567855398037494,0.1244256799395854,0.0007986616974982773,0.024282213447217524
6790.0,22.35,2025-11-21 20:49:52,0,2025-12-05,6602.990234375,0.051587301587301584,2512,0.045,out,6627.109445923378,-0.02567855398037494,0.13309659881437172,0.000913853809553173,0.024282213447217524
6795.0,18.6,2025-11-21 21:04:00,0,2025-12-05,6602.990234375,0.051587301587301584,2512,0.045,out,6627.109445923378,-0.02567855398037494,0.12620981749938823,0.0008217298985395851,0.025018319479719765
6800.0,16.69,2025-11-21 21:09:12,0,2025-12-05,6602.990234375,0.051587301587301584,2512,0.045,out,6627.109445923378,-0.02567855398037494,0.12347321891892576,0.0007864812113992562,0.02575388405867371
6805.0,17.8,2025-11-21 20:43:17,0,2025-12-05,6602.990234375,0.051587301587301584,2512,0.045,out,6627.109445923378,-0.02567855398037494,0.1285240102459067,0.0008521407766903536,0.026488907980042053
6810.0,14.92,2025-11-21 21:00:54,0,2025-12-05,6602.990234375,0.051587301587301584,2512,0.045,out,6627.109445923378,-0.02567855398037494,0.12291640045920149,0.000779403728269874,0.02722339203803384
6815.0,12.67,2025-11-21 19:26:27,0,2025-12-05,6602.990234375,0.051587301587301584,2512,0.045,out,6627.109445923378,-0.02567855398037494,0.11849543873319528,0.0007243460198708002,0.027957337025108744
6820.0,16.98,2025-11-21 20:11:25,0,2025-12-05,6602.990234375,0.051587301587301584,2512,0.045,out,6627.109445923378,-0.02567855398037494,0.13274530943770085,0.0009090362036120728,0.028690743731983503
6825.0,11.05,2025-11-21 20:47:24,0,2025-12-05,6602.990234375,0.051587301587301584,2512,0.045,out,6627.109445923378,-0.02567855398037494,0.11745380289287084,0.0007116672443728794,0.029423612947636166
6830.0,10.12,2025-11-21 20:56:47,0,2025-12-05,6602.990234375,0.051587301587301584,2512,0.045,out,6627.109445923378,-0.02567855398037494,0.1163371081063983,0.0006981991880685613,0.030155945459311394
6835.0,10.0,2025-11-21 21:06:57,0,2025-12-05,6602.990234375,0.051587301587301584,2512,0.045,out,6627.109445923378,-0.02567855398037494,0.11783196256900637,0.0007162572549096361,0.03088774205252555
6840.0,9.18,2025-11-21 21:14:26,0,2025-12-05,6602.990234375,0.051587301587301584,2512,0.045,out,6627.109445923378,-0.02567855398037494,0.1168609513417986,0.0007045010528993366,0.03161900351107194
6845.0,8.7,2025-11-21 21:14:49,0,2025-12-05,6602.990234375,0.051587301587301584,2512,0.045,out,6627.109445923378,-0.02567855398037494,0.11697354806426281,0.0007058592948716319,0.03234973061702502
6850.0,7.73,2025-11-21 21:14:26,0,2025-12-05,6602.990234375,0.051587301587301584,2512,0.045,out,6627.109445923378,-0.02567855398037494,0.11511560683376196,0.0006836144372109858,0.033079924150746697
6855.0,7.3,2025-11-21 21:03:22,0,2025-12-05,6602.990234375,0.051587301587301584,2512,0.045,out,6627.109445923378,-0.02567855398037494,0.11518550522303626,0.0006844448729179344,0.033809584890890455
6860.0,6.6,2025-11-21 21:01:25,0,2025-12-05,6602.990234375,0.051587301587301584,2512,0.045,out,6627.109445923378,-0.02567855398037494,0.11402236455083535,0.0006706916469481219,0.03453871361440656
6865.0,5.7,2025-11-21 20:45:47,0,2025-12-05,6602.990234375,0.051587301587301584,2512,0.045,out,6627.109445923378,-0.02567855398037494,0.11172293337155317,0.0006439134124399946,0.035267311096547044
6870.0,5.2,2025-11-21 20:29:09,0,2025-12-05,6602.990234375,0.051587301587301584,2512,0.045,out,6627.109445923378,-0.02567855398037494,0.11101041778490785,0.0006357264568973697,0.03599537811087082
6875.0,4.53,2025-11-21 20:58:12,0,2025-12-05,6602.990234375,0.051587301587301584,2512,0.045,out,6627.109445923378,-0.02567855398037494,0.10922999774931211,0.000615498021063855,0.036722915429247806
6880.0,4.7,2025-11-21 20:27:20,0,2025-12-05,6602.990234375,0.051587301587301584,2512,0.045,out,6627.109445923378,-0.02567855398037494,0.1117497065780579,0.0006442220633478828,0.03744992382186507
6885.0,3.7,2025-11-21 20:58:50,0,2025-12-05,6602.990234375,0.051587301587301584,2512,0.045,out,6627.109445923378,-0.02567855398037494,0.10771809656048588,0.0005985771755793018,0.03817640405723091
6890.0,3.65,2025-11-21 21:00:55,0,2025-12-05,6602.990234375,0.051587301587301584,2512,0.045,out,6627.109445923378,-0.02567855398037494,0.10897156397951355,0.0006125889794834753,0.03890235690217991
6895.0,6.1,2025-11-21 16:56:24,0,2025-12-05,6602.990234375,0.051587301587301584,2512,0.045,out,6627.109445923378,-0.02567855398037494,0.1236631176444532,0.0007889022486194299,0.039627783121877806
6900.0,2.85,2025-11-21 21:12:39,0,2025-12-05,6602.990234375,0.051587301587301584,2512,0.045,out,6627.109445923378,-0.02567855398037494,0.10672105313028095,0.0005875475450637747,0.040352683479826554
6905.0,2.5,2025-11-21 20:58:39,0,2025-12-05,6602.990234375,0.051587301587301584,2512,0.045,out,6627.109445923378,-0.02567855398037494,0.1055791951129317,0.000575041919559637,0.04107705873786826
6910.0,4.98,2025-11-20 19:05:17,0,2025-12-04,6602.990234375,0.051587301587301584,2512,0.045,out,6627.109445923378,-0.02567855398037494,0.12291215864555403,0.0007793499351501109,0.041800909656191314
6910.0,2.3,2025-11-21 21:12:11,0,2025-12-05,6602.990234375,0.051587301587301584,2512,0.045,out,6627.109445923378,-0.02567855398037494,0.10542323170340868,0.0005733442506995148,0.041800909656191314
6915.0,3.15,2025-11-21 20:23:09,0,2025-12-05,6602.990234375,0.051587301587301584,2512,0.045,out,6627.109445923378,-0.02567855398037494,0.1133303094917764,0.0006625748716012845,0.04252423699333428
6920.0,4.2,2025-11-20 19:44:24,0,2025-12-04,6602.990234375,0.051587301587301584,2512,0.045,out,6627.109445923378,-0.02567855398037494,0.12163277650354495,0.0007632100006329251,0.04324704150619091
6920.0,2.82,2025-11-21 20:40:59,0,2025-12-05,6602.990234375,0.051587301587301584,2512,0.045,out,6627.109445923378,-0.02567855398037494,0.11242969542124118,0.0006520860054074197,0.04324704150619091
6925.0,1.56,2025-11-21 20:58:21,0,2025-12-05,6602.990234375,0.051587301587301584,2512,0.045,out,6627.109445923378,-0.02567855398037494,0.10268588357819111,0.000543956662385078,0.04396932395001488
6930.0,4.66,2025-11-21 19:19:23,0,2025-12-05,6602.990234375,0.051587301587301584,2512,0.045,out,6627.109445923378,-0.02567855398037494,0.12746240035014694,0.0008381215299177572,0.04469108507842472
6935.0,3.05,2025-11-21 16:54:37,0,2025-12-05,6602.990234375,0.051587301587301584,2512,0.045,out,6627.109445923378,-0.02567855398037494,0.11855857617630243,0.0007251181262078468,0.04541232564340773
6940.0,1.35,2025-11-20 19:44:24,0,2025-12-04,6602.990234375,0.051587301587301584,2512,0.045,out,6627.109445923378,-0.02567855398037494,0.10432573937931376,0.0005614689629425654,0.04613304639532592
6940.0,1.85,2025-11-21 19:46:24,0,2025-12-05,6602.990234375,0.051587301587301584,2512,0.045,out,6627.109445923378,-0.02567855398037494,0.10980440816404977,0.0006219885106323179,0.04613304639532592
6945.0,1.06,2025-11-21 20:28:54,0,2025-12-05,6602.990234375,0.051587301587301584,2512,0.045,out,6627.109445923378,-0.02567855398037494,0.10182710716919129,0.0005348963365388792,0.04685324808291984
6950.0,1.16,2025-11-21 21:04:50,0,2025-12-05,6602.990234375,0.051587301587301584,2512,0.045,out,6627.109445923378,-0.02567855398037494,0.10451593755442053,0.000563518077926325,0.04757293145331348
6955.0,2.35,2025-11-21 17:57:02,0,2025-12-05,6602.990234375,0.051587301587301584,2512,0.045,out,6627.109445923378,-0.02567855398037494,0.11868494095106724,0.0007266646734573735,0.04829209725201891
6960.0,0.65,2025-11-20 20:59:09,0,2025-12-04,6602.990234375,0.051587301587301584,2512,0.045,out,6627.109445923378,-0.02567855398037494,0.09867102170628138,0.0005022524476956304,0.04901074622294114
6960.0,0.82,2025-11-21 20:56:31,0,2025-12-05,6602.990234375,0.051587301587301584,2512,0.045,out,6627.109445923378,-0.02567855398037494,0.10185768264039928,0.0005352176097910312,0.04901074622294114
6965.0,1.56,2025-11-21 18:33:16,0,2025-12-05,6602.990234375,0.051587301587301584,2512,0.045,out,6627.109445923378,-0.02567855398037494,0.11347530944305094,0.0006642714130617069,0.04972887910838185
6970.0,0.66,2025-11-21 20:59:34,0,2025-12-05,6602.990234375,0.051587301587301584,2512,0.045,out,6627.109445923378,-0.02567855398037494,0.10130165510661945,0.0005293901954580405,0.050446496649045304
6975.0,0.7,2025-11-21 21:01:37,0,2025-12-05,6602.990234375,0.051587301587301584,2512,0.045,out,6627.109445923378,-0.02567855398037494,0.10332215012000771,0.0005507185205177711,0.05116359958404208
6980.0,0.95,2025-11-21 20:27:37,0,2025-12-05,6602.990234375,0.051587301587301584,2512,0.045,out,6627.109445923378,-0.02567855398037494,0.10904561750181592,0.0006134218533832557,0.051880188650893826
6985.0,2.14,2025-11-21 19:22:08,0,2025-12-05,6602.990234375,0.051587301587301584,2512,0.045,out,6627.109445923378,-0.02567855398037494,0.12506835172734232,0.0008069333486084313,0.05259626458553782
6990.0,0.47,2025-11-21 20:59:34,0,2025-12-05,6602.990234375,0.051587301587301584,2512,0.045,out,6627.109445923378,-0.02567855398037494,0.10161658179207882,0.000532686849350719,0.053311828122331754
7000.0,0.58,2025-11-21 20:50:54,0,2025-12-05,6602.990234375,0.051587301587301584,2512,0.045,out,6627.109445923378,-0.02567855398037494,0.10671906588912793,0.000587525663949303,0.0547414209319261
7010.0,0.41,2025-11-21 21:04:50,0,2025-12-05,6602.990234375,0.051587301587301584,2512,0.045,out,6627.109445923378,-0.02567855398037494,0.10449605018724638,0.0005633036450855622,0.056168972923111446
7020.0,0.65,2025-11-21 18:17:56,0,2025-12-05,6602.990234375,0.051587301587301584,2512,0.045,out,6627.109445923378,-0.02567855398037494,0.11306300420278528,0.0006594530077447125,0.057594489914332615
7025.0,0.31,2025-11-21 21:06:02,0,2025-12-05,6602.990234375,0.051587301587301584,2512,0.045,out,6627.109445923378,-0.02567855398037494,0.10444739667142064,0.0005627792171773102,0.0583064870964223
7030.0,0.94,2025-11-21 19:44:22,0,2025-12-05,6602.990234375,0.051587301587301584,2512,0.045,out,6627.109445923378,-0.02567855398037494,0.12126530354715002,0.0007586053967340145,0.05901797769918633
7040.0,0.52,2025-11-21 15:46:36,0,2025-12-05,6602.990234375,0.051587301587301584,2512,0.045,out,6627.109445923378,-0.02567855398037494,0.11451733849989276,0.0006765272643741558,0.06043944204656376
7050.0,0.3,2025-11-21 20:50:56,0,2025-12-05,6602.990234375,0.051587301587301584,2512,0.045,out,6627.109445923378,-0.02567855398037494,0.10952459811128919,0.0006188225741615569,0.06185888870078995
7075.0,0.23,2025-11-21 15:52:58,0,2025-12-05,6602.990234375,0.051587301587301584,2512,0.045,out,6627.109445923378,-0.02567855398037494,0.1116818414053235,0.0006434398337138484,0.06539871540591402
7080.0,0.35,2025-11-21 15:52:58,0,2025-12-05,6602.990234375,0.051587301587301584,2512,0.045,out,6627.109445923378,-0.02567855398037494,0.11803455091727712,0.0007187222925919154,0.06610517958224106
7100.0,0.25,2025-11-21 17:49:30,0,2025-12-05,6602.990234375,0.051587301587301584,2512,0.045,out,6627.109445923378,-0.02567855398037494,0.11796231497897097,0.0007178428603871963,0.06892605592388247
7110.0,0.32,2025-11-21 15:11:29,0,2025-12-05,6602.990234375,0.051587301587301584,2512,0.045,out,6627.109445923378,-0.02567855398037494,0.12331405048207296,0.0007844548238168178,0.07033351569176217
7120.0,0.4,2025-11-21 18:53:32,0,2025-12-05,6602.990234375,0.051587301587301584,2512,0.045,out,6627.109445923378,-0.02567855398037494,0.12863328526635653,0.0008535904246801832,0.07173899730049721
7125.0,0.52,2025-11-20 15:34:51,0,2025-12-04,6602.990234375,0.051587301587301584,2512,0.045,out,6627.109445923378,-0.02567855398037494,0.13375613431901523,0.0009229331154109673,0.072440998031327
7125.0,0.25,2025-11-21 20:03:38,0,2025-12-05,6602.990234375,0.051587301587301584,2512,0.045,out,6627.109445923378,-0.02567855398037494,0.12320245306826826,0.0007830356259781942,0.072440998031327
7150.0,0.18,2025-11-21 20:33:37,0,2025-12-05,6602.990234375,0.051587301587301584,2512,0.045,out,6627.109445923378,-0.02567855398037494,0.1241679960906364,0.0007953570884568883,0.0759436285825291
5500.0,1185.27,2025-11-17 19:06:00,0,2025-12-02,6602.990234375,0.05555555555555555,2512,0.045,in,6627.109445923378,-0.020630085838919593,0.7118113203657,0.02814863087782007,-0.18642063588496194
6000.0,758.92,2025-11-20 15:16:34,0,2025-12-05,6602.990234375,0.05555555555555555,2512,0.045,in,6627.109445923378,-0.020630085838919593,0.6277447829447443,0.021892417361908008,-0.09940925889533228
6100.0,568.9,2025-11-19 14:45:34,0,2025-12-04,6602.990234375,0.05555555555555555,2512,0.045,in,6627.109445923378,-0.020630085838919593,0.36706532804210545,0.00748538639170325,-0.08287995694412166
6200.0,467.09,2025-11-19 16:16:07,0,2025-12-04,6602.990234375,0.05555555555555555,2512,0.045,in,6627.109445923378,-0.020630085838919593,0.31348053412403654,0.005459446959705068,-0.06661943607234141
6200.0,659.5,2025-11-11 20:44:47,0,2025-11-26,6602.990234375,0.05555555555555555,2511,0.045,in,6609.601643150545,0.026986067685220532,0.695134720723742,0.026845126664204157,-0.06397409420988913
6440.0,194.4,2025-11-20 20:50:32,0,2025-12-05,6602.990234375,0.05555555555555555,2512,0.045,in,6627.109445923378,-0.020630085838919593,0.11775136246843342,0.0007702990757317994,-0.028640188007125
6490.0,162.2,2025-11-20 20:41:58,0,2025-12-05,6602.990234375,0.05555555555555555,2512,0.045,in,6627.109445923378,-0.020630085838919593,0.1332190950551851,0.0009859626270734688,-0.020906197407388652
6670.0,84.05,2025-11-19 18:47:11,0,2025-12-04,6602.990234375,0.05555555555555555,2512,0.045,out,6627.109445923378,-0.020630085838919593,0.17225879324674548,0.0016485051028236114,0.006451131804145099
6680.0,65.66,2025-11-19 18:47:11,0,2025-12-04,6602.990234375,0.05555555555555555,2512,0.045,out,6627.109445923378,-0.020630085838919593,0.14866172369837066,0.0012277948940539278,0.007949259425167035
7060.0,0.45,2025-11-20 18:08:50,0,2025-12-05,6602.990234375,0.05555555555555555,2512,0.045,out,6627.109445923378,-0.020630085838919593,0.11250474671622748,0.0007031843352045832,0.0632763233817635
7070.0,0.53,2025-11-20 20:58:13,0,2025-12-05,6602.990234375,0.05555555555555555,2512,0.045,out,6627.109445923378,-0.020630085838919593,0.11695484408894388,0.0007599130864371761,0.06469175178509412
7090.0,0.18,2025-11-20 19:54:09,0,2025-12-05,6602.990234375,0.05555555555555555,2512,0.045,out,6627.109445923378,-0.020630085838919593,0.10763971257273736,0.0006436837623745285,0.06751661242064894
7130.0,0.32,2025-11-20 14:40:24,0,2025-12-05,6602.990234375,0.05555555555555555,2512,0.045,out,6627.109445923378,-0.020630085838919593,0.12268469385159193,0.0008361963391921577,0.07314250630281731
7160.0,0.35,2025-11-20 19:19:08,0,2025-12-05,6602.990234375,0.05555555555555555,2512,0.045,out,6627.109445923378,-0.020630085838919593,0.13008379090064978,0.0009400995919491096,0.077341252849167
5850.0,797.88,2025-11-19 19:54:29,0,2025-12-05,6602.990234375,0.05952380952380952,2512,0.045,in,6627.109445923378,-0.016254746782991616,0.39913770079110483,0.009482791916238662,-0.12472706687962205
6025.0,636.74,2025-11-19 16:17:39,0,2025-12-05,6602.990234375,0.05952380952380952,2512,0.045,in,6627.109445923378,-0.016254746782991616,0.3676364765819687,0.008045034459143119,-0.09525124874666854
6290.0,369.43,2025-11-19 19:50:08,0,2025-12-05,6602.990234375,0.05952380952380952,2512,0.045,in,6627.109445923378,-0.016254746782991616,0.24004139461583843,0.0034297542338759916,-0.05220765741103811
7140.0,0.6,2025-11-19 16:41:01,0,2025-12-05,6602.990234375,0.05952380952380952,2512,0.045,out,6627.109445923378,-0.016254746782991616,0.12930861233782678,0.0009952807871865695,0.07454404822810569
5400.0,1278.07,2025-11-17 19:35:43,0,2025-12-04,6602.990234375,0.06349206349206349,2512,0.045,in,6627.109445923378,-0.012426325109054642,0.6846361119293576,0.029760419413190336,-0.20476977455315856
6300.0,389.83,2025-11-21 19:30:38,0,2025-12-08,6602.990234375,0.06349206349206349,2512,0.045,in,6627.109445923378,-0.012426325109054642,0.2891520571954463,0.005308502360657691,-0.050619094725900225
6350.0,412.47,2025-11-14 15:46:12,0,2025-12-01,6602.990234375,0.06349206349206349,2512,0.045,in,6627.109445923378,-0.012426325109054642,0.39129432370729317,0.009721349064479233,-0.04271391521878698
6375.0,389.42,2025-11-14 15:46:12,0,2025-12-01,6602.990234375,0.06349206349206349,2512,0.045,in,6627.109445923378,-0.012426325109054642,0.37947961169453537,0.00914316036138637,-0.03878463707889737
6420.0,204.0,2025-11-18 19:23:00,0,2025-12-05,6602.990234375,0.06349206349206349,2512,0.045,in,6627.109445923378,-0.012426325109054642,0.0754979298466567,0.0003619007880082981,-0.0317506104215174
6500.0,191.67,2025-11-21 20:39:41,0,2025-12-08,6602.990234375,0.06349206349206349,2512,0.045,in,6627.109445923378,-0.012426325109054642,0.18453097975690752,0.0021620115866694736,-0.01936655122179581
6550.0,152.59,2025-11-21 17:51:20,0,2025-12-08,6602.990234375,0.06349206349206349,2512,0.045,in,6627.109445923378,-0.012426325109054642,0.1714245994313571,0.0018658027485842054,-0.011703678476226718
6575.0,145.34,2025-11-21 18:48:13,0,2025-12-08,6602.990234375,0.06349206349206349,2512,0.045,in,6627.109445923378,-0.012426325109054642,0.1822417987352182,0.0021087030607141446,-0.007894150059558978
6600.0,133.99,2025-11-21 19:13:51,0,2025-12-08,6602.990234375,0.06349206349206349,2512,0.045,in,6627.109445923378,-0.012426325109054642,0.1852867500112905,0.002179757443158505,-0.004099079091007326
6610.0,95.5,2025-11-21 15:08:41,0,2025-12-08,6602.990234375,0.06349206349206349,2512,0.045,out,6627.109445923378,-0.012426325109054642,0.13489126424377795,0.0011552795663037922,-0.0025850742597923414
6625.0,110.53,2025-11-21 18:48:13,0,2025-12-08,6602.990234375,0.06349206349206349,2512,0.045,out,6627.109445923378,-0.012426325109054642,0.1688253094828171,0.001809649849013903,-0.0003183562511013513
6630.0,101.66,2025-11-21 20:24:44,0,2025-12-08,6602.990234375,0.06349206349206349,2512,0.045,out,6627.109445923378,-0.012426325109054642,0.1590938817915054,0.0016070389348247299,0.0004360760743839572
6640.0,106.86,2025-11-21 19:50:23,0,2025-12-08,6602.990234375,0.06349206349206349,2512,0.045,out,6627.109445923378,-0.012426325109054642,0.17403840645347615,0.0019231344076739915,0.0019432353649552288
6650.0,92.11,2025-11-21 20:23:11,0,2025-12-08,6602.990234375,0.06349206349206349,2512,0.045,out,6627.109445923378,-0.012426325109054642,0.15867183992106715,0.001598523986281699,0.003448126544375444
6660.0,96.63,2025-11-21 19:18:41,0,2025-12-08,6602.990234375,0.06349206349206349,2512,0.045,out,6627.109445923378,-0.012426325109054642,0.17222075475468693,0.0018831738646523186,0.00495075642891059
6670.0,95.01,2025-11-21 19:21:11,0,2025-12-08,6602.990234375,0.06349206349206349,2512,0.045,out,6627.109445923378,-0.012426325109054642,0.17631173394660113,0.0019737033350639404,0.006451131804145099
6680.0,69.14,2025-11-21 18:33:30,0,2025-12-08,6602.990234375,0.06349206349206349,2512,0.045,out,6627.109445923378,-0.012426325109054642,0.14299620623982234,0.0012982803173956703,0.007949259425167035
6690.0,55.0,2025-11-21 08:15:28,0,2025-12-08,6602.990234375,0.06349206349206349,2512,0.045,out,6627.109445923378,-0.012426325109054642,0.12690250246062462,0.0010224917543345295,0.009445146016749907
6700.0,62.98,2025-11-21 20:49:05,0,2025-12-08,6602.990234375,0.06349206349206349,2512,0.045,out,6627.109445923378,-0.012426325109054642,0.145276905457674,0.0013400240799592348,0.01093879827353313
6720.0,56.5,2025-11-21 20:08:38,0,2025-12-08,6602.990234375,0.06349206349206349,2512,0.045,out,6627.109445923378,-0.012426325109054642,0.14615941287939804,0.001356353903063514,0.013919426411671005
6725.0,46.03,2025-11-21 20:54:11,0,2025-12-08,6602.990234375,0.06349206349206349,2512,0.045,out,6627.109445923378,-0.012426325109054642,0.13164630766956373,0.0011003650998748845,0.014663197364515598
6730.0,47.77,2025-11-21 18:33:30,0,2025-12-08,6602.990234375,0.06349206349206349,2512,0.045,out,6627.109445923378,-0.012426325109054642,0.13715880232118544,0.0011944467970909222,0.015406415533249194
6740.0,40.46,2025-11-21 21:05:54,0,2025-12-08,6602.990234375,0.06349206349206349,2512,0.045,out,6627.109445923378,-0.012426325109054642,0.12985494681576368,0.0010706226801603055,0.016891196800828352
6750.0,36.61,2025-11-21 21:05:54,0,2025-12-08,6602.990234375,0.06349206349206349,2512,0.045,out,6627.109445923378,-0.012426325109054642,0.12799700605295802,0.0010402053053029188,0.01837377676105129
6760.0,32.94,2025-11-21 21:02:34,0,2025-12-08,6602.990234375,0.06349206349206349,2512,0.045,out,6627.109445923378,-0.012426325109054642,0.12607943104965283,0.0010092712973843912,0.019854161931485485
6770.0,37.2,2025-11-21 19:30:55,0,2025-12-08,6602.990234375,0.06349206349206349,2512,0.045,out,6627.109445923378,-0.012426325109054642,0.1385414948649769,0.0012186505269474552,0.021332358800796317
6775.0,26.29,2025-11-21 20:56:18,0,2025-12-08,6602.990234375,0.06349206349206349,2512,0.045,out,6627.109445923378,-0.012426325109054642,0.12015153409204582,0.0009165962631537808,0.02207063864237747
6780.0,24.8,2025-11-21 20:56:18,0,2025-12-08,6602.990234375,0.06349206349206349,2512,0.045,out,6627.109445923378,-0.012426325109054642,0.11932644816937182,0.0009040508719185892,0.02280837382891704
6790.0,26.73,2025-11-21 19:33:05,0,2025-12-08,6602.990234375,0.06349206349206349,2512,0.045,out,6627.109445923378,-0.012426325109054642,0.12751063921677558,0.0010323151183156004,0.024282213447217524
6800.0,29.88,2025-11-21 19:44:32,0,2025-12-08,6602.990234375,0.06349206349206349,2512,0.045,out,6627.109445923378,-0.012426325109054642,0.13811972536290068,0.0012112418117030547,0.02575388405867371
6810.0,27.5,2025-11-21 18:54:47,0,2025-12-08,6602.990234375,0.06349206349206349,2512,0.045,out,6627.109445923378,-0.012426325109054642,0.13756285864615433,0.0012014946081842436,0.02722339203803384
6820.0,14.7,2025-11-21 20:56:50,0,2025-12-08,6602.990234375,0.06349206349206349,2512,0.045,out,6627.109445923378,-0.012426325109054642,0.11260788661110892,0.0008051134048901818,0.028690743731983503
6825.0,13.51,2025-11-21 17:17:39,0,2025-12-08,6602.990234375,0.06349206349206349,2512,0.045,out,6627.109445923378,-0.012426325109054642,0.11135460635340083,0.0007872919591187845,0.029423612947636166
6830.0,12.85,2025-11-21 20:57:19,0,2025-12-08,6602.990234375,0.06349206349206349,2512,0.045,out,6627.109445923378,-0.012426325109054642,0.11138802164389827,0.0007877645311581935,0.030155945459311394
6840.0,21.28,2025-11-21 19:27:56,0,2025-12-08,6602.990234375,0.06349206349206349,2512,0.045,out,6627.109445923378,-0.012426325109054642,0.13613187616195221,0.0011766277909443235,0.03161900351107194
6850.0,11.9,2025-11-21 20:43:29,0,2025-12-08,6602.990234375,0.06349206349206349,2512,0.045,out,6627.109445923378,-0.012426325109054642,0.11577649826133188,0.0008510601618829322,0.033079924150746697
6860.0,8.15,2025-11-21 20:57:19,0,2025-12-08,6602.990234375,0.06349206349206349,2512,0.045,out,6627.109445923378,-0.012426325109054642,0.1072786876580707,0.0007307121794055804,0.03453871361440656
6870.0,9.05,2025-11-21 20:45:55,0,2025-12-08,6602.990234375,0.06349206349206349,2512,0.045,out,6627.109445923378,-0.012426325109054642,0.11361269350239747,0.0008195456587218861,0.03599537811087082
6875.0,7.6,2025-11-21 20:31:51,0,2025-12-08,6602.990234375,0.06349206349206349,2512,0.045,out,6627.109445923378,-0.012426325109054642,0.11010807555857997,0.0007697643367119973,0.036722915429247806
6880.0,7.0,2025-11-21 20:31:51,0,2025-12-08,6602.990234375,0.06349206349206349,2512,0.045,out,6627.109445923378,-0.012426325109054642,0.1094105172978325,0.0007600419870082097,0.03744992382186507
6890.0,10.66,2025-11-21 19:12:46,0,2025-12-08,6602.990234375,0.06349206349206349,2512,0.045,out,6627.109445923378,-0.012426325109054642,0.12550478343742366,0.0010000921057571183,0.03890235690217991
6900.0,4.4,2025-11-21 21:00:54,0,2025-12-08,6602.990234375,0.06349206349206349,2512,0.045,out,6627.109445923378,-0.012426325109054642,0.10397608383310179,0.0006864143497948072,0.040352683479826554
6910.0,4.9,2025-11-21 15:30:25,0,2025-12-08,6602.990234375,0.06349206349206349,2512,0.045,out,6627.109445923378,-0.012426325109054642,0.10933332350994376,0.0007589698812526997,0.041800909656191314
6920.0,4.9,2025-11-21 20:05:30,0,2025-12-08,6602.990234375,0.06349206349206349,2512,0.045,out,6627.109445923378,-0.012426325109054642,0.11221050623431872,0.0007994411244039415,0.04324704150619091
6925.0,7.1,2025-11-21 19:22:26,0,2025-12-08,6602.990234375,0.06349206349206349,2512,0.045,out,6627.109445923378,-0.012426325109054642,0.12359396117289745,0.0009698709357719163,0.04396932395001488
6930.0,3.31,2025-11-21 20:45:55,0,2025-12-08,6602.990234375,0.06349206349206349,2512,0.045,out,6627.109445923378,-0.012426325109054642,0.1062062159799166,0.0007161752579538216,0.04469108507842472
6950.0,1.58,2025-11-21 20:57:42,0,2025-12-08,6602.990234375,0.06349206349206349,2512,0.045,out,6627.109445923378,-0.012426325109054642,0.09795967665512173,0.0006092760793889525,0.04757293145331348
6960.0,1.2,2025-11-21 20:59:49,0,2025-12-08,6602.990234375,0.06349206349206349,2512,0.045,out,6627.109445923378,-0.012426325109054642,0.09616791966623311,0.0005871916681226073,0.04901074622294114
6970.0,1.03,2025-11-21 20:57:42,0,2025-12-08,6602.990234375,0.06349206349206349,2512,0.045,out,6627.109445923378,-0.012426325109054642,0.09629998641524043,0.0005888055481635232,0.050446496649045304
6975.0,1.32,2025-11-21 20:51:11,0,2025-12-08,6602.990234375,0.06349206349206349,2512,0.045,out,6627.109445923378,-0.012426325109054642,0.10112195540780454,0.0006492476105078101,0.05116359958404208
7000.0,1.14,2025-11-21 19:00:27,0,2025-12-08,6602.990234375,0.06349206349206349,2512,0.045,out,6627.109445923378,-0.012426325109054642,0.10466039484879518,0.0006954792539622674,0.0547414209319261
7025.0,1.67,2025-11-21 19:19:28,0,2025-12-08,6602.990234375,0.06349206349206349,2512,0.045,out,6627.109445923378,-0.012426325109054642,0.11687111708880546,0.0008672290799736682,0.0583064870964223
7050.0,0.65,2025-11-21 20:33:06,0,2025-12-08,6602.990234375,0.06349206349206349,2512,0.045,out,6627.109445923378,-0.012426325109054642,0.10748334673612751,0.0007335028460697532,0.06185888870078995
7075.0,0.5,2025-11-21 16:02:45,0,2025-12-08,6602.990234375,0.06349206349206349,2512,0.045,out,6627.109445923378,-0.012426325109054642,0.1091329395290683,0.0007561903803336684,0.06539871540591402
7125.0,0.7,2025-11-21 19:23:46,0,2025-12-08,6602.990234375,0.06349206349206349,2512,0.045,out,6627.109445923378,-0.012426325109054642,0.12425276463108743,0.000980238064664661,0.072440998031327
5400.0,1262.18,2025-11-17 20:13:48,0,2025-12-05,6602.990234375,0.06746031746031746,2512,0.045,in,6627.109445923378,-0.009048305984992601,0.6057142926666355,0.0247505026737735,-0.20476977455315856
5700.0,1049.84,2025-11-13 19:14:09,0,2025-12-01,6602.990234375,0.06746031746031746,2512,0.045,in,6627.109445923378,-0.009048305984992601,0.7042886569948882,0.03346183615205665,-0.15070255328288273
6525.0,167.3,2025-11-20 17:51:01,0,2025-12-08,6602.990234375,0.06746031746031746,2512,0.045,in,6627.109445923378,-0.009048305984992601,0.16445269625316306,0.0018244433261265748,-0.01552777491463009
6550.0,125.33,2025-11-21 16:17:59,0,2025-12-09,6602.990234375,0.06746031746031746,2512,0.045,in,6627.109445923378,-0.009048305984992601,0.12335273601644642,0.001026469274629496,-0.011703678476226718
6590.0,119.3,2025-11-21 20:36:23,0,2025-12-09,6602.990234375,0.06746031746031746,2512,0.045,in,6627.109445923378,-0.009048305984992601,0.1494215288711327,0.0015061725632268832,-0.0056153796089713735
6600.0,112.37,2025-11-21 16:06:54,0,2025-12-09,6602.990234375,0.06746031746031746,2512,0.045,in,6627.109445923378,-0.009048305984992601,0.14708702343346658,0.001459476475645998,-0.004099079091007326
6620.0,111.9,2025-11-20 20:00:12,0,2025-12-08,6602.990234375,0.06746031746031746,2512,0.045,out,6627.109445923378,-0.009048305984992601,0.16135760336133048,0.0017564154554075857,-0.0010733581744703786
6625.0,100.23,2025-11-21 20:54:23,0,2025-12-09,6602.990234375,0.06746031746031746,2512,0.045,out,6627.109445923378,-0.009048305984992601,0.147887674875627,0.0014754087081826418,-0.0003183562511013513
6640.0,100.31,2025-11-21 20:24:44,0,2025-12-09,6602.990234375,0.06746031746031746,2512,0.045,out,6627.109445923378,-0.009048305984992601,0.15845343559352346,0.0016937593304509723,0.0019432353649552288
6650.0,86.28,2025-11-21 20:54:23,0,2025-12-09,6602.990234375,0.06746031746031746,2512,0.045,out,6627.109445923378,-0.009048305984992601,0.1445992266544283,0.0014105234838650725,0.003448126544375444
6670.0,77.1,2025-11-21 18:05:12,0,2025-12-09,6602.990234375,0.06746031746031746,2512,0.045,out,6627.109445923378,-0.009048305984992601,0.14381185845285288,0.0013952042092788795,0.006451131804145099
6675.0,92.85,2025-11-21 19:35:29,0,2025-12-09,6602.990234375,0.06746031746031746,2512,0.045,out,6627.109445923378,-0.009048305984992601,0.17023424684611038,0.001954979680902625,0.00720047616292594
6680.0,89.6,2025-11-21 19:11:56,0,2025-12-09,6602.990234375,0.06746031746031746,2512,0.045,out,6627.109445923378,-0.009048305984992601,0.16850333936852932,0.0019154261167931665,0.007949259425167035
6690.0,67.3,2025-11-21 18:05:47,0,2025-12-09,6602.990234375,0.06746031746031746,2512,0.045,out,6627.109445923378,-0.009048305984992601,0.14112367427023467,0.001343532359016,0.009445146016749907
6700.0,61.2,2025-11-21 21:03:09,0,2025-12-09,6602.990234375,0.06746031746031746,2512,0.045,out,6627.109445923378,-0.009048305984992601,0.13754482962913916,0.0012762534233375063,0.01093879827353313
6710.0,49.77,2025-11-20 20:36:21,0,2025-12-08,6602.990234375,0.06746031746031746,2512,0.045,out,6627.109445923378,-0.009048305984992601,0.12527272865827674,0.0010586720685449758,0.012430222860203106
6725.0,48.05,2025-11-21 12:31:52,0,2025-12-09,6602.990234375,0.06746031746031746,2512,0.045,out,6627.109445923378,-0.009048305984992601,0.13035832443384882,0.0011463729235571822,0.014663197364515598
6730.0,52.8,2025-11-21 19:59:09,0,2025-12-09,6602.990234375,0.06746031746031746,2512,0.045,out,6627.109445923378,-0.009048305984992601,0.14053367808337502,0.0013323220217694785,0.015406415533249194
6740.0,48.5,2025-11-21 19:59:09,0,2025-12-09,6602.990234375,0.06746031746031746,2512,0.045,out,6627.109445923378,-0.009048305984992601,0.1386709501165998,0.001297237106770193,0.016891196800828352
6750.0,47.64,2025-11-21 20:13:25,0,2025-12-09,6602.990234375,0.06746031746031746,2512,0.045,out,6627.109445923378,-0.009048305984992601,0.14220367904770723,0.0013641748717855419,0.01837377676105129
6760.0,36.66,2025-11-21 21:14:04,0,2025-12-09,6602.990234375,0.06746031746031746,2512,0.045,out,6627.109445923378,-0.009048305984992601,0.12833582684479475,0.0011110771257259182,0.019854161931485485
6770.0,37.51,2025-11-21 19:43:19,0,2025-12-09,6602.990234375,0.06746031746031746,2512,0.045,out,6627.109445923378,-0.009048305984992601,0.13440260695025474,0.0012186072731564257,0.021332358800796317
6775.0,32.67,2025-11-21 20:33:07,0,2025-12-09,6602.990234375,0.06746031746031746,2512,0.045,out,6627.109445923378,-0.009048305984992601,0.12797096001024652,0.0011047683821470233,0.02207063864237747
6780.0,41.83,2025-11-21 19:11:56,0,2025-12-09,6602.990234375,0.06746031746031746,2512,0.045,out,6627.109445923378,-0.009048305984992601,0.14654237531334452,0.001448687904611552,0.02280837382891704
6790.0,26.88,2025-11-21 21:00:54,0,2025-12-09,6602.990234375,0.06746031746031746,2512,0.045,out,6627.109445923378,-0.009048305984992601,0.123492172251853,0.001028791199711042,0.024282213447217524
6800.0,27.35,2025-11-21 20:40:03,0,2025-12-09,6602.990234375,0.06746031746031746,2512,0.045,out,6627.109445923378,-0.009048305984992601,0.12855917816162313,0.0011149478528692987,0.02575388405867371
6810.0,21.21,2025-11-21 21:00:54,0,2025-12-09,6602.990234375,0.06746031746031746,2512,0.045,out,6627.109445923378,-0.009048305984992601,0.1199659707947274,0.0009708777005089824,0.02722339203803384
6825.0,19.5,2025-11-21 18:34:43,0,2025-12-09,6602.990234375,0.06746031746031746,2512,0.045,out,6627.109445923378,-0.009048305984992601,0.12194672781643724,0.0010032026794734757,0.029423612947636166
6830.0,18.58,2025-11-21 20:33:35,0,2025-12-09,6602.990234375,0.06746031746031746,2512,0.045,out,6627.109445923378,-0.009048305984992601,0.12171727619478089,0.0009994310337805624,0.030155945459311394
6850.0,12.66,2025-11-21 21:14:04,0,2025-12-09,6602.990234375,0.06746031746031746,2512,0.045,out,6627.109445923378,-0.009048305984992601,0.11401920940963298,0.0008770097696220695,0.033079924150746697
6860.0,12.87,2025-11-21 19:34:02,0,2025-12-09,6602.990234375,0.06746031746031746,2512,0.045,out,6627.109445923378,-0.009048305984992601,0.11799727010906534,0.0009392739992232511,0.03453871361440656
6870.0,12.8,2025-11-21 20:06:19,0,2025-12-09,6602.990234375,0.06746031746031746,2512,0.045,out,6627.109445923378,-0.009048305984992601,0.12117310456313254,0.0009905145300831487,0.03599537811087082
6890.0,11.32,2025-11-21 17:32:26,0,2025-12-09,6602.990234375,0.06746031746031746,2512,0.045,out,6627.109445923378,-0.009048305984992601,0.12341179645025724,0.0010274524426680766,0.03890235690217991
6900.0,5.8,2025-11-21 21:03:09,0,2025-12-09,6602.990234375,0.06746031746031746,2512,0.045,out,6627.109445923378,-0.009048305984992601,0.10690207747628182,0.0007709401621772393,0.040352683479826554
6920.0,8.1,2025-11-21 19:03:47,0,2025-12-09,6602.990234375,0.06746031746031746,2512,0.045,out,6627.109445923378,-0.009048305984992601,0.12192309590736633,0.001002813898277089,0.04324704150619091
6925.0,6.77,2025-11-21 16:45:26,0,2025-12-09,6602.990234375,0.06746031746031746,2512,0.045,out,6627.109445923378,-0.009048305984992601,0.11820362225558452,0.0009425620529515696,0.04396932395001488
6930.0,5.35,2025-11-21 18:41:01,0,2025-12-09,6602.990234375,0.06746031746031746,2512,0.045,out,6627.109445923378,-0.009048305984992601,0.11343651248709215,0.0008680687309880223,0.04469108507842472
6940.0,3.4,2025-11-20 19:00:09,0,2025-12-08,6602.990234375,0.06746031746031746,2512,0.045,out,6627.109445923378,-0.009048305984992601,0.10587264554181751,0.0007561638502317326,0.04613304639532592
6960.0,3.4,2025-11-21 14:51:40,0,2025-12-09,6602.990234375,0.06746031746031746,2512,0.045,out,6627.109445923378,-0.009048305984992601,0.1110711853571603,0.0008322449987419018,0.04901074622294114
6970.0,3.62,2025-11-21 19:53:47,0,2025-12-09,6602.990234375,0.06746031746031746,2512,0.045,out,6627.109445923378,-0.009048305984992601,0.11502304596532224,0.0008925203125134554,0.050446496649045304
6975.0,2.6,2025-11-21 14:46:40,0,2025-12-09,6602.990234375,0.06746031746031746,2512,0.045,out,6627.109445923378,-0.009048305984992601,0.1094054489086691,0.000807469794704071,0.05116359958404208
6980.0,2.97,2025-11-20 17:44:30,0,2025-12-08,6602.990234375,0.06746031746031746,2512,0.045,out,6627.109445923378,-0.009048305984992601,0.11332670552044263,0.000866388956865044,0.051880188650893826
6980.0,3.12,2025-11-21 19:53:47,0,2025-12-09,6602.990234375,0.06746031746031746,2512,0.045,out,6627.109445923378,-0.009048305984992601,0.1143591834563988,0.0008822475725946138,0.051880188650893826
7000.0,0.95,2025-11-21 20:55:41,0,2025-12-09,6602.990234375,0.06746031746031746,2512,0.045,out,6627.109445923378,-0.009048305984992601,0.09863525328141168,0.00065631557233373,0.0547414209319261
7100.0,0.34,2025-11-20 19:56:04,0,2025-12-08,6602.990234375,0.06746031746031746,2512,0.045,out,6627.109445923378,-0.009048305984992601,0.10571586621479066,0.0007539260090565071,0.06892605592388247
7125.0,0.35,2025-11-21 20:33:43,0,2025-12-09,6602.990234375,0.06746031746031746,2512,0.045,out,6627.109445923378,-0.009048305984992601,0.11078553329446847,0.0008279697800983185,0.072440998031327
7150.0,0.39,2025-11-20 17:58:41,0,2025-12-08,6602.990234375,0.06746031746031746,2512,0.045,out,6627.109445923378,-0.009048305984992601,0.11687752115152299,0.0009215318815830156,0.0759436285825291
5400.0,1383.71,2025-11-13 16:07:52,0,2025-12-02,6602.990234375,0.07142857142857142,2512,0.045,in,6627.109445923378,-0.006045622319159678,0.9141047555081699,0.05968482171733222,-0.20476977455315856
6450.0,221.42,2025-11-21 16:42:44,0,2025-12-10,6602.990234375,0.07142857142857142,2512,0.045,in,6627.109445923378,-0.006045622319159678,0.16435334665576043,0.0019294301826391826,-0.027088597315706085
6525.0,160.2,2025-11-20 20:07:24,0,2025-12-09,6602.990234375,0.07142857142857142,2512,0.045,in,6627.109445923378,-0.006045622319159678,0.14782652683946104,0.001560905859815564,-0.01552777491463009
6575.0,227.75,2025-11-20 14:38:05,0,2025-12-09,6602.990234375,0.07142857142857142,2512,0.045,in,6627.109445923378,-0.006045622319159678,0.2884329123761879,0.005942396067272119,-0.007894150059558978
6575.0,148.08,2025-11-21 17:21:19,0,2025-12-10,6602.990234375,0.07142857142857142,2512,0.045,in,6627.109445923378,-0.006045622319159678,0.1739043035960296,0.0021601933435157167,-0.007894150059558978
6590.0,143.14,2025-11-21 17:26:57,0,2025-12-10,6602.990234375,0.07142857142857142,2512,0.045,in,6627.109445923378,-0.006045622319159678,0.17850075855899777,0.002275894343295544,-0.0056153796089713735
6600.0,119.5,2025-11-21 20:38:12,0,2025-12-10,6602.990234375,0.07142857142857142,2512,0.045,in,6627.109445923378,-0.006045622319159678,0.15224532202298066,0.0016556170055629343,-0.004099079091007326
6625.0,102.9,2025-11-21 15:25:56,0,2025-12-10,6602.990234375,0.07142857142857142,2512,0.045,out,6627.109445923378,-0.006045622319159678,0.14669266624386454,0.001537052737838131,-0.0003183562511013513
6630.0,102.9,2025-11-21 14:42:05,0,2025-12-10,6602.990234375,0.07142857142857142,2512,0.045,out,6627.109445923378,-0.006045622319159678,0.15014160341351582,0.0016101786482558187,0.0004360760743839572
6670.0,91.5,2025-11-21 18:48:12,0,2025-12-10,6602.990234375,0.07142857142857142,2512,0.045,out,6627.109445923378,-0.006045622319159678,0.15973848082144196,0.0018225987325101555,0.006451131804145099
6675.0,102.05,2025-11-21 19:38:21,0,2025-12-10,6602.990234375,0.07142857142857142,2512,0.045,out,6627.109445923378,-0.006045622319159678,0.17792135733753867,0.0022611435283451512,0.00720047616292594
6680.0,75.71,2025-11-21 18:20:43,0,2025-12-10,6602.990234375,0.07142857142857142,2512,0.045,out,6627.109445923378,-0.006045622319159678,0.1429751666098831,0.0014601355905088452,0.007949259425167035
6690.0,90.89,2025-11-21 18:53:43,0,2025-12-10,6602.990234375,0.07142857142857142,2512,0.045,out,6627.109445923378,-0.006045622319159678,0.1708144358290536,0.0020841122491141333,0.009445146016749907
6700.0,67.5,2025-11-21 21:07:13,0,2025-12-10,6602.990234375,0.07142857142857142,2512,0.045,out,6627.109445923378,-0.006045622319159678,0.14235318305730274,0.0014474591947532815,0.01093879827353313
6710.0,70.57,2025-11-20 18:32:06,0,2025-12-09,6602.990234375,0.07142857142857142,2512,0.045,out,6627.109445923378,-0.006045622319159678,0.15238439957827235,0.0016586432310593264,0.012430222860203106
6710.0,68.27,2025-11-21 18:43:09,0,2025-12-10,6602.990234375,0.07142857142857142,2512,0.045,out,6627.109445923378,-0.006045622319159678,0.14896782405798553,0.001585100900326495,0.012430222860203106
6720.0,50.05,2025-11-20 20:31:50,0,2025-12-09,6602.990234375,0.07142857142857142,2512,0.045,out,6627.109445923378,-0.006045622319159678,0.12667404899611537,0.0011461653349335882,0.013919426411671005
6725.0,54.0,2025-11-21 18:23:50,0,2025-12-10,6602.990234375,0.07142857142857142,2512,0.045,out,6627.109445923378,-0.006045622319159678,0.13529844588433826,0.0013075478184798005,0.014663197364515598
6730.0,50.01,2025-11-21 15:32:03,0,2025-12-10,6602.990234375,0.07142857142857142,2512,0.045,out,6627.109445923378,-0.006045622319159678,0.13163390214680293,0.0012376774424567205,0.015406415533249194
6750.0,46.0,2025-11-21 20:40:21,0,2025-12-10,6602.990234375,0.07142857142857142,2512,0.045,out,6627.109445923378,-0.006045622319159678,0.1349860130285387,0.0013015159795243438,0.01837377676105129
6760.0,39.9,2025-11-21 16:40:14,0,2025-12-10,6602.990234375,0.07142857142857142,2512,0.045,out,6627.109445923378,-0.006045622319159678,0.12962899270350717,0.0012002625535232796,0.019854161931485485
6770.0,41.61,2025-11-21 20:42:01,0,2025-12-10,6602.990234375,0.07142857142857142,2512,0.045,out,6627.109445923378,-0.006045622319159678,0.1370201947751407,0.0013410381268726785,0.021332358800796317
6775.0,39.81,2025-11-21 20:42:01,0,2025-12-10,6602.990234375,0.07142857142857142,2512,0.045,out,6627.109445923378,-0.006045622319159678,0.13622089969995885,0.0013254381082190177,0.02207063864237747
6780.0,50.14,2025-11-21 19:38:10,0,2025-12-10,6602.990234375,0.07142857142857142,2512,0.045,out,6627.109445923378,-0.006045622319159678,0.1557216898733948,0.0017320889069304107,0.02280837382891704
6790.0,36.18,2025-11-21 20:47:19,0,2025-12-10,6602.990234375,0.07142857142857142,2512,0.045,out,6627.109445923378,-0.006045622319159678,0.13647817152036562,0.0013304493786815957,0.024282213447217524
6800.0,29.81,2025-11-21 20:51:14,0,2025-12-10,6602.990234375,0.07142857142857142,2512,0.045,out,6627.109445923378,-0.006045622319159678,0.12909992824627683,0.0011904851052281305,0.02575388405867371
6810.0,29.35,2025-11-21 20:47:58,0,2025-12-10,6602.990234375,0.07142857142857142,2512,0.045,out,6627.109445923378,-0.006045622319159678,0.13228060061589986,0.0012498683785216573,0.02722339203803384
6820.0,58.14,2025-11-20 15:10:16,0,2025-12-09,6602.990234375,0.07142857142857142,2512,0.045,out,6627.109445923378,-0.006045622319159678,0.18710972549608215,0.0025007178125156584,0.028690743731983503
6820.0,29.33,2025-11-21 17:01:04,0,2025-12-10,6602.990234375,0.07142857142857142,2512,0.045,out,6627.109445923378,-0.006045622319159678,0.1362369523413551,0.0013257505130900473,0.028690743731983503
6825.0,22.69,2025-11-21 19:05:28,0,2025-12-10,6602.990234375,0.07142857142857142,2512,0.045,out,6627.109445923378,-0.006045622319159678,0.1248801091713778,0.0011139315476182312,0.029423612947636166
6830.0,29.75,2025-11-21 19:05:28,0,2025-12-10,6602.990234375,0.07142857142857142,2512,0.045,out,6627.109445923378,-0.006045622319159678,0.141004836972573,0.0014201688606901345,0.030155945459311394
6840.0,25.66,2025-11-20 17:26:37,0,2025-12-09,6602.990234375,0.07142857142857142,2512,0.045,out,6627.109445923378,-0.006045622319159678,0.1367021674881916,0.0013348201854263993,0.03161900351107194
6840.0,30.0,2025-11-21 16:50:30,0,2025-12-10,6602.990234375,0.07142857142857142,2512,0.045,out,6627.109445923378,-0.006045622319159678,0.14541352848799094,0.0015103638762376966,0.03161900351107194
6850.0,16.12,2025-11-21 21:21:12,0,2025-12-10,6602.990234375,0.07142857142857142,2512,0.045,out,6627.109445923378,-0.006045622319159678,0.11918304706011663,0.0010146141933238555,0.033079924150746697
6860.0,19.69,2025-11-21 17:01:04,0,2025-12-10,6602.990234375,0.07142857142857142,2512,0.045,out,6627.109445923378,-0.006045622319159678,0.13111029345525083,0.001227850646422999,0.03453871361440656
6870.0,21.0,2025-11-21 19:10:11,0,2025-12-10,6602.990234375,0.07142857142857142,2512,0.045,out,6627.109445923378,-0.006045622319159678,0.13765772743343727,0.0013535464230098933,0.03599537811087082
6875.0,10.41,2025-11-20 14:40:09,0,2025-12-09,6602.990234375,0.07142857142857142,2512,0.045,out,6627.109445923378,-0.006045622319159678,0.11211251556872036,0.0008978011533676117,0.036722915429247806
6875.0,18.55,2025-11-21 19:34:21,0,2025-12-10,6602.990234375,0.07142857142857142,2512,0.045,out,6627.109445923378,-0.006045622319159678,0.13369437050452582,0.0012767274789001017,0.036722915429247806
6880.0,9.69,2025-11-20 20:04:11,0,2025-12-09,6602.990234375,0.07142857142857142,2512,0.045,out,6627.109445923378,-0.006045622319159678,0.11146215505239922,0.0008874151434946488,0.03744992382186507
6890.0,13.37,2025-11-21 16:57:07,0,2025-12-10,6602.990234375,0.07142857142857142,2512,0.045,out,6627.109445923378,-0.006045622319159678,0.12542652808954388,0.001123700996328367,0.03890235690217991
6900.0,8.2,2025-11-21 21:00:43,0,2025-12-10,6602.990234375,0.07142857142857142,2512,0.045,out,6627.109445923378,-0.006045622319159678,0.11260152422515815,0.0009056502327020627,0.040352683479826554
6910.0,8.75,2025-11-20 20:38:55,0,2025-12-09,6602.990234375,0.07142857142857142,2512,0.045,out,6627.109445923378,-0.006045622319159678,0.11747448435191207,0.0009857324624105452,0.041800909656191314
6920.0,5.85,2025-11-21 16:50:49,0,2025-12-10,6602.990234375,0.07142857142857142,2512,0.045,out,6627.109445923378,-0.006045622319159678,0.10934264225447324,0.0008539866725135512,0.04324704150619091
6925.0,5.69,2025-11-21 21:05:55,0,2025-12-10,6602.990234375,0.07142857142857142,2512,0.045,out,6627.109445923378,-0.006045622319159678,0.11003925943579108,0.0008649027583698097,0.04396932395001488
6940.0,4.15,2025-11-20 20:15:02,0,2025-12-09,6602.990234375,0.07142857142857142,2512,0.045,out,6627.109445923378,-0.006045622319159678,0.10673633141769458,0.0008137603174648524,0.04613304639532592
6940.0,6.5,2025-11-21 15:40:04,0,2025-12-10,6602.990234375,0.07142857142857142,2512,0.045,out,6627.109445923378,-0.006045622319159678,0.11763582575557706,0.0009884419643711776,0.04613304639532592
6950.0,4.88,2025-11-20 19:05:16,0,2025-12-09,6602.990234375,0.07142857142857142,2512,0.045,out,6627.109445923378,-0.006045622319159678,0.11307183964191907,0.0009132314942862757,0.04757293145331348
6950.0,3.85,2025-11-21 21:05:55,0,2025-12-10,6602.990234375,0.07142857142857142,2512,0.045,out,6627.109445923378,-0.006045622319159678,0.10770354231413147,0.0008285752162151362,0.04757293145331348
7000.0,2.62,2025-11-21 20:26:05,0,2025-12-10,6602.990234375,0.07142857142857142,2512,0.045,out,6627.109445923378,-0.006045622319159678,0.1121552013472288,0.000898484942088388,0.0547414209319261
7025.0,0.7,2025-11-20 17:01:38,0,2025-12-09,6602.990234375,0.07142857142857142,2512,0.045,out,6627.109445923378,-0.006045622319159678,0.09676222987567729,0.0006687806521795295,0.0583064870964223
7025.0,2.27,2025-11-21 14:33:54,0,2025-12-10,6602.990234375,0.07142857142857142,2512,0.045,out,6627.109445923378,-0.006045622319159678,0.11522045769916008,0.0009482681337431382,0.0583064870964223
7050.0,1.25,2025-11-21 20:26:05,0,2025-12-10,6602.990234375,0.07142857142857142,2512,0.045,out,6627.109445923378,-0.006045622319159678,0.11026571714592434,0.0008684663126932138,0.06185888870078995
7075.0,2.39,2025-11-20 16:29:49,0,2025-12-09,6602.990234375,0.07142857142857142,2512,0.045,out,6627.109445923378,-0.006045622319159678,0.1277222191551403,0.0011652118047081204,0.06539871540591402
7075.0,1.05,2025-11-21 17:48:56,0,2025-12-10,6602.990234375,0.07142857142857142,2512,0.045,out,6627.109445923378,-0.006045622319159678,0.11275475631663585,0.0009081167908588523,0.06539871540591402
7100.0,0.59,2025-11-20 20:09:28,0,2025-12-09,6602.990234375,0.07142857142857142,2512,0.045,out,6627.109445923378,-0.006045622319159678,0.10937494082051653,0.000854491262820821,0.06892605592388247
7100.0,1.2,2025-11-21 11:55:31,0,2025-12-10,6602.990234375,0.07142857142857142,2512,0.045,out,6627.109445923378,-0.006045622319159678,0.12012973925602362,0.0010307967324085872,0.06892605592388247
7125.0,0.55,2025-11-21 20:30:56,0,2025-12-10,6602.990234375,0.07142857142857142,2512,0.045,out,6627.109445923378,-0.006045622319159678,0.1132258225102454,0.0009157204916515425,0.072440998031327
7150.0,0.3,2025-11-20 20:20:57,0,2025-12-09,6602.990234375,0.07142857142857142,2512,0.045,out,6627.109445923378,-0.006045622319159678,0.11011276150407415,0.0008660585890037937,0.0759436285825291
7150.0,0.4,2025-11-21 20:30:56,0,2025-12-10,6602.990234375,0.07142857142857142,2512,0.045,out,6627.109445923378,-0.006045622319159678,0.1136757798688387,0.000923013066342048,0.0759436285825291
5400.0,1353.65,2025-11-13 19:24:16,0,2025-12-03,6602.990234375,0.07539682539682539,2512,0.045,in,6627.109445923378,-0.0033590106181512758,0.8202990982621484,0.050733815879302306,-0.20476977455315856
6000.0,665.85,2025-11-18 14:41:58,0,2025-12-08,6602.990234375,0.07539682539682539,2512,0.045,in,6627.109445923378,-0.0033590106181512758,0.33795725933018794,0.008611456641053436,-0.09940925889533228
6525.0,153.93,2025-11-20 20:51:53,0,2025-12-10,6602.990234375,0.07539682539682539,2512,0.045,in,6627.109445923378,-0.0033590106181512758,0.13328665200601084,0.0013394496049859413,-0.01552777491463009
6550.0,168.6,2025-11-21 20:41:19,0,2025-12-11,6602.990234375,0.07539682539682539,2512,0.045,in,6627.109445923378,-0.0033590106181512758,0.1773019389002345,0.002370172909594711,-0.011703678476226718
6610.0,115.1,2025-11-20 18:51:40,0,2025-12-10,6602.990234375,0.07539682539682539,2512,0.045,out,6627.109445923378,-0.0033590106181512758,0.1484382133922566,0.0016612863520103851,-0.0025850742597923414
6620.0,106.36,2025-11-20 16:20:27,0,2025-12-10,6602.990234375,0.07539682539682539,2512,0.045,out,6627.109445923378,-0.0033590106181512758,0.14334045607611814,0.0015491398437066726,-0.0010733581744703786
6650.0,103.9,2025-11-21 20:40:22,0,2025-12-11,6602.990234375,0.07539682539682539,2512,0.045,out,6627.109445923378,-0.0033590106181512758,0.159717427707166,0.0019233471331527067,0.003448126544375444
6680.0,92.6,2025-11-21 17:14:19,0,2025-12-11,6602.990234375,0.07539682539682539,2512,0.045,out,6627.109445923378,-0.0033590106181512758,0.1622072014567984,0.001983779158271751,0.007949259425167035
6700.0,78.43,2025-11-21 20:27:16,0,2025-12-11,6602.990234375,0.07539682539682539,2512,0.045,out,6627.109445923378,-0.0033590106181512758,0.15354312487689178,0.0017775171934216465,0.01093879827353313
6710.0,73.44,2025-11-21 20:27:16,0,2025-12-11,6602.990234375,0.07539682539682539,2512,0.045,out,6627.109445923378,-0.0033590106181512758,0.1518197664700139,0.0017378396362269114,0.012430222860203106
6720.0,58.69,2025-11-20 20:31:27,0,2025-12-10,6602.990234375,0.07539682539682539,2512,0.045,out,6627.109445923378,-0.0033590106181512758,0.13555406132220194,0.0013854093939600091,0.013919426411671005
6720.0,80.95,2025-11-21 19:09:02,0,2025-12-11,6602.990234375,0.07539682539682539,2512,0.045,out,6627.109445923378,-0.0033590106181512758,0.1679591147349427,0.0021269643659855846,0.013919426411671005
6725.0,79.23,2025-11-21 19:36:22,0,2025-12-11,6602.990234375,0.07539682539682539,2512,0.045,out,6627.109445923378,-0.0033590106181512758,0.1681201967283112,0.002131046073060933,0.014663197364515598
6730.0,61.29,2025-11-21 20:50:53,0,2025-12-11,6602.990234375,0.07539682539682539,2512,0.045,out,6627.109445923378,-0.0033590106181512758,0.14444438317309716,0.0015730929237098164,0.015406415533249194
6740.0,41.2,2025-11-20 21:04:36,0,2025-12-10,6602.990234375,0.07539682539682539,2512,0.045,out,6627.109445923378,-0.0033590106181512758,0.11867551321101318,0.0010618796479446423,0.016891196800828352
6750.0,54.89,2025-11-21 15:17:47,0,2025-12-11,6602.990234375,0.07539682539682539,2512,0.045,out,6627.109445923378,-0.0033590106181512758,0.1445832493793529,0.0015761190635744083,0.01837377676105129
6775.0,33.8,2025-11-21 16:03:02,0,2025-12-11,6602.990234375,0.07539682539682539,2512,0.045,out,6627.109445923378,-0.0033590106181512758,0.12197476066321644,0.0011217420735640067,0.02207063864237747
6800.0,43.93,2025-11-21 19:16:19,0,2025-12-11,6602.990234375,0.07539682539682539,2512,0.045,out,6627.109445923378,-0.0033590106181512758,0.14965322762590003,0.001688593977135474,0.02575388405867371
6825.0,35.31,2025-11-21 19:16:19,0,2025-12-11,6602.990234375,0.07539682539682539,2512,0.045,out,6627.109445923378,-0.0033590106181512758,0.14506208043188606,0.00158657593811632,0.029423612947636166
6850.0,29.52,2025-11-21 19:28:24,0,2025-12-11,6602.990234375,0.07539682539682539,2512,0.045,out,6627.109445923378,-0.0033590106181512758,0.14392437612835604,0.0015617868842650537,0.033079924150746697
6880.0,13.35,2025-11-20 20:18:27,0,2025-12-10,6602.990234375,0.07539682539682539,2512,0.045,out,6627.109445923378,-0.0033590106181512758,0.11847798482761028,0.0010583477178072126,0.03744992382186507
6880.0,18.15,2025-11-21 20:00:05,0,2025-12-11,6602.990234375,0.07539682539682539,2512,0.045,out,6627.109445923378,-0.0033590106181512758,0.13045703933767036,0.0012831815204057894,0.03744992382186507
6890.0,10.91,2025-11-21 15:41:05,0,2025-12-11,6602.990234375,0.07539682539682539,2512,0.045,out,6627.109445923378,-0.0033590106181512758,0.11478940298047563,0.0009934743400621688,0.03890235690217991
6900.0,11.83,2025-11-21 20:33:35,0,2025-12-11,6602.990234375,0.07539682539682539,2512,0.045,out,6627.109445923378,-0.0033590106181512758,0.12051546794357616,0.0010950618343631886,0.040352683479826554
6910.0,16.4,2025-11-21 19:30:24,0,2025-12-11,6602.990234375,0.07539682539682539,2512,0.045,out,6627.109445923378,-0.0033590106181512758,0.13599177310824978,0.0013943709710690002,0.041800909656191314
6925.0,8.8,2025-11-21 20:49:03,0,2025-12-11,6602.990234375,0.07539682539682539,2512,0.045,out,6627.109445923378,-0.0033590106181512758,0.11847566205438599,0.0010583062201796685,0.04396932395001488
6930.0,5.55,2025-11-20 18:47:21,0,2025-12-10,6602.990234375,0.07539682539682539,2512,0.045,out,6627.109445923378,-0.0033590106181512758,0.10751371155297261,0.0008715268462937306,0.04469108507842472
6950.0,6.89,2025-11-21 16:46:26,0,2025-12-11,6602.990234375,0.07539682539682539,2512,0.045,out,6627.109445923378,-0.0033590106181512758,0.11844116098318175,0.001057689935261252,0.04757293145331348
6960.0,16.17,2025-11-20 16:02:25,0,2025-12-10,6602.990234375,0.07539682539682539,2512,0.045,out,6627.109445923378,-0.0033590106181512758,0.1511196753791544,0.0017218490851084092,0.04901074622294114
6970.0,8.91,2025-11-20 16:55:14,0,2025-12-10,6602.990234375,0.07539682539682539,2512,0.045,out,6627.109445923378,-0.0033590106181512758,0.1315908449151595,0.0013055827731913712,0.050446496649045304
6975.0,4.67,2025-11-20 17:48:55,0,2025-12-10,6602.990234375,0.07539682539682539,2512,0.045,out,6627.109445923378,-0.0033590106181512758,0.1151036645763456,0.0009989215015046573,0.05116359958404208
6980.0,7.95,2025-11-20 16:55:14,0,2025-12-10,6602.990234375,0.07539682539682539,2512,0.045,out,6627.109445923378,-0.0033590106181512758,0.13076696885032227,0.0012892857250147694,0.051880188650893826
7000.0,5.63,2025-11-21 19:28:24,0,2025-12-11,6602.990234375,0.07539682539682539,2512,0.045,out,6627.109445923378,-0.0033590106181512758,0.12617611743476512,0.001200348569870322,0.0547414209319261
7025.0,4.3,2025-11-21 18:51:46,0,2025-12-11,6602.990234375,0.07539682539682539,2512,0.045,out,6627.109445923378,-0.0033590106181512758,0.1255491918092353,0.0011884499671233767,0.0583064870964223
7050.0,2.55,2025-11-19 20:36:12,0,2025-12-09,6602.990234375,0.07539682539682539,2512,0.045,out,6627.109445923378,-0.0033590106181512758,0.11977092438795754,0.0010815730644689325,0.06185888870078995
7075.0,1.5,2025-11-21 15:36:14,0,2025-12-11,6602.990234375,0.07539682539682539,2512,0.045,out,6627.109445923378,-0.0033590106181512758,0.11527604445803681,0.001001915722587041,0.06539871540591402
5400.0,1255.65,2025-11-07 16:55:44,0,2025-11-28,6602.990234375,0.07936507936507936,2511,0.045,in,6609.601643150545,0.032390247379654374,0.5249609589444628,0.021871746699673806,-0.20212443269070637
6050.0,657.2,2025-11-14 14:44:13,0,2025-12-05,6602.990234375,0.07936507936507936,2512,0.045,in,6627.109445923378,-0.0009410600872437128,0.3969292179477997,0.012504190798464434,-0.09111045608063709
6060.0,649.18,2025-11-14 14:44:13,0,2025-12-05,6602.990234375,0.07936507936507936,2512,0.045,in,6627.109445923378,-0.0009410600872437128,0.3963239760329463,0.012466086823695505,-0.08945892804216418
6075.0,629.58,2025-11-14 14:43:15,0,2025-12-05,6602.990234375,0.07936507936507936,2512,0.045,in,6627.109445923378,-0.0009410600872437128,0.38064481008751555,0.011499243765600062,-0.0869867388967751
6370.0,270.7,2025-11-21 16:16:11,0,2025-12-12,6602.990234375,0.07936507936507936,2512,0.045,in,6627.109445923378,-0.0009410600872437128,0.12503319341312896,0.0012407380519908664,-0.0395692585393152
6380.0,372.98,2025-11-07 20:47:49,0,2025-11-28,6602.990234375,0.07936507936507936,2511,0.045,in,6609.601643150545,0.032390247379654374,0.3152403253740264,0.007887020852533495,-0.035355288904236594
6425.0,230.6,2025-11-21 16:13:20,0,2025-12-12,6602.990234375,0.07936507936507936,2512,0.045,in,6627.109445923378,-0.0009410600872437128,0.13619146814361727,0.0014720726980249137,-0.030972097342103752
6450.0,253.3,2025-11-21 16:02:39,0,2025-12-12,6602.990234375,0.07936507936507936,2512,0.045,in,6627.109445923378,-0.0009410600872437128,0.2036332836719054,0.0032909931919843406,-0.027088597315706085
6460.0,232.3,2025-11-21 16:54:19,0,2025-12-12,6602.990234375,0.07936507936507936,2512,0.045,in,6627.109445923378,-0.0009410600872437128,0.1817332336492403,0.0026211879533816953,-0.0255394103288768
6470.0,197.9,2025-11-21 14:59:26,0,2025-12-12,6602.990234375,0.07936507936507936,2512,0.045,in,6627.109445923378,-0.0009410600872437128,0.13818563306850276,0.0015154975544875303,-0.023992619610578046
6475.0,224.62,2025-11-21 16:55:10,0,2025-12-12,6602.990234375,0.07936507936507936,2512,0.045,in,6627.109445923378,-0.0009410600872437128,0.18532642115195055,0.0027258636807135036,-0.023220120537785834
6500.0,223.23,2025-11-21 19:46:27,0,2025-12-12,6602.990234375,0.07936507936507936,2512,0.045,in,6627.109445923378,-0.0009410600872437128,0.20667668628781388,0.003390099417056463,-0.01936655122179581
6520.0,161.11,2025-11-21 16:11:29,0,2025-12-12,6602.990234375,0.07936507936507936,2512,0.045,in,6627.109445923378,-0.0009410600872437128,0.13458230996884618,0.001437491917186555,-0.016294352184825688
6525.0,160.3,2025-11-21 16:21:03,0,2025-12-12,6602.990234375,0.07936507936507936,2512,0.045,in,6627.109445923378,-0.0009410600872437128,0.13819484526878206,0.0015156996237192552,-0.01552777491463009
6530.0,167.13,2025-11-21 14:58:59,0,2025-12-12,6602.990234375,0.07936507936507936,2512,0.045,in,6627.109445923378,-0.0009410600872437128,0.15272666762867174,0.001851225000393553,-0.01476178483504754
6540.0,159.1,2025-11-21 15:26:58,0,2025-12-12,6602.990234375,0.07936507936507936,2512,0.045,in,6627.109445923378,-0.0009410600872437128,0.1500728436344075,0.0017874490790886768,-0.013231562654279862
6550.0,186.39,2025-11-21 19:46:27,0,2025-12-12,6602.990234375,0.07936507936507936,2512,0.045,in,6627.109445923378,-0.0009410600872437128,0.1965986294197497,0.0030675413563273075,-0.011703678476226718
6560.0,163.94,2025-11-21 19:30:26,0,2025-12-12,6602.990234375,0.07936507936507936,2512,0.045,in,6627.109445923378,-0.0009410600872437128,0.1734028702527969,0.0023863932866593903,-0.010178125167389555
6570.0,151.86,2025-11-21 20:33:32,0,2025-12-12,6602.990234375,0.07936507936507936,2512,0.045,in,6627.109445923378,-0.0009410600872437128,0.1645451807691197,0.002148818770979546,-0.008654895626868046
6575.0,152.92,2025-11-21 20:51:54,0,2025-12-12,6602.990234375,0.07936507936507936,2512,0.045,in,6627.109445923378,-0.0009410600872437128,0.16983461461321583,0.0022891901841920275,-0.007894150059558978
6580.0,161.1,2025-11-21 20:07:46,0,2025-12-12,6602.990234375,0.07936507936507936,2512,0.045,in,6627.109445923378,-0.0009410600872437128,0.18477083541723383,0.0027095445730779765,-0.007133982786161431
6590.0,144.86,2025-11-21 20:28:18,0,2025-12-12,6602.990234375,0.07936507936507936,2512,0.045,in,6627.109445923378,-0.0009410600872437128,0.1699726931510172,0.002292914001349988,-0.0056153796089713735
6595.0,150.65,2025-11-21 20:09:46,0,2025-12-12,6602.990234375,0.07936507936507936,2512,0.045,in,6627.109445923378,-0.0009410600872437128,0.18144010901322394,0.0026127391395817925,-0.00485694195410934
6600.0,140.61,2025-11-20 20:01:52,0,2025-12-11,6602.990234375,0.07936507936507936,2512,0.045,in,6627.109445923378,-0.0009410600872437128,0.17137374674056022,0.002330869926341085,-0.004099079091007326
6600.0,130.52,2025-11-21 20:59:28,0,2025-12-12,6602.990234375,0.07936507936507936,2512,0.045,in,6627.109445923378,-0.0009410600872437128,0.15769469475475248,0.0019736203772852826,-0.004099079091007326
6605.0,150.18,2025-11-21 19:03:53,0,2025-12-12,6602.990234375,0.07936507936507936,2512,0.045,out,6627.109445923378,-0.0009410600872437128,0.18783020819761098,0.0028000148501236416,-0.0033417901490985814
6610.0,130.34,2025-11-21 20:29:25,0,2025-12-12,6602.990234375,0.07936507936507936,2512,0.045,out,6627.109445923378,-0.0009410600872437128,0.1644611002625064,0.0021466232936154113,-0.0025850742597923414
6615.0,143.7,2025-11-21 19:45:01,0,2025-12-12,6602.990234375,0.07936507936507936,2512,0.045,out,6627.109445923378,-0.0009410600872437128,0.18592087092263188,0.0027433785908436465,-0.0018289305564681776
6620.0,127.58,2025-11-21 20:45:36,0,2025-12-12,6602.990234375,0.07936507936507936,2512,0.045,out,6627.109445923378,-0.0009410600872437128,0.16753732837751306,0.0022276790793551303,-0.0010733581744703786
6625.0,127.66,2025-11-21 20:27:05,0,2025-12-12,6602.990234375,0.07936507936507936,2512,0.045,out,6627.109445923378,-0.0009410600872437128,0.1709753962437465,0.002320046517516359,-0.0003183562511013513
6630.0,115.8,2025-11-21 20:30:45,0,2025-12-12,6602.990234375,0.07936507936507936,2512,0.045,out,6627.109445923378,-0.0009410600872437128,0.15827775194880567,0.0019882418065053694,0.0004360760743839572
6635.0,124.35,2025-11-21 20:11:57,0,2025-12-12,6602.990234375,0.07936507936507936,2512,0.045,out,6627.109445923378,-0.0009410600872437128,0.1730429318839817,0.0023764965297622485,0.0011899396607836133
6640.0,108.31,2025-11-21 20:19:31,0,2025-12-12,6602.990234375,0.07936507936507936,2512,0.045,out,6627.109445923378,-0.0009410600872437128,0.15462617469505077,0.0018975598333987587,0.0019432353649552288
6650.0,109.21,2025-11-21 20:27:05,0,2025-12-12,6602.990234375,0.07936507936507936,2512,0.045,out,6627.109445923378,-0.0009410600872437128,0.16210773502472703,0.002085628393241834,0.003448126544375444
6660.0,167.56,2025-11-20 14:33:12,0,2025-12-11,6602.990234375,0.07936507936507936,2512,0.045,out,6627.109445923378,-0.0009410600872437128,0.24698631651429784,0.004841447662325469,0.00495075642891059
6660.0,102.07,2025-11-21 20:28:18,0,2025-12-12,6602.990234375,0.07936507936507936,2512,0.045,out,6627.109445923378,-0.0009410600872437128,0.15856388656474016,0.001995436993850459,0.00495075642891059
6665.0,106.5,2025-11-21 19:22:07,0,2025-12-12,6602.990234375,0.07936507936507936,2512,0.045,out,6627.109445923378,-0.0009410600872437128,0.167555261222546,0.002228155997091716,0.005701225507284777
6670.0,109.4,2025-11-21 16:53:56,0,2025-12-12,6602.990234375,0.07936507936507936,2512,0.045,out,6627.109445923378,-0.0009410600872437128,0.1744519239651401,0.0024153550615189697,0.006451131804145099
6675.0,168.2,2025-11-20 15:46:59,0,2025-12-11,6602.990234375,0.07936507936507936,2512,0.045,out,6627.109445923378,-0.0009410600872437128,0.2569541810011763,0.00524011516936391,0.00720047616292594
6675.0,94.52,2025-11-21 20:42:44,0,2025-12-12,6602.990234375,0.07936507936507936,2512,0.045,out,6627.109445923378,-0.0009410600872437128,0.15716637896855834,0.0019604183077848013,0.00720047616292594
6680.0,84.92,2025-11-21 18:12:25,0,2025-12-12,6602.990234375,0.07936507936507936,2512,0.045,out,6627.109445923378,-0.0009410600872437128,0.14692812049344076,0.0017133232215662732,0.007949259425167035
6685.0,103.31,2025-11-21 18:53:49,0,2025-12-12,6602.990234375,0.07936507936507936,2512,0.045,out,6627.109445923378,-0.0009410600872437128,0.17488079632872694,0.002427245470203942,0.008697482430519363
6690.0,148.8,2025-11-20 14:45:10,0,2025-12-11,6602.990234375,0.07936507936507936,2512,0.045,out,6627.109445923378,-0.0009410600872437128,0.2395756081632107,0.004555275557680338,0.009445146016749907
6695.0,86.69,2025-11-21 18:37:52,0,2025-12-12,6602.990234375,0.07936507936507936,2512,0.045,out,6627.109445923378,-0.0009410600872437128,0.15771407119639763,0.0019741054169319346,0.010192251019748619
6700.0,88.7,2025-11-21 20:07:42,0,2025-12-12,6602.990234375,0.07936507936507936,2512,0.045,out,6627.109445923378,-0.0009410600872437128,0.16321927690455051,0.0021143279645432014,0.01093879827353313
6705.0,71.88,2025-11-21 19:07:28,0,2025-12-12,6602.990234375,0.07936507936507936,2512,0.045,out,6627.109445923378,-0.0009410600872437128,0.1425478983531311,0.0016126907400709992,0.011684788610254564
6715.0,78.58,2025-11-21 20:11:49,0,2025-12-12,6602.990234375,0.07936507936507936,2512,0.045,out,6627.109445923378,-0.0009410600872437128,0.15716088853764057,0.0019602813401540225,0.013175101851813762
6720.0,74.26,2025-11-21 20:25:55,0,2025-12-12,6602.990234375,0.07936507936507936,2512,0.045,out,6627.109445923378,-0.0009410600872437128,0.15367781929410942,0.0018743549319835675,0.013919426411671005
6725.0,64.25,2025-11-21 19:59:54,0,2025-12-12,6602.990234375,0.07936507936507936,2512,0.045,out,6627.109445923378,-0.0009410600872437128,0.1419867986798607,0.0016000199205837532,0.014663197364515598
6730.0,63.4,2025-11-21 21:00:49,0,2025-12-12,6602.990234375,0.07936507936507936,2512,0.045,out,6627.109445923378,-0.0009410600872437128,0.14324131841062424,0.0016284186746042726,0.015406415533249194
6735.0,66.55,2025-11-21 20:47:51,0,2025-12-12,6602.990234375,0.07936507936507936,2512,0.045,out,6627.109445923378,-0.0009410600872437128,0.15023454541518802,0.001791303066357793,0.01614908173894003
6740.0,45.12,2025-11-20 17:30:51,0,2025-12-11,6602.990234375,0.07936507936507936,2512,0.045,out,6627.109445923378,-0.0009410600872437128,0.12109531834124401,0.0011638155654100973,0.016891196800828352
6740.0,67.3,2025-11-21 20:09:10,0,2025-12-12,6602.990234375,0.07936507936507936,2512,0.045,out,6627.109445923378,-0.0009410600872437128,0.1537653746395519,0.001876491304606488,0.016891196800828352
6745.0,65.13,2025-11-21 20:00:53,0,2025-12-12,6602.990234375,0.07936507936507936,2512,0.045,out,6627.109445923378,-0.0009410600872437128,0.15304879178401534,0.0018590422751227683,0.017632761536332073
6750.0,53.01,2025-11-21 21:12:52,0,2025-12-12,6602.990234375,0.07936507936507936,2512,0.045,out,6627.109445923378,-0.0009410600872437128,0.13755698170137073,0.0015017399376818447,0.01837377676105129
6755.0,50.7,2025-11-21 20:34:25,0,2025-12-12,6602.990234375,0.07936507936507936,2512,0.045,out,6627.109445923378,-0.0009410600872437128,0.13637637286722978,0.0014760726251128323,0.019114243288774976
6760.0,103.08,2025-11-20 15:12:06,0,2025-12-11,6602.990234375,0.07936507936507936,2512,0.045,out,6627.109445923378,-0.0009410600872437128,0.21466192121376274,0.0036571222554907684,0.019854161931485485
6760.0,49.38,2025-11-21 21:00:30,0,2025-12-12,6602.990234375,0.07936507936507936,2512,0.045,out,6627.109445923378,-0.0009410600872437128,0.13663265626670376,0.0014816256157535888,0.019854161931485485
6765.0,52.61,2025-11-21 20:42:05,0,2025-12-12,6602.990234375,0.07936507936507936,2512,0.045,out,6627.109445923378,-0.0009410600872437128,0.14380163620735284,0.001641183379040623,0.02059353349936409
6770.0,34.64,2025-11-20 21:01:41,0,2025-12-11,6602.990234375,0.07936507936507936,2512,0.045,out,6627.109445923378,-0.0009410600872437128,0.11771184149276899,0.0010996887006046643,0.021332358800796317
6770.0,44.7,2025-11-21 20:58:28,0,2025-12-12,6602.990234375,0.07936507936507936,2512,0.045,out,6627.109445923378,-0.0009410600872437128,0.1338223052294003,0.0014213023315008556,0.021332358800796317
6775.0,58.03,2025-11-21 19:48:51,0,2025-12-12,6602.990234375,0.07936507936507936,2512,0.045,out,6627.109445923378,-0.0009410600872437128,0.1565323438788764,0.0019446329111281599,0.02207063864237747
6780.0,95.09,2025-11-20 15:48:26,0,2025-12-11,6602.990234375,0.07936507936507936,2512,0.045,out,6627.109445923378,-0.0009410600872437128,0.21322016354587386,0.0036081617573435866,0.02280837382891704
6780.0,43.48,2025-11-21 21:05:28,0,2025-12-12,6602.990234375,0.07936507936507936,2512,0.045,out,6627.109445923378,-0.0009410600872437128,0.13620494725057583,0.0014723640996454083,0.02280837382891704
6785.0,43.69,2025-11-21 20:34:25,0,2025-12-12,6602.990234375,0.07936507936507936,2512,0.045,out,6627.109445923378,-0.0009410600872437128,0.13866760187738375,0.0015260876040019524,0.023545565163445265
6790.0,45.75,2025-11-21 20:10:38,0,2025-12-12,6602.990234375,0.07936507936507936,2512,0.045,out,6627.109445923378,-0.0009410600872437128,0.1440795537870647,0.001647533160276164,0.024282213447217524
6795.0,51.05,2025-11-21 19:37:05,0,2025-12-12,6602.990234375,0.07936507936507936,2512,0.045,out,6627.109445923378,-0.0009410600872437128,0.15460485018753062,0.0018970364842467288,0.025018319479719765
6800.0,34.88,2025-11-21 21:12:52,0,2025-12-12,6602.990234375,0.07936507936507936,2512,0.045,out,6627.109445923378,-0.0009410600872437128,0.13032845152105715,0.0013480559742759161,0.02575388405867371
6805.0,45.6,2025-11-21 18:53:49,0,2025-12-12,6602.990234375,0.07936507936507936,2512,0.045,out,6627.109445923378,-0.0009410600872437128,0.15014944103627365,0.0017892741780559853,0.026488907980042053
6810.0,29.9,2025-11-20 21:00:48,0,2025-12-11,6602.990234375,0.07936507936507936,2512,0.045,out,6627.109445923378,-0.0009410600872437128,0.12555127198639665,0.0012510414204287418,0.02722339203803384
6810.0,33.82,2025-11-21 19:02:53,0,2025-12-12,6602.990234375,0.07936507936507936,2512,0.045,out,6627.109445923378,-0.0009410600872437128,0.13246231967261132,0.001392560804210244,0.02722339203803384
6815.0,37.2,2025-11-21 20:18:06,0,2025-12-12,6602.990234375,0.07936507936507936,2512,0.045,out,6627.109445923378,-0.0009410600872437128,0.1402584582719174,0.0015613043743504126,0.027957337025108744
6820.0,27.3,2025-11-20 19:35:40,0,2025-12-11,6602.990234375,0.07936507936507936,2512,0.045,out,6627.109445923378,-0.0009410600872437128,0.1245905705979344,0.0012319690699935614,0.028690743731983503
6820.0,36.02,2025-11-21 20:17:11,0,2025-12-12,6602.990234375,0.07936507936507936,2512,0.045,out,6627.109445923378,-0.0009410600872437128,0.1402004183953715,0.001560012485574383,0.028690743731983503
6825.0,29.54,2025-11-21 20:00:08,0,2025-12-12,6602.990234375,0.07936507936507936,2512,0.045,out,6627.109445923378,-0.0009410600872437128,0.1305949341459178,0.0013535743511568735,0.029423612947636166
6830.0,30.47,2025-11-20 20:01:52,0,2025-12-11,6602.990234375,0.07936507936507936,2512,0.045,out,6627.109445923378,-0.0009410600872437128,0.13417681622237787,0.0014288426993312512,0.030155945459311394
6830.0,29.75,2025-11-21 20:29:53,0,2025-12-12,6602.990234375,0.07936507936507936,2512,0.045,out,6627.109445923378,-0.0009410600872437128,0.13285659514795428,0.0014008630852624944,0.030155945459311394
6835.0,30.9,2025-11-21 20:20:17,0,2025-12-12,6602.990234375,0.07936507936507936,2512,0.045,out,6627.109445923378,-0.0009410600872437128,0.13684146009678705,0.0014861575556682986,0.03088774205252555
6840.0,26.55,2025-11-21 20:31:36,0,2025-12-12,6602.990234375,0.07936507936507936,2512,0.045,out,6627.109445923378,-0.0009410600872437128,0.13052723553368992,0.0013521713663545527,0.03161900351107194
6845.0,26.9,2025-11-21 20:39:49,0,2025-12-12,6602.990234375,0.07936507936507936,2512,0.045,out,6627.109445923378,-0.0009410600872437128,0.13301308882824198,0.0014041652221928403,0.03234973061702502
6850.0,23.6,2025-11-21 20:35:23,0,2025-12-12,6602.990234375,0.07936507936507936,2512,0.045,out,6627.109445923378,-0.0009410600872437128,0.12828976495522826,0.0013062114120847392,0.033079924150746697
6855.0,24.2,2025-11-21 20:39:55,0,2025-12-12,6602.990234375,0.07936507936507936,2512,0.045,out,6627.109445923378,-0.0009410600872437128,0.13125823779562226,0.0013673591261279458,0.033809584890890455
6860.0,14.7,2025-11-20 20:56:49,0,2025-12-11,6602.990234375,0.07936507936507936,2512,0.045,out,6627.109445923378,-0.0009410600872437128,0.11216734353488829,0.000998532774259813,0.03453871361440656
6860.0,22.4,2025-11-21 20:49:15,0,2025-12-12,6602.990234375,0.07936507936507936,2512,0.045,out,6627.109445923378,-0.0009410600872437128,0.12931373163683615,0.0013271461261780697,0.03453871361440656
6865.0,18.28,2025-11-21 21:00:28,0,2025-12-12,6602.990234375,0.07936507936507936,2512,0.045,out,6627.109445923378,-0.0009410600872437128,0.1221156898296614,0.0011835112462360371,0.035267311096547044
6870.0,20.25,2025-11-20 20:51:23,0,2025-12-11,6602.990234375,0.07936507936507936,2512,0.045,out,6627.109445923378,-0.0009410600872437128,0.12814007517366735,0.001303164989326438,0.03599537811087082
6870.0,17.27,2025-11-21 21:00:30,0,2025-12-12,6602.990234375,0.07936507936507936,2512,0.045,out,6627.109445923378,-0.0009410600872437128,0.12146214326523795,0.0011708771624273958,0.03599537811087082
6875.0,13.0,2025-11-20 20:51:23,0,2025-12-11,6602.990234375,0.07936507936507936,2512,0.045,out,6627.109445923378,-0.0009410600872437128,0.11264352699358611,0.0010070289026630763,0.036722915429247806
6875.0,16.3,2025-11-21 21:08:29,0,2025-12-12,6602.990234375,0.07936507936507936,2512,0.045,out,6627.109445923378,-0.0009410600872437128,0.1208133315265307,0.0011584016725824935,0.036722915429247806
6880.0,22.1,2025-11-21 18:04:59,0,2025-12-12,6602.990234375,0.07936507936507936,2512,0.045,out,6627.109445923378,-0.0009410600872437128,0.1355082521413957,0.0014573401903504818,0.03744992382186507
6885.0,14.1,2025-11-21 20:59:21,0,2025-12-12,6602.990234375,0.07936507936507936,2512,0.045,out,6627.109445923378,-0.0009410600872437128,0.11857411506940511,0.00111585879083274,0.03817640405723091
6890.0,14.38,2025-11-21 20:53:29,0,2025-12-12,6602.990234375,0.07936507936507936,2512,0.045,out,6627.109445923378,-0.0009410600872437128,0.12084291016972436,0.001158968963356196,0.03890235690217991
6895.0,13.3,2025-11-21 21:03:24,0,2025-12-12,6602.990234375,0.07936507936507936,2512,0.045,out,6627.109445923378,-0.0009410600872437128,0.11958278253152829,0.0011349239585700624,0.039627783121877806
6900.0,13.88,2025-11-21 20:28:36,0,2025-12-12,6602.990234375,0.07936507936507936,2512,0.045,out,6627.109445923378,-0.0009410600872437128,0.12264073398606488,0.0011937102883048199,0.040352683479826554
6905.0,18.0,2025-11-21 19:51:55,0,2025-12-12,6602.990234375,0.07936507936507936,2512,0.045,out,6627.109445923378,-0.0009410600872437128,0.13447217473474937,0.0014351401411026162,0.04107705873786826
6910.0,10.88,2025-11-21 21:14:42,0,2025-12-12,6602.990234375,0.07936507936507936,2512,0.045,out,6627.109445923378,-0.0009410600872437128,0.11732525678452078,0.0010924774507582332,0.041800909656191314
6915.0,14.15,2025-11-21 15:22:19,0,2025-12-12,6602.990234375,0.07936507936507936,2512,0.045,out,6627.109445923378,-0.0009410600872437128,0.12793415822497342,0.0012989800667248042,0.04252423699333428
6920.0,9.2,2025-11-21 20:57:00,0,2025-12-12,6602.990234375,0.07936507936507936,2512,0.045,out,6627.109445923378,-0.0009410600872437128,0.1150312328613683,0.0010501733756830426,0.04324704150619091
6925.0,8.62,2025-11-21 20:58:28,0,2025-12-12,6602.990234375,0.07936507936507936,2512,0.045,out,6627.109445923378,-0.0009410600872437128,0.11453043319321513,0.0010410492164623422,0.04396932395001488
6930.0,8.41,2025-11-21 21:14:42,0,2025-12-12,6602.990234375,0.07936507936507936,2512,0.045,out,6627.109445923378,-0.0009410600872437128,0.11521002419995975,0.0010534404504885166,0.04469108507842472
6940.0,7.1,2025-11-21 20:29:53,0,2025-12-12,6602.990234375,0.07936507936507936,2512,0.045,out,6627.109445923378,-0.0009410600872437128,0.11324871280131639,0.0010178786469170668,0.04613304639532592
6950.0,6.44,2025-11-21 21:13:44,0,2025-12-12,6602.990234375,0.07936507936507936,2512,0.045,out,6627.109445923378,-0.0009410600872437128,0.11334092866705285,0.001019536992945235,0.04757293145331348
6960.0,10.25,2025-11-21 19:42:55,0,2025-12-12,6602.990234375,0.07936507936507936,2512,0.045,out,6627.109445923378,-0.0009410600872437128,0.12967747138298372,0.001334622744784489,0.04901074622294114
6970.0,7.0,2025-11-21 20:08:20,0,2025-12-12,6602.990234375,0.07936507936507936,2512,0.045,out,6627.109445923378,-0.0009410600872437128,0.12082018636929959,0.001158533129707324,0.050446496649045304
6975.0,4.82,2025-11-20 20:02:23,0,2025-12-11,6602.990234375,0.07936507936507936,2512,0.045,out,6627.109445923378,-0.0009410600872437128,0.1126137725557494,0.0010064969658125443,0.05116359958404208
6975.0,4.6,2025-11-21 21:13:44,0,2025-12-12,6602.990234375,0.07936507936507936,2512,0.045,out,6627.109445923378,-0.0009410600872437128,0.1115354223093045,0.000987313526167849,0.05116359958404208
6980.0,4.9,2025-11-21 19:44:50,0,2025-12-12,6602.990234375,0.07936507936507936,2512,0.045,out,6627.109445923378,-0.0009410600872437128,0.11424119887722783,0.00103579773975447,0.051880188650893826
6990.0,3.5,2025-11-21 18:51:03,0,2025-12-12,6602.990234375,0.07936507936507936,2512,0.045,out,6627.109445923378,-0.0009410600872437128,0.109211128745268,0.0009465929080805954,0.053311828122331754
7000.0,3.04,2025-11-21 20:44:07,0,2025-12-12,6602.990234375,0.07936507936507936,2512,0.045,out,6627.109445923378,-0.0009410600872437128,0.10868933579284601,0.0009375691837373045,0.0547414209319261
7010.0,6.2,2025-11-21 19:09:00,0,2025-12-12,6602.990234375,0.07936507936507936,2512,0.045,out,6627.109445923378,-0.0009410600872437128,0.12776048827707262,0.0012954557432377784,0.056168972923111446
7020.0,3.5,2025-11-21 20:22:29,0,2025-12-12,6602.990234375,0.07936507936507936,2512,0.045,out,6627.109445923378,-0.0009410600872437128,0.11622912362227386,0.001072159458571573,0.057594489914332615
7025.0,3.4,2025-11-21 19:44:50,0,2025-12-12,6602.990234375,0.07936507936507936,2512,0.045,out,6627.109445923378,-0.0009410600872437128,0.11676162479551995,0.0010820061130864904,0.0583064870964223
7030.0,1.9,2025-11-21 20:57:49,0,2025-12-12,6602.990234375,0.07936507936507936,2512,0.045,out,6627.109445923378,-0.0009410600872437128,0.10669155995149544,0.0009034197591177417,0.05901797769918633
7040.0,1.75,2025-11-21 19:32:47,0,2025-12-12,6602.990234375,0.07936507936507936,2512,0.045,out,6627.109445923378,-0.0009410600872437128,0.10741847951687088,0.0009157722017235244,0.06043944204656376
7050.0,2.49,2025-11-20 19:36:36,0,2025-12-11,6602.990234375,0.07936507936507936,2512,0.045,out,6627.109445923378,-0.0009410600872437128,0.11599231416690299,0.0010677949956978986,0.06185888870078995
7050.0,2.6,2025-11-21 20:16:40,0,2025-12-12,6602.990234375,0.07936507936507936,2512,0.045,out,6627.109445923378,-0.0009410600872437128,0.11684710821528389,0.0010835910077995447,0.06185888870078995
7060.0,1.32,2025-11-21 20:57:12,0,2025-12-12,6602.990234375,0.07936507936507936,2512,0.045,out,6627.109445923378,-0.0009410600872437128,0.10696653550715546,0.0009080825173336149,0.0632763233817635
7070.0,2.7,2025-11-21 17:12:59,0,2025-12-12,6602.990234375,0.07936507936507936,2512,0.045,out,6627.109445923378,-0.0009410600872437128,0.12201702056185026,0.0011815994687929357,0.06469175178509412
7075.0,1.76,2025-11-21 20:24:18,0,2025-12-12,6602.990234375,0.07936507936507936,2512,0.045,out,6627.109445923378,-0.0009410600872437128,0.1148598953552403,0.0010470472667473613,0.06539871540591402
7080.0,2.89,2025-11-21 19:19:25,0,2025-12-12,6602.990234375,0.07936507936507936,2512,0.045,out,6627.109445923378,-0.0009410600872437128,0.12565966691445546,0.0012532025308771343,0.06610517958224106
7100.0,1.25,2025-11-20 18:45:01,0,2025-12-11,6602.990234375,0.07936507936507936,2512,0.045,out,6627.109445923378,-0.0009410600872437128,0.1141239330218463,0.0010336723879662585,0.06892605592388247
7100.0,0.9,2025-11-21 20:55:06,0,2025-12-12,6602.990234375,0.07936507936507936,2512,0.045,out,6627.109445923378,-0.0009410600872437128,0.10906074584672092,0.0009439878003684962,0.06892605592388247
7120.0,1.58,2025-11-21 16:58:57,0,2025-12-12,6602.990234375,0.07936507936507936,2512,0.045,out,6627.109445923378,-0.0009410600872437128,0.12215739243211537,0.0011843197242709395,0.07173899730049721
7125.0,1.48,2025-11-21 16:58:57,0,2025-12-12,6602.990234375,0.07936507936507936,2512,0.045,out,6627.109445923378,-0.0009410600872437128,0.1219887586709659,0.0011810521620700919,0.072440998031327
7150.0,1.05,2025-11-20 18:45:01,0,2025-12-11,6602.990234375,0.07936507936507936,2512,0.045,out,6627.109445923378,-0.0009410600872437128,0.12102502231390452,0.0011624647639746895,0.0759436285825291
7150.0,1.5,2025-11-21 19:29:59,0,2025-12-12,6602.990234375,0.07936507936507936,2512,0.045,out,6627.109445923378,-0.0009410600872437128,0.12722211334137734,0.00128456080341637,0.0759436285825291
5350.0,1467.05,2025-11-13 14:40:09,0,2025-12-05,6602.990234375,0.08333333333333333,2512,0.045,in,6627.109445923378,0.0012466094407202755,0.9357735783371128,0.07297268249282038,-0.21407216721547204
5500.0,1229.74,2025-11-06 18:18:59,0,2025-11-28,6602.990234375,0.08333333333333333,2511,0.045,in,6609.601643150545,0.03299071179014702,0.676404196048247,0.03812688636930628,-0.18377529402250983
6180.0,571.71,2025-11-06 20:55:13,0,2025-11-28,6602.990234375,0.08333333333333333,2511,0.045,in,6609.601643150545,0.03299071179014702,0.40439443200313174,0.013627904719594627,-0.0672051147913356
6230.0,518.64,2025-11-06 20:59:44,0,2025-11-28,6602.990234375,0.08333333333333333,2511,0.045,in,6609.601643150545,0.03299071179014702,0.3751224849128345,0.011726406557264979,-0.059147053461573285
6250.0,545.16,2025-11-20 15:30:05,0,2025-12-12,6602.990234375,0.08333333333333333,2512,0.045,in,6627.109445923378,0.0012466094407202755,0.43715473273323185,0.01592535502925528,-0.05858726437507707
6240.0,508.76,2025-11-06 20:59:44,0,2025-11-28,6602.990234375,0.08333333333333333,2511,0.045,in,6609.601643150545,0.03299071179014702,0.37042832687664695,0.011434762112719331,-0.0575432038795987
6275.0,455.23,2025-11-17 18:57:14,0,2025-12-09,6602.990234375,0.08333333333333333,2512,0.045,in,6627.109445923378,0.0012466094407202755,0.32388806890734245,0.00874195676504395,-0.05459524310553969
6300.0,397.0,2025-11-18 20:20:18,0,2025-12-10,6602.990234375,0.08333333333333333,2512,0.045,in,6627.109445923378,0.0012466094407202755,0.25753173242533606,0.005526882767166241,-0.050619094725900225
6400.0,394.42,2025-11-20 14:38:17,0,2025-12-12,6602.990234375,0.08333333333333333,2512,0.045,in,6627.109445923378,0.0012466094407202755,0.3556653579596042,0.010541487237711113,-0.03487073775776112
6425.0,423.32,2025-11-10 19:14:36,0,2025-12-02,6602.990234375,0.08333333333333333,2512,0.045,in,6627.109445923378,0.0012466094407202755,0.41687944356286644,0.014482372538773762,-0.030972097342103752
6645.0,122.8,2025-11-20 18:17:43,0,2025-12-12,6602.990234375,0.08333333333333333,2512,0.045,out,6627.109445923378,0.0012466094407202755,0.1723156941603937,0.002474391537831528,0.002695964041821361
6690.0,82.62,2025-11-20 20:53:17,0,2025-12-12,6602.990234375,0.08333333333333333,2512,0.045,out,6627.109445923378,0.0012466094407202755,0.14511564229525895,0.0017548791365637954,0.009445146016749907
6710.0,71.21,2025-11-20 21:05:10,0,2025-12-12,6602.990234375,0.08333333333333333,2512,0.045,out,6627.109445923378,0.0012466094407202755,0.140138116449886,0.0016365576401768172,0.012430222860203106
6790.0,54.68,2025-11-19 16:29:29,0,2025-12-11,6602.990234375,0.08333333333333333,2512,0.045,out,6627.109445923378,0.0012466094407202755,0.1537604218652013,0.001970188944347056,0.024282213447217524
6840.0,46.1,2025-11-19 15:11:09,0,2025-12-11,6602.990234375,0.08333333333333333,2512,0.045,out,6627.109445923378,0.0012466094407202755,0.1608147130094058,0.0021551143266914626,0.03161900351107194
7090.0,1.35,2025-11-20 20:58:34,0,2025-12-12,6602.990234375,0.08333333333333333,2512,0.045,out,6627.109445923378,0.0012466094407202755,0.11040639882493435,0.001015797741790872,0.06751661242064894
7110.0,1.52,2025-11-20 20:58:54,0,2025-12-12,6602.990234375,0.08333333333333333,2512,0.045,out,6627.109445923378,0.0012466094407202755,0.11631434158723312,0.0011274188382392957,0.07033351569176217
7125.0,1.95,2025-11-19 18:49:28,0,2025-12-11,6602.990234375,0.08333333333333333,2512,0.045,out,6627.109445923378,0.0012466094407202755,0.12383134294270809,0.0012778501245828816,0.072440998031327
5880.0,906.57,2025-11-05 14:36:17,0,2025-11-28,6602.990234375,0.0873015873015873,2511,0.045,in,6609.601643150545,0.03353658852695852,0.5947275532745886,0.030878646737014,-0.11696662435039948
6300.0,396.13,2025-11-19 16:32:30,0,2025-12-12,6602.990234375,0.0873015873015873,2512,0.045,in,6627.109445923378,0.003235399920687533,0.24876820196149807,0.005402712709354949,-0.050619094725900225
6350.0,402.92,2025-11-17 18:13:53,0,2025-12-10,6602.990234375,0.0873015873015873,2512,0.045,in,6627.109445923378,0.003235399920687533,0.3134141648889151,0.008575498621295053,-0.04271391521878698
6450.0,396.01,2025-11-10 17:56:48,0,2025-12-03,6602.990234375,0.0873015873015873,2512,0.045,in,6627.109445923378,0.003235399920687533,0.38891677702344934,0.013204911539312551,-0.027088597315706085
5400.0,1263.1,2025-11-07 17:55:48,0,2025-12-01,6602.990234375,0.09126984126984126,2512,0.045,in,6627.109445923378,0.005051252098048943,0.5066642832283582,0.023429761927317612,-0.20476977455315856
5475.0,1312.25,2025-11-04 14:38:27,0,2025-11-28,6602.990234375,0.09126984126984126,2511,0.045,in,6609.601643150545,0.03403499772143859,0.7726552135826326,0.05448773737602278,-0.1883311105583705
5760.0,1031.51,2025-11-04 14:38:27,0,2025-11-28,6602.990234375,0.09126984126984126,2511,0.045,in,6609.601643150545,0.03403499772143859,0.6455385543043254,0.038033970544231445,-0.13758591155313515
6000.0,676.52,2025-11-18 14:41:58,0,2025-12-12,6602.990234375,0.09126984126984126,2512,0.045,in,6627.109445923378,0.005051252098048943,0.323329586741297,0.009541533723146239,-0.09940925889533228
6050.0,593.27,2025-11-21 21:09:20,0,2025-12-15,6602.990234375,0.09126984126984126,2512,0.045,in,6627.109445923378,0.005051252098048943,0.21776197126770672,0.0043280410753934245,-0.09111045608063709
6100.0,540.03,2025-11-18 16:13:51,0,2025-12-12,6602.990234375,0.09126984126984126,2512,0.045,in,6627.109445923378,0.005051252098048943,0.19061111321523577,0.003316070313755884,-0.08287995694412166
6175.0,530.6,2025-11-18 18:11:25,0,2025-12-12,6602.990234375,0.09126984126984126,2512,0.045,in,6627.109445923378,0.005051252098048943,0.3105798285700902,0.008803873365223858,-0.07065984560934631
6475.0,255.04,2025-11-21 19:41:38,0,2025-12-15,6602.990234375,0.09126984126984126,2512,0.045,in,6627.109445923378,0.005051252098048943,0.21172918474457583,0.004091558319324852,-0.023220120537785834
6480.0,226.66,2025-11-18 17:31:28,0,2025-12-12,6602.990234375,0.09126984126984126,2512,0.045,in,6627.109445923378,0.005051252098048943,0.17707401009776813,0.002861784588088902,-0.022448217759203876
6550.0,183.64,2025-11-21 17:31:37,0,2025-12-15,6602.990234375,0.09126984126984126,2512,0.045,in,6627.109445923378,0.005051252098048943,0.1771607357701095,0.0028645885113807563,-0.011703678476226718
6575.0,126.45,2025-11-17 14:52:38,0,2025-12-11,6602.990234375,0.09126984126984126,2512,0.045,in,6627.109445923378,0.005051252098048943,0.12177538950305761,0.0013534628818979843,-0.007894150059558978
6575.0,157.02,2025-11-21 15:29:22,0,2025-12-15,6602.990234375,0.09126984126984126,2512,0.045,in,6627.109445923378,0.005051252098048943,0.1611175494141492,0.0023692614633812645,-0.007894150059558978
6600.0,138.54,2025-11-21 21:02:35,0,2025-12-15,6602.990234375,0.09126984126984126,2512,0.045,in,6627.109445923378,0.005051252098048943,0.15484311525150757,0.00218832134062781,-0.004099079091007326
6625.0,125.05,2025-11-21 20:29:25,0,2025-12-15,6602.990234375,0.09126984126984126,2512,0.045,out,6627.109445923378,0.005051252098048943,0.15395388753626296,0.0021632594770363135,-0.0003183562511013513
6650.0,129.1,2025-11-21 19:42:36,0,2025-12-15,6602.990234375,0.09126984126984126,2512,0.045,out,6627.109445923378,0.005051252098048943,0.17411212432050915,0.0027668481437071826,0.003448126544375444
6670.0,96.98,2025-11-21 21:02:35,0,2025-12-15,6602.990234375,0.09126984126984126,2512,0.045,out,6627.109445923378,0.005051252098048943,0.14500549980230096,0.0019190939856232037,0.006451131804145099
6675.0,98.82,2025-11-21 20:42:20,0,2025-12-15,6602.990234375,0.09126984126984126,2512,0.045,out,6627.109445923378,0.005051252098048943,0.1500726600202441,0.0020555614109828996,0.00720047616292594
6680.0,87.88,2025-11-21 20:53:40,0,2025-12-15,6602.990234375,0.09126984126984126,2512,0.045,out,6627.109445923378,0.005051252098048943,0.13888352519406721,0.0017604705242762512,0.007949259425167035
6690.0,93.09,2025-11-21 20:26:19,0,2025-12-15,6602.990234375,0.09126984126984126,2512,0.045,out,6627.109445923378,0.005051252098048943,0.15081048176575354,0.0020758231446017053,0.009445146016749907
6700.0,87.69,2025-11-21 20:10:39,0,2025-12-15,6602.990234375,0.09126984126984126,2512,0.045,out,6627.109445923378,0.005051252098048943,0.14907566190832147,0.0020283401523345074,0.01093879827353313
6710.0,82.61,2025-11-21 19:35:32,0,2025-12-15,6602.990234375,0.09126984126984126,2512,0.045,out,6627.109445923378,0.005051252098048943,0.14756480374706502,0.0019874346825909752,0.012430222860203106
6720.0,68.3,2025-11-21 18:24:54,0,2025-12-15,6602.990234375,0.09126984126984126,2512,0.045,out,6627.109445923378,0.005051252098048943,0.1337370331987284,0.0016324153298505912,0.013919426411671005
6725.0,78.38,2025-11-21 20:19:31,0,2025-12-15,6602.990234375,0.09126984126984126,2512,0.045,out,6627.109445923378,0.005051252098048943,0.14938613860985145,0.0020367977119107946,0.014663197364515598
6730.0,66.08,2025-11-21 20:54:27,0,2025-12-15,6602.990234375,0.09126984126984126,2512,0.045,out,6627.109445923378,0.005051252098048943,0.13549348037132922,0.001675575849730646,0.015406415533249194
6740.0,62.27,2025-11-21 21:02:35,0,2025-12-15,6602.990234375,0.09126984126984126,2512,0.045,out,6627.109445923378,0.005051252098048943,0.1349638249116148,0.0016625015190467433,0.016891196800828352
6750.0,55.37,2025-11-21 20:53:40,0,2025-12-15,6602.990234375,0.09126984126984126,2512,0.045,out,6627.109445923378,0.005051252098048943,0.1299804942184525,0.0015419974768939794,0.01837377676105129
6760.0,57.76,2025-11-21 20:42:05,0,2025-12-15,6602.990234375,0.09126984126984126,2512,0.045,out,6627.109445923378,0.005051252098048943,0.13763618738905536,0.0017289903246701932,0.019854161931485485
6775.0,58.07,2025-11-21 19:55:12,0,2025-12-15,6602.990234375,0.09126984126984126,2512,0.045,out,6627.109445923378,0.005051252098048943,0.14448972439122917,0.0019054660732421725,0.02207063864237747
6780.0,53.3,2025-11-21 18:24:28,0,2025-12-15,6602.990234375,0.09126984126984126,2512,0.045,out,6627.109445923378,0.005051252098048943,0.13982510309198473,0.0017844220930862524,0.02280837382891704
6800.0,39.1,2025-11-21 21:07:28,0,2025-12-15,6602.990234375,0.09126984126984126,2512,0.045,out,6627.109445923378,0.005051252098048943,0.1267640566523614,0.0014666265847466313,0.02575388405867371
6810.0,44.95,2025-11-21 16:08:04,0,2025-12-15,6602.990234375,0.09126984126984126,2512,0.045,out,6627.109445923378,0.005051252098048943,0.1395556221307251,0.0017775505887728399,0.02722339203803384
6820.0,38.67,2025-11-21 16:08:04,0,2025-12-15,6602.990234375,0.09126984126984126,2512,0.045,out,6627.109445923378,0.005051252098048943,0.13362611466621027,0.0016297086745162897,0.028690743731983503
6825.0,34.03,2025-11-21 20:45:01,0,2025-12-15,6602.990234375,0.09126984126984126,2512,0.045,out,6627.109445923378,0.005051252098048943,0.12798810968261798,0.0014950872740594704,0.029423612947636166
6830.0,37.66,2025-11-21 17:45:28,0,2025-12-15,6602.990234375,0.09126984126984126,2512,0.045,out,6627.109445923378,0.005051252098048943,0.1357021096682153,0.0016807398375924588,0.030155945459311394
6840.0,33.67,2025-11-21 17:29:38,0,2025-12-15,6602.990234375,0.09126984126984126,2512,0.045,out,6627.109445923378,0.005051252098048943,0.13275862865008017,0.0016086175796196324,0.03161900351107194
6850.0,24.8,2025-11-21 21:03:24,0,2025-12-15,6602.990234375,0.09126984126984126,2512,0.045,out,6627.109445923378,0.005051252098048943,0.12065670867956373,0.0013287101231581645,0.033079924150746697
6860.0,26.95,2025-11-21 20:14:36,0,2025-12-15,6602.990234375,0.09126984126984126,2512,0.045,out,6627.109445923378,0.005051252098048943,0.12792665054563884,0.0014936517545872936,0.03453871361440656
6870.0,24.63,2025-11-21 20:17:31,0,2025-12-15,6602.990234375,0.09126984126984126,2512,0.045,out,6627.109445923378,0.005051252098048943,0.1269073972279915,0.00146994528506831,0.03599537811087082
6875.0,27.67,2025-11-21 19:43:16,0,2025-12-15,6602.990234375,0.09126984126984126,2512,0.045,out,6627.109445923378,0.005051252098048943,0.1342253348059065,0.001644357665025504,0.036722915429247806
6880.0,23.92,2025-11-21 17:35:02,0,2025-12-15,6602.990234375,0.09126984126984126,2512,0.045,out,6627.109445923378,0.005051252098048943,0.12877341262550993,0.0015134905213573663,0.03744992382186507
6890.0,22.9,2025-11-21 19:02:59,0,2025-12-15,6602.990234375,0.09126984126984126,2512,0.045,out,6627.109445923378,0.005051252098048943,0.12994753054643485,0.00154121546026858,0.03890235690217991
6900.0,16.16,2025-11-21 20:44:19,0,2025-12-15,6602.990234375,0.09126984126984126,2512,0.045,out,6627.109445923378,0.005051252098048943,0.11867519581900583,0.0012854263823874037,0.040352683479826554
6910.0,14.5,2025-11-21 20:44:19,0,2025-12-15,6602.990234375,0.09126984126984126,2512,0.045,out,6627.109445923378,0.005051252098048943,0.11767437156449523,0.0012638370144098187,0.041800909656191314
7000.0,6.11,2025-11-21 20:07:22,0,2025-12-15,6602.990234375,0.09126984126984126,2512,0.045,out,6627.109445923378,0.005051252098048943,0.11552383797271727,0.00121806513578878,0.0547414209319261
7025.0,4.9,2025-11-21 15:02:28,0,2025-12-15,6602.990234375,0.09126984126984126,2512,0.045,out,6627.109445923378,0.005051252098048943,0.11596356497522674,0.0012273556080974744,0.0583064870964223
7050.0,3.51,2025-11-21 20:07:22,0,2025-12-15,6602.990234375,0.09126984126984126,2512,0.045,out,6627.109445923378,0.005051252098048943,0.1140861773405429,0.0011879368443813074,0.06185888870078995
7075.0,2.92,2025-11-21 17:56:32,0,2025-12-15,6602.990234375,0.09126984126984126,2512,0.045,out,6627.109445923378,0.005051252098048943,0.1155739501598779,0.0012191221149913992,0.06539871540591402
7100.0,2.8,2025-11-21 19:43:33,0,2025-12-15,6602.990234375,0.09126984126984126,2512,0.045,out,6627.109445923378,0.005051252098048943,0.11985053729271974,0.0013110138081552894,0.06892605592388247
7125.0,1.9,2025-11-21 19:55:13,0,2025-12-15,6602.990234375,0.09126984126984126,2512,0.045,out,6627.109445923378,0.005051252098048943,0.11736226420846714,0.0012571417634252978,0.072440998031327
7150.0,1.95,2025-11-21 19:41:47,0,2025-12-15,6602.990234375,0.09126984126984126,2512,0.045,out,6627.109445923378,0.005051252098048943,0.12263365594744477,0.0013726083814834676,0.0759436285825291
5200.0,1604.22,2025-11-10 14:30:05,0,2025-12-05,6602.990234375,0.09523809523809523,2512,0.045,in,6627.109445923378,0.006715783260630236,0.9192178871714578,0.08047252610437704,-0.24251010253600558
5300.0,1504.32,2025-11-10 14:30:05,0,2025-12-05,6602.990234375,0.09523809523809523,2512,0.045,in,6627.109445923378,0.006715783260630236,0.8709460831501332,0.07224257902424369,-0.22346190756531104
5800.0,1055.0,2025-11-03 15:18:28,0,2025-11-28,6602.990234375,0.09523809523809523,2511,0.045,in,6609.601643150545,0.034491872816378645,0.7161889069449505,0.04885014766009552,-0.13066546870856138
5875.0,993.42,2025-10-31 15:38:28,0,2025-11-25,6602.990234375,0.09523809523809523,2511,0.045,in,6609.601643150545,0.034491872816378645,0.6995790870659647,0.04661056181524272,-0.11781732623071234
6375.0,309.3,2025-11-21 19:59:43,0,2025-12-16,6602.990234375,0.09523809523809523,2512,0.045,in,6627.109445923378,0.006715783260630236,0.18563072279793608,0.0032817871663318268,-0.03878463707889737
6425.0,279.0,2025-11-20 17:26:27,0,2025-12-15,6602.990234375,0.09523809523809523,2512,0.045,in,6627.109445923378,0.006715783260630236,0.1938456878746996,0.003578681019772901,-0.030972097342103752
6425.0,237.6,2025-11-21 15:17:30,0,2025-12-16,6602.990234375,0.09523809523809523,2512,0.045,in,6627.109445923378,0.006715783260630236,0.13020714289583035,0.001614657148675732,-0.030972097342103752
6450.0,230.4,2025-11-21 16:32:18,0,2025-12-16,6602.990234375,0.09523809523809523,2512,0.045,in,6627.109445923378,0.006715783260630236,0.14836063863475268,0.002096274199629683,-0.027088597315706085
6500.0,189.8,2025-11-20 17:35:45,0,2025-12-15,6602.990234375,0.09523809523809523,2512,0.045,in,6627.109445923378,0.006715783260630236,0.1398131444578486,0.0018616871774467844,-0.01936655122179581
6510.0,232.96,2025-11-07 18:14:07,0,2025-12-02,6602.990234375,0.09523809523809523,2512,0.045,in,6627.109445923378,0.006715783260630236,0.20559904300462223,0.00402580633184919,-0.017829271902909324
6650.0,119.1,2025-11-21 17:52:38,0,2025-12-16,6602.990234375,0.09523809523809523,2512,0.045,out,6627.109445923378,0.006715783260630236,0.15745899883655634,0.0023612701252010144,0.003448126544375444
6675.0,112.0,2025-11-21 19:55:06,0,2025-12-16,6602.990234375,0.09523809523809523,2512,0.045,out,6627.109445923378,0.006715783260630236,0.16259491483427813,0.0025178196504729673,0.00720047616292594
6700.0,102.8,2025-11-21 19:18:20,0,2025-12-16,6602.990234375,0.09523809523809523,2512,0.045,out,6627.109445923378,0.006715783260630236,0.1642711571002817,0.002570001243339565,0.01093879827353313
6720.0,82.39,2025-11-21 20:26:19,0,2025-12-16,6602.990234375,0.09523809523809523,2512,0.045,out,6627.109445923378,0.006715783260630236,0.14842734882494113,0.002098159798019119,0.013919426411671005
6750.0,81.42,2025-11-21 19:20:38,0,2025-12-16,6602.990234375,0.09523809523809523,2512,0.045,out,6627.109445923378,0.006715783260630236,0.16117028996739682,0.002473891654111883,0.01837377676105129
6770.0,47.97,2025-11-20 20:32:58,0,2025-12-15,6602.990234375,0.09523809523809523,2512,0.045,out,6627.109445923378,0.006715783260630236,0.12486055934713824,0.0014847770743314506,0.021332358800796317
6770.0,57.93,2025-11-21 18:41:41,0,2025-12-16,6602.990234375,0.09523809523809523,2512,0.045,out,6627.109445923378,0.006715783260630236,0.1386698882332551,0.0018313655145355675,0.021332358800796317
6775.0,46.6,2025-11-21 15:29:52,0,2025-12-16,6602.990234375,0.09523809523809523,2512,0.045,out,6627.109445923378,0.006715783260630236,0.12493531635273142,0.0014865555497292455,0.02207063864237747
6790.0,47.0,2025-11-20 18:56:24,0,2025-12-15,6602.990234375,0.09523809523809523,2512,0.045,out,6627.109445923378,0.006715783260630236,0.13144482643278774,0.0016454992758043517,0.024282213447217524
6810.0,41.02,2025-11-21 20:30:17,0,2025-12-16,6602.990234375,0.09523809523809523,2512,0.045,out,6627.109445923378,0.006715783260630236,0.13027512564872568,0.0016163436535991677,0.02722339203803384
6820.0,36.0,2025-11-21 20:50:01,0,2025-12-16,6602.990234375,0.09523809523809523,2512,0.045,out,6627.109445923378,0.006715783260630236,0.12620530102710129,0.0015169312387944048,0.028690743731983503
6830.0,34.75,2025-11-21 20:30:19,0,2025-12-16,6602.990234375,0.09523809523809523,2512,0.045,out,6627.109445923378,0.006715783260630236,0.1277850144082128,0.001555143800695919,0.030155945459311394
6840.0,34.88,2025-11-21 20:47:19,0,2025-12-16,6602.990234375,0.09523809523809523,2512,0.045,out,6627.109445923378,0.006715783260630236,0.1315095753283217,0.0016471208002890967,0.03161900351107194
6850.0,29.11,2025-11-21 20:51:14,0,2025-12-16,6602.990234375,0.09523809523809523,2512,0.045,out,6627.109445923378,0.006715783260630236,0.12530582121928432,0.001495385602994214,0.033079924150746697
6860.0,28.9,2025-11-21 20:47:58,0,2025-12-16,6602.990234375,0.09523809523809523,2512,0.045,out,6627.109445923378,0.006715783260630236,0.12827105539786174,0.0015669965383696492,0.03453871361440656
6900.0,17.3,2025-11-21 19:18:19,0,2025-12-16,6602.990234375,0.09523809523809523,2512,0.045,out,6627.109445923378,0.006715783260630236,0.11833712529681789,0.0013336833546204547,0.040352683479826554
6910.0,14.0,2025-11-21 07:33:25,0,2025-12-16,6602.990234375,0.09523809523809523,2512,0.045,out,6627.109445923378,0.006715783260630236,0.11365930236296054,0.001230327334631894,0.041800909656191314
6925.0,14.51,2025-11-20 18:10:29,0,2025-12-15,6602.990234375,0.09523809523809523,2512,0.045,out,6627.109445923378,0.006715783260630236,0.11906171750253972,0.0013500659594909115,0.04396932395001488
6925.0,12.1,2025-11-21 14:49:02,0,2025-12-16,6602.990234375,0.09523809523809523,2512,0.045,out,6627.109445923378,0.006715783260630236,0.11302760852135887,0.0012166895512435768,0.04396932395001488
6950.0,12.85,2025-11-20 20:36:18,0,2025-12-15,6602.990234375,0.09523809523809523,2512,0.045,out,6627.109445923378,0.006715783260630236,0.12169724468986753,0.0014104970823909991,0.04757293145331348
6950.0,12.94,2025-11-21 20:04:14,0,2025-12-16,6602.990234375,0.09523809523809523,2512,0.045,out,6627.109445923378,0.006715783260630236,0.12193303673659436,0.0014159681378864448,0.04757293145331348
6975.0,11.1,2025-11-20 20:40:18,0,2025-12-15,6602.990234375,0.09523809523809523,2512,0.045,out,6627.109445923378,0.006715783260630236,0.12343337079784662,0.0014510282882398758,0.05116359958404208
6975.0,8.25,2025-11-21 16:22:12,0,2025-12-16,6602.990234375,0.09523809523809523,2512,0.045,out,6627.109445923378,0.006715783260630236,0.11462489975217711,0.0012513207279234906,0.05116359958404208
7000.0,7.67,2025-11-21 20:04:14,0,2025-12-16,6602.990234375,0.09523809523809523,2512,0.045,out,6627.109445923378,0.006715783260630236,0.11868559676249742,0.0013415496075114416,0.0547414209319261
7050.0,4.49,2025-11-21 20:04:14,0,2025-12-16,6602.990234375,0.09523809523809523,2512,0.045,out,6627.109445923378,0.006715783260630236,0.11672482412992555,0.0012975890064916237,0.06185888870078995
7150.0,2.41,2025-11-21 19:18:36,0,2025-12-16,6602.990234375,0.09523809523809523,2512,0.045,out,6627.109445923378,0.006715783260630236,0.12386175380060077,0.0014611175290057752,0.0759436285825291
6425.0,238.67,2025-11-21 16:10:34,0,2025-12-17,6602.990234375,0.0992063492063492,2512,0.045,in,6627.109445923378,0.008247151930205032,0.12787790815733435,0.0016222975589975832,-0.030972097342103752
6500.0,226.4,2025-11-21 15:47:42,0,2025-12-17,6602.990234375,0.0992063492063492,2512,0.045,in,6627.109445923378,0.008247151930205032,0.1843094136212754,0.003370035709267696,-0.01936655122179581
6650.0,121.41,2025-11-21 20:33:46,0,2025-12-17,6602.990234375,0.0992063492063492,2512,0.045,out,6627.109445923378,0.008247151930205032,0.15639581123838975,0.00242655255683671,0.003448126544375444
6725.0,116.7,2025-11-20 16:19:58,0,2025-12-16,6602.990234375,0.0992063492063492,2512,0.045,out,6627.109445923378,0.008247151930205032,0.18973170640919526,0.0035712421048556607,0.014663197364515598
6725.0,90.31,2025-11-21 18:56:54,0,2025-12-17,6602.990234375,0.0992063492063492,2512,0.045,out,6627.109445923378,0.008247151930205032,0.15709177252339632,0.002448196924061755,0.014663197364515598
6740.0,67.52,2025-11-20 18:47:00,0,2025-12-16,6602.990234375,0.0992063492063492,2512,0.045,out,6627.109445923378,0.008247151930205032,0.13517355376903428,0.001812687464141865,0.016891196800828352
6770.0,68.33,2025-11-21 19:47:38,0,2025-12-17,6602.990234375,0.0992063492063492,2512,0.045,out,6627.109445923378,0.008247151930205032,0.14915663914999797,0.002207113393107411,0.021332358800796317
6775.0,66.13,2025-11-21 19:47:38,0,2025-12-17,6602.990234375,0.0992063492063492,2512,0.045,out,6627.109445923378,0.008247151930205032,0.14835324744255168,0.0021834013915427546,0.02207063864237747
6800.0,54.52,2025-11-20 20:56:50,0,2025-12-16,6602.990234375,0.0992063492063492,2512,0.045,out,6627.109445923378,0.008247151930205032,0.14271569767389666,0.0020206121391415748,0.02575388405867371
6800.0,44.5,2025-11-21 18:11:19,0,2025-12-17,6602.990234375,0.0992063492063492,2512,0.045,out,6627.109445923378,0.008247151930205032,0.12856476787888507,0.0016397717797372615,0.02575388405867371
6810.0,49.52,2025-11-21 17:30:29,0,2025-12-17,6602.990234375,0.0992063492063492,2512,0.045,out,6627.109445923378,0.008247151930205032,0.1395247194412369,0.0019312646165829234,0.02722339203803384
6825.0,29.25,2025-11-20 20:56:50,0,2025-12-16,6602.990234375,0.0992063492063492,2512,0.045,out,6627.109445923378,0.008247151930205032,0.11427997021244952,0.0012956261499760268,0.029423612947636166
6825.0,34.43,2025-11-21 15:18:47,0,2025-12-17,6602.990234375,0.0992063492063492,2512,0.045,out,6627.109445923378,0.008247151930205032,0.12254296981223198,0.0014897598661112695,0.029423612947636166
6850.0,36.37,2025-11-21 17:39:50,0,2025-12-17,6602.990234375,0.0992063492063492,2512,0.045,out,6627.109445923378,0.008247151930205032,0.13422313599886126,0.0017872867298976988,0.033079924150746697
6860.0,33.57,2025-11-21 17:39:50,0,2025-12-17,6602.990234375,0.0992063492063492,2512,0.045,out,6627.109445923378,0.008247151930205032,0.13308748539577325,0.0017571705127946587,0.03453871361440656
6890.0,17.57,2025-11-20 20:45:43,0,2025-12-16,6602.990234375,0.0992063492063492,2512,0.045,out,6627.109445923378,0.008247151930205032,0.11328859831215275,0.0012732446932075692,0.03890235690217991
6900.0,18.1,2025-11-21 19:22:48,0,2025-12-17,6602.990234375,0.0992063492063492,2512,0.045,out,6627.109445923378,0.008247151930205032,0.1172844621421678,0.0013646473273787292,0.040352683479826554
6910.0,21.6,2025-11-21 20:04:43,0,2025-12-17,6602.990234375,0.0992063492063492,2512,0.045,out,6627.109445923378,0.008247151930205032,0.12734137816242228,0.001608712955585817,0.041800909656191314
6925.0,17.1,2025-11-21 20:25:09,0,2025-12-17,6602.990234375,0.0992063492063492,2512,0.045,out,6627.109445923378,0.008247151930205032,0.12223079934774209,0.0014821793957527764,0.04396932395001488
6950.0,17.0,2025-11-21 19:08:15,0,2025-12-17,6602.990234375,0.0992063492063492,2512,0.045,out,6627.109445923378,0.008247151930205032,0.12893392849283705,0.0016492021742654781,0.04757293145331348
6975.0,14.7,2025-11-21 16:26:44,0,2025-12-17,6602.990234375,0.0992063492063492,2512,0.045,out,6627.109445923378,0.008247151930205032,0.13016696369379013,0.0016808966703631427,0.05116359958404208
7025.0,4.6,2025-11-20 18:38:46,0,2025-12-16,6602.990234375,0.0992063492063492,2512,0.045,out,6627.109445923378,0.008247151930205032,0.10929140380913367,0.0011849812446995155,0.0583064870964223
7050.0,5.55,2025-11-21 16:48:08,0,2025-12-17,6602.990234375,0.0992063492063492,2512,0.045,out,6627.109445923378,0.008247151930205032,0.11903627318517042,0.0014057176918466786,0.06185888870078995
7100.0,3.71,2025-11-20 20:58:05,0,2025-12-16,6602.990234375,0.0992063492063492,2512,0.045,out,6627.109445923378,0.008247151930205032,0.12025041785098353,0.0014345399794976328,0.06892605592388247
7100.0,2.45,2025-11-21 16:13:21,0,2025-12-17,6602.990234375,0.0992063492063492,2512,0.045,out,6627.109445923378,0.008247151930205032,0.11193384481774508,0.0012429747634606187,0.06892605592388247
7125.0,1.55,2025-11-21 20:56:15,0,2025-12-17,6602.990234375,0.0992063492063492,2512,0.045,out,6627.109445923378,0.008247151930205032,0.10870591705021303,0.0011723190874729954,0.072440998031327
6000.0,764.32,2025-11-14 20:43:38,0,2025-12-11,6602.990234375,0.10317460317460317,2512,0.045,in,6627.109445923378,0.009660723009812529,0.4545231198043271,0.021314971933940975,-0.09940925889533228
6025.0,658.19,2025-11-07 17:43:25,0,2025-12-04,6602.990234375,0.10317460317460317,2512,0.045,in,6627.109445923378,0.009660723009812529,0.3034421102171841,0.009500019724521826,-0.09525124874666854
6400.0,330.64,2025-11-18 17:56:31,0,2025-12-15,6602.990234375,0.10317460317460317,2512,0.045,in,6627.109445923378,0.009660723009812529,0.2314928935938869,0.005529019660302526,-0.03487073775776112
6460.0,262.18,2025-11-07 17:02:10,0,2025-12-04,6602.990234375,0.10317460317460317,2512,0.045,in,6627.109445923378,0.009660723009812529,0.1930639780182445,0.0038456991659284083,-0.0255394103288768
6500.0,231.94,2025-11-21 17:31:37,0,2025-12-18,6602.990234375,0.10317460317460317,2512,0.045,in,6627.109445923378,0.009660723009812529,0.18683699965948827,0.0036016256963720245,-0.01936655122179581
6525.0,178.5,2025-11-21 16:17:00,0,2025-12-18,6602.990234375,0.10317460317460317,2512,0.045,in,6627.109445923378,0.009660723009812529,0.13881743309922454,0.0019882034644392844,-0.01552777491463009
6550.0,161.42,2025-11-21 15:20:07,0,2025-12-18,6602.990234375,0.10317460317460317,2512,0.045,in,6627.109445923378,0.009660723009812529,0.13676758243351453,0.0019299192925492578,-0.011703678476226718
6600.0,151.34,2025-11-21 21:14:43,0,2025-12-18,6602.990234375,0.10317460317460317,2512,0.045,in,6627.109445923378,0.009660723009812529,0.15865882050109564,0.0025971752158443296,-0.004099079091007326
6630.0,143.38,2025-11-21 17:40:34,0,2025-12-18,6602.990234375,0.10317460317460317,2512,0.045,out,6627.109445923378,0.009660723009812529,0.16732474759124039,0.0028886382939217457,0.0004360760743839572
6650.0,122.6,2025-11-21 21:05:25,0,2025-12-18,6602.990234375,0.10317460317460317,2512,0.045,out,6627.109445923378,0.009660723009812529,0.15410924371070225,0.00245036164255635,0.003448126544375444
6670.0,176.24,2025-11-20 15:14:35,0,2025-12-17,6602.990234375,0.10317460317460317,2512,0.045,out,6627.109445923378,0.009660723009812529,0.2284245264812431,0.005383420126002712,0.006451131804145099
6675.0,122.89,2025-11-21 18:04:37,0,2025-12-18,6602.990234375,0.10317460317460317,2512,0.045,out,6627.109445923378,0.009660723009812529,0.16790450718011096,0.0029086905230805327,0.00720047616292594
6690.0,109.5,2025-11-19 17:22:23,0,2025-12-16,6602.990234375,0.10317460317460317,2512,0.045,out,6627.109445923378,0.009660723009812529,0.1596875321929755,0.0026309635174005842,0.009445146016749907
6700.0,105.68,2025-11-21 16:59:52,0,2025-12-18,6602.990234375,0.10317460317460317,2512,0.045,out,6627.109445923378,0.009660723009812529,0.16010561901825252,0.002644758096316124,0.01093879827353313
6720.0,144.2,2025-11-20 15:09:32,0,2025-12-17,6602.990234375,0.10317460317460317,2512,0.045,out,6627.109445923378,0.009660723009812529,0.2160545408059591,0.004816145554264761,0.013919426411671005
6720.0,90.66,2025-11-21 16:57:39,0,2025-12-18,6602.990234375,0.10317460317460317,2512,0.045,out,6627.109445923378,0.009660723009812529,0.15158530091345926,0.0023707567054707295,0.013919426411671005
6725.0,81.11,2025-11-21 21:14:43,0,2025-12-18,6602.990234375,0.10317460317460317,2512,0.045,out,6627.109445923378,0.009660723009812529,0.1422261245072612,0.002087043780957258,0.014663197364515598
6730.0,71.89,2025-11-20 18:58:23,0,2025-12-17,6602.990234375,0.10317460317460317,2512,0.045,out,6627.109445923378,0.009660723009812529,0.13309749518680597,0.0018277322375001895,0.015406415533249194
6730.0,70.21,2025-11-21 14:32:16,0,2025-12-18,6602.990234375,0.10317460317460317,2512,0.045,out,6627.109445923378,0.009660723009812529,0.13100866568900174,0.0017708136215314608,0.015406415533249194
6740.0,90.0,2025-11-20 18:05:50,0,2025-12-17,6602.990234375,0.10317460317460317,2512,0.045,out,6627.109445923378,0.009660723009812529,0.15996543535000876,0.002640128782439141,0.016891196800828352
6750.0,126.2,2025-11-20 15:07:54,0,2025-12-17,6602.990234375,0.10317460317460317,2512,0.045,out,6627.109445923378,0.009660723009812529,0.20872648452837053,0.004494981662432043,0.01837377676105129
6750.0,75.8,2025-11-21 20:23:47,0,2025-12-18,6602.990234375,0.10317460317460317,2512,0.045,out,6627.109445923378,0.009660723009812529,0.14676462707004423,0.0022223660703739605,0.01837377676105129
6760.0,66.0,2025-11-21 18:04:52,0,2025-12-18,6602.990234375,0.10317460317460317,2512,0.045,out,6627.109445923378,0.009660723009812529,0.13860854255219943,0.0019822243245220905,0.019854161931485485
6780.0,72.52,2025-11-20 17:08:25,0,2025-12-17,6602.990234375,0.10317460317460317,2512,0.045,out,6627.109445923378,0.009660723009812529,0.15528218285100215,0.002487803428909816,0.02280837382891704
6800.0,54.76,2025-11-21 20:18:18,0,2025-12-18,6602.990234375,0.10317460317460317,2512,0.045,out,6627.109445923378,0.009660723009812529,0.1398062260532528,0.0020166281822404115,0.02575388405867371
6825.0,47.3,2025-11-21 17:13:26,0,2025-12-18,6602.990234375,0.10317460317460317,2512,0.045,out,6627.109445923378,0.009660723009812529,0.1387296237882766,0.0019856889739180788,0.029423612947636166
6850.0,37.9,2025-11-21 20:36:00,0,2025-12-18,6602.990234375,0.10317460317460317,2512,0.045,out,6627.109445923378,0.009660723009812529,0.13357207091661016,0.0018407894894950406,0.033079924150746697
6870.0,26.94,2025-11-20 17:46:39,0,2025-12-17,6602.990234375,0.10317460317460317,2512,0.045,out,6627.109445923378,0.009660723009812529,0.12227984403823211,0.0015427038361443396,0.03599537811087082
6875.0,30.0,2025-11-20 19:37:18,0,2025-12-17,6602.990234375,0.10317460317460317,2512,0.045,out,6627.109445923378,0.009660723009812529,0.12906644457376235,0.0017186977182052133,0.036722915429247806
6875.0,31.02,2025-11-21 20:36:06,0,2025-12-18,6602.990234375,0.10317460317460317,2512,0.045,out,6627.109445923378,0.009660723009812529,0.1307750884693365,0.0017645048328104463,0.036722915429247806
6900.0,20.8,2025-11-21 21:09:23,0,2025-12-18,6602.990234375,0.10317460317460317,2512,0.045,out,6627.109445923378,0.009660723009812529,0.12005646816906809,0.001487112874126952,0.040352683479826554
6925.0,24.2,2025-11-21 19:48:48,0,2025-12-18,6602.990234375,0.10317460317460317,2512,0.045,out,6627.109445923378,0.009660723009812529,0.133878726459432,0.001849251382374543,0.04396932395001488
6950.0,13.0,2025-11-21 20:54:04,0,2025-12-18,6602.990234375,0.10317460317460317,2512,0.045,out,6627.109445923378,0.009660723009812529,0.1166609887667773,0.0014041843007979984,0.04757293145331348
6975.0,16.21,2025-11-21 19:42:08,0,2025-12-18,6602.990234375,0.10317460317460317,2512,0.045,out,6627.109445923378,0.009660723009812529,0.13093513969287512,0.0017688265117706777,0.05116359958404208
7000.0,9.12,2025-11-20 20:18:16,0,2025-12-17,6602.990234375,0.10317460317460317,2512,0.045,out,6627.109445923378,0.009660723009812529,0.11819209870671017,0.0014412844329925187,0.0547414209319261
7000.0,7.4,2025-11-21 21:07:02,0,2025-12-18,6602.990234375,0.10317460317460317,2512,0.045,out,6627.109445923378,0.009660723009812529,0.11252437899718305,0.0013063695737549363,0.0547414209319261
7050.0,7.6,2025-11-21 18:55:43,0,2025-12-18,6602.990234375,0.10317460317460317,2512,0.045,out,6627.109445923378,0.009660723009812529,0.12454957286362994,0.0016005059468782907,0.06185888870078995
7075.0,6.07,2025-11-19 14:30:41,0,2025-12-16,6602.990234375,0.10317460317460317,2512,0.045,out,6627.109445923378,0.009660723009812529,0.1240254253110912,0.0015870633302123953,0.06539871540591402
7100.0,4.6,2025-11-21 18:54:28,0,2025-12-18,6602.990234375,0.10317460317460317,2512,0.045,out,6627.109445923378,0.009660723009812529,0.12246118698986094,0.0015472829376710628,0.06892605592388247
7150.0,5.55,2025-11-20 15:16:03,0,2025-12-17,6602.990234375,0.10317460317460317,2512,0.045,out,6627.109445923378,0.009660723009812529,0.1373682044243853,0.0019469071954613983,0.0759436285825291
5100.0,1635.32,2025-11-14 15:37:48,0,2025-12-12,6602.990234375,0.10714285714285714,2512,0.045,in,6627.109445923378,0.010969585120560212,0.7622084147800788,0.06224589295302435,-0.2619281883931072
5100.0,1549.9,2025-11-21 17:20:50,0,2025-12-19,6602.990234375,0.10714285714285714,2512,0.045,in,6627.109445923378,0.010969585120560212,0.5038435405345761,0.027199105000544684,-0.2619281883931072
5110.0,1757.4,2025-10-31 14:09:01,0,2025-11-28,6602.990234375,0.10714285714285714,2511,0.045,in,6609.601643150545,0.035659442503447686,1.023300371088626,0.1121939624432271,-0.257323982045322
5170.0,1706.23,2025-10-31 19:46:54,0,2025-11-28,6602.990234375,0.10714285714285714,2511,0.045,in,6609.601643150545,0.035659442503447686,1.0092873270042257,0.10914224019121445,-0.24565069774059725
5275.0,1362.48,2025-11-21 18:01:48,0,2025-12-19,6602.990234375,0.10714285714285714,2512,0.045,in,6627.109445923378,0.010969585120560212,0.3784262011846361,0.015343541758182287,-0.22819004876125704
5400.0,1240.16,2025-11-21 18:00:27,0,2025-12-19,6602.990234375,0.10714285714285714,2512,0.045,in,6627.109445923378,0.010969585120560212,0.3587705246555658,0.01379103100303178,-0.20476977455315856
5450.0,1197.62,2025-11-21 17:46:18,0,2025-12-19,6602.990234375,0.10714285714285714,2512,0.045,in,6627.109445923378,0.010969585120560212,0.38168124781204316,0.015608633028359818,-0.19555311944823459
5500.0,1154.34,2025-11-21 20:04:32,0,2025-12-19,6602.990234375,0.10714285714285714,2512,0.045,in,6627.109445923378,0.010969585120560212,0.3930929829365136,0.016555938560777805,-0.18642063588496194
5700.0,975.62,2025-11-21 16:18:11,0,2025-12-19,6602.990234375,0.10714285714285714,2512,0.045,in,6627.109445923378,0.010969585120560212,0.39129938870242414,0.016405201242738303,-0.15070255328288273
5750.0,890.39,2025-11-21 20:30:36,0,2025-12-19,6602.990234375,0.10714285714285714,2512,0.045,in,6627.109445923378,0.010969585120560212,0.25873286548571073,0.007172431680262166,-0.14196887331412816
5800.0,851.7,2025-11-21 17:17:33,0,2025-12-19,6602.990234375,0.10714285714285714,2512,0.045,in,6627.109445923378,0.010969585120560212,0.2904128725859095,0.009036389631814253,-0.13331081057101363
5825.0,829.36,2025-11-21 17:48:11,0,2025-12-19,6602.990234375,0.10714285714285714,2512,0.045,in,6627.109445923378,0.010969585120560212,0.29140840734666695,0.00909844927203439,-0.12900972867162297
5860.0,1021.98,2025-10-31 15:27:20,0,2025-11-28,6602.990234375,0.10714285714285714,2511,0.045,in,6609.601643150545,0.035659442503447686,0.6833507084729407,0.05003230615397892,-0.12037378267201378
5900.0,979.76,2025-10-31 19:49:57,0,2025-11-28,6602.990234375,0.10714285714285714,2511,0.045,in,6609.601643150545,0.035659442503447686,0.6609250074190005,0.04680234272483634,-0.11357103534926126
5950.0,704.25,2025-11-21 17:52:23,0,2025-12-19,6602.990234375,0.10714285714285714,2512,0.045,in,6627.109445923378,0.010969585120560212,0.2525694447401737,0.0068347847588956755,-0.10777750856584885
5940.0,944.76,2025-10-31 14:42:42,0,2025-11-28,6602.990234375,0.10714285714285714,2511,0.045,in,6609.601643150545,0.035659442503447686,0.6487637399244768,0.045095827525799374,-0.10681425288638147
5950.0,923.46,2025-10-31 13:43:03,0,2025-11-28,6602.990234375,0.10714285714285714,2511,0.045,in,6609.601643150545,0.035659442503447686,0.6279726634862807,0.04225174993779144,-0.10513216670339669
6000.0,645.69,2025-11-21 20:55:49,0,2025-12-19,6602.990234375,0.10714285714285714,2512,0.045,in,6627.109445923378,0.010969585120560212,0.21035674488164993,0.004741067155414666,-0.09940925889533228
6025.0,610.95,2025-11-21 16:48:00,0,2025-12-19,6602.990234375,0.10714285714285714,2512,0.045,in,6627.109445923378,0.010969585120560212,0.15826659678932614,0.002683748106350908,-0.09525124874666854
6050.0,638.76,2025-11-21 18:53:13,0,2025-12-19,6602.990234375,0.10714285714285714,2512,0.045,in,6627.109445923378,0.010969585120560212,0.2979828048702352,0.009513616285535643,-0.09111045608063709
6060.0,606.57,2025-11-21 20:38:45,0,2025-12-19,6602.990234375,0.10714285714285714,2512,0.045,in,6627.109445923378,0.010969585120560212,0.24897408001043034,0.006641581341111446,-0.08945892804216418
6135.0,522.78,2025-11-21 16:52:57,0,2025-12-19,6602.990234375,0.10714285714285714,2512,0.045,in,6627.109445923378,0.010969585120560212,0.2043901370547556,0.004475928013420904,-0.0771586499605125
6155.0,726.45,2025-10-31 14:32:35,0,2025-11-28,6602.990234375,0.10714285714285714,2511,0.045,in,6609.601643150545,0.035659442503447686,0.5396735164886782,0.031205089757063105,-0.07125862662451826
6175.0,660.84,2025-11-13 15:01:20,0,2025-12-11,6602.990234375,0.10714285714285714,2512,0.045,in,6627.109445923378,0.010969585120560212,0.4692270949482391,0.023590078567881836,-0.07065984560934631
6210.0,506.0,2025-11-07 18:28:04,0,2025-12-05,6602.990234375,0.10714285714285714,2512,0.045,in,6627.109445923378,0.010969585120560212,0.2840738052588989,0.008646206446529017,-0.06500783217799985
6225.0,429.34,2025-11-21 16:36:21,0,2025-12-19,6602.990234375,0.10714285714285714,2512,0.045,in,6627.109445923378,0.010969585120560212,0.16798368888467588,0.0030234128283539545,-0.06259528577261593
6300.0,343.22,2025-11-21 15:03:37,0,2025-12-19,6602.990234375,0.10714285714285714,2512,0.045,in,6627.109445923378,0.010969585120560212,0.11671551876019765,0.0014595548913709337,-0.050619094725900225
6310.0,359.38,2025-11-21 16:36:42,0,2025-12-19,6602.990234375,0.10714285714285714,2512,0.045,in,6627.109445923378,0.010969585120560212,0.17037984230300995,0.0031102811424855575,-0.0490330515702654
6350.0,357.06,2025-11-21 19:58:04,0,2025-12-19,6602.990234375,0.10714285714285714,2512,0.045,in,6627.109445923378,0.010969585120560212,0.2146820199273065,0.00493803960857876,-0.04271391521878698
6360.0,366.48,2025-11-07 15:08:01,0,2025-12-05,6602.990234375,0.10714285714285714,2512,0.045,in,6627.109445923378,0.010969585120560212,0.23781519292234252,0.006059578498359749,-0.04114035077135644
6370.0,329.92,2025-11-21 15:51:49,0,2025-12-19,6602.990234375,0.10714285714285714,2512,0.045,in,6627.109445923378,0.010969585120560212,0.19629950152889694,0.004128588675052865,-0.0395692585393152
6400.0,447.4,2025-11-13 15:33:02,0,2025-12-11,6602.990234375,0.10714285714285714,2512,0.045,in,6627.109445923378,0.010969585120560212,0.3744111725529011,0.015019684942761242,-0.03487073775776112
6400.0,306.74,2025-11-21 17:29:24,0,2025-12-19,6602.990234375,0.10714285714285714,2512,0.045,in,6627.109445923378,0.010969585120560212,0.19372024339200405,0.00402080707498471,-0.03487073775776112
6410.0,250.92,2025-11-21 16:19:23,0,2025-12-19,6602.990234375,0.10714285714285714,2512,0.045,in,6627.109445923378,0.010969585120560212,0.12077469154919182,0.0015628420841574029,-0.03330945719080858
6425.0,310.9,2025-11-21 19:15:11,0,2025-12-19,6602.990234375,0.10714285714285714,2512,0.045,in,6627.109445923378,0.010969585120560212,0.22196995632689479,0.005278999447688954,-0.030972097342103752
6450.0,225.5,2025-11-20 17:22:50,0,2025-12-18,6602.990234375,0.10714285714285714,2512,0.045,in,6627.109445923378,0.010969585120560212,0.1291993998084051,0.0017884805261627259,-0.027088597315706085
6450.0,293.24,2025-11-21 19:39:08,0,2025-12-19,6602.990234375,0.10714285714285714,2512,0.045,in,6627.109445923378,0.010969585120560212,0.22000929983066114,0.005186152715569045,-0.027088597315706085
6455.0,274.6,2025-11-21 20:13:00,0,2025-12-19,6602.990234375,0.10714285714285714,2512,0.045,in,6627.109445923378,0.010969585120560212,0.2002937107805731,0.0042983111333841275,-0.02631370382478142
6480.0,194.67,2025-11-21 10:20:35,0,2025-12-19,6602.990234375,0.10714285714285714,2512,0.045,in,6627.109445923378,0.010969585120560212,0.11629865938570767,0.0014491476615978054,-0.022448217759203876
6495.0,204.5,2025-11-21 14:48:08,0,2025-12-19,6602.990234375,0.10714285714285714,2512,0.045,in,6627.109445923378,0.010969585120560212,0.14360763857762085,0.0022096236276257755,-0.02013607800082434
6500.0,222.9,2025-11-21 17:10:45,0,2025-12-19,6602.990234375,0.10714285714285714,2512,0.045,in,6627.109445923378,0.010969585120560212,0.17116439572350656,0.0031389911103635515,-0.01936655122179581
6505.0,230.47,2025-11-21 16:39:42,0,2025-12-19,6602.990234375,0.10714285714285714,2512,0.045,in,6627.109445923378,0.010969585120560212,0.18445410029267037,0.0036453551908691246,-0.018597616158918678
6510.0,229.07,2025-11-21 20:13:02,0,2025-12-19,6602.990234375,0.10714285714285714,2512,0.045,in,6627.109445923378,0.010969585120560212,0.18649311892894557,0.0037263946508406254,-0.017829271902909324
6515.0,226.44,2025-11-21 20:19:03,0,2025-12-19,6602.990234375,0.10714285714285714,2512,0.045,in,6627.109445923378,0.010969585120560212,0.18697809019707665,0.0037458006657585135,-0.017061517546578794
6520.0,226.6,2025-11-21 18:59:44,0,2025-12-19,6602.990234375,0.10714285714285714,2512,0.045,in,6627.109445923378,0.010969585120560212,0.1908280356111168,0.003901643483056892,-0.016294352184825688
6525.0,208.65,2025-11-21 20:34:40,0,2025-12-19,6602.990234375,0.10714285714285714,2512,0.045,in,6627.109445923378,0.010969585120560212,0.17258779029665994,0.003191415574230414,-0.01552777491463009
6530.0,178.4,2025-11-21 15:47:54,0,2025-12-19,6602.990234375,0.10714285714285714,2512,0.045,in,6627.109445923378,0.010969585120560212,0.13910849238164996,0.002073339927074525,-0.01476178483504754
6540.0,191.5,2025-11-21 21:13:00,0,2025-12-19,6602.990234375,0.10714285714285714,2512,0.045,in,6627.109445923378,0.010969585120560212,0.16263329521149125,0.0028338845047872923,-0.013231562654279862
6545.0,190.0,2025-11-21 21:09:08,0,2025-12-19,6602.990234375,0.10714285714285714,2512,0.045,in,6627.109445923378,0.010969585120560212,0.16438752981279733,0.002895349281209285,-0.012467328761523979
6550.0,195.28,2025-11-21 20:40:43,0,2025-12-19,6602.990234375,0.10714285714285714,2512,0.045,in,6627.109445923378,0.010969585120560212,0.17422534267434853,0.0032522646460708036,-0.011703678476226718
6555.0,182.8,2025-11-21 16:52:24,0,2025-12-19,6602.990234375,0.10714285714285714,2512,0.045,in,6627.109445923378,0.010969585120560212,0.16272669519273747,0.0028371404280375092,-0.010940610907724028
6560.0,164.0,2025-11-21 16:09:51,0,2025-12-19,6602.990234375,0.10714285714285714,2512,0.045,in,6627.109445923378,0.010969585120560212,0.1436563399469836,0.002211122572174641,-0.010178125167389555
6565.0,165.0,2025-11-21 16:29:30,0,2025-12-19,6602.990234375,0.10714285714285714,2512,0.045,in,6627.109445923378,0.010969585120560212,0.14831961548642617,0.00235700446479014,-0.009416220368627756
6570.0,193.04,2025-11-21 16:07:08,0,2025-12-19,6602.990234375,0.10714285714285714,2512,0.045,in,6627.109445923378,0.010969585120560212,0.18493756827609717,0.0036644897314152968,-0.008654895626868046
6575.0,169.82,2025-11-21 20:53:55,0,2025-12-19,6602.990234375,0.10714285714285714,2512,0.045,in,6627.109445923378,0.010969585120560212,0.16075460918216933,0.002768790468569143,-0.007894150059558978
6580.0,168.4,2025-11-21 20:53:08,0,2025-12-19,6602.990234375,0.10714285714285714,2512,0.045,in,6627.109445923378,0.010969585120560212,0.16233825235978142,0.0028236115906315794,-0.007133982786161431
6585.0,162.6,2025-11-21 19:25:26,0,2025-12-19,6602.990234375,0.10714285714285714,2512,0.045,in,6627.109445923378,0.010969585120560212,0.15872699770608384,0.0026993849786557654,-0.006374392928142824
6590.0,161.68,2025-11-21 19:45:03,0,2025-12-19,6602.990234375,0.10714285714285714,2512,0.045,in,6627.109445923378,0.010969585120560212,0.16082825784364482,0.0027713280558237753,-0.0056153796089713735
6600.0,163.27,2025-11-21 20:42:19,0,2025-12-19,6602.990234375,0.10714285714285714,2512,0.045,in,6627.109445923378,0.010969585120560212,0.16891171053145565,0.0030569106379995286,-0.004099079091007326
6605.0,150.71,2025-11-21 21:13:31,0,2025-12-19,6602.990234375,0.10714285714285714,2512,0.045,out,6627.109445923378,0.010969585120560212,0.15729895442592728,0.00265103154251678,-0.0033417901490985814
6610.0,146.71,2025-11-21 20:25:06,0,2025-12-19,6602.990234375,0.10714285714285714,2512,0.045,out,6627.109445923378,0.010969585120560212,0.15566309517483748,0.0025961784856511263,-0.0025850742597923414
6615.0,152.1,2025-11-21 18:40:33,0,2025-12-19,6602.990234375,0.10714285714285714,2512,0.045,out,6627.109445923378,0.010969585120560212,0.16492603414110002,0.0029143496504476377,-0.0018289305564681776
6620.0,142.0,2025-11-21 21:21:12,0,2025-12-19,6602.990234375,0.10714285714285714,2512,0.045,out,6627.109445923378,0.010969585120560212,0.1561268117644636,0.0026116694305431697,-0.0010733581744703786
6625.0,139.0,2025-11-21 21:15:29,0,2025-12-19,6602.990234375,0.10714285714285714,2512,0.045,out,6627.109445923378,0.010969585120560212,0.15555759860867788,0.0025926606948105577,-0.0003183562511013513
6630.0,137.0,2025-11-21 21:11:40,0,2025-12-19,6602.990234375,0.10714285714285714,2512,0.045,out,6627.109445923378,0.010969585120560212,0.15611584356747593,0.002611302494226923,0.0004360760743839572
6635.0,130.7,2025-11-21 17:32:08,0,2025-12-19,6602.990234375,0.10714285714285714,2512,0.045,out,6627.109445923378,0.010969585120560212,0.15165093112110137,0.0024640719546318245,0.0011899396607836133
6640.0,131.0,2025-11-21 21:03:05,0,2025-12-19,6602.990234375,0.10714285714285714,2512,0.045,out,6627.109445923378,0.010969585120560212,0.1548091842519956,0.0025677732352251776,0.0019432353649552288
6645.0,128.2,2025-11-21 21:05:28,0,2025-12-19,6602.990234375,0.10714285714285714,2512,0.045,out,6627.109445923378,0.010969585120560212,0.15433702651587333,0.002552134045045863,0.002695964041821361
6650.0,131.18,2025-11-21 20:32:02,0,2025-12-19,6602.990234375,0.10714285714285714,2512,0.045,out,6627.109445923378,0.010969585120560212,0.160535105660235,0.002761234301715301,0.003448126544375444
6655.0,128.7,2025-11-21 20:37:58,0,2025-12-19,6602.990234375,0.10714285714285714,2512,0.045,out,6627.109445923378,0.010969585120560212,0.1603679132022455,0.002755485812661744,0.004199723723687813
6660.0,127.76,2025-11-21 20:23:52,0,2025-12-19,6602.990234375,0.10714285714285714,2512,0.045,out,6627.109445923378,0.010969585120560212,0.16195555862052052,0.0028103146037233777,0.00495075642891059
6665.0,113.31,2025-11-21 20:40:03,0,2025-12-19,6602.990234375,0.10714285714285714,2512,0.045,out,6627.109445923378,0.010969585120560212,0.1478126677208868,0.0023409197934391385,0.005701225507284777
6670.0,133.0,2025-11-21 19:47:32,0,2025-12-19,6602.990234375,0.10714285714285714,2512,0.045,out,6627.109445923378,0.010969585120560212,0.17331638791214318,0.0032184182484549097,0.006451131804145099
6675.0,119.1,2025-11-21 19:50:37,0,2025-12-19,6602.990234375,0.10714285714285714,2512,0.045,out,6627.109445923378,0.010969585120560212,0.1597402444101267,0.002733958466165038,0.00720047616292594
6680.0,106.11,2025-11-21 20:23:12,0,2025-12-19,6602.990234375,0.10714285714285714,2512,0.045,out,6627.109445923378,0.010969585120560212,0.1471438783844581,0.0023197843870735924,0.007949259425167035
6685.0,100.85,2025-11-21 17:48:23,0,2025-12-19,6602.990234375,0.10714285714285714,2512,0.045,out,6627.109445923378,0.010969585120560212,0.14350110319207754,0.0022063464232867807,0.008697482430519363
6690.0,119.68,2025-11-21 19:42:54,0,2025-12-19,6602.990234375,0.10714285714285714,2512,0.045,out,6627.109445923378,0.010969585120560212,0.1680164383577027,0.003024591809829397,0.009445146016749907
6695.0,107.44,2025-11-21 20:39:53,0,2025-12-19,6602.990234375,0.10714285714285714,2512,0.045,out,6627.109445923378,0.010969585120560212,0.1561621867345496,0.0026128530606124648,0.010192251019748619
6700.0,95.5,2025-11-21 21:09:19,0,2025-12-19,6602.990234375,0.10714285714285714,2512,0.045,out,6627.109445923378,0.010969585120560212,0.14454745124580978,0.0022386391780349736,0.01093879827353313
6705.0,85.6,2025-11-21 14:39:13,0,2025-12-19,6602.990234375,0.10714285714285714,2512,0.045,out,6627.109445923378,0.010969585120560212,0.13521124140896593,0.001958794264645035,0.011684788610254564
6710.0,92.72,2025-11-21 19:52:50,0,2025-12-19,6602.990234375,0.10714285714285714,2512,0.045,out,6627.109445923378,0.010969585120560212,0.1460065814351558,0.002284063052397941,0.012430222860203106
6715.0,98.4,2025-11-21 20:09:22,0,2025-12-19,6602.990234375,0.10714285714285714,2512,0.045,out,6627.109445923378,0.010969585120560212,0.1550867196368214,0.0025769882793975052,0.013175101851813762
6720.0,83.9,2025-11-21 20:31:46,0,2025-12-19,6602.990234375,0.10714285714285714,2512,0.045,out,6627.109445923378,0.010969585120560212,0.1401186614684929,0.002103561352684512,0.013919426411671005
6725.0,87.44,2025-11-21 20:51:51,0,2025-12-19,6602.990234375,0.10714285714285714,2512,0.045,out,6627.109445923378,0.010969585120560212,0.14663275227173656,0.002303696147012621,0.014663197364515598
6730.0,85.05,2025-11-21 20:35:02,0,2025-12-19,6602.990234375,0.10714285714285714,2512,0.045,out,6627.109445923378,0.010969585120560212,0.14601529157259885,0.002284335575681899,0.015406415533249194
6735.0,76.44,2025-11-21 16:42:03,0,2025-12-19,6602.990234375,0.10714285714285714,2512,0.045,out,6627.109445923378,0.010969585120560212,0.1378110308502042,0.0020348443097138505,0.01614908173894003
6740.0,85.73,2025-11-21 20:16:58,0,2025-12-19,6602.990234375,0.10714285714285714,2512,0.045,out,6627.109445923378,0.010969585120560212,0.15128100119953286,0.0024520651418499712,0.016891196800828352
6745.0,74.3,2025-11-21 17:13:24,0,2025-12-19,6602.990234375,0.10714285714285714,2512,0.045,out,6627.109445923378,0.010969585120560212,0.1395267568107775,0.002085826699942912,0.017632761536332073
6750.0,74.2,2025-11-21 21:14:06,0,2025-12-19,6602.990234375,0.10714285714285714,2512,0.045,out,6627.109445923378,0.010969585120560212,0.14153792007669544,0.0021463910163896814,0.01837377676105129
6755.0,62.7,2025-11-21 13:15:07,0,2025-12-19,6602.990234375,0.10714285714285714,2512,0.045,out,6627.109445923378,0.010969585120560212,0.12932051780633755,0.0017918353206106356,0.019114243288774976
6765.0,75.0,2025-11-21 20:16:27,0,2025-12-19,6602.990234375,0.10714285714285714,2512,0.045,out,6627.109445923378,0.010969585120560212,0.1488362422965477,0.002373452895102499,0.02059353349936409
6770.0,70.8,2025-11-21 20:09:47,0,2025-12-19,6602.990234375,0.10714285714285714,2512,0.045,out,6627.109445923378,0.010969585120560212,0.1456512878811802,0.0022729604637264033,0.021332358800796317
6775.0,73.78,2025-11-20 20:39:54,0,2025-12-18,6602.990234375,0.10714285714285714,2512,0.045,out,6627.109445923378,0.010969585120560212,0.15143843136794768,0.002457171267341207,0.02207063864237747
6775.0,79.3,2025-11-21 19:03:47,0,2025-12-19,6602.990234375,0.10714285714285714,2512,0.045,out,6627.109445923378,0.010969585120560212,0.15833783419670583,0.0026861646147968037,0.02207063864237747
6780.0,60.2,2025-11-21 21:01:06,0,2025-12-19,6602.990234375,0.10714285714285714,2512,0.045,out,6627.109445923378,0.010969585120560212,0.1361765856541857,0.0019868638371891185,0.02280837382891704
6785.0,57.4,2025-11-21 20:57:37,0,2025-12-19,6602.990234375,0.10714285714285714,2512,0.045,out,6627.109445923378,0.010969585120560212,0.13449234871255325,0.001938020556666324,0.023545565163445265
6790.0,46.9,2025-11-19 17:35:15,0,2025-12-17,6602.990234375,0.10714285714285714,2512,0.045,out,6627.109445923378,0.010969585120560212,0.12244462403125121,0.0016063592093736923,0.024282213447217524
6790.0,55.2,2025-11-21 21:00:43,0,2025-12-19,6602.990234375,0.10714285714285714,2512,0.045,out,6627.109445923378,0.010969585120560212,0.13352861173078015,0.0019103453732945827,0.024282213447217524
6795.0,52.1,2025-11-21 20:25:02,0,2025-12-19,6602.990234375,0.10714285714285714,2512,0.045,out,6627.109445923378,0.010969585120560212,0.1313063760595046,0.001847289042201433,0.025018319479719765
6800.0,51.95,2025-11-21 21:12:48,0,2025-12-19,6602.990234375,0.10714285714285714,2512,0.045,out,6627.109445923378,0.010969585120560212,0.13297622654300192,0.0018945725170302608,0.02575388405867371
6805.0,51.61,2025-11-21 16:48:16,0,2025-12-19,6602.990234375,0.10714285714285714,2512,0.045,out,6627.109445923378,0.010969585120560212,0.13437525541021497,0.001934647421417197,0.026488907980042053
6810.0,50.9,2025-11-21 16:21:55,0,2025-12-19,6602.990234375,0.10714285714285714,2512,0.045,out,6627.109445923378,0.010969585120560212,0.13525434649751367,0.001960043383550302,0.02722339203803384
6815.0,45.68,2025-11-21 21:00:35,0,2025-12-19,6602.990234375,0.10714285714285714,2512,0.045,out,6627.109445923378,0.010969585120560212,0.1298723527549654,0.001807160143940375,0.027957337025108744
6820.0,53.1,2025-11-21 20:11:49,0,2025-12-19,6602.990234375,0.10714285714285714,2512,0.045,out,6627.109445923378,0.010969585120560212,0.1419120010312127,0.0021577517182160264,0.028690743731983503
6825.0,47.1,2025-11-21 20:46:00,0,2025-12-19,6602.990234375,0.10714285714285714,2512,0.045,out,6627.109445923378,0.010969585120560212,0.13542304139432754,0.0019649357293381876,0.029423612947636166
6830.0,39.9,2025-11-21 20:59:41,0,2025-12-19,6602.990234375,0.10714285714285714,2512,0.045,out,6627.109445923378,0.010969585120560212,0.12688440755052194,0.001724962808512173,0.030155945459311394
6840.0,58.5,2025-11-19 15:11:49,0,2025-12-17,6602.990234375,0.10714285714285714,2512,0.045,out,6627.109445923378,0.010969585120560212,0.15655793032813795,0.0026261127373532244,0.03161900351107194
6840.0,42.37,2025-11-21 20:45:05,0,2025-12-19,6602.990234375,0.10714285714285714,2512,0.045,out,6627.109445923378,0.010969585120560212,0.1339095436634478,0.001921260630444946,0.03161900351107194
6845.0,45.7,2025-11-21 19:58:53,0,2025-12-19,6602.990234375,0.10714285714285714,2512,0.045,out,6627.109445923378,0.010969585120560212,0.1404444031976702,0.002113353256023188,0.03234973061702502
6850.0,35.41,2025-11-21 21:03:50,0,2025-12-19,6602.990234375,0.10714285714285714,2512,0.045,out,6627.109445923378,0.010969585120560212,0.12688310443653367,0.0017249273776556043,0.033079924150746697
6855.0,33.93,2025-11-21 21:03:50,0,2025-12-19,6602.990234375,0.10714285714285714,2512,0.045,out,6627.109445923378,0.010969585120560212,0.12622542604055687,0.0017070919477628669,0.033809584890890455
6860.0,38.9,2025-11-21 18:12:23,0,2025-12-19,6602.990234375,0.10714285714285714,2512,0.045,out,6627.109445923378,0.010969585120560212,0.1354936475234356,0.0019669851984862505,0.03453871361440656
6865.0,34.89,2025-11-21 20:34:30,0,2025-12-19,6602.990234375,0.10714285714285714,2512,0.045,out,6627.109445923378,0.010969585120560212,0.13095657906439412,0.0018374598857409544,0.035267311096547044
6870.0,38.38,2025-11-18 16:44:55,0,2025-12-16,6602.990234375,0.10714285714285714,2512,0.045,out,6627.109445923378,0.010969585120560212,0.13798531550573437,0.0020399943530589703,0.03599537811087082
6870.0,39.11,2025-11-21 19:18:14,0,2025-12-19,6602.990234375,0.10714285714285714,2512,0.045,out,6627.109445923378,0.010969585120560212,0.1391028520210361,0.002073171797184242,0.03599537811087082
6875.0,29.9,2025-11-21 21:00:13,0,2025-12-19,6602.990234375,0.10714285714285714,2512,0.045,out,6627.109445923378,0.010969585120560212,0.1261075492412207,0.001703905068817168,0.036722915429247806
6880.0,20.7,2025-11-18 18:41:19,0,2025-12-16,6602.990234375,0.10714285714285714,2512,0.045,out,6627.109445923378,0.010969585120560212,0.11153416930133604,0.001332843313043474,0.03744992382186507
6880.0,26.92,2025-11-21 21:13:23,0,2025-12-19,6602.990234375,0.10714285714285714,2512,0.045,out,6627.109445923378,0.010969585120560212,0.12263124748241938,0.0016112595920458274,0.03744992382186507
6885.0,25.42,2025-11-21 20:57:42,0,2025-12-19,6602.990234375,0.10714285714285714,2512,0.045,out,6627.109445923378,0.010969585120560212,0.12153528185317015,0.0015825883644781619,0.03817640405723091
6890.0,24.67,2025-11-21 21:13:23,0,2025-12-19,6602.990234375,0.10714285714285714,2512,0.045,out,6627.109445923378,0.010969585120560212,0.12169528329574295,0.0015867580689033355,0.03890235690217991
6895.0,26.6,2025-11-21 16:38:38,0,2025-12-19,6602.990234375,0.10714285714285714,2512,0.045,out,6627.109445923378,0.010969585120560212,0.1265898249421511,0.0017169625477376207,0.039627783121877806
6900.0,24.05,2025-11-21 21:01:58,0,2025-12-19,6602.990234375,0.10714285714285714,2512,0.045,out,6627.109445923378,0.010969585120560212,0.12351776854897414,0.0016346399086412085,0.040352683479826554
6905.0,22.8,2025-11-21 19:47:20,0,2025-12-19,6602.990234375,0.10714285714285714,2512,0.045,out,6627.109445923378,0.010969585120560212,0.12266676053550436,0.0016121929436008682,0.04107705873786826
6910.0,29.5,2025-11-21 19:44:32,0,2025-12-19,6602.990234375,0.10714285714285714,2512,0.045,out,6627.109445923378,0.010969585120560212,0.13611553313530217,0.0019850826815043794,0.041800909656191314
6915.0,21.4,2025-11-21 20:45:32,0,2025-12-19,6602.990234375,0.10714285714285714,2512,0.045,out,6627.109445923378,0.010969585120560212,0.12286651219206417,0.0016174478376688554,0.04252423699333428
6920.0,21.7,2025-11-21 20:50:06,0,2025-12-19,6602.990234375,0.10714285714285714,2512,0.045,out,6627.109445923378,0.010969585120560212,0.1248564597099151,0.0016702645212100342,0.04324704150619091
6925.0,20.1,2025-11-21 20:16:39,0,2025-12-19,6602.990234375,0.10714285714285714,2512,0.045,out,6627.109445923378,0.010969585120560212,0.12311598929109344,0.0016240228734776393,0.04396932395001488
6930.0,18.2,2025-11-21 20:20:55,0,2025-12-19,6602.990234375,0.10714285714285714,2512,0.045,out,6627.109445923378,0.010969585120560212,0.12061529678805497,0.0015587196234932766,0.04469108507842472
6935.0,18.49,2025-11-21 20:48:34,0,2025-12-19,6602.990234375,0.10714285714285714,2512,0.045,out,6627.109445923378,0.010969585120560212,0.12257639392575286,0.0016098184658401436,0.04541232564340773
6940.0,15.69,2025-11-21 21:06:38,0,2025-12-19,6602.990234375,0.10714285714285714,2512,0.045,out,6627.109445923378,0.010969585120560212,0.11787396324987337,0.001488671915596339,0.04613304639532592
6945.0,16.84,2025-11-21 20:48:34,0,2025-12-19,6602.990234375,0.10714285714285714,2512,0.045,out,6627.109445923378,0.010969585120560212,0.12173652669555173,0.0015878337784175117,0.04685324808291984
6950.0,15.24,2025-11-21 21:01:23,0,2025-12-19,6602.990234375,0.10714285714285714,2512,0.045,out,6627.109445923378,0.010969585120560212,0.1194681055718022,0.0015292101695266365,0.04757293145331348
6955.0,20.6,2025-11-21 19:03:27,0,2025-12-19,6602.990234375,0.10714285714285714,2512,0.045,out,6627.109445923378,0.010969585120560212,0.13236824107564457,0.0018772876334421384,0.04829209725201891
6960.0,16.6,2025-11-21 20:12:48,0,2025-12-19,6602.990234375,0.10714285714285714,2512,0.045,out,6627.109445923378,0.010969585120560212,0.125154937031739,0.001678259813937702,0.04901074622294114
6965.0,20.1,2025-11-21 19:31:17,0,2025-12-19,6602.990234375,0.10714285714285714,2512,0.045,out,6627.109445923378,0.010969585120560212,0.13404219018916372,0.0019250687947187076,0.04972887910838185
6970.0,12.44,2025-11-21 16:47:19,0,2025-12-19,6602.990234375,0.10714285714285714,2512,0.045,out,6627.109445923378,0.010969585120560212,0.1177722131418105,0.0014861029487485756,0.050446496649045304
6975.0,10.59,2025-11-21 20:58:22,0,2025-12-19,6602.990234375,0.10714285714285714,2512,0.045,out,6627.109445923378,0.010969585120560212,0.11406971452125507,0.0013941321183172102,0.05116359958404208
6980.0,13.15,2025-11-21 17:26:14,0,2025-12-19,6602.990234375,0.10714285714285714,2512,0.045,out,6627.109445923378,0.010969585120560212,0.12206168521372406,0.0015963273211300993,0.051880188650893826
6985.0,9.55,2025-11-21 20:58:22,0,2025-12-19,6602.990234375,0.10714285714285714,2512,0.045,out,6627.109445923378,0.010969585120560212,0.11348073180421572,0.0013797724811593218,0.05259626458553782
6990.0,10.75,2025-11-21 20:43:33,0,2025-12-19,6602.990234375,0.10714285714285714,2512,0.045,out,6627.109445923378,0.010969585120560212,0.11811658165194926,0.0014948064494080282,0.053311828122331754
6995.0,14.05,2025-11-21 19:18:20,0,2025-12-19,6602.990234375,0.10714285714285714,2512,0.045,out,6627.109445923378,0.010969585120560212,0.12805596031643762,0.001756963818489112,0.05402687999405733
7000.0,8.0,2025-11-21 21:11:40,0,2025-12-19,6602.990234375,0.10714285714285714,2512,0.045,out,6627.109445923378,0.010969585120560212,0.11214339212683726,0.001347443614040741,0.0547414209319261
7010.0,8.15,2025-11-21 20:52:51,0,2025-12-19,6602.990234375,0.10714285714285714,2512,0.045,out,6627.109445923378,0.010969585120560212,0.1149057103880342,0.0014146416728334416,0.056168972923111446
7015.0,8.75,2025-11-21 19:08:35,0,2025-12-19,6602.990234375,0.10714285714285714,2512,0.045,out,6627.109445923378,0.010969585120560212,0.11798681185292693,0.001491523689773355,0.05688198543103695
7020.0,13.0,2025-11-21 19:24:42,0,2025-12-19,6602.990234375,0.10714285714285714,2512,0.045,out,6627.109445923378,0.010969585120560212,0.13148242996705045,0.001852246006075749,0.057594489914332615
7025.0,5.8,2025-11-20 20:45:28,0,2025-12-18,6602.990234375,0.10714285714285714,2512,0.045,out,6627.109445923378,0.010969585120560212,0.10973865470779683,0.0012902756075439704,0.0583064870964223
7025.0,6.5,2025-11-21 21:03:43,0,2025-12-19,6602.990234375,0.10714285714285714,2512,0.045,out,6627.109445923378,0.010969585120560212,0.11244967983785463,0.0013548139816752867,0.0583064870964223
7030.0,8.95,2025-11-21 20:01:21,0,2025-12-19,6602.990234375,0.10714285714285714,2512,0.045,out,6627.109445923378,0.010969585120560212,0.12204618959794922,0.0015959220423619894,0.05901797769918633
7035.0,6.05,2025-11-21 20:58:19,0,2025-12-19,6602.990234375,0.10714285714285714,2512,0.045,out,6627.109445923378,0.010969585120560212,0.11287377702856079,0.0013650524507885632,0.05972896244296514
7040.0,6.76,2025-11-21 18:48:32,0,2025-12-19,6602.990234375,0.10714285714285714,2512,0.045,out,6627.109445923378,0.010969585120560212,0.11668619391773506,0.0014588215554650647,0.06043944204656376
7045.0,6.1,2025-11-21 12:35:13,0,2025-12-19,6602.990234375,0.10714285714285714,2512,0.045,out,6627.109445923378,0.010969585120560212,0.11521055993898277,0.0014221578344414936,0.06114941722725623
7050.0,5.3,2025-11-21 19:43:26,0,2025-12-19,6602.990234375,0.10714285714285714,2512,0.045,out,6627.109445923378,0.010969585120560212,0.11294547178993146,0.0013667870997696645,0.06185888870078995
7055.0,6.9,2025-11-21 20:17:47,0,2025-12-19,6602.990234375,0.10714285714285714,2512,0.045,out,6627.109445923378,0.010969585120560212,0.12046213176416766,0.0015547634131251097,0.06256785718139016
7060.0,5.78,2025-11-21 16:02:28,0,2025-12-19,6602.990234375,0.10714285714285714,2512,0.045,out,6627.109445923378,0.010969585120560212,0.11708170154115022,0.0014687276609754618,0.0632763233817635
7070.0,4.45,2025-11-21 21:04:39,0,2025-12-19,6602.990234375,0.10714285714285714,2512,0.045,out,6627.109445923378,0.010969585120560212,0.11314699433063781,0.0013716688206490055,0.06469175178509412
7075.0,4.35,2025-11-20 20:56:08,0,2025-12-18,6602.990234375,0.10714285714285714,2512,0.045,out,6627.109445923378,0.010969585120560212,0.11366053518773014,0.001384148277767276,0.06539871540591402
7075.0,6.35,2025-11-21 16:31:38,0,2025-12-19,6602.990234375,0.10714285714285714,2512,0.045,out,6627.109445923378,0.010969585120560212,0.12258750271324706,0.0016101102665861094,0.06539871540591402
7080.0,4.67,2025-11-21 20:48:59,0,2025-12-19,6602.990234375,0.10714285714285714,2512,0.045,out,6627.109445923378,0.010969585120560212,0.11623627885343212,0.001447593484467089,0.06610517958224106
7085.0,6.0,2025-11-21 06:50:36,0,2025-12-19,6602.990234375,0.10714285714285714,2512,0.045,out,6627.109445923378,0.010969585120560212,0.12324390346357023,0.0016273992579576232,0.0668111450192566
7090.0,6.45,2025-11-21 19:43:26,0,2025-12-19,6602.990234375,0.10714285714285714,2512,0.045,out,6627.109445923378,0.010969585120560212,0.1261580756718499,0.0017052707204168785,0.06751661242064894
7095.0,4.9,2025-11-21 17:22:44,0,2025-12-19,6602.990234375,0.10714285714285714,2512,0.045,out,6627.109445923378,0.010969585120560212,0.1203734520918361,0.0015524751394827385,0.06822158248861876
7100.0,3.0,2025-11-21 21:04:16,0,2025-12-19,6602.990234375,0.10714285714285714,2512,0.045,out,6627.109445923378,0.010969585120560212,0.11096836007877237,0.0013193546719898657,0.06892605592388247
7105.0,3.96,2025-11-21 18:33:28,0,2025-12-19,6602.990234375,0.10714285714285714,2512,0.045,out,6627.109445923378,0.010969585120560212,0.11757874363689862,0.0014812243880605207,0.06963003342567667
7110.0,3.0,2025-11-21 21:01:33,0,2025-12-19,6602.990234375,0.10714285714285714,2512,0.045,out,6627.109445923378,0.010969585120560212,0.11285965450268903,0.0013647108872642502,0.07033351569176217
7115.0,3.61,2025-11-21 15:24:45,0,2025-12-19,6602.990234375,0.10714285714285714,2512,0.045,out,6627.109445923378,0.010969585120560212,0.11755036019037585,0.0014805093408093318,0.07103650341842853
7120.0,2.43,2025-11-21 21:00:15,0,2025-12-19,6602.990234375,0.10714285714285714,2512,0.045,out,6627.109445923378,0.010969585120560212,0.11077458236428583,0.0013147508676409226,0.07173899730049721
7125.0,2.62,2025-11-20 20:09:38,0,2025-12-18,6602.990234375,0.10714285714285714,2512,0.045,out,6627.109445923378,0.010969585120560212,0.11307882969179571,0.0013700166133356576,0.072440998031327
7125.0,3.06,2025-11-21 20:28:03,0,2025-12-19,6602.990234375,0.10714285714285714,2512,0.045,out,6627.109445923378,0.010969585120560212,0.11607436177228415,0.0014435632993760464,0.072440998031327
7150.0,1.85,2025-11-20 20:56:03,0,2025-12-18,6602.990234375,0.10714285714285714,2512,0.045,out,6627.109445923378,0.010969585120560212,0.11138486020035158,0.0013292771873412712,0.0759436285825291
7150.0,1.9,2025-11-21 21:02:34,0,2025-12-19,6602.990234375,0.10714285714285714,2512,0.045,out,6627.109445923378,0.010969585120560212,0.11183846970781627,0.0013401260685628005,0.0759436285825291
5250.0,1617.08,2025-10-30 15:55:29,0,2025-11-28,6602.990234375,0.1111111111111111,2511,0.045,in,6609.601643150545,0.03599303384261027,0.9353612103149077,0.097211177084641,-0.23029530965740264
6070.0,597.15,2025-11-20 20:38:16,0,2025-12-19,6602.990234375,0.1111111111111111,2512,0.045,in,6627.109445923378,0.012184957080540203,0.24049145629098503,0.006426237838773196,-0.08781012305198033
6100.0,643.08,2025-11-20 16:27:23,0,2025-12-19,6602.990234375,0.1111111111111111,2512,0.045,in,6627.109445923378,0.012184957080540203,0.36241839079560295,0.014594121109652709,-0.08287995694412166
6125.0,592.16,2025-11-20 16:40:10,0,2025-12-19,6602.990234375,0.1111111111111111,2512,0.045,in,6627.109445923378,0.012184957080540203,0.31230560414281167,0.01083719893100073,-0.0787899716925965
6145.0,602.24,2025-11-20 16:27:35,0,2025-12-19,6602.990234375,0.1111111111111111,2512,0.045,in,6627.109445923378,0.012184957080540203,0.35035753506788175,0.01363893359764911,-0.07552998510538907
6170.0,712.73,2025-10-30 18:12:20,0,2025-11-28,6602.990234375,0.1111111111111111,2511,0.045,in,6609.601643150545,0.03599303384261027,0.5234696063156253,0.030446714304026196,-0.06882454834363862
6200.0,633.08,2025-11-04 16:54:46,0,2025-12-03,6602.990234375,0.1111111111111111,2512,0.045,in,6627.109445923378,0.012184957080540203,0.44459949648952113,0.021963190253192853,-0.06661943607234141
6200.0,478.4,2025-11-20 20:27:13,0,2025-12-19,6602.990234375,0.1111111111111111,2512,0.045,in,6627.109445923378,0.012184957080540203,0.21958929284750742,0.005357717503696486,-0.06661943607234141
6210.0,588.8,2025-11-20 15:06:09,0,2025-12-19,6602.990234375,0.1111111111111111,2512,0.045,in,6627.109445923378,0.012184957080540203,0.394609272808694,0.017301830909622923,-0.06500783217799985
6225.0,608.77,2025-11-04 16:54:46,0,2025-12-03,6602.990234375,0.1111111111111111,2512,0.045,in,6627.109445923378,0.012184957080540203,0.4338681952041751,0.02091573453441424,-0.06259528577261593
6225.0,606.43,2025-11-10 17:40:43,0,2025-12-09,6602.990234375,0.1111111111111111,2512,0.045,in,6627.109445923378,0.012184957080540203,0.43082410579945996,0.020623267793100475,-0.06259528577261593
6225.0,641.7,2025-10-30 19:30:57,0,2025-11-28,6602.990234375,0.1111111111111111,2511,0.045,in,6609.601643150545,0.03599303384261027,0.47631720312565273,0.025208675332604926,-0.05994994391016372
6285.0,468.25,2025-11-20 16:25:34,0,2025-12-19,6602.990234375,0.1111111111111111,2512,0.045,in,6627.109445923378,0.012184957080540203,0.30042430661505526,0.01002830711168186,-0.05300288608117649
6285.0,582.59,2025-10-30 19:28:38,0,2025-11-28,6602.990234375,0.1111111111111111,2511,0.045,in,6609.601643150545,0.03599303384261027,0.44836482462761373,0.022336779551483422,-0.05035754421872428
6325.0,462.61,2025-11-17 17:32:16,0,2025-12-16,6602.990234375,0.1111111111111111,2512,0.045,in,6627.109445923378,0.012184957080540203,0.328102760577838,0.011961269055422009,-0.046658693509803256
6325.0,475.65,2025-11-20 15:07:29,0,2025-12-19,6602.990234375,0.1111111111111111,2512,0.045,in,6627.109445923378,0.012184957080540203,0.3448012769105414,0.013209768951015539,-0.046658693509803256
6350.0,509.69,2025-11-10 19:40:34,0,2025-12-09,6602.990234375,0.1111111111111111,2512,0.045,in,6627.109445923378,0.012184957080540203,0.4066497386397208,0.01837377888175036,-0.04271391521878698
6375.0,295.93,2025-11-20 20:36:10,0,2025-12-19,6602.990234375,0.1111111111111111,2512,0.045,in,6627.109445923378,0.012184957080540203,0.1458607888422425,0.0023639299690756945,-0.03878463707889737
6435.0,258.01,2025-11-20 19:19:41,0,2025-12-19,6602.990234375,0.1111111111111111,2512,0.045,in,6627.109445923378,0.012184957080540203,0.15618711980791253,0.0027104907104323578,-0.029416887075297223
6440.0,315.59,2025-11-20 16:41:27,0,2025-12-19,6602.990234375,0.1111111111111111,2512,0.045,in,6627.109445923378,0.012184957080540203,0.23509703078322042,0.006141179320342943,-0.028640188007125
6470.0,241.85,2025-11-20 20:00:14,0,2025-12-19,6602.990234375,0.1111111111111111,2512,0.045,in,6627.109445923378,0.012184957080540203,0.1665986815048739,0.0030839022976847123,-0.023992619610578046
6475.0,235.9,2025-11-20 17:20:49,0,2025-12-19,6602.990234375,0.1111111111111111,2512,0.045,in,6627.109445923378,0.012184957080540203,0.16322144615246678,0.0029601378315669566,-0.023220120537785834
6490.0,202.7,2025-11-20 17:01:49,0,2025-12-19,6602.990234375,0.1111111111111111,2512,0.045,in,6627.109445923378,0.012184957080540203,0.1333595598109619,0.0019760857992192804,-0.020906197407388652
6525.0,242.8,2025-11-18 19:47:32,0,2025-12-17,6602.990234375,0.1111111111111111,2512,0.045,in,6627.109445923378,0.012184957080540203,0.20932619929972252,0.004868606412585239,-0.01552777491463009
6595.0,153.71,2025-11-20 20:19:42,0,2025-12-19,6602.990234375,0.1111111111111111,2512,0.045,in,6627.109445923378,0.012184957080540203,0.15111469100373917,0.0025372944263506187,-0.00485694195410934
6760.0,58.05,2025-11-20 19:45:18,0,2025-12-19,6602.990234375,0.1111111111111111,2512,0.045,out,6627.109445923378,0.012184957080540203,0.12272912665235575,0.0016736042809833308,0.019854161931485485
6835.0,44.24,2025-11-20 20:33:04,0,2025-12-19,6602.990234375,0.1111111111111111,2512,0.045,out,6627.109445923378,0.012184957080540203,0.1320366922271471,0.0019370764549207073,0.03088774205252555
7005.0,6.92,2025-11-20 20:59:10,0,2025-12-19,6602.990234375,0.1111111111111111,2512,0.045,out,6627.109445923378,0.012184957080540203,0.10734138099866151,0.0012802413416333122,0.055455451665583085
7065.0,5.7,2025-11-20 17:45:04,0,2025-12-19,6602.990234375,0.1111111111111111,2512,0.045,out,6627.109445923378,0.012184957080540203,0.11541203079666393,0.0014799929836233447,0.06398428801310353
7140.0,4.33,2025-11-20 20:29:04,0,2025-12-19,6602.990234375,0.1111111111111111,2512,0.045,out,6627.109445923378,0.012184957080540203,0.12390439112901772,0.0017058109045614003,0.07454404822810569
7160.0,2.52,2025-11-20 17:38:01,0,2025-12-19,6602.990234375,0.1111111111111111,2512,0.045,out,6627.109445923378,0.012184957080540203,0.11637358437306855,0.0015047567933150782,0.077341252849167
5100.0,1712.93,2025-11-05 15:06:49,0,2025-12-05,6602.990234375,0.11507936507936507,2512,0.045,in,6627.109445923378,0.013316510284659508,0.89072266001853,0.09130245577398446,-0.2619281883931072
5500.0,1354.64,2025-11-03 15:20:37,0,2025-12-03,6602.990234375,0.11507936507936507,2512,0.045,in,6627.109445923378,0.013316510284659508,0.7816768157307015,0.07031563763204675,-0.18642063588496194
5575.0,1132.75,2025-11-19 15:25:12,0,2025-12-19,6602.990234375,0.11507936507936507,2512,0.045,in,6627.109445923378,0.013316510284659508,0.48977182309738754,0.027604828263111194,-0.17287641077720473
5600.0,1255.64,2025-11-03 15:20:37,0,2025-12-03,6602.990234375,0.11507936507936507,2512,0.045,in,6627.109445923378,0.013316510284659508,0.73776910433719,0.06263807257190669,-0.16840213038228372
5710.0,963.9,2025-11-19 20:58:53,0,2025-12-19,6602.990234375,0.11507936507936507,2512,0.045,in,6627.109445923378,0.013316510284659508,0.36562251182361344,0.015383788942119215,-0.14894970445546843
5800.0,1026.67,2025-11-10 15:06:27,0,2025-12-10,6602.990234375,0.11507936507936507,2512,0.045,in,6627.109445923378,0.013316510284659508,0.6046131722268676,0.042068077590781114,-0.13331081057101363
5900.0,979.56,2025-11-12 15:01:57,0,2025-12-12,6602.990234375,0.11507936507936507,2512,0.045,in,6627.109445923378,0.013316510284659508,0.6355094109021724,0.04647735765480777,-0.11621637721171345
6000.0,692.75,2025-11-18 19:02:08,0,2025-12-18,6602.990234375,0.11507936507936507,2512,0.045,in,6627.109445923378,0.013316510284659508,0.30902708162909487,0.010989818961212946,-0.09940925889533228
6170.0,525.22,2025-11-19 19:01:05,0,2025-12-19,6602.990234375,0.11507936507936507,2512,0.045,in,6627.109445923378,0.013316510284659508,0.25361466790805665,0.007401950768116276,-0.07146989020609085
6220.0,711.17,2025-10-29 17:50:43,0,2025-11-28,6602.990234375,0.11507936507936507,2511,0.045,in,6609.601643150545,0.036303618882520254,0.5498274198128142,0.03478966490381938,-0.06075347950984693
6390.0,324.23,2025-11-19 17:35:21,0,2025-12-19,6602.990234375,0.11507936507936507,2512,0.045,in,6627.109445923378,0.013316510284659508,0.19883021688659722,0.0045494849177300295,-0.03643445973394378
6430.0,321.33,2025-11-19 15:50:27,0,2025-12-19,6602.990234375,0.11507936507936507,2512,0.045,in,6627.109445923378,0.013316510284659508,0.2293482453585935,0.006053245681836914,-0.030194189873859266
6475.0,244.94,2025-11-18 15:51:39,0,2025-12-18,6602.990234375,0.11507936507936507,2512,0.045,in,6627.109445923378,0.013316510284659508,0.17071941025118698,0.003354001563725712,-0.023220120537785834
6535.0,211.89,2025-11-19 17:35:33,0,2025-12-19,6602.990234375,0.11507936507936507,2512,0.045,in,6627.109445923378,0.013316510284659508,0.1756848351995085,0.0035519431676717277,-0.013996381047202
7130.0,3.06,2025-11-19 17:10:31,0,2025-12-19,6602.990234375,0.11507936507936507,2512,0.045,out,6627.109445923378,0.013316510284659508,0.1124453330214405,0.0014550580739316548,0.07314250630281731
5500.0,1339.82,2025-11-11 14:39:28,0,2025-12-12,6602.990234375,0.11904761904761904,2512,0.045,in,6627.109445923378,0.014372626608504191,0.7439987521000015,0.06589692180075708,-0.18642063588496194
5600.0,1047.63,2025-11-18 15:23:59,0,2025-12-19,6602.990234375,0.11904761904761904,2512,0.045,in,6627.109445923378,0.014372626608504191,0.3070604920236096,0.011224541162116809,-0.16840213038228372
5690.0,947.2,2025-11-18 17:29:44,0,2025-12-19,6602.990234375,0.11904761904761904,2512,0.045,in,6627.109445923378,0.014372626608504191,0.22172113471387495,0.005852412092715272,-0.1524584799851477
5725.0,1115.74,2025-11-11 14:42:08,0,2025-12-12,6602.990234375,0.11904761904761904,2512,0.045,in,6627.109445923378,0.014372626608504191,0.6466996499019312,0.04978814728372385,-0.14632617868308392
5850.0,992.0,2025-11-11 14:44:32,0,2025-12-12,6602.990234375,0.11904761904761904,2512,0.045,in,6627.109445923378,0.014372626608504191,0.5938658398531298,0.041985313779102765,-0.12472706687962205
5875.0,1007.73,2025-10-31 15:10:35,0,2025-12-01,6602.990234375,0.11904761904761904,2512,0.045,in,6627.109445923378,0.014372626608504191,0.6395900360340647,0.048699454070720974,-0.1204626680931646
5900.0,980.46,2025-10-31 15:31:55,0,2025-12-01,6602.990234375,0.11904761904761904,2512,0.045,in,6627.109445923378,0.014372626608504191,0.6250980624784617,0.04651756996599128,-0.11621637721171345
5925.0,958.48,2025-10-31 15:10:35,0,2025-12-01,6602.990234375,0.11904761904761904,2512,0.045,in,6627.109445923378,0.014372626608504191,0.6177952724737815,0.04543702365368499,-0.1119880411021924
5990.0,663.48,2025-11-18 17:29:35,0,2025-12-19,6602.990234375,0.11904761904761904,2512,0.045,in,6627.109445923378,0.014372626608504191,0.21765138123929753,0.005639538542306433,-0.10107731599602922
6000.0,757.38,2025-11-14 15:43:06,0,2025-12-15,6602.990234375,0.11904761904761904,2512,0.045,in,6627.109445923378,0.014372626608504191,0.40817192274083164,0.0198338474421366,-0.09940925889533228
6010.0,642.41,2025-11-18 17:31:04,0,2025-12-19,6602.990234375,0.11904761904761904,2512,0.045,in,6627.109445923378,0.014372626608504191,0.20878412392237586,0.005189382190718333,-0.09774397957627103
6050.0,827.27,2025-11-11 19:57:30,0,2025-12-12,6602.990234375,0.11904761904761904,2512,0.045,in,6627.109445923378,0.014372626608504191,0.5524272510251172,0.03633046043751999,-0.09111045608063709
6075.0,811.95,2025-10-31 19:46:33,0,2025-12-01,6602.990234375,0.11904761904761904,2512,0.045,in,6627.109445923378,0.014372626608504191,0.5534595452632359,0.03646636526702236,-0.0869867388967751
6250.0,415.17,2025-11-18 16:03:22,0,2025-12-19,6602.990234375,0.11904761904761904,2512,0.045,in,6627.109445923378,0.014372626608504191,0.16829739745593902,0.003371906427433608,-0.05858726437507707
6325.0,555.38,2025-11-11 18:16:35,0,2025-12-12,6602.990234375,0.11904761904761904,2512,0.045,in,6627.109445923378,0.014372626608504191,0.4278545726987226,0.021792801830857918,-0.046658693509803256
6325.0,486.91,2025-11-14 20:02:43,0,2025-12-15,6602.990234375,0.11904761904761904,2512,0.045,in,6627.109445923378,0.014372626608504191,0.34518540398805997,0.014184876562666687,-0.046658693509803256
6330.0,488.29,2025-11-04 20:58:51,0,2025-12-05,6602.990234375,0.11904761904761904,2512,0.045,in,6627.109445923378,0.014372626608504191,0.35072202442783007,0.014643564097470883,-0.0458684919673024
6350.0,462.4,2025-11-14 20:00:57,0,2025-12-15,6602.990234375,0.11904761904761904,2512,0.045,in,6627.109445923378,0.014372626608504191,0.33445593895991416,0.013316758941137836,-0.04271391521878698
6375.0,439.88,2025-11-14 20:00:35,0,2025-12-15,6602.990234375,0.11904761904761904,2512,0.045,in,6627.109445923378,0.014372626608504191,0.32600118207671425,0.01265199651373988,-0.03878463707889737
6380.0,337.77,2025-11-18 14:54:39,0,2025-12-19,6602.990234375,0.11904761904761904,2512,0.045,in,6627.109445923378,0.014372626608504191,0.20307137711922538,0.004909283833940316,-0.03800063076668874
6400.0,319.31,2025-11-07 17:11:38,0,2025-12-08,6602.990234375,0.11904761904761904,2512,0.045,in,6627.109445923378,0.014372626608504191,0.19708542738716095,0.004624126867664273,-0.03487073775776112
6405.0,345.23,2025-11-18 19:40:37,0,2025-12-19,6602.990234375,0.11904761904761904,2512,0.045,in,6627.109445923378,0.014372626608504191,0.23406039957457664,0.006521936982025056,-0.034089792774689646
6445.0,294.8,2025-11-18 20:44:42,0,2025-12-19,6602.990234375,0.11904761904761904,2512,0.045,in,6627.109445923378,0.014372626608504191,0.2040353812191426,0.004956004379671529,-0.027864091732236574
6460.0,262.8,2025-11-18 15:52:38,0,2025-12-19,6602.990234375,0.11904761904761904,2512,0.045,in,6627.109445923378,0.014372626608504191,0.1767862448358035,0.003720640043231507,-0.0255394103288768
6485.0,258.59,2025-11-18 20:56:36,0,2025-12-19,6602.990234375,0.11904761904761904,2512,0.045,in,6627.109445923378,0.014372626608504191,0.19102720137782647,0.004344213293600556,-0.021676910354980036
6600.0,165.08,2025-11-21 20:42:19,0,2025-12-22,6602.990234375,0.11904761904761904,2512,0.045,in,6627.109445923378,0.014372626608504191,0.16018747274008627,0.0030547650503399857,-0.004099079091007326
6725.0,90.44,2025-11-21 17:25:37,0,2025-12-22,6602.990234375,0.11904761904761904,2512,0.045,out,6627.109445923378,0.014372626608504191,0.14095522015796821,0.0023652826297358674,0.014663197364515598
6750.0,76.56,2025-11-21 21:07:10,0,2025-12-22,6602.990234375,0.11904761904761904,2512,0.045,out,6627.109445923378,0.014372626608504191,0.13556066207563328,0.0021877015598076237,0.01837377676105129
6775.0,66.0,2025-11-21 21:02:07,0,2025-12-22,6602.990234375,0.11904761904761904,2512,0.045,out,6627.109445923378,0.014372626608504191,0.13296233094662896,0.002104640648900105,0.02207063864237747
6800.0,69.78,2025-11-21 18:53:09,0,2025-12-22,6602.990234375,0.11904761904761904,2512,0.045,out,6627.109445923378,0.014372626608504191,0.1469896979134265,0.002572139439604807,0.02575388405867371
6825.0,50.4,2025-11-21 20:37:58,0,2025-12-22,6602.990234375,0.11904761904761904,2512,0.045,out,6627.109445923378,0.014372626608504191,0.13158143235217068,0.0020611515880772464,0.029423612947636166
6850.0,41.02,2025-11-21 18:36:16,0,2025-12-22,6602.990234375,0.11904761904761904,2512,0.045,out,6627.109445923378,0.014372626608504191,0.12720836934870955,0.0019264249086140125,0.033079924150746697
6875.0,31.2,2025-11-21 21:08:22,0,2025-12-22,6602.990234375,0.11904761904761904,2512,0.045,out,6627.109445923378,0.014372626608504191,0.12056512932066453,0.0017304702866795905,0.036722915429247806
6900.0,25.3,2025-11-21 21:07:56,0,2025-12-22,6602.990234375,0.11904761904761904,2512,0.045,out,6627.109445923378,0.014372626608504191,0.11828381738600925,0.0016656025542150933,0.040352683479826554
6925.0,20.2,2025-11-21 21:08:11,0,2025-12-22,6602.990234375,0.11904761904761904,2512,0.045,out,6627.109445923378,0.014372626608504191,0.11600947912924237,0.0016021665771235856,0.04396932395001488
6950.0,18.3,2025-11-21 20:37:59,0,2025-12-22,6602.990234375,0.11904761904761904,2512,0.045,out,6627.109445923378,0.014372626608504191,0.11879464930095014,0.0016800200836352064,0.04757293145331348
7000.0,12.0,2025-11-21 20:39:27,0,2025-12-22,6602.990234375,0.11904761904761904,2512,0.045,out,6627.109445923378,0.014372626608504191,0.11673831844067464,0.0016223613086138518,0.0547414209319261
7025.0,9.2,2025-11-21 20:35:05,0,2025-12-22,6602.990234375,0.11904761904761904,2512,0.045,out,6627.109445923378,0.014372626608504191,0.11463810127833202,0.0015645112219882273,0.0583064870964223
7050.0,6.55,2025-11-21 15:48:04,0,2025-12-22,6602.990234375,0.11904761904761904,2512,0.045,out,6627.109445923378,0.014372626608504191,0.11121843258823562,0.0014725642556409416,0.06185888870078995
7100.0,3.5,2025-11-21 20:59:34,0,2025-12-22,6602.990234375,0.11904761904761904,2512,0.045,out,6627.109445923378,0.014372626608504191,0.1074666734503231,0.0013748911788664735,0.06892605592388247
7125.0,3.7,2025-11-21 20:04:48,0,2025-12-22,6602.990234375,0.11904761904761904,2512,0.045,out,6627.109445923378,0.014372626608504191,0.11314439995925744,0.0015240065764452874,0.072440998031327
5300.0,1566.84,2025-10-27 13:30:04,0,2025-11-28,6602.990234375,0.12301587301587301,2511,0.045,in,6609.601643150545,0.03686467572880927,0.8625094838194817,0.09151428928585321,-0.22081656570285893
5325.0,1431.87,2025-11-17 15:04:06,0,2025-12-19,6602.990234375,0.12301587301587301,2512,0.045,in,6627.109445923378,0.015360606395326635,0.6608030871739397,0.053716199684828915,-0.21875601652789844
5375.0,1381.97,2025-11-17 14:44:53,0,2025-12-19,6602.990234375,0.12301587301587301,2512,0.045,in,6627.109445923378,0.015360606395326635,0.6413258702111518,0.050596289785177884,-0.2094101541096608
5400.0,1232.9,2025-11-10 18:38:54,0,2025-12-12,6602.990234375,0.12301587301587301,2512,0.045,in,6627.109445923378,0.015360606395326635,0.18908590237695233,0.004398245368289273,-0.20476977455315856
5450.0,1414.33,2025-10-27 13:42:35,0,2025-11-28,6602.990234375,0.12301587301587301,2511,0.045,in,6609.601643150545,0.03686467572880927,0.7910640859958489,0.07698116679653128,-0.1929077775857823
5525.0,1237.65,2025-11-17 14:41:32,0,2025-12-19,6602.990234375,0.12301587301587301,2512,0.045,in,6627.109445923378,0.015360606395326635,0.592895164808572,0.043243114960535296,-0.18188548071957075
5550.0,1201.57,2025-11-17 15:50:22,0,2025-12-19,6602.990234375,0.12301587301587301,2512,0.045,in,6627.109445923378,0.015360606395326635,0.5634977317656801,0.03906119247959149,-0.17737080036504407
5650.0,1216.14,2025-10-27 13:42:35,0,2025-11-28,6602.990234375,0.12301587301587301,2511,0.045,in,6609.601643150545,0.03686467572880927,0.7049898757482225,0.061140208222747294,-0.15686784110258542
5700.0,1140.39,2025-11-10 18:35:21,0,2025-12-12,6602.990234375,0.12301587301587301,2512,0.045,in,6627.109445923378,0.015360606395326635,0.6453604290802206,0.05123489121468571,-0.15070255328288273
5700.0,1178.0,2025-10-27 17:17:46,0,2025-11-28,6602.990234375,0.12301587301587301,2511,0.045,in,6609.601643150545,0.03686467572880927,0.6999116391856962,0.06026256104244386,-0.14805721142043057
5900.0,888.43,2025-11-17 10:19:06,0,2025-12-19,6602.990234375,0.12301587301587301,2512,0.045,in,6627.109445923378,0.015360606395326635,0.48563628789757224,0.02901238384051962,-0.11621637721171345
5910.0,963.71,2025-10-27 13:55:44,0,2025-11-28,6602.990234375,0.12301587301587301,2511,0.045,in,6609.601643150545,0.03686467572880927,0.6004633229741038,0.04435413598948487,-0.11187755484292826
6010.0,865.04,2025-10-27 13:55:10,0,2025-11-28,6602.990234375,0.12301587301587301,2511,0.045,in,6609.601643150545,0.03686467572880927,0.5576123512427089,0.03824951413496463,-0.09509863771381886
6120.0,757.9,2025-10-27 13:55:34,0,2025-11-28,6602.990234375,0.12301587301587301,2511,0.045,in,6609.601643150545,0.03686467572880927,0.5117325504045132,0.0322141916565426,-0.0769612897367003
6150.0,700.27,2025-11-10 18:19:01,0,2025-12-12,6602.990234375,0.12301587301587301,2512,0.045,in,6627.109445923378,0.015360606395326635,0.46352620946655193,0.02643076568545763,-0.07471664630496075
6200.0,655.05,2025-11-10 18:46:18,0,2025-12-12,6602.990234375,0.12301587301587301,2512,0.045,in,6627.109445923378,0.015360606395326635,0.4471703558039818,0.024598417223831943,-0.06661943607234141
6185.0,695.8,2025-10-27 14:29:14,0,2025-11-28,6602.990234375,0.12301587301587301,2511,0.045,in,6609.601643150545,0.03686467572880927,0.4856929110420603,0.02901914967830092,-0.06639638041648381
6195.0,686.1,2025-10-27 14:29:14,0,2025-11-28,6602.990234375,0.12301587301587301,2511,0.045,in,6609.601643150545,0.03686467572880927,0.4814691289011033,0.028516619780271445,-0.06478087117982932
6235.0,484.88,2025-11-17 19:54:03,0,2025-12-19,6602.990234375,0.12301587301587301,2512,0.045,in,6627.109445923378,0.015360606395326635,0.25667438555643723,0.008104499786603225,-0.060990148991387425
6240.0,553.98,2025-11-17 14:57:33,0,2025-12-19,6602.990234375,0.12301587301587301,2512,0.045,in,6627.109445923378,0.015360606395326635,0.35335167004145424,0.015359442398228677,-0.06018854574205094
6345.0,348.57,2025-11-17 16:27:03,0,2025-12-19,6602.990234375,0.12301587301587301,2512,0.045,in,6627.109445923378,0.015360606395326635,0.17884052013451274,0.003934531273418551,-0.04350162695703624
6355.0,421.29,2025-11-17 16:27:03,0,2025-12-19,6602.990234375,0.12301587301587301,2512,0.045,in,6627.109445923378,0.015360606395326635,0.28238726099858585,0.00980960127143963,-0.04192682348196981
6385.0,327.67,2025-11-17 20:36:20,0,2025-12-19,6602.990234375,0.12301587301587301,2512,0.045,in,6627.109445923378,0.015360606395326635,0.1901328435483447,0.004447085095512535,-0.03721723863888456
6395.0,339.14,2025-11-17 20:04:17,0,2025-12-19,6602.990234375,0.12301587301587301,2512,0.045,in,6627.109445923378,0.015360606395326635,0.213626663820354,0.005613995620418455,-0.03565229309258124
6465.0,379.29,2025-11-17 08:04:05,0,2025-12-19,6602.990234375,0.12301587301587301,2512,0.045,in,6627.109445923378,0.015360606395326635,0.3117029539664292,0.011952066177989423,-0.024765715899566405
6550.0,184.32,2025-11-20 20:30:03,0,2025-12-22,6602.990234375,0.12301587301587301,2512,0.045,in,6627.109445923378,0.015360606395326635,0.14722816144269077,0.002666508242760498,-0.011703678476226718
6675.0,103.15,2025-11-21 09:09:13,0,2025-12-23,6602.990234375,0.12301587301587301,2512,0.045,out,6627.109445923378,0.015360606395326635,0.12945270891063074,0.0020615004729099815,0.00720047616292594
6700.0,110.14,2025-11-20 20:46:26,0,2025-12-22,6602.990234375,0.12301587301587301,2512,0.045,out,6627.109445923378,0.015360606395326635,0.148793297595845,0.002723503205130224,0.01093879827353313
6700.0,102.97,2025-11-21 21:09:49,0,2025-12-23,6602.990234375,0.12301587301587301,2512,0.045,out,6627.109445923378,0.015360606395326635,0.14094174214849803,0.0024436579963312095,0.01093879827353313
6730.0,140.9,2025-11-14 21:03:45,0,2025-12-16,6602.990234375,0.12301587301587301,2512,0.045,out,6627.109445923378,0.015360606395326635,0.1960377960487485,0.004727600562972905,0.015406415533249194
6775.0,57.4,2025-11-21 12:32:31,0,2025-12-23,6602.990234375,0.12301587301587301,2512,0.045,out,6627.109445923378,0.015360606395326635,0.12009902630746225,0.001774353411587364,0.02207063864237747
6800.0,64.3,2025-11-21 20:36:55,0,2025-12-23,6602.990234375,0.12301587301587301,2512,0.045,out,6627.109445923378,0.015360606395326635,0.137564219924587,0.0023279418758224775,0.02575388405867371
6825.0,54.7,2025-11-21 20:36:56,0,2025-12-23,6602.990234375,0.12301587301587301,2512,0.045,out,6627.109445923378,0.015360606395326635,0.13451454584751865,0.0022258692634186113,0.029423612947636166
6900.0,29.8,2025-11-21 18:04:19,0,2025-12-23,6602.990234375,0.12301587301587301,2512,0.045,out,6627.109445923378,0.015360606395326635,0.12329559205501296,0.0018700630699447676,0.040352683479826554
6950.0,18.1,2025-11-21 21:13:54,0,2025-12-23,6602.990234375,0.12301587301587301,2512,0.045,out,6627.109445923378,0.015360606395326635,0.1161559540401166,0.0016597554580478572,0.04757293145331348
6975.0,16.6,2025-11-21 20:40:00,0,2025-12-23,6602.990234375,0.12301587301587301,2512,0.045,out,6627.109445923378,0.015360606395326635,0.11923968958889758,0.0017490524236942703,0.05116359958404208
7000.0,13.25,2025-11-21 20:40:00,0,2025-12-23,6602.990234375,0.12301587301587301,2512,0.045,out,6627.109445923378,0.015360606395326635,0.11761780132764187,0.0017017950907286016,0.0547414209319261
7075.0,5.65,2025-11-20 15:20:50,0,2025-12-22,6602.990234375,0.12301587301587301,2512,0.045,out,6627.109445923378,0.015360606395326635,0.11069827250525181,0.0015074497365280025,0.06539871540591402
7100.0,4.81,2025-11-21 15:46:57,0,2025-12-23,6602.990234375,0.12301587301587301,2512,0.045,out,6627.109445923378,0.015360606395326635,0.11192334555448932,0.0015409995781087236,0.06892605592388247
6025.0,824.03,2025-11-05 18:15:03,0,2025-12-08,6602.990234375,0.12698412698412698,2512,0.045,in,6627.109445923378,0.016286837445472678,0.5078582655173186,0.032751748298953554,-0.09525124874666854
6050.0,799.73,2025-11-05 18:15:03,0,2025-12-08,6602.990234375,0.12698412698412698,2512,0.045,in,6627.109445923378,0.016286837445472678,0.4980033362079926,0.03149299338086233,-0.09111045608063709
6050.0,686.57,2025-10-22 20:01:20,0,2025-11-24,6602.990234375,0.12698412698412698,2511,0.045,in,6609.601643150545,0.03711890461228398,0.34346157642220543,0.014979791044879549,-0.08846511421818498
6100.0,587.63,2025-11-07 17:06:25,0,2025-12-10,6602.990234375,0.12698412698412698,2512,0.045,in,6627.109445923378,0.016286837445472678,0.24760027131533716,0.007784875473705215,-0.08287995694412166
6125.0,804.78,2025-10-29 18:00:44,0,2025-12-01,6602.990234375,0.12698412698412698,2512,0.045,in,6627.109445923378,0.016286837445472678,0.5639067829913506,0.04037979173379735,-0.0787899716925965
6150.0,780.31,2025-10-29 18:00:44,0,2025-12-01,6602.990234375,0.12698412698412698,2512,0.045,in,6627.109445923378,0.016286837445472678,0.5528945486048914,0.03881808023835004,-0.07471664630496075
6200.0,598.33,2025-11-13 18:11:29,0,2025-12-16,6602.990234375,0.12698412698412698,2512,0.045,in,6627.109445923378,0.016286837445472678,0.3689615305511109,0.01728668076528487,-0.06661943607234141
6350.0,466.88,2025-11-14 16:39:16,0,2025-12-17,6602.990234375,0.12698412698412698,2512,0.045,in,6627.109445923378,0.016286837445472678,0.3274350311202812,0.01361443804504629,-0.04271391521878698
6725.0,85.1,2025-11-20 20:07:24,0,2025-12-23,6602.990234375,0.12698412698412698,2512,0.045,out,6627.109445923378,0.016286837445472678,0.12960726719839344,0.0021330849156362855,0.014663197364515598
6750.0,68.32,2025-11-20 19:21:48,0,2025-12-23,6602.990234375,0.12698412698412698,2512,0.045,out,6627.109445923378,0.016286837445472678,0.12099679150783764,0.0018590760070083974,0.01837377676105129
5400.0,1317.73,2025-10-22 19:28:25,0,2025-11-25,6602.990234375,0.13095238095238096,2511,0.045,in,6609.601643150545,0.037357725684639013,0.533444749960243,0.03726424183168582,-0.20212443269070637
5700.0,973.58,2025-11-07 16:50:05,0,2025-12-11,6602.990234375,0.13095238095238096,2512,0.045,in,6627.109445923378,0.017156933280458357,0.33635011107125,0.014814825826119815,-0.15070255328288273
5800.0,877.67,2025-11-07 16:48:42,0,2025-12-11,6602.990234375,0.13095238095238096,2512,0.045,in,6627.109445923378,0.017156933280458357,0.3156927685375003,0.013050966252090346,-0.13331081057101363
5900.0,787.42,2025-11-07 17:39:52,0,2025-12-11,6602.990234375,0.13095238095238096,2512,0.045,in,6627.109445923378,0.017156933280458357,0.3052777774890318,0.012204044472798463,-0.11621637721171345
5925.0,762.68,2025-11-07 16:51:28,0,2025-12-11,6602.990234375,0.13095238095238096,2512,0.045,in,6627.109445923378,0.017156933280458357,0.297884788708293,0.011620105009305095,-0.1119880411021924
6075.0,656.68,2025-10-22 19:27:44,0,2025-11-25,6602.990234375,0.13095238095238096,2511,0.045,in,6609.601643150545,0.037357725684639013,0.32078990937519525,0.013475807446742927,-0.08434139703432295
6175.0,699.06,2025-11-11 18:11:23,0,2025-12-15,6602.990234375,0.13095238095238096,2512,0.045,in,6627.109445923378,0.017156933280458357,0.46546202121616564,0.028371474108821675,-0.07065984560934631
6175.0,562.65,2025-10-22 19:26:56,0,2025-11-25,6602.990234375,0.13095238095238096,2511,0.045,in,6609.601643150545,0.037357725684639013,0.2929531260300816,0.011238534220937688,-0.0680145037468942
6250.0,629.41,2025-11-11 18:17:49,0,2025-12-15,6602.990234375,0.13095238095238096,2512,0.045,in,6627.109445923378,0.017156933280458357,0.43846057717830766,0.025175291132558116,-0.05858726437507707
6350.0,469.13,2025-11-14 16:39:16,0,2025-12-18,6602.990234375,0.13095238095238096,2512,0.045,in,6627.109445923378,0.017156933280458357,0.3242201280702214,0.013765542927435457,-0.04271391521878698
6375.0,354.59,2025-11-18 20:50:26,0,2025-12-22,6602.990234375,0.13095238095238096,2512,0.045,in,6627.109445923378,0.017156933280458357,0.2073443553774795,0.005629863080665805,-0.03878463707889737
6450.0,412.72,2025-11-13 15:32:15,0,2025-12-17,6602.990234375,0.13095238095238096,2512,0.045,in,6627.109445923378,0.017156933280458357,0.32796016882665824,0.014084959472677523,-0.027088597315706085
5650.0,1218.6,2025-10-31 15:48:37,0,2025-12-05,6602.990234375,0.1349206349206349,2512,0.045,in,6627.109445923378,0.0179758470075037,0.6736553871588435,0.0612285465953828,-0.15951318296503772
5700.0,954.4,2025-10-31 14:45:18,0,2025-12-05,6602.990234375,0.1349206349206349,2512,0.045,in,6627.109445923378,0.0179758470075037,0.27309984211925864,0.010062856381068158,-0.15070255328288273
5840.0,982.09,2025-10-24 14:47:21,0,2025-11-28,6602.990234375,0.1349206349206349,2511,0.045,in,6609.601643150545,0.03758249845862022,0.5308985131692053,0.03802781691944158,-0.12379258942079935
6000.0,913.3,2025-10-29 19:59:29,0,2025-12-03,6602.990234375,0.1349206349206349,2512,0.045,in,6627.109445923378,0.0179758470075037,0.581410990530379,0.04560840141636333,-0.09940925889533228
6100.0,786.6,2025-10-27 16:15:49,0,2025-12-01,6602.990234375,0.1349206349206349,2512,0.045,in,6627.109445923378,0.0179758470075037,0.5052445502603821,0.03444146781470529,-0.08287995694412166
6100.0,746.14,2025-11-10 18:30:46,0,2025-12-15,6602.990234375,0.1349206349206349,2512,0.045,in,6627.109445923378,0.0179758470075037,0.4559976980426129,0.028054573893196457,-0.08287995694412166
6245.0,527.57,2025-11-14 15:34:44,0,2025-12-19,6602.990234375,0.1349206349206349,2512,0.045,in,6627.109445923378,0.0179758470075037,0.30641257348877543,0.012667518319557472,-0.05938758454584628
6275.0,545.88,2025-11-14 17:21:22,0,2025-12-19,6602.990234375,0.1349206349206349,2512,0.045,in,6627.109445923378,0.0179758470075037,0.35242033115454624,0.016757154974510798,-0.05459524310553969
6280.0,401.22,2025-11-14 15:39:08,0,2025-12-19,6602.990234375,0.1349206349206349,2512,0.045,in,6627.109445923378,0.0179758470075037,0.16999470845357986,0.0038989636137912653,-0.05379874764327988
6365.0,335.35,2025-11-14 15:44:10,0,2025-12-19,6602.990234375,0.1349206349206349,2512,0.045,in,6627.109445923378,0.0179758470075037,0.16961810535528196,0.003881707367407651,-0.04035449611401742
6400.0,310.0,2025-11-21 16:52:21,0,2025-12-26,6602.990234375,0.1349206349206349,2512,0.045,in,6627.109445923378,0.0179758470075037,0.16965242987377468,0.003883278558375338,-0.03487073775776112
6425.0,245.33,2025-11-06 18:03:28,0,2025-12-11,6602.990234375,0.1349206349206349,2512,0.045,in,6627.109445923378,0.0179758470075037,0.10756111424891526,0.0015609498894758685,-0.030972097342103752
6450.0,210.35,2025-11-04 16:23:53,0,2025-12-09,6602.990234375,0.1349206349206349,2512,0.045,in,6627.109445923378,0.0179758470075037,0.08427032078541244,0.0009581371302356934,-0.027088597315706085
6520.0,202.9,2025-11-21 15:19:13,0,2025-12-26,6602.990234375,0.1349206349206349,2512,0.045,in,6627.109445923378,0.0179758470075037,0.1385369179461443,0.002589461268081621,-0.016294352184825688
6550.0,203.18,2025-11-21 18:35:08,0,2025-12-26,6602.990234375,0.1349206349206349,2512,0.045,in,6627.109445923378,0.0179758470075037,0.15864513394079094,0.003395720118194884,-0.011703678476226718
6600.0,181.95,2025-11-18 16:44:43,0,2025-12-23,6602.990234375,0.1349206349206349,2512,0.045,in,6627.109445923378,0.0179758470075037,0.1654703236421648,0.0036941847310010072,-0.004099079091007326
6600.0,171.0,2025-11-21 18:32:48,0,2025-12-26,6602.990234375,0.1349206349206349,2512,0.045,in,6627.109445923378,0.0179758470075037,0.15404112507279627,0.003201486981212529,-0.004099079091007326
6630.0,166.8,2025-11-21 19:46:15,0,2025-12-26,6602.990234375,0.1349206349206349,2512,0.045,out,6627.109445923378,0.0179758470075037,0.16570877916442636,0.003704839614022211,0.0004360760743839572
6640.0,143.68,2025-11-21 12:06:45,0,2025-12-26,6602.990234375,0.1349206349206349,2512,0.045,out,6627.109445923378,0.0179758470075037,0.14689600391344781,0.002911376281091861,0.0019432353649552288
6650.0,122.15,2025-11-21 14:33:31,0,2025-12-26,6602.990234375,0.1349206349206349,2512,0.045,out,6627.109445923378,0.0179758470075037,0.12964964243310742,0.0022678849707266214,0.003448126544375444
6660.0,141.11,2025-11-21 20:35:54,0,2025-12-26,6602.990234375,0.1349206349206349,2512,0.045,out,6627.109445923378,0.0179758470075037,0.1541372746416336,0.0032054848442631466,0.00495075642891059
6700.0,119.24,2025-11-21 20:20:32,0,2025-12-26,6602.990234375,0.1349206349206349,2512,0.045,out,6627.109445923378,0.0179758470075037,0.14999091414552546,0.0030353465360760047,0.01093879827353313
6720.0,119.88,2025-11-21 19:18:09,0,2025-12-26,6602.990234375,0.1349206349206349,2512,0.045,out,6627.109445923378,0.0179758470075037,0.1593641014458795,0.0034265681436832836,0.013919426411671005
6725.0,101.1,2025-11-21 14:33:31,0,2025-12-26,6602.990234375,0.1349206349206349,2512,0.045,out,6627.109445923378,0.0179758470075037,0.14172280568160198,0.002709928667099261,0.014663197364515598
6730.0,112.2,2025-11-21 17:19:08,0,2025-12-26,6602.990234375,0.1349206349206349,2512,0.045,out,6627.109445923378,0.0179758470075037,0.15552277672786016,0.003263370471265439,0.015406415533249194
6750.0,82.3,2025-11-21 20:57:29,0,2025-12-26,6602.990234375,0.1349206349206349,2512,0.045,out,6627.109445923378,0.0179758470075037,0.13171819128952333,0.0023408300998564984,0.01837377676105129
6760.0,84.2,2025-11-21 14:53:05,0,2025-12-26,6602.990234375,0.1349206349206349,2512,0.045,out,6627.109445923378,0.0179758470075037,0.13764900685394055,0.0025563748769356735,0.019854161931485485
6770.0,79.6,2025-11-21 16:45:37,0,2025-12-26,6602.990234375,0.1349206349206349,2512,0.045,out,6627.109445923378,0.0179758470075037,0.13641978566790092,0.002510921306892797,0.021332358800796317
6775.0,77.8,2025-11-21 17:54:19,0,2025-12-26,6602.990234375,0.1349206349206349,2512,0.045,out,6627.109445923378,0.0179758470075037,0.1363033455098209,0.0025066367773959003,0.02207063864237747
6790.0,65.4,2025-11-21 20:57:42,0,2025-12-26,6602.990234375,0.1349206349206349,2512,0.045,out,6627.109445923378,0.0179758470075037,0.12783933118231347,0.002204993715487308,0.024282213447217524
6800.0,68.5,2025-11-21 20:38:12,0,2025-12-26,6602.990234375,0.1349206349206349,2512,0.045,out,6627.109445923378,0.0179758470075037,0.13490375073446606,0.0024554235980782397,0.02575388405867371
6810.0,64.92,2025-11-21 20:47:32,0,2025-12-26,6602.990234375,0.1349206349206349,2512,0.045,out,6627.109445923378,0.0179758470075037,0.13426742504972075,0.002432314319850797,0.02722339203803384
6820.0,59.6,2025-11-21 20:37:20,0,2025-12-26,6602.990234375,0.1349206349206349,2512,0.045,out,6627.109445923378,0.0179758470075037,0.131437120798665,0.0023308506690899095,0.028690743731983503
6825.0,57.8,2025-11-21 20:37:20,0,2025-12-26,6602.990234375,0.1349206349206349,2512,0.045,out,6627.109445923378,0.0179758470075037,0.13096387982033927,0.0023140963722153695,0.029423612947636166
6830.0,53.3,2025-11-21 20:47:32,0,2025-12-26,6602.990234375,0.1349206349206349,2512,0.045,out,6627.109445923378,0.0179758470075037,0.12718296220827363,0.0021824095229619816,0.030155945459311394
6840.0,53.6,2025-11-21 20:36:02,0,2025-12-26,6602.990234375,0.1349206349206349,2512,0.045,out,6627.109445923378,0.0179758470075037,0.13077880466652048,0.002307560537698941,0.03161900351107194
6850.0,46.6,2025-11-21 19:59:49,0,2025-12-26,6602.990234375,0.1349206349206349,2512,0.045,out,6627.109445923378,0.0179758470075037,0.12520344717705775,0.002115002810677071,0.033079924150746697
6860.0,41.1,2025-11-21 19:48:49,0,2025-12-26,6602.990234375,0.1349206349206349,2512,0.045,out,6627.109445923378,0.0179758470075037,0.12113074879522141,0.0019796443743075203,0.03453871361440656
6870.0,46.1,2025-11-21 16:14:10,0,2025-12-26,6602.990234375,0.1349206349206349,2512,0.045,out,6627.109445923378,0.0179758470075037,0.13068777743912757,0.0023043493486003333,0.03599537811087082
6875.0,47.77,2025-11-21 19:05:27,0,2025-12-26,6602.990234375,0.1349206349206349,2512,0.045,out,6627.109445923378,0.0179758470075037,0.1343676323713569,0.002435946275352619,0.036722915429247806
6880.0,35.5,2025-11-21 20:55:10,0,2025-12-26,6602.990234375,0.1349206349206349,2512,0.045,out,6627.109445923378,0.0179758470075037,0.11938847134465419,0.0019231057184938597,0.03744992382186507
6890.0,29.9,2025-11-21 06:50:21,0,2025-12-26,6602.990234375,0.1349206349206349,2512,0.045,out,6627.109445923378,0.0179758470075037,0.11414196665194735,0.0017577984553171623,0.03890235690217991
6900.0,33.43,2025-11-21 20:34:08,0,2025-12-26,6602.990234375,0.1349206349206349,2512,0.045,out,6627.109445923378,0.0179758470075037,0.1220785438397717,0.0020107452755766986,0.040352683479826554
6910.0,37.0,2025-11-21 15:13:43,0,2025-12-26,6602.990234375,0.1349206349206349,2512,0.045,out,6627.109445923378,0.0179758470075037,0.12999926355095956,0.002280132896067153,0.041800909656191314
6925.0,28.8,2025-11-21 20:24:39,0,2025-12-26,6602.990234375,0.1349206349206349,2512,0.045,out,6627.109445923378,0.0179758470075037,0.121905381934609,0.002005045051258644,0.04396932395001488
6930.0,24.5,2025-11-21 20:55:32,0,2025-12-26,6602.990234375,0.1349206349206349,2512,0.045,out,6627.109445923378,0.0179758470075037,0.11631984750004377,0.0018255176006457814,0.04469108507842472
6950.0,21.0,2025-11-21 15:51:10,0,2025-12-26,6602.990234375,0.1349206349206349,2512,0.045,out,6627.109445923378,0.0179758470075037,0.11533718609376234,0.0017948042097814428,0.04757293145331348
6960.0,27.85,2025-11-21 06:50:21,0,2025-12-26,6602.990234375,0.1349206349206349,2512,0.045,out,6627.109445923378,0.0179758470075037,0.12950067212938352,0.0022626762650266308,0.04901074622294114
6975.0,16.9,2025-11-21 20:22:54,0,2025-12-26,6602.990234375,0.1349206349206349,2512,0.045,out,6627.109445923378,0.0179758470075037,0.11359308010855752,0.0017409332811534589,0.05116359958404208
6980.0,18.7,2025-11-21 17:57:30,0,2025-12-26,6602.990234375,0.1349206349206349,2512,0.045,out,6627.109445923378,0.0179758470075037,0.1182929419354282,0.0018879741420599683,0.051880188650893826
6990.0,15.5,2025-11-21 15:49:00,0,2025-12-26,6602.990234375,0.1349206349206349,2512,0.045,out,6627.109445923378,0.0179758470075037,0.11417126894458977,0.0017587010880246304,0.053311828122331754
7000.0,13.51,2025-11-21 21:04:45,0,2025-12-26,6602.990234375,0.1349206349206349,2512,0.045,out,6627.109445923378,0.0179758470075037,0.11207471177298294,0.0016947031533567649,0.0547414209319261
7010.0,12.53,2025-11-21 19:42:33,0,2025-12-26,6602.990234375,0.1349206349206349,2512,0.045,out,6627.109445923378,0.0179758470075037,0.11199779396732865,0.0016923777738914233,0.056168972923111446
7020.0,11.5,2025-11-21 20:53:30,0,2025-12-26,6602.990234375,0.1349206349206349,2512,0.045,out,6627.109445923378,0.0179758470075037,0.11164819603925152,0.001681828845554963,0.057594489914332615
7025.0,10.81,2025-11-21 21:04:45,0,2025-12-26,6602.990234375,0.1349206349206349,2512,0.045,out,6627.109445923378,0.0179758470075037,0.11095927214666952,0.001661137470479503,0.0583064870964223
7040.0,15.2,2025-11-21 19:29:30,0,2025-12-26,6602.990234375,0.1349206349206349,2512,0.045,out,6627.109445923378,0.0179758470075037,0.12467735444224233,0.0020972660800173087,0.06043944204656376
7050.0,8.25,2025-11-21 21:13:10,0,2025-12-26,6602.990234375,0.1349206349206349,2512,0.045,out,6627.109445923378,0.0179758470075037,0.10894738773363268,0.0016014449682357336,0.06185888870078995
7075.0,6.9,2025-11-21 19:31:39,0,2025-12-26,6602.990234375,0.1349206349206349,2512,0.045,out,6627.109445923378,0.0179758470075037,0.10949097228962217,0.0016174654065059981,0.06539871540591402
7100.0,5.25,2025-11-21 21:13:10,0,2025-12-26,6602.990234375,0.1349206349206349,2512,0.045,out,6627.109445923378,0.0179758470075037,0.10802364175198394,0.0015744033493264797,0.06892605592388247
7125.0,5.75,2025-11-21 15:10:47,0,2025-12-26,6602.990234375,0.1349206349206349,2512,0.045,out,6627.109445923378,0.0179758470075037,0.11458975474943044,0.0017716174776991147,0.072440998031327
7150.0,5.34,2025-11-21 16:42:52,0,2025-12-26,6602.990234375,0.1349206349206349,2512,0.045,out,6627.109445923378,0.0179758470075037,0.11740991714377566,0.0018598929122463533,0.0759436285825291
5500.0,1406.73,2025-10-29 20:06:28,0,2025-12-04,6602.990234375,0.1388888888888889,2512,0.045,in,6627.109445923378,0.018747965664432167,0.7797730879137346,0.08445084286590568,-0.18642063588496194
5650.0,1121.24,2025-11-13 19:45:18,0,2025-12-19,6602.990234375,0.1388888888888889,2512,0.045,in,6627.109445923378,0.018747965664432167,0.5207696994371853,0.03766681664609672,-0.15951318296503772
5720.0,1112.86,2025-11-13 14:56:00,0,2025-12-19,6602.990234375,0.1388888888888889,2512,0.045,in,6627.109445923378,0.018747965664432167,0.5847812536224292,0.04749571035947498,-0.1471999227316807
5890.0,958.49,2025-11-13 14:31:20,0,2025-12-19,6602.990234375,0.1388888888888889,2512,0.045,in,6627.109445923378,0.018747965664432167,0.5373352220601423,0.0401012695647809,-0.11791273045989191
6000.0,787.03,2025-11-20 14:01:02,0,2025-12-26,6602.990234375,0.1388888888888889,2512,0.045,in,6627.109445923378,0.018747965664432167,0.41300354909971515,0.02369054605124456,-0.09940925889533228
6075.0,696.07,2025-11-06 17:59:42,0,2025-12-12,6602.990234375,0.1388888888888889,2512,0.045,in,6627.109445923378,0.018747965664432167,0.3634821514571601,0.01834989922610082,-0.0869867388967751
6250.0,607.63,2025-11-10 18:36:15,0,2025-12-16,6602.990234375,0.1388888888888889,2512,0.045,in,6627.109445923378,0.018747965664432167,0.3993449931102555,0.022149503266976393,-0.05858726437507707
6275.0,584.01,2025-11-11 16:42:41,0,2025-12-17,6602.990234375,0.1388888888888889,2512,0.045,in,6627.109445923378,0.018747965664432167,0.3902218658337015,0.021149042302046575,-0.05459524310553969
6290.0,564.1,2025-11-13 15:33:02,0,2025-12-19,6602.990234375,0.1388888888888889,2512,0.045,in,6627.109445923378,0.018747965664432167,0.3782174939853716,0.01986784343841314,-0.05220765741103811
6420.0,409.06,2025-11-13 17:58:10,0,2025-12-19,6602.990234375,0.1388888888888889,2512,0.045,in,6627.109445923378,0.018747965664432167,0.294157453818007,0.012017862171762907,-0.0317506104215174
6500.0,214.36,2025-11-20 20:59:27,0,2025-12-26,6602.990234375,0.1388888888888889,2512,0.045,in,6627.109445923378,0.018747965664432167,0.13413641526098938,0.0024989691526484145,-0.01936655122179581
6570.0,185.8,2025-11-20 19:57:52,0,2025-12-26,6602.990234375,0.1388888888888889,2512,0.045,in,6627.109445923378,0.018747965664432167,0.1494409061597797,0.003101747838035567,-0.008654895626868046
6575.0,172.07,2025-11-20 19:41:22,0,2025-12-26,6602.990234375,0.1388888888888889,2512,0.045,in,6627.109445923378,0.018747965664432167,0.13804280694450535,0.0026466411873774967,-0.007894150059558978
6580.0,163.5,2025-11-20 20:52:51,0,2025-12-26,6602.990234375,0.1388888888888889,2512,0.045,in,6627.109445923378,0.018747965664432167,0.1320456636825588,0.002421674624634365,-0.007133982786161431
6625.0,144.19,2025-11-20 20:05:07,0,2025-12-26,6602.990234375,0.1388888888888889,2512,0.045,out,6627.109445923378,0.018747965664432167,0.13705379855054725,0.0026088532912686094,-0.0003183562511013513
6670.0,136.9,2025-11-20 18:17:53,0,2025-12-26,6602.990234375,0.1388888888888889,2512,0.045,out,6627.109445923378,0.018747965664432167,0.1517896242339345,0.0032000125034831995,0.006451131804145099
6675.0,101.86,2025-11-20 18:17:26,0,2025-12-26,6602.990234375,0.1388888888888889,2512,0.045,out,6627.109445923378,0.018747965664432167,0.11834485621181673,0.0019452090266382745,0.00720047616292594
6680.0,123.19,2025-11-20 18:36:55,0,2025-12-26,6602.990234375,0.1388888888888889,2512,0.045,out,6627.109445923378,0.018747965664432167,0.1424211421777303,0.00281719190822351,0.007949259425167035
6690.0,108.7,2025-11-20 20:15:20,0,2025-12-26,6602.990234375,0.1388888888888889,2512,0.045,out,6627.109445923378,0.018747965664432167,0.1320933715781553,0.0024234248354006393,0.009445146016749907
6710.0,96.8,2025-11-20 18:50:05,0,2025-12-26,6602.990234375,0.1388888888888889,2512,0.045,out,6627.109445923378,0.018747965664432167,0.1284814204544865,0.0022927049169447974,0.012430222860203106
6740.0,92.21,2025-11-20 18:36:55,0,2025-12-26,6602.990234375,0.1388888888888889,2512,0.045,out,6627.109445923378,0.018747965664432167,0.1359506144743241,0.0025670235522147642,0.016891196800828352
6780.0,61.6,2025-11-20 20:01:55,0,2025-12-26,6602.990234375,0.1388888888888889,2512,0.045,out,6627.109445923378,0.018747965664432167,0.11781343290306368,0.0019277784683895398,0.02280837382891704
6920.0,53.02,2025-11-20 01:46:54,0,2025-12-26,6602.990234375,0.1388888888888889,2512,0.045,out,6627.109445923378,0.018747965664432167,0.15211461188201525,0.003213729881668908,0.04324704150619091
6940.0,18.72,2025-11-20 21:12:15,0,2025-12-26,6602.990234375,0.1388888888888889,2512,0.045,out,6627.109445923378,0.018747965664432167,0.10690636204052835,0.0015873569784361837,0.04613304639532592
6970.0,23.0,2025-11-20 16:36:52,0,2025-12-26,6602.990234375,0.1388888888888889,2512,0.045,out,6627.109445923378,0.018747965664432167,0.12171424164466543,0.0020575495304355567,0.050446496649045304
7030.0,10.3,2025-11-20 19:30:38,0,2025-12-26,6602.990234375,0.1388888888888889,2512,0.045,out,6627.109445923378,0.018747965664432167,0.10882236740454514,0.0016447649510458067,0.05901797769918633
7060.0,10.3,2025-11-20 20:59:05,0,2025-12-26,6602.990234375,0.1388888888888889,2512,0.045,out,6627.109445923378,0.018747965664432167,0.11491643131200752,0.0018341369702065753,0.0632763233817635
5925.0,734.8,2025-11-12 20:15:15,0,2025-12-19,6602.990234375,0.14285714285714285,2512,0.045,in,6627.109445923378,0.01947718884042016,0.21721325402831632,0.006740228246509982,-0.1119880411021924
6300.0,565.04,2025-11-11 14:48:02,0,2025-12-18,6602.990234375,0.14285714285714285,2512,0.045,in,6627.109445923378,0.01947718884042016,0.38006767060129215,0.020635919176613185,-0.050619094725900225
6415.0,508.44,2025-11-12 09:22:29,0,2025-12-19,6602.990234375,0.14285714285714285,2512,0.045,in,6627.109445923378,0.01947718884042016,0.3919072764823892,0.021941616194263408,-0.03252973005578754
5775.0,1102.85,2025-11-11 19:48:05,0,2025-12-19,6602.990234375,0.14682539682539683,2512,0.045,in,6627.109445923378,0.020166994547435833,0.6044153383787192,0.05363794582101619,-0.13763047171552995
6175.0,663.8,2025-10-24 18:22:11,0,2025-12-01,6602.990234375,0.14682539682539683,2512,0.045,in,6627.109445923378,0.020166994547435833,0.3959552311617568,0.023019365746513212,-0.07065984560934631
6175.0,710.85,2025-11-11 19:07:36,0,2025-12-19,6602.990234375,0.14682539682539683,2512,0.045,in,6627.109445923378,0.020166994547435833,0.4497724141373708,0.029702076615878842,-0.07065984560934631
6350.0,550.71,2025-11-03 20:55:17,0,2025-12-11,6602.990234375,0.14682539682539683,2512,0.045,in,6627.109445923378,0.020166994547435833,0.39107830524826726,0.0224558052020901,-0.04271391521878698
6530.0,215.18,2025-11-18 16:05:28,0,2025-12-26,6602.990234375,0.14682539682539683,2512,0.045,in,6627.109445923378,0.020166994547435833,0.15005559375971253,0.0033060206551089504,-0.01476178483504754
5500.0,1205.36,2025-11-17 19:06:00,0,2025-12-26,6602.990234375,0.15079365079365079,2512,0.045,in,6627.109445923378,0.02082049469092436,0.43239001601523946,0.02819255073844065,-0.18642063588496194
5900.0,822.53,2025-11-07 19:22:53,0,2025-12-16,6602.990234375,0.15079365079365079,2512,0.045,in,6627.109445923378,0.02082049469092436,0.3366551197409433,0.017090450184984035,-0.11621637721171345
5890.0,876.9,2025-10-20 16:32:53,0,2025-11-28,6602.990234375,0.15079365079365079,2511,0.045,in,6609.601643150545,0.03836328809455493,0.405557672677368,0.02480209120223952,-0.11526738859743975
5940.0,907.54,2025-11-10 17:55:58,0,2025-12-19,6602.990234375,0.15079365079365079,2512,0.045,in,6627.109445923378,0.02082049469092436,0.4922946984359654,0.036545455016309555,-0.10945959474883372
5970.0,799.09,2025-10-20 16:26:35,0,2025-11-28,6602.990234375,0.15079365079365079,2511,0.045,in,6609.601643150545,0.03836328809455493,0.3804560363799705,0.021826897751914216,-0.10177645885642436
5975.0,792.28,2025-10-20 16:18:07,0,2025-11-28,6602.990234375,0.15079365079365079,2511,0.045,in,6609.601643150545,0.03836328809455493,0.37625321023837366,0.021347326079991697,-0.10093928844336063
5995.0,775.92,2025-10-20 16:31:39,0,2025-11-28,6602.990234375,0.15079365079365079,2511,0.045,in,6609.601643150545,0.03836328809455493,0.3740712405567157,0.02110044894619972,-0.09759759778145742
6030.0,809.21,2025-11-10 14:50:14,0,2025-12-19,6602.990234375,0.15079365079365079,2512,0.045,in,6627.109445923378,0.02082049469092436,0.44710417793785245,0.030143974386191853,-0.0944217173842932
6040.0,733.14,2025-10-20 16:32:01,0,2025-11-28,6602.990234375,0.15079365079365079,2511,0.045,in,6609.601643150545,0.03836328809455493,0.3609957706458026,0.01965111890523001,-0.09011937431421144
6060.0,714.16,2025-10-20 16:34:31,0,2025-11-28,6602.990234375,0.15079365079365079,2511,0.045,in,6609.601643150545,0.03836328809455493,0.35516831332097004,0.019021794325063426,-0.08681358617971192
6105.0,683.11,2025-10-20 18:11:26,0,2025-11-28,6602.990234375,0.15079365079365079,2511,0.045,in,6609.601643150545,0.03836328809455493,0.35643023322328227,0.01915720406314654,-0.07941527869826703
6125.0,758.74,2025-10-27 13:44:19,0,2025-12-05,6602.990234375,0.15079365079365079,2512,0.045,in,6627.109445923378,0.02082049469092436,0.46123230326714987,0.03207912312670858,-0.0787899716925965
6145.0,633.93,2025-10-20 16:31:20,0,2025-11-28,6602.990234375,0.15079365079365079,2511,0.045,in,6609.601643150545,0.03836328809455493,0.33048102119333084,0.01646933652389483,-0.07288464324293689
6295.0,503.24,2025-10-20 17:33:44,0,2025-11-28,6602.990234375,0.15079365079365079,2511,0.045,in,6609.601643150545,0.03836328809455493,0.2969586347393889,0.013297652255391696,-0.048767718764624594
6305.0,487.25,2025-10-20 16:32:31,0,2025-11-28,6602.990234375,0.15079365079365079,2511,0.045,in,6609.601643150545,0.03836328809455493,0.28636013352377465,0.012365399963201006,-0.047180416844052143
6350.0,553.96,2025-11-03 20:55:16,0,2025-12-12,6602.990234375,0.15079365079365079,2512,0.045,in,6627.109445923378,0.02082049469092436,0.388613748371221,0.02277295446856732,-0.04271391521878698
6375.0,372.5,2025-11-17 20:39:53,0,2025-12-26,6602.990234375,0.15079365079365079,2512,0.045,in,6627.109445923378,0.02082049469092436,0.20934054096952756,0.006608299839483131,-0.03878463707889737
6400.0,514.5,2025-10-31 19:41:00,0,2025-12-09,6602.990234375,0.15079365079365079,2512,0.045,in,6627.109445923378,0.02082049469092436,0.37762308197890143,0.0215030527684257,-0.03487073775776112
5500.0,1176.57,2025-11-21 18:17:06,0,2025-12-31,6602.990234375,0.15476190476190477,2512,0.045,in,6627.109445923378,0.021440482006541688,0.35976194661266125,0.02003062567853461,-0.18642063588496194
5590.0,1074.21,2025-11-21 19:59:12,0,2025-12-31,6602.990234375,0.15476190476190477,2512,0.045,in,6627.109445923378,0.021440482006541688,0.30014317052942024,0.013941869007153385,-0.1701894409563794
5640.0,1007.6,2025-11-21 18:32:27,0,2025-12-31,6602.990234375,0.15476190476190477,2512,0.045,in,6627.109445923378,0.021440482006541688,0.21793003847815168,0.00735018478243039,-0.16128466261341967
5760.0,892.65,2025-11-21 21:03:23,0,2025-12-31,6602.990234375,0.15476190476190477,2512,0.045,in,6627.109445923378,0.021440482006541688,0.21552364293529794,0.007188758674206232,-0.14023125341558731
6000.0,687.34,2025-11-21 14:49:28,0,2025-12-31,6602.990234375,0.15476190476190477,2512,0.045,in,6627.109445923378,0.021440482006541688,0.242069636897249,0.009068693076170925,-0.09940925889533228
6200.0,465.08,2025-11-21 15:00:09,0,2025-12-31,6602.990234375,0.15476190476190477,2512,0.045,in,6627.109445923378,0.021440482006541688,0.1444224997543926,0.0032280019007023563,-0.06661943607234141
6230.0,466.46,2025-11-21 18:03:23,0,2025-12-31,6602.990234375,0.15476190476190477,2512,0.045,in,6627.109445923378,0.021440482006541688,0.1895325824889046,0.005559449972903268,-0.0617923953240255
6240.0,457.96,2025-11-21 18:03:23,0,2025-12-31,6602.990234375,0.15476190476190477,2512,0.045,in,6627.109445923378,0.021440482006541688,0.18866938838664898,0.005508926136720221,-0.06018854574205094
6250.0,431.75,2025-11-21 16:40:43,0,2025-12-31,6602.990234375,0.15476190476190477,2512,0.045,in,6627.109445923378,0.021440482006541688,0.16121550335517398,0.004022329771271518,-0.05858726437507707
6275.0,411.67,2025-11-21 16:44:02,0,2025-12-31,6602.990234375,0.15476190476190477,2512,0.045,in,6627.109445923378,0.021440482006541688,0.16160803548564878,0.004041940984951182,-0.05459524310553969
6285.0,403.54,2025-11-21 16:44:02,0,2025-12-31,6602.990234375,0.15476190476190477,2512,0.045,in,6627.109445923378,0.021440482006541688,0.16143619617808275,0.00403334988897416,-0.05300288608117649
6290.0,399.19,2025-11-21 16:44:02,0,2025-12-31,6602.990234375,0.15476190476190477,2512,0.045,in,6627.109445923378,0.021440482006541688,0.1609004565950893,0.004006624287173891,-0.05220765741103811
6300.0,391.06,2025-11-21 16:44:02,0,2025-12-31,6602.990234375,0.15476190476190477,2512,0.045,in,6627.109445923378,0.021440482006541688,0.16060136726857813,0.003991742728464016,-0.050619094725900225
6335.0,340.74,2025-11-21 16:21:10,0,2025-12-31,6602.990234375,0.15476190476190477,2512,0.045,in,6627.109445923378,0.021440482006541688,0.1275101069565956,0.0025162470939175214,-0.04507891435028489
6345.0,355.92,2025-11-21 16:43:17,0,2025-12-31,6602.990234375,0.15476190476190477,2512,0.045,in,6627.109445923378,0.021440482006541688,0.16011344845456407,0.003967525153430482,-0.04350162695703624
6350.0,340.9,2025-11-21 08:33:51,0,2025-12-31,6602.990234375,0.15476190476190477,2512,0.045,in,6627.109445923378,0.021440482006541688,0.14519956814562437,0.0032628320198307813,-0.04271391521878698
6355.0,338.2,2025-11-21 14:54:11,0,2025-12-31,6602.990234375,0.15476190476190477,2512,0.045,in,6627.109445923378,0.021440482006541688,0.1467757155312256,0.0033340528417397904,-0.04192682348196981
6375.0,322.6,2025-11-21 14:53:51,0,2025-12-31,6602.990234375,0.15476190476190477,2512,0.045,in,6627.109445923378,0.021440482006541688,0.14629141885740166,0.0033120872619887207,-0.03878463707889737
6380.0,322.2,2025-11-21 14:54:59,0,2025-12-31,6602.990234375,0.15476190476190477,2512,0.045,in,6627.109445923378,0.021440482006541688,0.15054226250945904,0.0035073648383222547,-0.03800063076668874
6400.0,317.34,2025-11-21 20:57:24,0,2025-12-31,6602.990234375,0.15476190476190477,2512,0.045,in,6627.109445923378,0.021440482006541688,0.16226782418106567,0.00407501199926124,-0.03487073775776112
6410.0,304.93,2025-11-21 16:40:24,0,2025-12-31,6602.990234375,0.15476190476190477,2512,0.045,in,6627.109445923378,0.021440482006541688,0.15601680452392203,0.003767097176430048,-0.03330945719080858
6425.0,296.25,2025-11-21 16:46:08,0,2025-12-31,6602.990234375,0.15476190476190477,2512,0.045,in,6627.109445923378,0.021440482006541688,0.15815159176024374,0.0038708933058557663,-0.030972097342103752
6450.0,245.51,2025-11-21 14:42:13,0,2025-12-31,6602.990234375,0.15476190476190477,2512,0.045,in,6627.109445923378,0.021440482006541688,0.119510558283651,0.002210429238529872,-0.027088597315706085
6465.0,267.0,2025-11-21 18:13:08,0,2025-12-31,6602.990234375,0.15476190476190477,2512,0.045,in,6627.109445923378,0.021440482006541688,0.1557548700801941,0.0037544587404532838,-0.024765715899566405
6490.0,233.2,2025-11-21 14:49:49,0,2025-12-31,6602.990234375,0.15476190476190477,2512,0.045,in,6627.109445923378,0.021440482006541688,0.13699841252700679,0.0029046588744518938,-0.020906197407388652
6500.0,256.0,2025-11-21 20:24:49,0,2025-12-31,6602.990234375,0.15476190476190477,2512,0.045,in,6627.109445923378,0.021440482006541688,0.16779306499332383,0.004357246006882135,-0.01936655122179581
6505.0,216.0,2025-11-21 14:39:06,0,2025-12-31,6602.990234375,0.15476190476190477,2512,0.045,in,6627.109445923378,0.021440482006541688,0.1290810403035387,0.0025786296970948712,-0.018597616158918678
6515.0,211.7,2025-11-21 14:51:58,0,2025-12-31,6602.990234375,0.15476190476190477,2512,0.045,in,6627.109445923378,0.021440482006541688,0.13137768583566553,0.002671205385261343,-0.017061517546578794
6520.0,202.0,2025-11-21 16:19:41,0,2025-12-31,6602.990234375,0.15476190476190477,2512,0.045,in,6627.109445923378,0.021440482006541688,0.12452316436254962,0.002399740952585871,-0.016294352184825688
6525.0,221.5,2025-11-21 16:43:35,0,2025-12-31,6602.990234375,0.15476190476190477,2512,0.045,in,6627.109445923378,0.021440482006541688,0.14805892470032236,0.0033926046117191007,-0.01552777491463009
6530.0,194.58,2025-11-21 11:10:49,0,2025-12-31,6602.990234375,0.15476190476190477,2512,0.045,in,6627.109445923378,0.021440482006541688,0.12341941052780003,0.0023573876385164917,-0.01476178483504754
6540.0,189.65,2025-11-21 16:07:56,0,2025-12-31,6602.990234375,0.15476190476190477,2512,0.045,in,6627.109445923378,0.021440482006541688,0.12478841287570056,0.0024099752838627623,-0.013231562654279862
6545.0,209.3,2025-11-21 18:11:55,0,2025-12-31,6602.990234375,0.15476190476190477,2512,0.045,in,6627.109445923378,0.021440482006541688,0.14788715845004963,0.0033847375148522755,-0.012467328761523979
6550.0,208.1,2025-11-21 16:19:41,0,2025-12-31,6602.990234375,0.15476190476190477,2512,0.045,in,6627.109445923378,0.021440482006541688,0.14964151664490724,0.0034655188755862458,-0.011703678476226718
6555.0,222.3,2025-11-21 17:09:33,0,2025-12-31,6602.990234375,0.15476190476190477,2512,0.045,in,6627.109445923378,0.021440482006541688,0.1667257954962955,0.004301992636789799,-0.010940610907724028
6560.0,200.3,2025-11-21 20:57:52,0,2025-12-31,6602.990234375,0.15476190476190477,2512,0.045,in,6627.109445923378,0.021440482006541688,0.14764712819671766,0.003373759143352306,-0.010178125167389555
6565.0,214.1,2025-11-21 14:55:04,0,2025-12-31,6602.990234375,0.15476190476190477,2512,0.045,in,6627.109445923378,0.021440482006541688,0.16419739097923255,0.004172502162583696,-0.009416220368627756
6575.0,165.41,2025-11-21 15:24:56,0,2025-12-31,6602.990234375,0.15476190476190477,2512,0.045,in,6627.109445923378,0.021440482006541688,0.12147542194013222,0.00228370971145156,-0.007894150059558978
6580.0,197.0,2025-11-21 17:02:44,0,2025-12-31,6602.990234375,0.15476190476190477,2512,0.045,in,6627.109445923378,0.021440482006541688,0.15555706929492896,0.00374492885118042,-0.007133982786161431
6585.0,181.6,2025-11-21 16:47:38,0,2025-12-31,6602.990234375,0.15476190476190477,2512,0.045,in,6627.109445923378,0.021440482006541688,0.14311438015855957,0.0031697908988832526,-0.006374392928142824
6590.0,187.76,2025-11-21 16:53:49,0,2025-12-31,6602.990234375,0.15476190476190477,2512,0.045,in,6627.109445923378,0.021440482006541688,0.15186120178613421,0.0035690919036080555,-0.0056153796089713735
6595.0,182.55,2025-11-21 21:01:08,0,2025-12-31,6602.990234375,0.15476190476190477,2512,0.045,in,6627.109445923378,0.021440482006541688,0.14941134713350934,0.003454866172372029,-0.00485694195410934
6600.0,191.5,2025-11-21 18:39:31,0,2025-12-31,6602.990234375,0.15476190476190477,2512,0.045,in,6627.109445923378,0.021440482006541688,0.16077132151938017,0.0040001956154778915,-0.004099079091007326
6615.0,169.5,2025-11-21 21:07:36,0,2025-12-31,6602.990234375,0.15476190476190477,2512,0.045,out,6627.109445923378,0.021440482006541688,0.14702566202233203,0.003345417723932918,-0.0018289305564681776
6625.0,174.3,2025-11-21 20:10:47,0,2025-12-31,6602.990234375,0.15476190476190477,2512,0.045,out,6627.109445923378,0.021440482006541688,0.15666823567378013,0.0037986210583185295,-0.0003183562511013513
6630.0,156.49,2025-11-21 20:57:24,0,2025-12-31,6602.990234375,0.15476190476190477,2512,0.045,out,6627.109445923378,0.021440482006541688,0.14187436742092102,0.0031150996393348148,0.0004360760743839572
6635.0,165.51,2025-11-21 20:23:38,0,2025-12-31,6602.990234375,0.15476190476190477,2512,0.045,out,6627.109445923378,0.021440482006541688,0.15303067732267822,0.003624274364570115,0.0011899396607836133
6645.0,160.8,2025-11-21 18:54:28,0,2025-12-31,6602.990234375,0.15476190476190477,2512,0.045,out,6627.109445923378,0.021440482006541688,0.15324945800048576,0.0036346446774613624,0.002695964041821361
6650.0,144.03,2025-11-21 20:58:12,0,2025-12-31,6602.990234375,0.15476190476190477,2512,0.045,out,6627.109445923378,0.021440482006541688,0.13940779978793622,0.003007725599312774,0.003448126544375444
6655.0,141.6,2025-11-21 20:56:23,0,2025-12-31,6602.990234375,0.15476190476190477,2512,0.045,out,6627.109445923378,0.021440482006541688,0.13938857558719409,0.0030068961316065466,0.004199723723687813
6660.0,166.9,2025-11-21 19:25:06,0,2025-12-31,6602.990234375,0.15476190476190477,2512,0.045,out,6627.109445923378,0.021440482006541688,0.1661022394456224,0.004269873825417399,0.00495075642891059
6665.0,130.2,2025-11-21 14:10:52,0,2025-12-31,6602.990234375,0.15476190476190477,2512,0.045,out,6627.109445923378,0.021440482006541688,0.13295971785786906,0.0027359253029401653,0.005701225507284777
6670.0,148.75,2025-11-21 20:10:00,0,2025-12-31,6602.990234375,0.15476190476190477,2512,0.045,out,6627.109445923378,0.021440482006541688,0.15311294025335825,0.0036281719303496423,0.006451131804145099
6675.0,133.25,2025-11-21 21:07:51,0,2025-12-31,6602.990234375,0.15476190476190477,2512,0.045,out,6627.109445923378,0.021440482006541688,0.14037338609827574,0.003049534974060032,0.00720047616292594
6695.0,122.45,2025-11-21 21:01:08,0,2025-12-31,6602.990234375,0.15476190476190477,2512,0.045,out,6627.109445923378,0.021440482006541688,0.13857256394377013,0.0029717931096827784,0.010192251019748619
6700.0,120.0,2025-11-21 19:41:55,0,2025-12-31,6602.990234375,0.15476190476190477,2512,0.045,out,6627.109445923378,0.021440482006541688,0.1382974097768448,0.002960003049557129,0.01093879827353313
6705.0,114.4,2025-11-21 18:06:06,0,2025-12-31,6602.990234375,0.15476190476190477,2512,0.045,out,6627.109445923378,0.021440482006541688,0.13493024385189953,0.002817621656870594,0.011684788610254564
6710.0,134.63,2025-11-21 18:56:24,0,2025-12-31,6602.990234375,0.15476190476190477,2512,0.045,out,6627.109445923378,0.021440482006541688,0.1566691828420442,0.0037986669890609573,0.012430222860203106
6720.0,113.4,2025-11-21 19:18:09,0,2025-12-31,6602.990234375,0.15476190476190477,2512,0.045,out,6627.109445923378,0.021440482006541688,0.1400565289304931,0.0030357834148661274,0.013919426411671005
6725.0,107.14,2025-11-21 19:24:46,0,2025-12-31,6602.990234375,0.15476190476190477,2512,0.045,out,6627.109445923378,0.021440482006541688,0.13591384961646927,0.002858850818195082,0.014663197364515598
6730.0,117.47,2025-11-21 18:56:04,0,2025-12-31,6602.990234375,0.15476190476190477,2512,0.045,out,6627.109445923378,0.021440482006541688,0.14802631557919937,0.0033911103732307784,0.015406415533249194
6735.0,108.51,2025-11-21 17:19:08,0,2025-12-31,6602.990234375,0.15476190476190477,2512,0.045,out,6627.109445923378,0.021440482006541688,0.14118398891835154,0.003084856469638854,0.01614908173894003
6745.0,93.0,2025-11-21 20:44:39,0,2025-12-31,6602.990234375,0.15476190476190477,2512,0.045,out,6627.109445923378,0.021440482006541688,0.1296470739804282,0.002601294396332454,0.017632761536332073
6750.0,93.9,2025-11-21 21:04:09,0,2025-12-31,6602.990234375,0.15476190476190477,2512,0.045,out,6627.109445923378,0.021440482006541688,0.13241836060254616,0.00271369153476973,0.01837377676105129
6755.0,97.2,2025-11-21 20:24:39,0,2025-12-31,6602.990234375,0.15476190476190477,2512,0.045,out,6627.109445923378,0.021440482006541688,0.13757914306339067,0.0029293365223659515,0.019114243288774976
6760.0,80.35,2025-11-21 15:32:02,0,2025-12-31,6602.990234375,0.15476190476190477,2512,0.045,out,6627.109445923378,0.021440482006541688,0.12244449501262877,0.002320291746019878,0.019854161931485485
6775.0,82.05,2025-11-21 21:07:51,0,2025-12-31,6602.990234375,0.15476190476190477,2512,0.045,out,6627.109445923378,0.021440482006541688,0.12951817908550517,0.002596124562822915,0.02207063864237747
6780.0,78.1,2025-11-21 20:56:07,0,2025-12-31,6602.990234375,0.15476190476190477,2512,0.045,out,6627.109445923378,0.021440482006541688,0.12721086440493826,0.002504450622553222,0.02280837382891704
6785.0,76.6,2025-11-21 16:42:08,0,2025-12-31,6602.990234375,0.15476190476190477,2512,0.045,out,6627.109445923378,0.021440482006541688,0.1273883313315402,0.0025114432199124467,0.023545565163445265
6790.0,74.55,2025-11-21 16:42:08,0,2025-12-31,6602.990234375,0.15476190476190477,2512,0.045,out,6627.109445923378,0.021440482006541688,0.12696653450570594,0.0024948394225839526,0.024282213447217524
6795.0,90.1,2025-11-21 19:31:22,0,2025-12-31,6602.990234375,0.15476190476190477,2512,0.045,out,6627.109445923378,0.021440482006541688,0.14477332540101415,0.0032437036276152745,0.025018319479719765
6800.0,70.0,2025-11-21 20:20:57,0,2025-12-31,6602.990234375,0.15476190476190477,2512,0.045,out,6627.109445923378,0.021440482006541688,0.1255472568650329,0.0024393747402660614,0.02575388405867371
6805.0,73.4,2025-11-21 20:41:52,0,2025-12-31,6602.990234375,0.15476190476190477,2512,0.045,out,6627.109445923378,0.021440482006541688,0.13080274421754243,0.002647876817058545,0.026488907980042053
6810.0,74.25,2025-11-21 17:29:34,0,2025-12-31,6602.990234375,0.15476190476190477,2512,0.045,out,6627.109445923378,0.021440482006541688,0.1333597755553846,0.0027524141258377767,0.02722339203803384
6820.0,69.2,2025-11-21 19:58:05,0,2025-12-31,6602.990234375,0.15476190476190477,2512,0.045,out,6627.109445923378,0.021440482006541688,0.13124351844786997,0.0026657523184463456,0.028690743731983503
6825.0,65.1,2025-11-21 18:41:23,0,2025-12-31,6602.990234375,0.15476190476190477,2512,0.045,out,6627.109445923378,0.021440482006541688,0.1284094074722968,0.002551865322095507,0.029423612947636166
6830.0,73.08,2025-11-21 19:31:41,0,2025-12-31,6602.990234375,0.15476190476190477,2512,0.045,out,6627.109445923378,0.021440482006541688,0.1386416007405184,0.0029747549396025364,0.030155945459311394
6835.0,59.6,2025-11-21 20:51:17,0,2025-12-31,6602.990234375,0.15476190476190477,2512,0.045,out,6627.109445923378,0.021440482006541688,0.12549248874925564,0.0024372469228841277,0.03088774205252555
6840.0,54.18,2025-11-21 18:10:59,0,2025-12-31,6602.990234375,0.15476190476190477,2512,0.045,out,6627.109445923378,0.021440482006541688,0.1209299900378774,0.002263247766396365,0.03161900351107194
6845.0,50.3,2025-11-21 10:26:29,0,2025-12-31,6602.990234375,0.15476190476190477,2512,0.045,out,6627.109445923378,0.021440482006541688,0.1179807376374761,0.0021542012844676024,0.03234973061702502
6850.0,51.03,2025-11-21 20:58:12,0,2025-12-31,6602.990234375,0.15476190476190477,2512,0.045,out,6627.109445923378,0.021440482006541688,0.12030729326667303,0.0022399997925118156,0.033079924150746697
6855.0,65.5,2025-11-21 19:28:18,0,2025-12-31,6602.990234375,0.15476190476190477,2512,0.045,out,6627.109445923378,0.021440482006541688,0.13822471147482948,0.002956891919165454,0.033809584890890455
6860.0,53.4,2025-11-21 20:49:20,0,2025-12-31,6602.990234375,0.15476190476190477,2512,0.045,out,6627.109445923378,0.021440482006541688,0.12600786804734035,0.0024573068634269903,0.03453871361440656
6870.0,58.0,2025-11-21 19:42:39,0,2025-12-31,6602.990234375,0.15476190476190477,2512,0.045,out,6627.109445923378,0.021440482006541688,0.13427411799022523,0.0027902857607939057,0.03599537811087082
6875.0,44.45,2025-11-21 21:07:51,0,2025-12-31,6602.990234375,0.15476190476190477,2512,0.045,out,6627.109445923378,0.021440482006541688,0.11969567355285385,0.002217282208030091,0.036722915429247806
6880.0,42.0,2025-11-21 18:24:42,0,2025-12-31,6602.990234375,0.15476190476190477,2512,0.045,out,6627.109445923378,0.021440482006541688,0.11807239043659114,0.002157549547432627,0.03744992382186507
6885.0,48.3,2025-11-21 17:30:42,0,2025-12-31,6602.990234375,0.15476190476190477,2512,0.045,out,6627.109445923378,0.021440482006541688,0.12719051841953244,0.002503649567687887,0.03817640405723091
6890.0,40.39,2025-11-21 21:04:27,0,2025-12-31,6602.990234375,0.15476190476190477,2512,0.045,out,6627.109445923378,0.021440482006541688,0.11879648733257483,0.0021840936932531188,0.03890235690217991
6895.0,50.27,2025-11-21 13:52:47,0,2025-12-31,6602.990234375,0.15476190476190477,2512,0.045,out,6627.109445923378,0.021440482006541688,0.1323934700675713,0.002712671451368186,0.039627783121877806
6900.0,37.9,2025-11-21 20:53:44,0,2025-12-31,6602.990234375,0.15476190476190477,2512,0.045,out,6627.109445923378,0.021440482006541688,0.11829395437911089,0.002165654468504919,0.040352683479826554
6905.0,35.95,2025-11-21 14:53:39,0,2025-12-31,6602.990234375,0.15476190476190477,2512,0.045,out,6627.109445923378,0.021440482006541688,0.11705712046554322,0.00212060479609406,0.04107705873786826
6910.0,34.39,2025-11-21 21:09:38,0,2025-12-31,6602.990234375,0.15476190476190477,2512,0.045,out,6627.109445923378,0.021440482006541688,0.11627705001162061,0.002092435484193619,0.041800909656191314
6915.0,29.37,2025-11-21 15:32:02,0,2025-12-31,6602.990234375,0.15476190476190477,2512,0.045,out,6627.109445923378,0.021440482006541688,0.11061168445914409,0.001893503352447147,0.04252423699333428
6920.0,42.87,2025-11-21 17:57:07,0,2025-12-31,6602.990234375,0.15476190476190477,2512,0.045,out,6627.109445923378,0.021440482006541688,0.13005581651813009,0.0026177226230067593,0.04324704150619091
6925.0,38.32,2025-11-21 19:00:27,0,2025-12-31,6602.990234375,0.15476190476190477,2512,0.045,out,6627.109445923378,0.021440482006541688,0.12544178186080773,0.002435277717540335,0.04396932395001488
6930.0,29.7,2025-11-21 20:25:36,0,2025-12-31,6602.990234375,0.15476190476190477,2512,0.045,out,6627.109445923378,0.021440482006541688,0.11483058560007307,0.002040700286432431,0.04469108507842472
6940.0,28.4,2025-11-21 20:53:42,0,2025-12-31,6602.990234375,0.15476190476190477,2512,0.045,out,6627.109445923378,0.021440482006541688,0.11540327249372506,0.0020611059396356247,0.04613304639532592
6945.0,36.57,2025-11-21 19:31:56,0,2025-12-31,6602.990234375,0.15476190476190477,2512,0.045,out,6627.109445923378,0.021440482006541688,0.12824106720264622,0.0025451788943399657,0.04685324808291984
6950.0,28.15,2025-11-21 20:41:37,0,2025-12-31,6602.990234375,0.15476190476190477,2512,0.045,out,6627.109445923378,0.021440482006541688,0.11746630712803423,0.0021354563456413055,0.04757293145331348
6960.0,23.55,2025-11-21 21:09:38,0,2025-12-31,6602.990234375,0.15476190476190477,2512,0.045,out,6627.109445923378,0.021440482006541688,0.11273198839069971,0.0019667918533901323,0.04901074622294114
6965.0,23.2,2025-11-21 20:54:49,0,2025-12-31,6602.990234375,0.15476190476190477,2512,0.045,out,6627.109445923378,0.021440482006541688,0.11332904146885299,0.0019876801348004407,0.04972887910838185
6970.0,21.9,2025-11-21 17:43:06,0,2025-12-31,6602.990234375,0.15476190476190477,2512,0.045,out,6627.109445923378,0.021440482006541688,0.11234372454261315,0.0019532674020641076,0.050446496649045304
6975.0,20.9,2025-11-21 20:58:21,0,2025-12-31,6602.990234375,0.15476190476190477,2512,0.045,out,6627.109445923378,0.021440482006541688,0.11179583618091887,0.001934262105191441,0.05116359958404208
6980.0,25.84,2025-11-21 19:00:27,0,2025-12-31,6602.990234375,0.15476190476190477,2512,0.045,out,6627.109445923378,0.021440482006541688,0.12104715133809314,0.0022676353215699274,0.051880188650893826
6990.0,19.0,2025-11-21 18:10:39,0,2025-12-31,6602.990234375,0.15476190476190477,2512,0.045,out,6627.109445923378,0.021440482006541688,0.11181736805102396,0.0019350072544304286,0.053311828122331754
6995.0,25.3,2025-11-21 19:08:06,0,2025-12-31,6602.990234375,0.15476190476190477,2512,0.045,out,6627.109445923378,0.021440482006541688,0.12365866321700787,0.002366536248238403,0.05402687999405733
7000.0,16.7,2025-11-21 20:58:28,0,2025-12-31,6602.990234375,0.15476190476190477,2512,0.045,out,6627.109445923378,0.021440482006541688,0.10972664656312227,0.0018633235780696259,0.0547414209319261
7005.0,18.8,2025-11-21 20:49:37,0,2025-12-31,6602.990234375,0.15476190476190477,2512,0.045,out,6627.109445923378,0.021440482006541688,0.11473434981644705,0.0020372812304932974,0.055455451665583085
7010.0,16.2,2025-11-21 20:54:46,0,2025-12-31,6602.990234375,0.15476190476190477,2512,0.045,out,6627.109445923378,0.021440482006541688,0.1108853335919337,0.001902883853277708,0.056168972923111446
7015.0,15.6,2025-11-21 20:49:37,0,2025-12-31,6602.990234375,0.15476190476190477,2512,0.045,out,6627.109445923378,0.021440482006541688,0.11075001300865978,0.0018982422614099764,0.05688198543103695
7020.0,14.3,2025-11-21 20:41:37,0,2025-12-31,6602.990234375,0.15476190476190477,2512,0.045,out,6627.109445923378,0.021440482006541688,0.10913174925351907,0.001843173845675339,0.057594489914332615
7025.0,16.46,2025-11-21 20:23:34,0,2025-12-31,6602.990234375,0.15476190476190477,2512,0.045,out,6627.109445923378,0.021440482006541688,0.11455785817912113,0.0020310183014004665,0.0583064870964223
7030.0,14.3,2025-11-21 18:13:06,0,2025-12-31,6602.990234375,0.15476190476190477,2512,0.045,out,6627.109445923378,0.021440482006541688,0.11118483992669351,0.0019131772879025948,0.05901797769918633
7035.0,13.2,2025-11-21 19:29:34,0,2025-12-31,6602.990234375,0.15476190476190477,2512,0.045,out,6627.109445923378,0.021440482006541688,0.10982974716890184,0.0018668268300167112,0.05972896244296514
7040.0,15.2,2025-11-21 20:16:12,0,2025-12-31,6602.990234375,0.15476190476190477,2512,0.045,out,6627.109445923378,0.021440482006541688,0.11512117278993161,0.002051041637129533,0.06043944204656376
7050.0,11.3,2025-11-21 21:00:30,0,2025-12-31,6602.990234375,0.15476190476190477,2512,0.045,out,6627.109445923378,0.021440482006541688,0.10843878520199687,0.0018198406162988406,0.06185888870078995
7055.0,14.1,2025-11-21 17:09:17,0,2025-12-31,6602.990234375,0.15476190476190477,2512,0.045,out,6627.109445923378,0.021440482006541688,0.11583049145632814,0.0020763944733712923,0.06256785718139016
7070.0,12.0,2025-11-21 15:26:03,0,2025-12-31,6602.990234375,0.15476190476190477,2512,0.045,out,6627.109445923378,0.021440482006541688,0.11401318051175283,0.0020117508249437137,0.06469175178509412
7075.0,11.51,2025-11-21 20:22:00,0,2025-12-31,6602.990234375,0.15476190476190477,2512,0.045,out,6627.109445923378,0.021440482006541688,0.11379818609336818,0.0020041708697122753,0.06539871540591402
7080.0,11.1,2025-11-21 20:14:49,0,2025-12-31,6602.990234375,0.15476190476190477,2512,0.045,out,6627.109445923378,0.021440482006541688,0.11374440847446005,0.002002277094876936,0.06610517958224106
7085.0,10.6,2025-11-21 20:16:49,0,2025-12-31,6602.990234375,0.15476190476190477,2512,0.045,out,6627.109445923378,0.021440482006541688,0.11342806897731553,0.001991155343035648,0.0668111450192566
7090.0,8.1,2025-11-21 20:53:42,0,2025-12-31,6602.990234375,0.15476190476190477,2512,0.045,out,6627.109445923378,0.021440482006541688,0.10747697066571367,0.0017877010703002715,0.06751661242064894
7095.0,10.1,2025-11-21 20:12:34,0,2025-12-31,6602.990234375,0.15476190476190477,2512,0.045,out,6627.109445923378,0.021440482006541688,0.11400394440408339,0.002011424897809064,0.06822158248861876
7100.0,7.5,2025-11-21 20:59:22,0,2025-12-31,6602.990234375,0.15476190476190477,2512,0.045,out,6627.109445923378,0.021440482006541688,0.10745909426456716,0.0017871064312154133,0.06892605592388247
7105.0,11.8,2025-11-21 18:04:02,0,2025-12-31,6602.990234375,0.15476190476190477,2512,0.045,out,6627.109445923378,0.021440482006541688,0.12027080775901114,0.0022386413522269663,0.06963003342567667
7110.0,7.5,2025-11-21 18:16:47,0,2025-12-31,6602.990234375,0.15476190476190477,2512,0.045,out,6627.109445923378,0.021440482006541688,0.10924402801462607,0.0018469684468950629,0.07033351569176217
7115.0,6.45,2025-11-21 20:35:23,0,2025-12-31,6602.990234375,0.15476190476190477,2512,0.045,out,6627.109445923378,0.021440482006541688,0.10667677617447881,0.0017611803508897387,0.07103650341842853
7120.0,7.41,2025-11-21 20:40:55,0,2025-12-31,6602.990234375,0.15476190476190477,2512,0.045,out,6627.109445923378,0.021440482006541688,0.11073335579740377,0.0018976712990477075,0.07173899730049721
7125.0,5.89,2025-11-21 19:30:00,0,2025-12-31,6602.990234375,0.15476190476190477,2512,0.045,out,6627.109445923378,0.021440482006541688,0.10642250954108014,0.001752794725967581,0.072440998031327
7130.0,8.0,2025-11-21 16:59:49,0,2025-12-31,6602.990234375,0.15476190476190477,2512,0.045,out,6627.109445923378,0.021440482006541688,0.11436932248308926,0.002024338631287277,0.07314250630281731
7135.0,6.6,2025-11-21 20:47:04,0,2025-12-31,6602.990234375,0.15476190476190477,2512,0.045,out,6627.109445923378,0.021440482006541688,0.11066243218940422,0.0018952411985115277,0.07384352280541245
7140.0,6.7,2025-11-21 20:22:51,0,2025-12-31,6602.990234375,0.15476190476190477,2512,0.045,out,6627.109445923378,0.021440482006541688,0.11187265379935223,0.001936921174826504,0.07454404822810569
7145.0,6.9,2025-11-21 20:04:43,0,2025-12-31,6602.990234375,0.15476190476190477,2512,0.045,out,6627.109445923378,0.021440482006541688,0.11342446838745501,0.0019910289330559304,0.07524408325844358
7150.0,4.89,2025-11-21 20:22:51,0,2025-12-31,6602.990234375,0.15476190476190477,2512,0.045,out,6627.109445923378,0.021440482006541688,0.10673810768141284,0.001763206038194232,0.0759436285825291
7155.0,5.6,2025-11-21 20:47:04,0,2025-12-31,6602.990234375,0.15476190476190477,2512,0.045,out,6627.109445923378,0.021440482006541688,0.11041368668698058,0.0018867305797802296,0.07664268488502701
7160.0,7.1,2025-11-21 19:48:02,0,2025-12-31,6602.990234375,0.15476190476190477,2512,0.045,out,6627.109445923378,0.021440482006541688,0.11670243071960923,0.002107773159121994,0.077341252849167
5400.0,1263.83,2025-11-20 18:15:42,0,2025-12-31,6602.990234375,0.15873015873015872,2512,0.045,in,6627.109445923378,0.022029469956378143,0.34262885079409194,0.018634052285155574,-0.20476977455315856
5475.0,1313.01,2025-11-20 14:48:16,0,2025-12-31,6602.990234375,0.15873015873015872,2512,0.045,in,6627.109445923378,0.022029469956378143,0.568023302898744,0.051214360735872745,-0.19097645242082273
5600.0,1089.79,2025-11-07 17:58:33,0,2025-12-18,6602.990234375,0.15873015873015872,2512,0.045,in,6627.109445923378,0.022029469956378143,0.3559570042925457,0.020111966492844982,-0.16840213038228372
5700.0,993.19,2025-11-07 17:57:53,0,2025-12-18,6602.990234375,0.15873015873015872,2512,0.045,in,6627.109445923378,0.022029469956378143,0.33414839330805973,0.017723039484183772,-0.15070255328288273
5725.0,1068.15,2025-11-20 14:48:16,0,2025-12-31,6602.990234375,0.15873015873015872,2512,0.045,in,6627.109445923378,0.022029469956378143,0.48671619323187104,0.037602008373670476,-0.14632617868308392
5900.0,846.43,2025-11-07 20:49:51,0,2025-12-18,6602.990234375,0.15873015873015872,2512,0.045,in,6627.109445923378,0.022029469956378143,0.3611056340433025,0.020697980783780236,-0.11621637721171345
6125.0,523.55,2025-11-20 20:36:36,0,2025-12-31,6602.990234375,0.15873015873015872,2512,0.045,in,6627.109445923378,0.022029469956378143,0.10138319522550567,0.001631516233989364,-0.0787899716925965
6295.0,383.18,2025-11-20 17:39:52,0,2025-12-31,6602.990234375,0.15873015873015872,2512,0.045,in,6627.109445923378,0.022029469956378143,0.1394336165587937,0.0030859894328039215,-0.0514130606270767
6340.0,352.46,2025-11-20 20:26:50,0,2025-12-31,6602.990234375,0.15873015873015872,2512,0.045,in,6627.109445923378,0.022029469956378143,0.14731313690604173,0.003444628619856856,-0.04428995967425263
6360.0,323.6,2025-11-20 20:50:46,0,2025-12-31,6602.990234375,0.15873015873015872,2512,0.045,in,6627.109445923378,0.022029469956378143,0.12907469599806978,0.0026444884360308147,-0.04114035077135644
6370.0,332.38,2025-11-20 19:22:51,0,2025-12-31,6602.990234375,0.15873015873015872,2512,0.045,in,6627.109445923378,0.022029469956378143,0.15099357796446275,0.0036188985057952843,-0.0395692585393152
6375.0,480.88,2025-10-24 19:37:27,0,2025-12-04,6602.990234375,0.15873015873015872,2512,0.045,in,6627.109445923378,0.022029469956378143,0.3175791369856978,0.01600896956326676,-0.03878463707889737
6420.0,285.7,2025-11-20 19:22:51,0,2025-12-31,6602.990234375,0.15873015873015872,2512,0.045,in,6627.109445923378,0.022029469956378143,0.1389317375560769,0.003063813920690576,-0.0317506104215174
6435.0,282.29,2025-11-20 19:52:40,0,2025-12-31,6602.990234375,0.15873015873015872,2512,0.045,in,6627.109445923378,0.022029469956378143,0.1473334058941891,0.0034455765860923614,-0.029416887075297223
6440.0,276.6,2025-11-20 20:32:33,0,2025-12-31,6602.990234375,0.15873015873015872,2512,0.045,in,6627.109445923378,0.022029469956378143,0.14483518581836843,0.0033297192144510017,-0.028640188007125
6445.0,302.1,2025-11-20 17:26:32,0,2025-12-31,6602.990234375,0.15873015873015872,2512,0.045,in,6627.109445923378,0.022029469956378143,0.17650087726963343,0.004944850742373047,-0.027864091732236574
6475.0,237.4,2025-11-20 20:50:37,0,2025-12-31,6602.990234375,0.15873015873015872,2512,0.045,in,6627.109445923378,0.022029469956378143,0.12803511986834934,0.0026020622094766006,-0.023220120537785834
6480.0,258.43,2025-11-20 19:58:33,0,2025-12-31,6602.990234375,0.15873015873015872,2512,0.045,in,6627.109445923378,0.022029469956378143,0.15431476912040504,0.003779848883918081,-0.022448217759203876
6485.0,251.5,2025-11-20 20:00:33,0,2025-12-31,6602.990234375,0.15873015873015872,2512,0.045,in,6627.109445923378,0.022029469956378143,0.1504182594389344,0.0035913734559743764,-0.021676910354980036
6510.0,215.0,2025-11-20 19:44:55,0,2025-12-31,6602.990234375,0.15873015873015872,2512,0.045,in,6627.109445923378,0.022029469956378143,0.12903213239290118,0.0026427446333109803,-0.017829271902909324
6535.0,198.2,2025-11-20 19:40:59,0,2025-12-31,6602.990234375,0.15873015873015872,2512,0.045,in,6627.109445923378,0.022029469956378143,0.1280370695889316,0.002602141458558875,-0.013996381047202
6570.0,174.3,2025-11-20 19:25:54,0,2025-12-31,6602.990234375,0.15873015873015872,2512,0.045,in,6627.109445923378,0.022029469956378143,0.12517953718414543,0.0024872883380375947,-0.008654895626868046
6605.0,160.1,2025-11-20 20:59:35,0,2025-12-31,6602.990234375,0.15873015873015872,2512,0.045,out,6627.109445923378,0.022029469956378143,0.1304460174982323,0.002700978330341131,-0.0033417901490985814
6610.0,157.6,2025-11-20 19:27:29,0,2025-12-31,6602.990234375,0.15873015873015872,2512,0.045,out,6627.109445923378,0.022029469956378143,0.13061602670982694,0.002708023243406702,-0.0025850742597923414
6640.0,168.8,2025-11-20 17:11:52,0,2025-12-31,6602.990234375,0.15873015873015872,2512,0.045,out,6627.109445923378,0.022029469956378143,0.15605360048323733,0.0038655120990129916,0.0019432353649552288
6680.0,115.61,2025-11-20 20:45:19,0,2025-12-31,6602.990234375,0.15873015873015872,2512,0.045,out,6627.109445923378,0.022029469956378143,0.1234261400292793,0.002418097149607502,0.007949259425167035
6685.0,135.9,2025-11-20 16:34:10,0,2025-12-31,6602.990234375,0.15873015873015872,2512,0.045,out,6627.109445923378,0.022029469956378143,0.1449475073641993,0.0033348856969991447,0.008697482430519363
6690.0,118.37,2025-11-20 19:37:45,0,2025-12-31,6602.990234375,0.15873015873015872,2512,0.045,out,6627.109445923378,0.022029469956378143,0.13032513842817106,0.002695974874019357,0.009445146016749907
6740.0,92.5,2025-11-20 16:18:51,0,2025-12-31,6602.990234375,0.15873015873015872,2512,0.045,out,6627.109445923378,0.022029469956378143,0.12521073084005402,0.002488528113888961,0.016891196800828352
6765.0,81.5,2025-11-20 14:30:52,0,2025-12-31,6602.990234375,0.15873015873015872,2512,0.045,out,6627.109445923378,0.022029469956378143,0.12340205435163888,0.0024171534949531484,0.02059353349936409
6770.0,97.8,2025-11-20 20:05:05,0,2025-12-31,6602.990234375,0.15873015873015872,2512,0.045,out,6627.109445923378,0.022029469956378143,0.14145897051191622,0.0031762921171890764,0.021332358800796317
6815.0,62.9,2025-11-20 20:30:30,0,2025-12-31,6602.990234375,0.15873015873015872,2512,0.045,out,6627.109445923378,0.022029469956378143,0.12089929534630177,0.00232010152622735,0.027957337025108744
6865.0,53.98,2025-11-20 17:25:43,0,2025-12-31,6602.990234375,0.15873015873015872,2512,0.045,out,6627.109445923378,0.022029469956378143,0.1261851045065745,0.0025274096189420838,0.035267311096547044
6935.0,36.4,2025-11-20 20:52:42,0,2025-12-31,6602.990234375,0.15873015873015872,2512,0.045,out,6627.109445923378,0.022029469956378143,0.12355943930580744,0.0024233230224707165,0.04541232564340773
6955.0,23.7,2025-11-20 20:56:23,0,2025-12-31,6602.990234375,0.15873015873015872,2512,0.045,out,6627.109445923378,0.022029469956378143,0.1101100985745435,0.001924481556840585,0.04829209725201891
6985.0,25.46,2025-11-20 21:05:48,0,2025-12-31,6602.990234375,0.15873015873015872,2512,0.045,out,6627.109445923378,0.022029469956378143,0.11978996320968406,0.0022777198866313427,0.05259626458553782
7045.0,13.61,2025-11-20 18:00:52,0,2025-12-31,6602.990234375,0.15873015873015872,2512,0.045,out,6627.109445923378,0.022029469956378143,0.11107651965687852,0.0019584116220769713,0.06114941722725623
7060.0,15.07,2025-11-20 19:00:24,0,2025-12-31,6602.990234375,0.15873015873015872,2512,0.045,out,6627.109445923378,0.022029469956378143,0.1171829970892457,0.002179659493145741,0.0632763233817635
7065.0,11.8,2025-11-20 18:02:32,0,2025-12-31,6602.990234375,0.15873015873015872,2512,0.045,out,6627.109445923378,0.022029469956378143,0.11090280863503438,0.0019522909465300086,0.06398428801310353
5800.0,911.2,2025-11-19 15:47:18,0,2025-12-31,6602.990234375,0.1626984126984127,2512,0.045,in,6627.109445923378,0.022589726786710385,0.3322606835855273,0.0179614430004984,-0.13331081057101363
6025.0,855.07,2025-10-31 20:09:42,0,2025-12-12,6602.990234375,0.1626984126984127,2512,0.045,in,6627.109445923378,0.022589726786710385,0.47673610088822654,0.03697765756148604,-0.09525124874666854
6105.0,643.98,2025-11-07 14:30:07,0,2025-12-19,6602.990234375,0.1626984126984127,2512,0.045,in,6627.109445923378,0.022589726786710385,0.2920586472539197,0.01387789043994988,-0.08206062056071925
6095.0,599.46,2025-10-17 14:57:40,0,2025-11-28,6602.990234375,0.1626984126984127,2511,0.045,in,6609.601643150545,0.03884890116080701,0.2182733600380899,0.007751482729345326,-0.08105462332770025
6155.0,560.04,2025-11-07 17:16:10,0,2025-12-19,6602.990234375,0.1626984126984127,2512,0.045,in,6627.109445923378,0.022589726786710385,0.23106995588790896,0.008687009147125587,-0.07390396848697046
6475.0,304.73,2025-11-21 19:21:40,0,2026-01-02,6602.990234375,0.1626984126984127,2601,0.045,in,6742.114310181676,-0.08315711607345673,0.1959097569564362,0.006244468046428278,-0.04042496401900357
6500.0,263.29,2025-11-21 20:37:02,0,2026-01-02,6602.990234375,0.1626984126984127,2601,0.045,in,6742.114310181676,-0.08315711607345673,0.16956362747311382,0.004677876088236023,-0.036571394703013606
6395.0,352.37,2025-11-19 18:03:46,0,2025-12-31,6602.990234375,0.1626984126984127,2512,0.045,in,6627.109445923378,0.022589726786710385,0.19177482713383212,0.0059836545921057895,-0.03565229309258124
6550.0,199.62,2025-11-21 06:08:23,0,2026-01-02,6602.990234375,0.1626984126984127,2601,0.045,in,6742.114310181676,-0.08315711607345673,0.13625109662740675,0.0030203921215040007,-0.0289085219574444
6460.0,297.0,2025-11-19 08:25:38,0,2025-12-31,6602.990234375,0.1626984126984127,2512,0.045,in,6627.109445923378,0.022589726786710385,0.17837758803170317,0.005176829842826701,-0.0255394103288768
6575.0,199.2,2025-11-21 16:51:33,0,2026-01-02,6602.990234375,0.1626984126984127,2601,0.045,in,6742.114310181676,-0.08315711607345673,0.1499011939388367,0.003655893197285071,-0.02509899354077672
6590.0,194.0,2025-11-21 16:37:41,0,2026-01-02,6602.990234375,0.1626984126984127,2601,0.045,in,6742.114310181676,-0.08315711607345673,0.15285588654767204,0.0038014357307272475,-0.02282022309018915
6600.0,187.87,2025-11-21 21:05:20,0,2026-01-02,6602.990234375,0.1626984126984127,2601,0.045,in,6742.114310181676,-0.08315711607345673,0.15214951226744183,0.0037663826881430074,-0.02130392257222512
6640.0,177.34,2025-11-21 09:44:07,0,2026-01-02,6602.990234375,0.1626984126984127,2601,0.045,out,6742.114310181676,-0.08315711607345673,0.1616373342472984,0.004250760875894792,-0.015261608116262546
6650.0,160.5,2025-11-21 14:52:40,0,2026-01-02,6602.990234375,0.1626984126984127,2601,0.045,out,6742.114310181676,-0.08315711607345673,0.15038739600277454,0.003679647317207573,-0.013756716936842243
6660.0,156.71,2025-11-21 20:35:54,0,2026-01-02,6602.990234375,0.1626984126984127,2601,0.045,out,6742.114310181676,-0.08315711607345673,0.1513466767812874,0.0037267399979457093,-0.01225408705230723
6670.0,138.0,2025-11-21 16:45:03,0,2026-01-02,6602.990234375,0.1626984126984127,2601,0.045,out,6742.114310181676,-0.08315711607345673,0.1381696787559717,0.00310605263979629,-0.010753711677072631
6675.0,139.5,2025-11-21 21:01:55,0,2026-01-02,6602.990234375,0.1626984126984127,2601,0.045,out,6742.114310181676,-0.08315711607345673,0.14176211279295384,0.0032696681014460667,-0.010004367318291803
6680.0,138.62,2025-11-21 21:05:20,0,2026-01-02,6602.990234375,0.1626984126984127,2601,0.045,out,6742.114310181676,-0.08315711607345673,0.14309089939688382,0.0033312508932483104,-0.009255584056050608
6690.0,110.76,2025-11-21 15:40:43,0,2026-01-02,6602.990234375,0.1626984126984127,2601,0.045,out,6742.114310181676,-0.08315711607345673,0.1210366756398013,0.002383511709711561,-0.007759697464467867
6700.0,137.35,2025-11-21 20:19:07,0,2026-01-02,6602.990234375,0.1626984126984127,2601,0.045,out,6742.114310181676,-0.08315711607345673,0.1503122354900682,0.003675970212932105,-0.0062660452076845575
6710.0,117.4,2025-11-21 15:45:31,0,2026-01-02,6602.990234375,0.1626984126984127,2601,0.045,out,6742.114310181676,-0.08315711607345673,0.13549279174309664,0.002986865718999462,-0.004774620621014604
6720.0,120.4,2025-11-21 18:46:58,0,2026-01-02,6602.990234375,0.1626984126984127,2601,0.045,out,6742.114310181676,-0.08315711607345673,0.14232441853372219,0.0032956581132914564,-0.003285417069546837
6620.0,181.7,2025-11-19 18:49:05,0,2025-12-31,6602.990234375,0.1626984126984127,2512,0.045,out,6627.109445923378,0.022589726786710385,0.1562402246578029,0.003971632221610911,-0.0010733581744703786
6740.0,104.05,2025-11-21 16:51:33,0,2026-01-02,6602.990234375,0.1626984126984127,2601,0.045,out,6742.114310181676,-0.08315711607345673,0.13438651802523066,0.0029382904178760776,-0.0003136466803893149
6750.0,97.5,2025-11-21 20:57:24,0,2026-01-02,6602.990234375,0.1626984126984127,2601,0.045,out,6742.114310181676,-0.08315711607345673,0.131768186197498,0.0028249089311306297,0.0011689332798334906
6760.0,103.3,2025-11-21 17:18:17,0,2026-01-02,6602.990234375,0.1626984126984127,2601,0.045,out,6742.114310181676,-0.08315711607345673,0.14106074513628994,0.0032373947879151556,0.0026493184502676633
6770.0,85.38,2025-11-21 18:15:45,0,2026-01-02,6602.990234375,0.1626984126984127,2601,0.045,out,6742.114310181676,-0.08315711607345673,0.12705762488795772,0.0026265446100354277,0.0041275153195786925
6775.0,108.0,2025-11-21 19:30:38,0,2026-01-02,6602.990234375,0.1626984126984127,2601,0.045,out,6742.114310181676,-0.08315711607345673,0.15105967255229932,0.0037126190933965226,0.004865795161159727
6780.0,93.0,2025-11-21 20:23:07,0,2026-01-02,6602.990234375,0.1626984126984127,2601,0.045,out,6742.114310181676,-0.08315711607345673,0.13809132269427626,0.0031025307521493823,0.005603530347699174
6790.0,78.9,2025-11-21 15:59:55,0,2026-01-02,6602.990234375,0.1626984126984127,2601,0.045,out,6742.114310181676,-0.08315711607345673,0.1274307223746599,0.0026419926555636256,0.007077369965999857
6800.0,75.1,2025-11-21 20:58:14,0,2026-01-02,6602.990234375,0.1626984126984127,2601,0.045,out,6742.114310181676,-0.08315711607345673,0.12689170274715023,0.0026196891796385576,0.00854904057745602
6820.0,82.0,2025-11-21 19:16:55,0,2026-01-02,6602.990234375,0.1626984126984127,2601,0.045,out,6742.114310181676,-0.08315711607345673,0.14048686169133426,0.003211106708821759,0.011485900250765768
6825.0,65.6,2025-11-21 20:56:50,0,2026-01-02,6602.990234375,0.1626984126984127,2601,0.045,out,6742.114310181676,-0.08315711607345673,0.12501153990324498,0.002542632101064306,0.012218769466418528
6830.0,61.73,2025-11-21 15:11:10,0,2026-01-02,6602.990234375,0.1626984126984127,2601,0.045,out,6742.114310181676,-0.08315711607345673,0.12243071896971153,0.0024387322176391262,0.012951101978093637
6715.0,148.16,2025-11-19 15:30:36,0,2025-12-31,6602.990234375,0.1626984126984127,2512,0.045,out,6627.109445923378,0.022589726786710385,0.16666657599144621,0.004519395435163545,0.013175101851813762
6850.0,59.12,2025-11-21 20:52:31,0,2026-01-02,6602.990234375,0.1626984126984127,2601,0.045,out,6742.114310181676,-0.08315711607345673,0.1256266501862007,0.002567715336179554,0.015875080669528894
6860.0,53.72,2025-11-21 18:30:20,0,2026-01-02,6602.990234375,0.1626984126984127,2601,0.045,out,6742.114310181676,-0.08315711607345673,0.12255105402656438,0.002443528549856738,0.017333870133188954
6870.0,55.35,2025-11-21 18:45:21,0,2026-01-02,6602.990234375,0.1626984126984127,2601,0.045,out,6742.114310181676,-0.08315711607345673,0.12726898606515694,0.0026352904260959426,0.018790534629652977
6875.0,45.41,2025-11-21 12:39:28,0,2026-01-02,6602.990234375,0.1626984126984127,2601,0.045,out,6742.114310181676,-0.08315711607345673,0.11720377524212723,0.002234943341949564,0.01951807194803006
6880.0,49.1,2025-11-21 18:45:21,0,2026-01-02,6602.990234375,0.1626984126984127,2601,0.045,out,6742.114310181676,-0.08315711607345673,0.12292329787379236,0.0024583953316148115,0.020245080340647422
6890.0,50.17,2025-11-21 17:42:10,0,2026-01-02,6602.990234375,0.1626984126984127,2601,0.045,out,6742.114310181676,-0.08315711607345673,0.12694909739190316,0.002622059549497522,0.02169751342096224
6900.0,40.33,2025-11-21 20:57:34,0,2026-01-02,6602.990234375,0.1626984126984127,2601,0.045,out,6742.114310181676,-0.08315711607345673,0.11778132881711018,0.0022570241989479894,0.02314783999860864
6910.0,37.7,2025-11-21 20:59:38,0,2026-01-02,6602.990234375,0.1626984126984127,2601,0.045,out,6742.114310181676,-0.08315711607345673,0.11706827961097455,0.0022297788322778018,0.024596066174973598
6920.0,40.43,2025-11-21 19:42:28,0,2026-01-02,6602.990234375,0.1626984126984127,2601,0.045,out,6742.114310181676,-0.08315711607345673,0.12312850913093522,0.002466610397591582,0.026042198024973172
6925.0,34.8,2025-11-21 18:05:31,0,2026-01-02,6602.990234375,0.1626984126984127,2601,0.045,out,6742.114310181676,-0.08315711607345673,0.11710439181659747,0.0022311546900481843,0.026764480468797234
6940.0,31.7,2025-11-21 20:53:59,0,2026-01-02,6602.990234375,0.1626984126984127,2601,0.045,out,6742.114310181676,-0.08315711607345673,0.11661037545818251,0.002212369707319167,0.02892820291410814
6950.0,38.22,2025-11-21 14:44:58,0,2026-01-02,6602.990234375,0.1626984126984127,2601,0.045,out,6742.114310181676,-0.08315711607345673,0.12789587187052964,0.0026613155385017476,0.030368087972095892
6960.0,29.5,2025-11-21 20:27:47,0,2026-01-02,6602.990234375,0.1626984126984127,2601,0.045,out,6742.114310181676,-0.08315711607345673,0.118301876714672,0.0022770186325506018,0.03180590274172332
6970.0,28.55,2025-11-21 14:44:58,0,2026-01-02,6602.990234375,0.1626984126984127,2601,0.045,out,6742.114310181676,-0.08315711607345673,0.11926703605142028,0.0023143240532861992,0.03324165316782746
6975.0,25.8,2025-11-21 12:41:30,0,2026-01-02,6602.990234375,0.1626984126984127,2601,0.045,out,6742.114310181676,-0.08315711607345673,0.11628665395510343,0.0022001032595675906,0.03395875610282433
6990.0,24.69,2025-11-21 18:00:06,0,2026-01-02,6602.990234375,0.1626984126984127,2601,0.045,out,6742.114310181676,-0.08315711607345673,0.11795676708039121,0.0022637529956443026,0.036106984641113865
7000.0,21.7,2025-11-21 20:42:46,0,2026-01-02,6602.990234375,0.1626984126984127,2601,0.045,out,6742.114310181676,-0.08315711607345673,0.11530355007404042,0.002163060535899788,0.0375365774507084
7025.0,20.89,2025-11-21 20:03:04,0,2026-01-02,6602.990234375,0.1626984126984127,2601,0.045,out,6742.114310181676,-0.08315711607345673,0.11931191637099327,0.0023160661464796607,0.041101643615204436
7050.0,17.34,2025-11-21 20:03:04,0,2026-01-02,6602.990234375,0.1626984126984127,2601,0.045,out,6742.114310181676,-0.08315711607345673,0.11802081969515175,0.0022662121791354618,0.04465404521957235
7075.0,11.4,2025-11-21 20:54:29,0,2026-01-02,6602.990234375,0.1626984126984127,2601,0.045,out,6742.114310181676,-0.08315711607345673,0.11024962262044137,0.001977595836531505,0.04819387192469627
7100.0,10.2,2025-11-21 20:46:49,0,2026-01-02,6602.990234375,0.1626984126984127,2601,0.045,out,6742.114310181676,-0.08315711607345673,0.11189827407226198,0.002037183227596799,0.051721212442664775
7125.0,9.49,2025-11-21 16:59:21,0,2026-01-02,6602.990234375,0.1626984126984127,2601,0.045,out,6742.114310181676,-0.08315711607345673,0.11451648084255074,0.0021336309514565634,0.05523615455010935
7150.0,7.55,2025-11-21 20:15:15,0,2026-01-02,6602.990234375,0.1626984126984127,2601,0.045,out,6742.114310181676,-0.08315711607345673,0.11315374577314087,0.0020831530852468113,0.058738785101311294
5600.0,1329.7,2025-10-29 15:47:48,0,2025-12-11,6602.990234375,0.16666666666666666,2512,0.045,in,6627.109445923378,0.023123304720360137,0.6947888683087458,0.08045526192095794,-0.16840213038228372
5720.0,959.75,2025-11-18 20:37:17,0,2025-12-31,6602.990234375,0.16666666666666666,2512,0.045,in,6627.109445923378,0.023123304720360137,0.28847665989411564,0.013869797217277543,-0.1471999227316807
5730.0,947.77,2025-11-18 20:43:12,0,2025-12-31,6602.990234375,0.16666666666666666,2512,0.045,in,6627.109445923378,0.023123304720360137,0.2812318615762511,0.013181893327607275,-0.145453197396739
5740.0,945.41,2025-11-18 20:39:53,0,2025-12-31,6602.990234375,0.16666666666666666,2512,0.045,in,6627.109445923378,0.023123304720360137,0.29551178918374843,0.014554536257763363,-0.14370951779191224
5750.0,926.39,2025-11-18 20:47:44,0,2025-12-31,6602.990234375,0.16666666666666666,2512,0.045,in,6627.109445923378,0.023123304720360137,0.272697815170731,0.012394016399815026,-0.14196887331412816
5770.0,889.57,2025-11-18 21:01:45,0,2025-12-31,6602.990234375,0.16666666666666666,2512,0.045,in,6627.109445923378,0.023123304720360137,0.22061906720531452,0.008112128802423846,-0.13849664760337907
5780.0,901.35,2025-11-18 20:36:57,0,2025-12-31,6602.990234375,0.16666666666666666,2512,0.045,in,6627.109445923378,0.023123304720360137,0.27595855599924446,0.012692187438198022,-0.13676504543910112
5800.0,930.28,2025-10-22 19:27:44,0,2025-12-04,6602.990234375,0.16666666666666666,2512,0.045,in,6627.109445923378,0.023123304720360137,0.35769856546092393,0.021324710622133813,-0.13331081057101363
5905.0,785.12,2025-11-18 20:50:34,0,2025-12-31,6602.990234375,0.16666666666666666,2512,0.045,in,6627.109445923378,0.023123304720360137,0.2595891299130361,0.011231086061501189,-0.11536927847406163
6000.0,738.57,2025-10-22 19:27:21,0,2025-12-04,6602.990234375,0.16666666666666666,2512,0.045,in,6627.109445923378,0.023123304720360137,0.30740970275713964,0.01575012089153882,-0.09940925889533228
6020.0,687.17,2025-11-18 20:23:28,0,2025-12-31,6602.990234375,0.16666666666666666,2512,0.045,in,6627.109445923378,0.023123304720360137,0.25575516435811735,0.010901784015974603,-0.09608146880265753
6125.0,531.46,2025-11-20 20:36:36,0,2026-01-02,6602.990234375,0.16666666666666666,2601,0.045,in,6742.114310181676,-0.08010575616694586,0.1268692811814607,0.00268263575125009,-0.09599481517381434
6005.0,676.79,2025-10-16 19:35:31,0,2025-11-28,6602.990234375,0.16666666666666666,2511,0.045,in,6609.601643150545,0.03899535589507351,0.21675024710343888,0.007830111603233634,-0.09593093072898819
6015.0,676.82,2025-10-16 19:48:58,0,2025-11-28,6602.990234375,0.16666666666666666,2511,0.045,in,6609.601643150545,0.03899535589507351,0.23219772170722175,0.008985963661004065,-0.09426703683429279
6035.0,652.92,2025-10-16 19:29:50,0,2025-11-28,6602.990234375,0.16666666666666666,2511,0.045,in,6609.601643150545,0.03899535589507351,0.21989148748461093,0.008058711044699133,-0.09094753171144028
6055.0,634.77,2025-10-16 19:29:50,0,2025-11-28,6602.990234375,0.16666666666666666,2511,0.045,in,6609.601643150545,0.03899535589507351,0.21760639952186397,0.007892090852144847,-0.08763900925587953
6300.0,408.78,2025-11-20 17:59:54,0,2026-01-02,6602.990234375,0.16666666666666666,2601,0.045,in,6742.114310181676,-0.08010575616694586,0.1747570319396963,0.005090003368728672,-0.06782393820711802
6300.0,465.5,2025-10-22 19:30:04,0,2025-12-04,6602.990234375,0.16666666666666666,2512,0.045,in,6627.109445923378,0.023123304720360137,0.24168142111658306,0.009734984885488525,-0.050619094725900225
6410.0,322.0,2025-11-20 18:38:05,0,2026-01-02,6602.990234375,0.16666666666666666,2601,0.045,in,6742.114310181676,-0.08010575616694586,0.16669974897925396,0.004631467718291047,-0.05051430067202628
6460.0,273.8,2025-11-20 18:48:42,0,2026-01-02,6602.990234375,0.16666666666666666,2601,0.045,in,6742.114310181676,-0.08010575616694586,0.15133356694745229,0.0038169747475065036,-0.0427442538100945
6540.0,218.8,2025-11-20 18:47:57,0,2026-01-02,6602.990234375,0.16666666666666666,2601,0.045,in,6742.114310181676,-0.08010575616694586,0.14684532761559188,0.0035939250404217514,-0.030436406135497633
6430.0,306.22,2025-11-18 15:02:50,0,2025-12-31,6602.990234375,0.16666666666666666,2512,0.045,in,6627.109445923378,0.023123304720360137,0.16441079502947972,0.004505151587037599,-0.030194189873859266
6455.0,293.33,2025-11-18 16:20:03,0,2025-12-31,6602.990234375,0.16666666666666666,2512,0.045,in,6627.109445923378,0.023123304720360137,0.1683492630902672,0.0047235790638393334,-0.02631370382478142
6580.0,187.8,2025-11-20 20:32:22,0,2026-01-02,6602.990234375,0.16666666666666666,2601,0.045,in,6742.114310181676,-0.08010575616694586,0.13928535466679232,0.003233401670775687,-0.024338826267379182
6470.0,310.2,2025-11-18 18:14:20,0,2025-12-31,6602.990234375,0.16666666666666666,2512,0.045,in,6627.109445923378,0.023123304720360137,0.19524781056260948,0.0063536179215821055,-0.023992619610578046
6495.0,229.4,2025-11-18 15:53:39,0,2025-12-31,6602.990234375,0.16666666666666666,2512,0.045,in,6627.109445923378,0.023123304720360137,0.1290995576073129,0.002777782629067317,-0.02013607800082434
6630.0,153.38,2025-11-20 20:35:25,0,2026-01-02,6602.990234375,0.16666666666666666,2601,0.045,out,6742.114310181676,-0.08010575616694586,0.13212644434126325,0.002909566215710822,-0.016768767406833793
6730.0,132.1,2025-11-20 17:01:50,0,2026-01-02,6602.990234375,0.16666666666666666,2601,0.045,out,6742.114310181676,-0.08010575616694586,0.15504467727494553,0.0040064753252153345,-0.0017984279479685602
6810.0,64.19,2025-11-20 21:11:09,0,2026-01-02,6602.990234375,0.16666666666666666,2601,0.045,out,6742.114310181676,-0.08010575616694586,0.11701932644192968,0.0022822537934871503,0.010018548556816128
6840.0,116.85,2025-11-20 15:40:55,0,2026-01-02,6602.990234375,0.16666666666666666,2601,0.045,out,6742.114310181676,-0.08010575616694586,0.17971293825835521,0.005382790029575231,0.014414160029854161
5850.0,981.16,2025-11-05 15:29:54,0,2025-12-19,6602.990234375,0.17063492063492064,2512,0.045,in,6627.109445923378,0.0236320650757006,0.47146810324063493,0.037929100841479546,-0.12472706687962205
6000.0,714.88,2025-11-19 16:01:05,0,2026-01-02,6602.990234375,0.17063492063492064,2601,0.045,in,6742.114310181676,-0.07719631997701687,0.26894195949508287,0.012341985856402206,-0.11661410237654994
6025.0,692.03,2025-11-19 16:01:05,0,2026-01-02,6602.990234375,0.17063492063492064,2601,0.045,in,6742.114310181676,-0.07719631997701687,0.26473605056725785,0.011958978524634276,-0.11245609222788626
6075.0,685.67,2025-11-17 18:04:35,0,2025-12-31,6602.990234375,0.17063492063492064,2512,0.045,in,6627.109445923378,0.0236320650757006,0.30751394598874354,0.016136061746172298,-0.0869867388967751
6080.0,680.56,2025-11-17 18:05:16,0,2025-12-31,6602.990234375,0.17063492063492064,2512,0.045,in,6627.109445923378,0.0236320650757006,0.3057413599047179,0.015950573427478607,-0.08616403214531154
6100.0,623.71,2025-11-17 19:41:32,0,2025-12-31,6602.990234375,0.17063492063492064,2512,0.045,in,6627.109445923378,0.0236320650757006,0.251678434479458,0.010808363009632244,-0.08287995694412166
6250.0,472.1,2025-11-19 14:46:20,0,2026-01-02,6602.990234375,0.17063492063492064,2601,0.045,in,6742.114310181676,-0.07719631997701687,0.2036963518631717,0.007080018895959116,-0.07579210785629485
6280.0,472.01,2025-11-17 20:52:49,0,2025-12-31,6602.990234375,0.17063492063492064,2512,0.045,in,6627.109445923378,0.0236320650757006,0.2296483241816576,0.008999004644349521,-0.05379874764327988
6325.0,435.79,2025-11-17 19:31:13,0,2025-12-31,6602.990234375,0.17063492063492064,2512,0.045,in,6627.109445923378,0.0236320650757006,0.22422987752401646,0.00857935965436795,-0.046658693509803256
6380.0,570.81,2025-10-29 20:03:08,0,2025-12-12,6602.990234375,0.17063492063492064,2512,0.045,in,6627.109445923378,0.0236320650757006,0.3955534563303864,0.026697972551751353,-0.03800063076668874
6525.0,256.6,2025-11-19 07:20:08,0,2026-01-02,6602.990234375,0.17063492063492064,2601,0.045,in,6742.114310181676,-0.07719631997701687,0.17235284597557837,0.005068796234852786,-0.032732618395847825
6560.0,237.4,2025-11-19 18:15:14,0,2026-01-02,6602.990234375,0.17063492063492064,2601,0.045,in,6742.114310181676,-0.07719631997701687,0.17324014310839844,0.005121120352862659,-0.027382968648607262
6625.0,176.0,2025-11-19 17:10:05,0,2026-01-02,6602.990234375,0.17063492063492064,2601,0.045,out,6742.114310181676,-0.07719631997701687,0.14854535474179376,0.0037651827930980557,-0.017523199732319094
5775.0,1002.18,2025-10-21 13:36:43,0,2025-12-05,6602.990234375,0.1746031746031746,2512,0.045,in,6627.109445923378,0.024117699960343766,0.4218847066153407,0.031077043848175133,-0.13763047171552995
5800.0,977.93,2025-10-21 13:36:43,0,2025-12-05,6602.990234375,0.1746031746031746,2512,0.045,in,6627.109445923378,0.024117699960343766,0.414675480136166,0.030024020509329487,-0.13331081057101363
5975.0,687.69,2025-11-04 06:12:29,0,2025-12-19,6602.990234375,0.1746031746031746,2512,0.045,in,6627.109445923378,0.024117699960343766,0.1712894548795283,0.00512287064892358,-0.10358463030581283
5980.0,836.52,2025-11-04 19:49:17,0,2025-12-19,6602.990234375,0.1746031746031746,2512,0.045,in,6627.109445923378,0.024117699960343766,0.4020819292786364,0.028228073910741808,-0.10274816016084687
6125.0,795.42,2025-10-28 14:06:02,0,2025-12-12,6602.990234375,0.1746031746031746,2512,0.045,in,6627.109445923378,0.024117699960343766,0.4627552897031439,0.03738995301001027,-0.0787899716925965
6270.0,568.14,2025-11-04 19:47:33,0,2025-12-19,6602.990234375,0.1746031746031746,2512,0.045,in,6627.109445923378,0.024117699960343766,0.3220516436144657,0.018109363058770905,-0.0553923734785579
6340.0,508.75,2025-11-04 14:33:48,0,2025-12-19,6602.990234375,0.1746031746031746,2512,0.045,in,6627.109445923378,0.024117699960343766,0.30649865076979765,0.016402470669218575,-0.04428995967425263
6725.0,138.6,2025-11-18 20:19:26,0,2026-01-02,6602.990234375,0.1746031746031746,2601,0.045,out,6742.114310181676,-0.07441913088663013,0.15461849123529262,0.004174216764296204,-0.0025416461167021456
5530.0,1352.16,2025-11-03 20:43:42,0,2025-12-19,6602.990234375,0.17857142857142858,2512,0.045,in,6627.109445923378,0.02458175107233613,0.6371889600160657,0.07250174477970632,-0.18098091258914376
5610.0,1270.01,2025-11-03 17:26:54,0,2025-12-19,6602.990234375,0.17857142857142858,2512,0.045,in,6627.109445923378,0.02458175107233613,0.6048103514274837,0.06532063592747078,-0.16661800858878226
5640.0,1242.05,2025-11-03 16:52:24,0,2025-12-19,6602.990234375,0.17857142857142858,2512,0.045,in,6627.109445923378,0.02458175107233613,0.5962129746043521,0.06347676983688746,-0.16128466261341967
5800.0,996.06,2025-11-17 14:52:28,0,2026-01-02,6602.990234375,0.17857142857142858,2601,0.045,in,6742.114310181676,-0.07176537242248279,0.43265130431336124,0.033426276986437985,-0.15051565405223127
5725.0,1169.74,2025-11-03 18:17:05,0,2025-12-19,6602.990234375,0.17857142857142858,2512,0.045,in,6627.109445923378,0.02458175107233613,0.5798408393530884,0.06003846410387394,-0.14632617868308392
6100.0,669.96,2025-11-17 18:05:16,0,2026-01-02,6602.990234375,0.17857142857142858,2601,0.045,in,6742.114310181676,-0.07176537242248279,0.3018055324363744,0.01626546060878633,-0.10008480042533945
6270.0,467.08,2025-10-13 18:29:40,0,2025-11-28,6602.990234375,0.17857142857142858,2511,0.045,in,6609.601643150545,0.03939566550206861,0.20885128278527487,0.00778908184304551,-0.05274703161610573
5350.0,1410.03,2025-11-14 20:58:10,0,2025-12-31,6602.990234375,0.18253968253968253,2512,0.045,in,6627.109445923378,0.02502562604902447,0.5212836585696635,0.049602722316752314,-0.21407216721547204
5425.0,1284.87,2025-11-14 14:40:00,0,2025-12-31,6602.990234375,0.18253968253968253,2512,0.045,in,6627.109445923378,0.02502562604902447,0.4104268776467357,0.030748850028424733,-0.20015082869686396
5650.0,1132.27,2025-11-14 19:07:38,0,2025-12-31,6602.990234375,0.18253968253968253,2512,0.045,in,6627.109445923378,0.02502562604902447,0.45775295712682357,0.03824895797176259,-0.15951318296503772
5850.0,941.98,2025-11-14 19:15:10,0,2025-12-31,6602.990234375,0.18253968253968253,2512,0.045,in,6627.109445923378,0.02502562604902447,0.40535090236352145,0.029992977326025277,-0.12472706687962205
5950.0,770.0,2025-11-14 13:23:18,0,2025-12-31,6602.990234375,0.18253968253968253,2512,0.045,in,6627.109445923378,0.02502562604902447,0.2780046884088684,0.014107872665699808,-0.10777750856584885
5450.0,1387.68,2025-11-13 14:38:16,0,2025-12-31,6602.990234375,0.1865079365079365,2512,0.045,in,6627.109445923378,0.025450612728832464,0.59337967739443,0.06566934028810213,-0.19555311944823459
5700.0,1085.48,2025-11-13 18:28:43,0,2025-12-31,6602.990234375,0.1865079365079365,2512,0.045,in,6627.109445923378,0.025450612728832464,0.4400730645632619,0.03611992937001088,-0.15070255328288273
5840.0,1005.79,2025-11-13 15:01:20,0,2025-12-31,6602.990234375,0.1865079365079365,2512,0.045,in,6627.109445923378,0.025450612728832464,0.4680562091419843,0.040859527385195056,-0.12643793128325154
5900.0,939.88,2025-11-13 14:48:24,0,2025-12-31,6602.990234375,0.1865079365079365,2512,0.045,in,6627.109445923378,0.025450612728832464,0.440477231534614,0.0361863055576139,-0.11621637721171345
5970.0,833.98,2025-11-13 18:19:56,0,2025-12-31,6602.990234375,0.1865079365079365,2512,0.045,in,6627.109445923378,0.025450612728832464,0.3752847598776224,0.026267526177900874,-0.10442180071887656
6135.0,699.03,2025-11-13 17:35:15,0,2025-12-31,6602.990234375,0.1865079365079365,2512,0.045,in,6627.109445923378,0.025450612728832464,0.3527838134725106,0.023212109901848157,-0.0771586499605125
6225.0,618.64,2025-11-13 16:34:40,0,2025-12-31,6602.990234375,0.1865079365079365,2512,0.045,in,6627.109445923378,0.025450612728832464,0.33107736892657097,0.020443549754448478,-0.06259528577261593
6400.0,305.3,2025-11-21 15:36:38,0,2026-01-08,6602.990234375,0.1865079365079365,2601,0.045,in,6742.114310181676,-0.06679663317046225,0.1269907212152011,0.0030077469599745065,-0.0520755812389788
6425.0,284.3,2025-11-21 15:53:06,0,2026-01-08,6602.990234375,0.1865079365079365,2601,0.045,in,6742.114310181676,-0.06679663317046225,0.12418027474623557,0.0028760905154538727,-0.04817694082332149
6575.0,183.9,2025-11-21 15:14:24,0,2026-01-08,6602.990234375,0.1865079365079365,2601,0.045,in,6742.114310181676,-0.06679663317046225,0.12252548207337415,0.0027999492325146754,-0.02509899354077672
6600.0,203.6,2025-11-21 18:39:43,0,2026-01-08,6602.990234375,0.1865079365079365,2601,0.045,in,6742.114310181676,-0.06679663317046225,0.15274674178304357,0.004351522440042786,-0.02130392257222512
6650.0,152.9,2025-11-21 15:03:03,0,2026-01-08,6602.990234375,0.1865079365079365,2601,0.045,out,6742.114310181676,-0.06679663317046225,0.13070407970651682,0.003186218862065844,-0.013756716936842243
6700.0,149.2,2025-11-21 17:26:32,0,2026-01-08,6602.990234375,0.1865079365079365,2601,0.045,out,6742.114310181676,-0.06679663317046225,0.14804598241798708,0.004087808757043755,-0.0062660452076845575
6725.0,107.6,2025-11-21 16:17:55,0,2026-01-08,6602.990234375,0.1865079365079365,2601,0.045,out,6742.114310181676,-0.06679663317046225,0.12072963763374969,0.002718473547417841,-0.0025416461167021456
6750.0,107.47,2025-11-21 18:12:45,0,2026-01-08,6602.990234375,0.1865079365079365,2601,0.045,out,6742.114310181676,-0.06679663317046225,0.12956646218967657,0.0031309960390650707,0.0011689332798334906
6775.0,86.52,2025-11-21 16:20:44,0,2026-01-08,6602.990234375,0.1865079365079365,2601,0.045,out,6742.114310181676,-0.06679663317046225,0.11898560731802427,0.0026405000523628424,0.004865795161159727
6825.0,69.7,2025-11-21 15:18:54,0,2026-01-08,6602.990234375,0.1865079365079365,2601,0.045,out,6742.114310181676,-0.06679663317046225,0.11864120964043277,0.0026252365927477007,0.012218769466418528
6875.0,70.9,2025-11-21 19:43:22,0,2026-01-08,6602.990234375,0.1865079365079365,2601,0.045,out,6742.114310181676,-0.06679663317046225,0.1342266546626506,0.00336027522472438,0.01951807194803006
6900.0,48.9,2025-11-21 20:59:41,0,2026-01-08,6602.990234375,0.1865079365079365,2601,0.045,out,6742.114310181676,-0.06679663317046225,0.11784594756667492,0.0025901601818282233,0.02314783999860864
6925.0,49.54,2025-11-21 16:59:33,0,2026-01-08,6602.990234375,0.1865079365079365,2601,0.045,out,6742.114310181676,-0.06679663317046225,0.12489830533012151,0.00290944672100716,0.026764480468797234
6950.0,43.03,2025-11-21 17:15:51,0,2026-01-08,6602.990234375,0.1865079365079365,2601,0.045,out,6742.114310181676,-0.06679663317046225,0.1235168198680189,0.0028454405759702605,0.030368087972095892
6975.0,37.13,2025-11-21 20:08:59,0,2026-01-08,6602.990234375,0.1865079365079365,2601,0.045,out,6742.114310181676,-0.06679663317046225,0.12214468164438678,0.0027825721942000164,0.03395875610282433
7000.0,34.9,2025-11-21 17:30:00,0,2026-01-08,6602.990234375,0.1865079365079365,2601,0.045,out,6742.114310181676,-0.06679663317046225,0.1249036445430149,0.002909695475182569,0.0375365774507084
7025.0,27.56,2025-11-21 16:12:13,0,2026-01-08,6602.990234375,0.1865079365079365,2601,0.045,out,6742.114310181676,-0.06679663317046225,0.12015009260268374,0.0026924369181125928,0.041101643615204436
7050.0,25.4,2025-11-21 17:30:00,0,2026-01-08,6602.990234375,0.1865079365079365,2601,0.045,out,6742.114310181676,-0.06679663317046225,0.12208229136104883,0.0027797303000250346,0.04465404521957235
7075.0,22.17,2025-11-21 19:20:55,0,2026-01-08,6602.990234375,0.1865079365079365,2601,0.045,out,6742.114310181676,-0.06679663317046225,0.12192780253072699,0.0027726995413042935,0.04819387192469627
7100.0,14.5,2025-11-21 20:41:23,0,2026-01-08,6602.990234375,0.1865079365079365,2601,0.045,out,6742.114310181676,-0.06679663317046225,0.1126652473949009,0.002367430653238288,0.051721212442664775
5175.0,1712.97,2025-10-31 15:07:17,0,2025-12-19,6602.990234375,0.19047619047619047,2512,0.045,in,6627.109445923378,0.025857891630315117,0.7521224129023969,0.10775011885526163,-0.24732938897195453
5185.0,1677.9,2025-11-12 16:58:10,0,2025-12-31,6602.990234375,0.19047619047619047,2512,0.045,in,6627.109445923378,0.025857891630315117,0.7143279720135579,0.0971932288763814,-0.24539888644189659
5270.0,1393.34,2025-10-10 16:44:02,0,2025-11-28,6602.990234375,0.19047619047619047,2511,0.045,in,6609.601643150545,0.03974593640818932,0.31797379603046133,0.019258539992765986,-0.22649302370766405
5800.0,899.41,2025-11-07 16:51:52,0,2025-12-26,6602.990234375,0.19047619047619047,2512,0.045,in,6627.109445923378,0.025857891630315117,0.27717688754994363,0.014633719427023635,-0.13331081057101363
5960.0,942.12,2025-10-31 14:39:18,0,2025-12-19,6602.990234375,0.19047619047619047,2512,0.045,in,6627.109445923378,0.025857891630315117,0.4821588572675768,0.044281364503157235,-0.1060982470461288
5975.0,746.21,2025-10-17 16:27:48,0,2025-12-05,6602.990234375,0.19047619047619047,2512,0.045,in,6627.109445923378,0.025857891630315117,0.2644248290499672,0.013318188612972265,-0.10358463030581283
6150.0,678.48,2025-11-14 20:00:35,0,2026-01-02,6602.990234375,0.19047619047619047,2601,0.045,in,6742.114310181676,-0.06446753664607763,0.33733395335815664,0.02167508496918914,-0.09192148978617842
6175.0,655.64,2025-11-14 20:00:45,0,2026-01-02,6602.990234375,0.19047619047619047,2601,0.045,in,6742.114310181676,-0.06446753664607763,0.3310034512146965,0.020869197088769515,-0.08786468909056404
6200.0,635.13,2025-11-14 20:02:27,0,2026-01-02,6602.990234375,0.19047619047619047,2601,0.045,in,6742.114310181676,-0.06446753664607763,0.32698263344658873,0.02036526525250785,-0.08382427955355908
6220.0,675.92,2025-10-31 18:07:06,0,2025-12-19,6602.990234375,0.19047619047619047,2512,0.045,in,6627.109445923378,0.025857891630315117,0.3806944297691933,0.027605380734722147,-0.06339882137229913
6255.0,657.42,2025-10-31 14:28:27,0,2025-12-19,6602.990234375,0.19047619047619047,2512,0.045,in,6627.109445923378,0.025857891630315117,0.38368195686002105,0.02804035124189239,-0.05778758420451277
6375.0,321.4,2025-11-21 15:40:04,0,2026-01-09,6602.990234375,0.19047619047619047,2601,0.045,in,6742.114310181676,-0.06446753664607763,0.12095436715164685,0.0027866588443915025,-0.05598948056011511
6425.0,420.88,2025-11-14 20:20:23,0,2026-01-02,6602.990234375,0.19047619047619047,2601,0.045,in,6742.114310181676,-0.06446753664607763,0.25667315910615,0.012548782972482096,-0.04817694082332149
6425.0,343.7,2025-11-21 15:45:18,0,2026-01-09,6602.990234375,0.19047619047619047,2601,0.045,in,6742.114310181676,-0.06446753664607763,0.18314690269263992,0.006389102469696631,-0.04817694082332149
6360.0,494.38,2025-10-24 13:30:07,0,2025-12-12,6602.990234375,0.19047619047619047,2512,0.045,in,6627.109445923378,0.025857891630315117,0.28881870730917913,0.015888808703189577,-0.04114035077135644
6500.0,252.9,2025-11-20 19:38:14,0,2026-01-08,6602.990234375,0.19047619047619047,2601,0.045,in,6742.114310181676,-0.06446753664607763,0.1421631366822306,0.003849591891682015,-0.036571394703013606
6390.0,292.5,2025-11-07 20:48:27,0,2025-12-26,6602.990234375,0.19047619047619047,2512,0.045,in,6627.109445923378,0.025857891630315117,0.09862664751293732,0.0018528029713602255,-0.03643445973394378
6420.0,350.14,2025-11-07 16:00:04,0,2025-12-26,6602.990234375,0.19047619047619047,2512,0.045,in,6627.109445923378,0.025857891630315117,0.18625950089816704,0.0066081146047303405,-0.0317506104215174
6435.0,299.72,2025-10-10 17:06:21,0,2025-11-28,6602.990234375,0.19047619047619047,2511,0.045,in,6609.601643150545,0.03974593640818932,0.14588326475624425,0.0040537003687505626,-0.026771545212845086
6575.0,191.4,2025-11-21 16:06:04,0,2026-01-09,6602.990234375,0.19047619047619047,2601,0.045,in,6742.114310181676,-0.06446753664607763,0.1273834304060688,0.003090769208003386,-0.02509899354077672
6610.0,284.52,2025-11-14 16:38:14,0,2026-01-02,6602.990234375,0.19047619047619047,2601,0.045,out,6742.114310181676,-0.06446753664607763,0.22628145201545513,0.00975300867166147,-0.01978991774101005
6700.0,143.0,2025-11-21 16:53:28,0,2026-01-09,6602.990234375,0.19047619047619047,2601,0.045,out,6742.114310181676,-0.06446753664607763,0.14062694730098593,0.003766845391846528,-0.0062660452076845575
6760.0,127.19,2025-11-21 16:23:57,0,2026-01-09,6602.990234375,0.19047619047619047,2601,0.045,out,6742.114310181676,-0.06446753664607763,0.14879051001022806,0.004216879213162624,0.0026493184502676633
6800.0,82.3,2025-11-20 20:05:16,0,2026-01-08,6602.990234375,0.19047619047619047,2601,0.045,out,6742.114310181676,-0.06446753664607763,0.12140885111547237,0.002807639834129321,0.00854904057745602
6800.0,107.19,2025-11-21 16:23:57,0,2026-01-09,6602.990234375,0.19047619047619047,2601,0.045,out,6742.114310181676,-0.06446753664607763,0.1442826658593037,0.003965235746184282,0.00854904057745602
6830.0,65.05,2025-11-21 15:37:24,0,2026-01-09,6602.990234375,0.19047619047619047,2601,0.045,out,6742.114310181676,-0.06446753664607763,0.11398202276303872,0.002474647907267405,0.012951101978093637
6850.0,77.93,2025-11-21 17:48:27,0,2026-01-09,6602.990234375,0.19047619047619047,2601,0.045,out,6742.114310181676,-0.06446753664607763,0.13227724489650178,0.0033328132414112577,0.015875080669528894
6875.0,59.58,2025-11-21 20:57:08,0,2026-01-09,6602.990234375,0.19047619047619047,2601,0.045,out,6742.114310181676,-0.06446753664607763,0.12104072330667599,0.0027906393711625327,0.01951807194803006
6900.0,59.8,2025-11-21 17:55:50,0,2026-01-09,6602.990234375,0.19047619047619047,2601,0.045,out,6742.114310181676,-0.06446753664607763,0.12792609141561864,0.0031171590218813743,0.02314783999860864
6910.0,50.7,2025-11-21 16:48:08,0,2026-01-09,6602.990234375,0.19047619047619047,2601,0.045,out,6742.114310181676,-0.06446753664607763,0.12079720187458973,0.002779421710615311,0.024596066174973598
6925.0,44.51,2025-11-21 20:57:08,0,2026-01-09,6602.990234375,0.19047619047619047,2601,0.045,out,6742.114310181676,-0.06446753664607763,0.11762724221968124,0.00263546059280144,0.026764480468797234
6950.0,38.11,2025-11-21 20:57:08,0,2026-01-09,6602.990234375,0.19047619047619047,2601,0.045,out,6742.114310181676,-0.06446753664607763,0.11605696982057769,0.0025655657607494245,0.030368087972095892
6975.0,37.14,2025-11-21 20:26:43,0,2026-01-09,6602.990234375,0.19047619047619047,2601,0.045,out,6742.114310181676,-0.06446753664607763,0.12059598768592858,0.0027701699516085023,0.03395875610282433
7000.0,27.49,2025-11-21 20:57:08,0,2026-01-09,6602.990234375,0.19047619047619047,2601,0.045,out,6742.114310181676,-0.06446753664607763,0.11329888851525377,0.0024450739311984576,0.0375365774507084
7025.0,26.89,2025-11-21 20:26:08,0,2026-01-09,6602.990234375,0.19047619047619047,2601,0.045,out,6742.114310181676,-0.06446753664607763,0.11766153051260426,0.0026369972881082867,0.041101643615204436
7050.0,21.03,2025-11-21 18:30:58,0,2026-01-09,6602.990234375,0.19047619047619047,2601,0.045,out,6742.114310181676,-0.06446753664607763,0.11367558754213898,0.0024613598482000954,0.04465404521957235
7075.0,16.9,2025-11-21 18:18:57,0,2026-01-09,6602.990234375,0.19047619047619047,2601,0.045,out,6742.114310181676,-0.06446753664607763,0.11130458709428466,0.002359754496805562,0.04819387192469627
7100.0,13.8,2025-11-21 20:57:25,0,2026-01-09,6602.990234375,0.19047619047619047,2601,0.045,out,6742.114310181676,-0.06446753664607763,0.10983703771226888,0.0022979380673155,0.051721212442664775
7150.0,12.41,2025-11-21 20:09:28,0,2026-01-09,6602.990234375,0.19047619047619047,2601,0.045,out,6742.114310181676,-0.06446753664607763,0.11552615744253536,0.002542151057797613,0.058738785101311294
5470.0,1381.75,2025-10-30 20:00:03,0,2025-12-19,6602.990234375,0.19444444444444445,2512,0.045,in,6627.109445923378,0.02624854690316583,0.5905408332357003,0.06781025916752796,-0.19189011168949735
5920.0,942.15,2025-11-11 14:21:57,0,2025-12-31,6602.990234375,0.19444444444444445,2512,0.045,in,6627.109445923378,0.02624854690316583,0.4476665194976121,0.03896769968760393,-0.11283227922747294
5930.0,849.63,2025-10-09 16:47:22,0,2025-11-28,6602.990234375,0.19444444444444445,2511,0.045,in,6609.601643150545,0.039853162195777295,0.3497243848867955,0.02378194493586479,-0.108499173251301
6110.0,771.33,2025-10-30 19:53:43,0,2025-12-19,6602.990234375,0.19444444444444445,2512,0.045,in,6627.109445923378,0.02624854690316583,0.40131923898451666,0.031316664473716144,-0.08124195493988322
6225.0,626.39,2025-11-13 16:34:40,0,2026-01-02,6602.990234375,0.19444444444444445,2601,0.045,in,6742.114310181676,-0.062233505285953575,0.3305338207411205,0.021243562404890615,-0.07980012925383366
6150.0,646.67,2025-11-06 16:30:33,0,2025-12-26,6602.990234375,0.19444444444444445,2512,0.045,in,6627.109445923378,0.02624854690316583,0.29943512798868693,0.017434160308755813,-0.07471664630496075
6230.0,691.0,2025-10-30 12:54:44,0,2025-12-19,6602.990234375,0.19444444444444445,2512,0.045,in,6627.109445923378,0.02624854690316583,0.3966717802675013,0.030595541911781158,-0.0617923953240255
6350.0,500.03,2025-11-13 16:48:29,0,2026-01-02,6602.990234375,0.19444444444444445,2601,0.045,in,6742.114310181676,-0.062233505285953575,0.28470690544749266,0.015761282057400353,-0.059918758700004654
6260.0,645.9,2025-11-11 18:58:31,0,2025-12-31,6602.990234375,0.19444444444444445,2512,0.045,in,6627.109445923378,0.02624854690316583,0.3709912130706889,0.026762260034156358,-0.056988543011380115
6270.0,636.65,2025-11-11 18:58:31,0,2025-12-31,6602.990234375,0.19444444444444445,2512,0.045,in,6627.109445923378,0.02624854690316583,0.36798508941185687,0.026330310616837948,-0.0553923734785579
6430.0,470.26,2025-11-13 15:10:37,0,2026-01-02,6602.990234375,0.19444444444444445,2601,0.045,in,6742.114310181676,-0.062233505285953575,0.30135120144577526,0.01765799517471349,-0.04739903335507702
6525.0,217.3,2025-11-19 16:33:42,0,2026-01-08,6602.990234375,0.19444444444444445,2601,0.045,in,6742.114310181676,-0.062233505285953575,0.1214823145060812,0.0028696019212300274,-0.032732618395847825
6450.0,376.14,2025-11-06 18:23:49,0,2025-12-26,6602.990234375,0.19444444444444445,2512,0.045,in,6627.109445923378,0.02624854690316583,0.22595542256538723,0.009927526969636637,-0.027088597315706085
6650.0,146.5,2025-11-20 19:00:02,0,2026-01-09,6602.990234375,0.19444444444444445,2601,0.045,out,6742.114310181676,-0.062233505285953575,0.12147635440834015,0.002869320354510684,-0.013756716936842243
6750.0,178.3,2025-11-20 15:58:42,0,2026-01-09,6602.990234375,0.19444444444444445,2601,0.045,out,6742.114310181676,-0.062233505285953575,0.18784583293664642,0.006861177740601037,0.0011689332798334906
6775.0,160.2,2025-11-20 14:45:43,0,2026-01-09,6602.990234375,0.19444444444444445,2601,0.045,out,6742.114310181676,-0.062233505285953575,0.18094414009441875,0.006366263134487791,0.004865795161159727
6780.0,158.6,2025-11-20 14:35:13,0,2026-01-09,6602.990234375,0.19444444444444445,2601,0.045,out,6742.114310181676,-0.062233505285953575,0.18127259294242742,0.006389396407347137,0.005603530347699174
6820.0,89.9,2025-11-20 18:11:31,0,2026-01-09,6602.990234375,0.19444444444444445,2601,0.045,out,6742.114310181676,-0.062233505285953575,0.13292321700718232,0.0034355575371324827,0.011485900250765768
6850.0,87.55,2025-11-19 20:28:52,0,2026-01-08,6602.990234375,0.19444444444444445,2601,0.045,out,6742.114310181676,-0.062233505285953575,0.13969263059513853,0.0037943949249480235,0.015875080669528894
5750.0,968.55,2025-10-15 16:48:49,0,2025-12-05,6602.990234375,0.1984126984126984,2512,0.045,in,6627.109445923378,0.026623575965102515,0.3139522013534125,0.01955674300290747,-0.14196887331412816
5810.0,1098.57,2025-10-29 19:37:56,0,2025-12-19,6602.990234375,0.1984126984126984,2512,0.045,in,6627.109445923378,0.026623575965102515,0.5312544476234166,0.05599827145231378,-0.13158815725956735
5975.0,896.72,2025-11-05 18:51:40,0,2025-12-26,6602.990234375,0.1984126984126984,2512,0.045,in,6627.109445923378,0.026623575965102515,0.4337431632124897,0.03732800230824929,-0.10358463030581283
6050.0,794.78,2025-11-10 17:28:45,0,2025-12-31,6602.990234375,0.1984126984126984,2512,0.045,in,6627.109445923378,0.026623575965102515,0.37962031089023707,0.028593567547698456,-0.09111045608063709
6150.0,721.17,2025-11-10 18:18:37,0,2025-12-31,6602.990234375,0.1984126984126984,2512,0.045,in,6627.109445923378,0.026623575965102515,0.3723166998252741,0.02750391368428239,-0.07471664630496075
6215.0,675.75,2025-11-10 20:06:57,0,2025-12-31,6602.990234375,0.1984126984126984,2512,0.045,in,6627.109445923378,0.026623575965102515,0.3684769076886683,0.0269395300594848,-0.06420300316071284
6305.0,596.68,2025-11-10 20:13:42,0,2025-12-31,6602.990234375,0.1984126984126984,2512,0.045,in,6627.109445923378,0.026623575965102515,0.34603855167922215,0.02375846810481224,-0.04982575870650439
6510.0,223.7,2025-11-05 20:22:15,0,2025-12-26,6602.990234375,0.1984126984126984,2512,0.045,in,6627.109445923378,0.026623575965102515,0.11647200190897126,0.0026916125453736914,-0.017829271902909324
6825.0,95.32,2025-11-19 18:01:09,0,2026-01-09,6602.990234375,0.1984126984126984,2601,0.045,out,6742.114310181676,-0.060088835180234515,0.13767294483516643,0.003760682488013249,0.012218769466418528
6880.0,72.2,2025-11-19 18:30:16,0,2026-01-09,6602.990234375,0.1984126984126984,2601,0.045,out,6742.114310181676,-0.060088835180234515,0.13176438815254385,0.003444812298653618,0.020245080340647422
6000.0,723.49,2025-11-17 20:14:12,0,2026-01-08,6602.990234375,0.20238095238095238,2601,0.045,in,6742.114310181676,-0.05802826978454363,0.24932508924823849,0.01258060716889185,-0.11661410237654994
6290.0,522.68,2025-10-21 14:27:24,0,2025-12-12,6602.990234375,0.20238095238095238,2512,0.045,in,6627.109445923378,0.026983898005002466,0.26270573673361897,0.013967180594247735,-0.05220765741103811
6770.0,132.6,2025-11-18 18:26:34,0,2026-01-09,6602.990234375,0.20238095238095238,2601,0.045,out,6742.114310181676,-0.05802826978454363,0.15115532761941866,0.00462398645418422,0.0041275153195786925
6860.0,91.78,2025-11-18 19:20:10,0,2026-01-09,6602.990234375,0.20238095238095238,2601,0.045,out,6742.114310181676,-0.05802826978454363,0.14299487434520888,0.00413819142277423,0.017333870133188954
6870.0,82.3,2025-11-18 17:45:37,0,2026-01-09,6602.990234375,0.20238095238095238,2601,0.045,out,6742.114310181676,-0.05802826978454363,0.13700308455363527,0.003798659143006894,0.018790534629652977
5250.0,1639.77,2025-10-27 18:11:02,0,2025-12-19,6602.990234375,0.20634920634920634,2512,0.045,in,6627.109445923378,0.027330361504906264,0.6945897675254213,0.09955419503116263,-0.2329406515198549
5680.0,1220.59,2025-10-27 19:27:38,0,2025-12-19,6602.990234375,0.20634920634920634,2512,0.045,in,6627.109445923378,0.027330361504906264,0.5561270171276104,0.06381911697349674,-0.1542174953903273
5750.0,1121.31,2025-11-03 15:26:50,0,2025-12-26,6602.990234375,0.20634920634920634,2512,0.045,in,6627.109445923378,0.027330361504906264,0.4994022440521057,0.051464028852946445,-0.14196887331412816
5875.0,993.09,2025-11-10 19:15:38,0,2026-01-02,6602.990234375,0.20634920634920634,2601,0.045,in,6742.114310181676,-0.056046956904071646,0.4537208071705664,0.0424795781138672,-0.1376675115743823
5900.0,970.5,2025-11-10 19:13:00,0,2026-01-02,6602.990234375,0.20634920634920634,2601,0.045,in,6742.114310181676,-0.056046956904071646,0.4478837826026891,0.041393626592704874,-0.13342122069293122
5925.0,945.29,2025-11-10 19:15:07,0,2026-01-02,6602.990234375,0.20634920634920634,2601,0.045,in,6742.114310181676,-0.056046956904071646,0.4392230810979767,0.03980825229523171,-0.12919288458341013
5920.0,982.75,2025-10-27 16:46:00,0,2025-12-19,6602.990234375,0.20634920634920634,2512,0.045,in,6627.109445923378,0.027330361504906264,0.4749510519457511,0.046547944804394954,-0.11283227922747294
5925.0,846.73,2025-10-20 14:07:33,0,2025-12-12,6602.990234375,0.20634920634920634,2512,0.045,in,6627.109445923378,0.027330361504906264,0.32869044165317074,0.02229343307371482,-0.1119880411021924
6740.0,172.75,2025-11-17 18:38:09,0,2026-01-09,6602.990234375,0.20634920634920634,2601,0.045,out,6742.114310181676,-0.056046956904071646,0.17287183446048432,0.0061666781737544476,-0.0003136466803893149
5490.0,1195.08,2025-11-07 16:50:05,0,2025-12-31,6602.990234375,0.21031746031746032,2512,0.045,in,6627.109445923378,0.027663750910474072,0.302177819997556,0.01920438908579045,-0.18824047260194796
5495.0,1191.07,2025-11-07 16:48:42,0,2025-12-31,6602.990234375,0.21031746031746032,2512,0.045,in,6627.109445923378,0.027663750910474072,0.3033480458841222,0.019353420467900482,-0.1873301402678026
5510.0,1180.93,2025-11-07 16:51:28,0,2025-12-31,6602.990234375,0.21031746031746032,2512,0.045,in,6627.109445923378,0.027663750910474072,0.31086844004725356,0.02032490838064636,-0.18460410495856416
5525.0,1173.94,2025-11-07 17:58:33,0,2025-12-31,6602.990234375,0.21031746031746032,2512,0.045,in,6627.109445923378,0.027663750910474072,0.3240806280289805,0.022089275530055148,-0.18188548071957075
5530.0,1169.24,2025-11-07 17:57:53,0,2025-12-31,6602.990234375,0.21031746031746032,2512,0.045,in,6627.109445923378,0.027663750910474072,0.3234149744566941,0.021998627072419355,-0.18098091258914376
6310.0,448.22,2025-11-07 16:08:23,0,2025-12-31,6602.990234375,0.21031746031746032,2512,0.045,in,6627.109445923378,0.027663750910474072,0.19605326556922198,0.008083947602535165,-0.0490330515702654
5550.0,1244.15,2025-11-06 15:12:15,0,2025-12-31,6602.990234375,0.21428571428571427,2512,0.045,in,6627.109445923378,0.027984792560280105,0.4601231071326952,0.045367130082309796,-0.17737080036504407
5100.0,1593.87,2025-11-21 19:41:18,0,2026-01-16,6602.990234375,0.21825396825396826,2601,0.045,in,6742.114310181676,-0.050535304709304105,0.4114446126963579,0.0369474873509011,-0.2791330318743248
5125.0,1545.47,2025-11-21 17:49:23,0,2026-01-16,6602.990234375,0.21825396825396826,2601,0.045,in,6742.114310181676,-0.050535304709304105,0.335439408129768,0.024557848448232934,-0.27424304658013304
5150.0,1505.47,2025-11-21 17:32:29,0,2026-01-16,6602.990234375,0.21825396825396826,2601,0.045,in,6742.114310181676,-0.050535304709304105,0.23723663621615118,0.012283599944339266,-0.2693768569289602
5175.0,1484.92,2025-11-21 18:02:31,0,2026-01-16,6602.990234375,0.21825396825396826,2601,0.045,in,6742.114310181676,-0.050535304709304105,0.2720105558796723,0.016148554912889915,-0.2645342324531722
5100.0,1768.78,2025-10-31 16:07:45,0,2025-12-26,6602.990234375,0.21825396825396826,2512,0.045,in,6627.109445923378,0.028294159968275015,0.6980252482998514,0.10634189920445954,-0.2619281883931072
5150.0,1667.78,2025-10-24 14:59:31,0,2025-12-19,6602.990234375,0.21825396825396826,2512,0.045,in,6627.109445923378,0.028294159968275015,0.611943033801339,0.08173049688090979,-0.2521720134477424
5375.0,1299.81,2025-11-21 17:32:44,0,2026-01-16,6602.990234375,0.21825396825396826,2601,0.045,in,6742.114310181676,-0.050535304709304105,0.290848662538564,0.018462745823515602,-0.2266149975908785
5425.0,1282.89,2025-11-21 19:29:32,0,2026-01-16,6602.990234375,0.21825396825396826,2601,0.045,in,6742.114310181676,-0.050535304709304105,0.35774440932327806,0.027932374730608577,-0.2173556721780818
5550.0,1144.65,2025-11-07 16:47:15,0,2026-01-02,6602.990234375,0.21825396825396826,2601,0.045,in,6742.114310181676,-0.050535304709304105,0.29962550640456276,0.01959384692400987,-0.19457564384626186
5570.0,1144.27,2025-11-21 17:50:15,0,2026-01-16,6602.990234375,0.21825396825396826,2601,0.045,in,6742.114310181676,-0.050535304709304105,0.33201647877144624,0.024059213570112946,-0.1909785176654123
5575.0,1114.92,2025-11-21 20:13:01,0,2026-01-16,6602.990234375,0.21825396825396826,2601,0.045,in,6742.114310181676,-0.050535304709304105,0.2833314768469147,0.01752071395822998,-0.19008125425842257
5600.0,1102.57,2025-11-07 17:39:52,0,2026-01-02,6602.990234375,0.21825396825396826,2601,0.045,in,6742.114310181676,-0.050535304709304105,0.3031149668925721,0.020052887196371747,-0.18560697386350147
5600.0,1083.08,2025-11-21 20:25:38,0,2026-01-16,6602.990234375,0.21825396825396826,2601,0.045,in,6742.114310181676,-0.050535304709304105,0.2614313211660531,0.014916858979224368,-0.18560697386350147
5550.0,1153.01,2025-10-17 16:12:38,0,2025-12-12,6602.990234375,0.21825396825396826,2512,0.045,in,6627.109445923378,0.028294159968275015,0.3164677837894643,0.021858540475054884,-0.17737080036504407
5675.0,988.5,2025-11-21 20:56:47,0,2026-01-16,6602.990234375,0.21825396825396826,2601,0.045,in,6742.114310181676,-0.050535304709304105,0.17798518407585837,0.0069140076042795455,-0.1723030082371386
5700.0,1037.63,2025-11-07 19:22:53,0,2026-01-02,6602.990234375,0.21825396825396826,2601,0.045,in,6742.114310181676,-0.050535304709304105,0.3347732379245979,0.024460403355867338,-0.16790739676410052
5810.0,911.53,2025-11-21 18:03:51,0,2026-01-16,6602.990234375,0.21825396825396826,2601,0.045,in,6742.114310181676,-0.050535304709304105,0.28181217121441615,0.017333315442270188,-0.14879300074078516
5750.0,964.09,2025-10-17 16:25:25,0,2025-12-12,6602.990234375,0.21825396825396826,2512,0.045,in,6627.109445923378,0.028294159968275015,0.28556797122960575,0.017798407303851634,-0.14196887331412816
5775.0,940.02,2025-10-17 16:11:59,0,2025-12-12,6602.990234375,0.21825396825396826,2512,0.045,in,6627.109445923378,0.028294159968275015,0.28070092862765506,0.017196887393982282,-0.13763047171552995
5890.0,837.02,2025-11-21 19:31:57,0,2026-01-16,6602.990234375,0.21825396825396826,2601,0.045,in,6742.114310181676,-0.050535304709304105,0.2689977611378242,0.015792812509301216,-0.13511757394110968
5825.0,896.06,2025-10-17 16:16:11,0,2025-12-12,6602.990234375,0.21825396825396826,2512,0.045,in,6627.109445923378,0.028294159968275015,0.27722650268151794,0.01677380697776354,-0.12900972867162297
5970.0,759.64,2025-11-21 19:42:29,0,2026-01-16,6602.990234375,0.21825396825396826,2601,0.045,in,6742.114310181676,-0.050535304709304105,0.25158892322538984,0.01381481843624647,-0.12162664420009427
6000.0,702.85,2025-11-21 20:47:13,0,2026-01-16,6602.990234375,0.21825396825396826,2601,0.045,in,6742.114310181676,-0.050535304709304105,0.20545421013791085,0.009212812640819863,-0.11661410237654994
6010.0,706.63,2025-11-21 20:11:07,0,2026-01-16,6602.990234375,0.21825396825396826,2601,0.045,in,6742.114310181676,-0.050535304709304105,0.22339121419413507,0.010891666277191058,-0.11494882305748871
6050.0,708.87,2025-11-07 15:28:35,0,2026-01-02,6602.990234375,0.21825396825396826,2601,0.045,in,6742.114310181676,-0.050535304709304105,0.2660430466887707,0.015447776381069004,-0.10831529956185487
6050.0,676.59,2025-11-21 14:53:14,0,2026-01-16,6602.990234375,0.21825396825396826,2601,0.045,in,6742.114310181676,-0.050535304709304105,0.22653830570746172,0.011200707211922248,-0.10831529956185487
5950.0,775.47,2025-10-17 16:21:36,0,2025-12-12,6602.990234375,0.21825396825396826,2512,0.045,in,6627.109445923378,0.028294159968275015,0.2511605527020973,0.013767814594639941,-0.10777750856584885
6060.0,672.76,2025-11-21 19:52:03,0,2026-01-16,6602.990234375,0.21825396825396826,2601,0.045,in,6742.114310181676,-0.050535304709304105,0.23180278940151858,0.011727338589634376,-0.10666377152338187
6100.0,627.39,2025-11-21 20:19:22,0,2026-01-16,6602.990234375,0.21825396825396826,2601,0.045,in,6742.114310181676,-0.050535304709304105,0.2144301165556051,0.010035377455288775,-0.10008480042533945
6040.0,783.21,2025-11-05 03:37:16,0,2025-12-31,6602.990234375,0.21825396825396826,2512,0.045,in,6627.109445923378,0.028294159968275015,0.33924928896176565,0.025118866679994033,-0.09276471617666365
6150.0,590.63,2025-11-21 19:48:08,0,2026-01-16,6602.990234375,0.21825396825396826,2601,0.045,in,6742.114310181676,-0.050535304709304105,0.2170391391646156,0.010281068794097046,-0.09192148978617842
6175.0,569.26,2025-11-21 19:44:22,0,2026-01-16,6602.990234375,0.21825396825396826,2601,0.045,in,6742.114310181676,-0.050535304709304105,0.2143282272552002,0.01002584283694294,-0.08786468909056404
6225.0,520.06,2025-11-21 18:48:12,0,2026-01-16,6602.990234375,0.21825396825396826,2601,0.045,in,6742.114310181676,-0.050535304709304105,0.20130757737893976,0.008844685472459445,-0.07980012925383366
6175.0,690.58,2025-11-05 21:05:47,0,2025-12-31,6602.990234375,0.21825396825396826,2512,0.045,in,6627.109445923378,0.028294159968275015,0.3379191332453817,0.024922276721158935,-0.07065984560934631
6285.0,481.52,2025-11-21 17:01:45,0,2026-01-16,6602.990234375,0.21825396825396826,2601,0.045,in,6742.114310181676,-0.050535304709304105,0.20661563075746786,0.009317266023935898,-0.07020772956239424
6300.0,438.6,2025-11-21 20:53:23,0,2026-01-16,6602.990234375,0.21825396825396826,2601,0.045,in,6742.114310181676,-0.050535304709304105,0.17331788970370504,0.006556150789777824,-0.06782393820711802
6320.0,439.19,2025-11-21 20:22:09,0,2026-01-16,6602.990234375,0.21825396825396826,2601,0.045,in,6742.114310181676,-0.050535304709304105,0.18887908037032491,0.007786277321764608,-0.06465436344583893
6335.0,409.83,2025-11-21 21:00:57,0,2026-01-16,6602.990234375,0.21825396825396826,2601,0.045,in,6742.114310181676,-0.050535304709304105,0.16992734187119835,0.0063021491402682995,-0.06228375783150265
6260.0,504.85,2025-10-17 16:29:48,0,2025-12-12,6602.990234375,0.21825396825396826,2512,0.045,in,6627.109445923378,0.028294159968275015,0.2122876960835781,0.009835847718119243,-0.056988543011380115
6400.0,369.53,2025-11-21 20:39:38,0,2026-01-16,6602.990234375,0.21825396825396826,2601,0.045,in,6742.114310181676,-0.050535304709304105,0.17477560586108734,0.006666897548516103,-0.0520755812389788
6405.0,381.72,2025-11-21 19:25:57,0,2026-01-16,6602.990234375,0.21825396825396826,2601,0.045,in,6742.114310181676,-0.050535304709304105,0.18920247723086206,0.00781296331931039,-0.05129463625590745
6420.0,339.0,2025-11-21 15:42:15,0,2026-01-16,6602.990234375,0.21825396825396826,2601,0.045,in,6742.114310181676,-0.050535304709304105,0.15868471128188288,0.0054958177289833295,-0.048955453902735126
6425.0,312.24,2025-11-21 15:18:50,0,2026-01-16,6602.990234375,0.21825396825396826,2601,0.045,in,6742.114310181676,-0.050535304709304105,0.1362618582860647,0.004052385600382687,-0.04817694082332149
6430.0,337.75,2025-11-21 21:01:21,0,2026-01-16,6602.990234375,0.21825396825396826,2601,0.045,in,6742.114310181676,-0.050535304709304105,0.16377493324270093,0.005854057863991321,-0.04739903335507702
6440.0,329.0,2025-11-21 15:48:41,0,2026-01-16,6602.990234375,0.21825396825396826,2601,0.045,in,6742.114310181676,-0.050535304709304105,0.1617881486597597,0.005712886022108682,-0.04584503148834277
6455.0,286.7,2025-11-21 15:59:45,0,2026-01-16,6602.990234375,0.21825396825396826,2601,0.045,in,6742.114310181676,-0.050535304709304105,0.13168302156120631,0.003784615076237706,-0.04351854730599911
6465.0,318.92,2025-11-21 17:07:12,0,2026-01-16,6602.990234375,0.21825396825396826,2601,0.045,in,6742.114310181676,-0.050535304709304105,0.167268475627862,0.0061064716731657805,-0.041970559380784235
6470.0,320.0,2025-11-21 20:20:19,0,2026-01-16,6602.990234375,0.21825396825396826,2601,0.045,in,6742.114310181676,-0.050535304709304105,0.1710305600132911,0.006384245576251183,-0.04119746309179577
6475.0,278.0,2025-11-21 16:13:21,0,2026-01-16,6602.990234375,0.21825396825396826,2601,0.045,in,6742.114310181676,-0.050535304709304105,0.1361042239230711,0.0040430150291015125,-0.04042496401900357
6480.0,306.16,2025-11-21 20:35:21,0,2026-01-16,6602.990234375,0.21825396825396826,2601,0.045,in,6742.114310181676,-0.050535304709304105,0.16431377671144218,0.005892642646606239,-0.03965306124042162
6490.0,303.55,2025-11-21 20:23:15,0,2026-01-16,6602.990234375,0.21825396825396826,2601,0.045,in,6742.114310181676,-0.050535304709304105,0.1674686276934962,0.00612109432295578,-0.038111040888606305
6495.0,282.6,2025-11-21 18:14:04,0,2026-01-16,6602.990234375,0.21825396825396826,2601,0.045,in,6742.114310181676,-0.050535304709304105,0.15178278905894294,0.0050281382063418105,-0.03734092148204212
6500.0,291.61,2025-11-21 20:35:21,0,2026-01-16,6602.990234375,0.21825396825396826,2601,0.045,in,6742.114310181676,-0.050535304709304105,0.1623938623725103,0.005755742696406349,-0.036571394703013606
6525.0,245.9,2025-11-21 15:22:56,0,2026-01-16,6602.990234375,0.21825396825396826,2601,0.045,in,6742.114310181676,-0.050535304709304105,0.13592597443547028,0.004032432059296692,-0.032732618395847825
6530.0,284.38,2025-11-21 19:49:30,0,2026-01-16,6602.990234375,0.21825396825396826,2601,0.045,in,6742.114310181676,-0.050535304709304105,0.17156530972005551,0.0064242303669191335,-0.03196662831626529
6535.0,228.7,2025-11-21 16:05:07,0,2026-01-16,6602.990234375,0.21825396825396826,2601,0.045,in,6742.114310181676,-0.050535304709304105,0.1263115566108184,0.003482156798966821,-0.031201224528419762
6545.0,220.9,2025-11-21 16:04:48,0,2026-01-16,6602.990234375,0.21825396825396826,2601,0.045,in,6742.114310181676,-0.050535304709304105,0.12485848193989922,0.0034025009054701894,-0.029672172242741764
6550.0,263.05,2025-11-21 20:06:54,0,2026-01-16,6602.990234375,0.21825396825396826,2601,0.045,in,6742.114310181676,-0.050535304709304105,0.16327581306730712,0.005818430604378818,-0.0289085219574444
6555.0,263.23,2025-11-21 18:59:44,0,2026-01-16,6602.990234375,0.21825396825396826,2601,0.045,in,6742.114310181676,-0.050535304709304105,0.16582417732497065,0.006001472929375722,-0.028145454388941834
6565.0,250.6,2025-11-21 17:05:22,0,2026-01-16,6602.990234375,0.21825396825396826,2601,0.045,in,6742.114310181676,-0.050535304709304105,0.1599645962932856,0.005584829221031989,-0.026621063849845472
6570.0,232.1,2025-11-21 17:55:00,0,2026-01-16,6602.990234375,0.21825396825396826,2601,0.045,in,6742.114310181676,-0.050535304709304105,0.14682687010770068,0.004705147373846422,-0.025859739108085887
6575.0,213.62,2025-11-21 16:22:09,0,2026-01-16,6602.990234375,0.21825396825396826,2601,0.045,in,6742.114310181676,-0.050535304709304105,0.1337072465150221,0.0039018632039070993,-0.02509899354077672
6580.0,236.68,2025-11-21 17:21:13,0,2026-01-16,6602.990234375,0.21825396825396826,2601,0.045,in,6742.114310181676,-0.050535304709304105,0.15532785763256737,0.005265757478649887,-0.024338826267379182
6585.0,218.9,2025-11-21 16:40:48,0,2026-01-16,6602.990234375,0.21825396825396826,2601,0.045,in,6742.114310181676,-0.050535304709304105,0.14283283615051248,0.004452647022039496,-0.023579236409360587
6590.0,215.57,2025-11-21 16:40:29,0,2026-01-16,6602.990234375,0.21825396825396826,2601,0.045,in,6742.114310181676,-0.050535304709304105,0.14236663962247914,0.0044236281914953445,-0.02282022309018915
6595.0,218.7,2025-11-21 16:52:34,0,2026-01-16,6602.990234375,0.21825396825396826,2601,0.045,in,6742.114310181676,-0.050535304709304105,0.14723644706337827,0.004731434221871367,-0.02206178543532701
6600.0,223.49,2025-11-21 18:39:09,0,2026-01-16,6602.990234375,0.21825396825396826,2601,0.045,in,6742.114310181676,-0.050535304709304105,0.15343441806915176,0.005138161252587533,-0.02130392257222512
6610.0,205.0,2025-11-21 20:57:45,0,2026-01-16,6602.990234375,0.21825396825396826,2601,0.045,out,6742.114310181676,-0.050535304709304105,0.1426035821988891,0.004438365043958503,-0.01978991774101005
6615.0,192.0,2025-11-21 15:09:45,0,2026-01-16,6602.990234375,0.21825396825396826,2601,0.045,out,6742.114310181676,-0.050535304709304105,0.1340967136414122,0.003924627275866984,-0.019033774037686007
6620.0,208.87,2025-11-21 17:31:31,0,2026-01-16,6602.990234375,0.21825396825396826,2601,0.045,out,6742.114310181676,-0.050535304709304105,0.15012345816871842,0.004918801182894532,-0.01827820165568811
6625.0,219.25,2025-11-21 18:55:39,0,2026-01-16,6602.990234375,0.21825396825396826,2601,0.045,out,6742.114310181676,-0.050535304709304105,0.1607543298577428,0.0056401091319073764,-0.017523199732319094
6630.0,193.88,2025-11-21 20:56:17,0,2026-01-16,6602.990234375,0.21825396825396826,2601,0.045,out,6742.114310181676,-0.050535304709304105,0.1420946627563991,0.004406742559968308,-0.016768767406833793
6640.0,209.88,2025-11-21 18:34:20,0,2026-01-16,6602.990234375,0.21825396825396826,2601,0.045,out,6742.114310181676,-0.050535304709304105,0.15933193537760518,0.0055407405147402155,-0.015261608116262546
6650.0,200.18,2025-11-21 19:59:43,0,2026-01-16,6602.990234375,0.21825396825396826,2601,0.045,out,6742.114310181676,-0.050535304709304105,0.15549320515449133,0.005276974312329048,-0.013756716936842243
6660.0,204.32,2025-11-21 18:51:47,0,2026-01-16,6602.990234375,0.21825396825396826,2601,0.045,out,6742.114310181676,-0.050535304709304105,0.16286182343211406,0.005788962477142143,-0.01225408705230723
6675.0,182.69,2025-11-21 20:06:51,0,2026-01-16,6602.990234375,0.21825396825396826,2601,0.045,out,6742.114310181676,-0.050535304709304105,0.1511405770331581,0.004985678854862619,-0.010004367318291803
6680.0,166.2,2025-11-21 21:09:46,0,2026-01-16,6602.990234375,0.21825396825396826,2601,0.045,out,6742.114310181676,-0.050535304709304105,0.13966387690368978,0.004257261579949586,-0.009255584056050608
6690.0,146.9,2025-11-21 15:13:47,0,2026-01-16,6602.990234375,0.21825396825396826,2601,0.045,out,6742.114310181676,-0.050535304709304105,0.12777292736471815,0.0035631970365247014,-0.007759697464467867
6700.0,160.13,2025-11-21 20:09:21,0,2026-01-16,6602.990234375,0.21825396825396826,2601,0.045,out,6742.114310181676,-0.050535304709304105,0.1422494232731424,0.004416346877717419,-0.0062660452076845575
6705.0,154.1,2025-11-21 18:04:32,0,2026-01-16,6602.990234375,0.21825396825396826,2601,0.045,out,6742.114310181676,-0.050535304709304105,0.13918014001159315,0.004227821926787965,-0.005520054870963135
6710.0,151.1,2025-11-21 18:02:27,0,2026-01-16,6602.990234375,0.21825396825396826,2601,0.045,out,6742.114310181676,-0.050535304709304105,0.13855583396740737,0.004189978380762725,-0.004774620621014604
6715.0,148.35,2025-11-21 21:01:21,0,2026-01-16,6602.990234375,0.21825396825396826,2601,0.045,out,6742.114310181676,-0.050535304709304105,0.1381159413182173,0.004163415589452177,-0.004029741629404068
6720.0,159.99,2025-11-21 19:37:26,0,2026-01-16,6602.990234375,0.21825396825396826,2601,0.045,out,6742.114310181676,-0.050535304709304105,0.1493894151411156,0.004870816883298618,-0.003285417069546837
6730.0,149.49,2025-11-21 20:14:51,0,2026-01-16,6602.990234375,0.21825396825396826,2601,0.045,out,6742.114310181676,-0.050535304709304105,0.14435489731301446,0.004548049606364295,-0.0017984279479685602
6740.0,148.5,2025-11-21 18:48:26,0,2026-01-16,6602.990234375,0.21825396825396826,2601,0.045,out,6742.114310181676,-0.050535304709304105,0.14701404659760856,0.004717151366409564,-0.0003136466803893149
6760.0,134.05,2025-11-21 17:11:11,0,2026-01-16,6602.990234375,0.21825396825396826,2601,0.045,out,6742.114310181676,-0.050535304709304105,0.14189558146231926,0.004394403103647351,0.0026493184502676633
6770.0,117.21,2025-11-21 21:09:19,0,2026-01-16,6602.990234375,0.21825396825396826,2601,0.045,out,6742.114310181676,-0.050535304709304105,0.13121463447167123,0.00375773974791423,0.0041275153195786925
6780.0,111.0,2025-11-21 18:16:53,0,2026-01-16,6602.990234375,0.21825396825396826,2601,0.045,out,6742.114310181676,-0.050535304709304105,0.1292156800829817,0.00364411928119806,0.005603530347699174
6790.0,123.05,2025-11-21 18:59:03,0,2026-01-16,6602.990234375,0.21825396825396826,2601,0.045,out,6742.114310181676,-0.050535304709304105,0.14244686969274795,0.004428615427339084,0.007077369965999857
6795.0,98.51,2025-11-21 14:48:47,0,2026-01-16,6602.990234375,0.21825396825396826,2601,0.045,out,6742.114310181676,-0.050535304709304105,0.12332547515298335,0.0033194623221984177,0.007813475998501976
6800.0,101.8,2025-11-21 20:28:03,0,2026-01-16,6602.990234375,0.21825396825396826,2601,0.045,out,6742.114310181676,-0.050535304709304105,0.12763714827184422,0.003555628131124131,0.00854904057745602
6805.0,117.78,2025-11-21 19:48:47,0,2026-01-16,6602.990234375,0.21825396825396826,2601,0.045,out,6742.114310181676,-0.050535304709304105,0.14268419624434464,0.004443384492794468,0.00928406449882446
6810.0,109.14,2025-11-21 20:06:06,0,2026-01-16,6602.990234375,0.21825396825396826,2601,0.045,out,6742.114310181676,-0.050535304709304105,0.13689640987232604,0.004090216218159737,0.010018548556816128
6815.0,94.64,2025-11-21 20:57:51,0,2026-01-16,6602.990234375,0.21825396825396826,2601,0.045,out,6742.114310181676,-0.050535304709304105,0.12599097749524854,0.003464503780005763,0.01075249354389091
6820.0,111.21,2025-11-21 18:49:10,0,2026-01-16,6602.990234375,0.21825396825396826,2601,0.045,out,6742.114310181676,-0.050535304709304105,0.14166142127322107,0.00437991152874284,0.011485900250765768
6825.0,94.65,2025-11-21 19:48:04,0,2026-01-16,6602.990234375,0.21825396825396826,2601,0.045,out,6742.114310181676,-0.050535304709304105,0.1289209454915804,0.0036275141279935212,0.012218769466418528
6830.0,89.44,2025-11-21 15:51:31,0,2026-01-16,6602.990234375,0.21825396825396826,2601,0.045,out,6742.114310181676,-0.050535304709304105,0.1258331849348046,0.0034558312448254784,0.012951101978093637
6835.0,93.75,2025-11-21 20:48:52,0,2026-01-16,6602.990234375,0.21825396825396826,2601,0.045,out,6742.114310181676,-0.050535304709304105,0.1310229089339643,0.0037467664547757317,0.013682898571307887
6840.0,100.55,2025-11-21 19:48:31,0,2026-01-16,6602.990234375,0.21825396825396826,2601,0.045,out,6742.114310181676,-0.050535304709304105,0.13836932331742685,0.004178705674375965,0.014414160029854161
6850.0,83.6,2025-11-21 21:14:50,0,2026-01-16,6602.990234375,0.21825396825396826,2601,0.045,out,6742.114310181676,-0.050535304709304105,0.1263110481995096,0.0034821287672588738,0.015875080669528894
6855.0,89.7,2025-11-21 20:18:32,0,2026-01-16,6602.990234375,0.21825396825396826,2601,0.045,out,6742.114310181676,-0.050535304709304105,0.13311051636560645,0.0038671131991726625,0.01660474140967275
6860.0,92.05,2025-11-21 19:48:31,0,2026-01-16,6602.990234375,0.21825396825396826,2601,0.045,out,6742.114310181676,-0.050535304709304105,0.13657916531261063,0.004071280801039358,0.017333870133188954
6870.0,82.6,2025-11-21 20:15:42,0,2026-01-16,6602.990234375,0.21825396825396826,2601,0.045,out,6742.114310181676,-0.050535304709304105,0.13087720513323745,0.0037384379178246555,0.018790534629652977
6875.0,64.57,2025-11-21 14:43:03,0,2026-01-16,6602.990234375,0.21825396825396826,2601,0.045,out,6742.114310181676,-0.050535304709304105,0.11562275169013403,0.002917754519690125,0.01951807194803006
6880.0,62.51,2025-11-21 15:58:28,0,2026-01-16,6602.990234375,0.21825396825396826,2601,0.045,out,6742.114310181676,-0.050535304709304105,0.11495883526421528,0.002884342695602279,0.020245080340647422
6885.0,77.25,2025-11-21 20:21:03,0,2026-01-16,6602.990234375,0.21825396825396826,2601,0.045,out,6742.114310181676,-0.050535304709304105,0.13000092276226718,0.0036885444267748123,0.020971560576013144
6890.0,77.0,2025-11-21 19:56:15,0,2026-01-16,6602.990234375,0.21825396825396826,2601,0.045,out,6742.114310181676,-0.050535304709304105,0.13108078664711878,0.00375007735929171,0.02169751342096224
6900.0,64.5,2025-11-21 20:59:46,0,2026-01-16,6602.990234375,0.21825396825396826,2601,0.045,out,6742.114310181676,-0.050535304709304105,0.12190892666490645,0.0032436438572715264,0.02314783999860864
6905.0,68.3,2025-11-21 17:59:43,0,2026-01-16,6602.990234375,0.21825396825396826,2601,0.045,out,6742.114310181676,-0.050535304709304105,0.12679005423218537,0.0035085892137739203,0.023872215256650446
6910.0,74.6,2025-11-21 19:35:23,0,2026-01-16,6602.990234375,0.21825396825396826,2601,0.045,out,6742.114310181676,-0.050535304709304105,0.13400828828588937,0.0039194530679058405,0.024596066174973598
6915.0,63.0,2025-11-21 20:51:05,0,2026-01-16,6602.990234375,0.21825396825396826,2601,0.045,out,6742.114310181676,-0.050535304709304105,0.12419164053105274,0.0033662539554709606,0.02531939351211666
6920.0,71.1,2025-11-21 16:56:55,0,2026-01-16,6602.990234375,0.21825396825396826,2601,0.045,out,6742.114310181676,-0.050535304709304105,0.13322447846471164,0.003873737664367829,0.026042198024973172
6925.0,56.38,2025-11-21 20:02:54,0,2026-01-16,6602.990234375,0.21825396825396826,2601,0.045,out,6742.114310181676,-0.050535304709304105,0.1200951201458774,0.0031478416014162694,0.026764480468797234
6930.0,56.2,2025-11-21 20:31:05,0,2026-01-16,6602.990234375,0.21825396825396826,2601,0.045,out,6742.114310181676,-0.050535304709304105,0.121107952356458,0.003201160661978475,0.027486241597206963
6935.0,56.2,2025-11-21 20:12:37,0,2026-01-16,6602.990234375,0.21825396825396826,2601,0.045,out,6742.114310181676,-0.050535304709304105,0.12229569899185967,0.0032642582918845837,0.028207482162189858
6940.0,54.3,2025-11-21 20:52:51,0,2026-01-16,6602.990234375,0.21825396825396826,2601,0.045,out,6742.114310181676,-0.050535304709304105,0.12154643927105813,0.0032243830534564133,0.02892820291410814
6945.0,44.8,2025-11-21 16:08:14,0,2026-01-16,6602.990234375,0.21825396825396826,2601,0.045,out,6742.114310181676,-0.050535304709304105,0.11276599671383664,0.002775354566736412,0.029648404601702157
6950.0,50.76,2025-11-21 20:53:29,0,2026-01-16,6602.990234375,0.21825396825396826,2601,0.045,out,6742.114310181676,-0.050535304709304105,0.12021289611546637,0.00315401873645133,0.030368087972095892
6960.0,47.5,2025-11-21 21:02:10,0,2026-01-16,6602.990234375,0.21825396825396826,2601,0.045,out,6742.114310181676,-0.050535304709304105,0.11904045048188265,0.0030927959793695457,0.03180590274172332
6965.0,55.8,2025-11-21 19:16:09,0,2026-01-16,6602.990234375,0.21825396825396826,2601,0.045,out,6742.114310181676,-0.050535304709304105,0.12890350336329762,0.0036265326383462,0.03252403562716412
6970.0,49.85,2025-11-21 20:14:42,0,2026-01-16,6602.990234375,0.21825396825396826,2601,0.045,out,6742.114310181676,-0.050535304709304105,0.12380282211310036,0.0033452088570406287,0.03324165316782746
6975.0,44.01,2025-11-21 20:52:31,0,2026-01-16,6602.990234375,0.21825396825396826,2601,0.045,out,6742.114310181676,-0.050535304709304105,0.11857968275785077,0.0030688998569936084,0.03395875610282433
6985.0,46.11,2025-11-21 17:12:28,0,2026-01-16,6602.990234375,0.21825396825396826,2601,0.045,out,6742.114310181676,-0.050535304709304105,0.12309073270294689,0.0033068375645006255,0.03539142110432027
7000.0,36.0,2025-11-21 21:10:44,0,2026-01-16,6602.990234375,0.21825396825396826,2601,0.045,out,6742.114310181676,-0.050535304709304105,0.11472451311686623,0.002872596289859566,0.0375365774507084
7005.0,42.35,2025-11-21 18:57:08,0,2026-01-16,6602.990234375,0.21825396825396826,2601,0.045,out,6742.114310181676,-0.050535304709304105,0.12320005991591038,0.003312714333256408,0.03825060818436527
7010.0,39.96,2025-11-21 20:18:05,0,2026-01-16,6602.990234375,0.21825396825396826,2601,0.045,out,6742.114310181676,-0.050535304709304105,0.12149492730392901,0.0032216506144138284,0.03896412944189373
7020.0,35.22,2025-11-21 20:42:17,0,2026-01-16,6602.990234375,0.21825396825396826,2601,0.045,out,6742.114310181676,-0.050535304709304105,0.11789867070329982,0.003033751231937627,0.04038964643311488
7025.0,34.27,2025-11-21 20:42:17,0,2026-01-16,6602.990234375,0.21825396825396826,2601,0.045,out,6742.114310181676,-0.050535304709304105,0.11774369567401284,0.003025780884538096,0.041101643615204436
7030.0,33.3,2025-11-21 20:27:23,0,2026-01-16,6602.990234375,0.21825396825396826,2601,0.045,out,6742.114310181676,-0.050535304709304105,0.11753966320913814,0.0030153035059621793,0.041813134217968576
7035.0,30.8,2025-11-21 20:51:20,0,2026-01-16,6602.990234375,0.21825396825396826,2601,0.045,out,6742.114310181676,-0.050535304709304105,0.11534253941719894,0.0029036292736366862,0.04252411896174748
7045.0,30.0,2025-11-21 20:51:50,0,2026-01-16,6602.990234375,0.21825396825396826,2601,0.045,out,6742.114310181676,-0.050535304709304105,0.11625846684774098,0.002949927425628178,0.043944573746038544
7050.0,29.82,2025-11-21 19:41:28,0,2026-01-16,6602.990234375,0.21825396825396826,2601,0.045,out,6742.114310181676,-0.050535304709304105,0.1169939436346885,0.0029873692722056223,0.04465404521957235
7055.0,28.2,2025-11-21 19:48:35,0,2026-01-16,6602.990234375,0.21825396825396826,2601,0.045,out,6742.114310181676,-0.050535304709304105,0.11578171701297003,0.002925783054348933,0.045363013700172455
7060.0,27.8,2025-11-21 20:27:23,0,2026-01-16,6602.990234375,0.21825396825396826,2601,0.045,out,6742.114310181676,-0.050535304709304105,0.11619158451272281,0.0029465342743521684,0.046071479900545685
7065.0,28.39,2025-11-21 17:07:12,0,2026-01-16,6602.990234375,0.21825396825396826,2601,0.045,out,6742.114310181676,-0.050535304709304105,0.11795513934525405,0.0030366580134432797,0.0467794445318858
7075.0,21.85,2025-11-21 06:29:02,0,2026-01-16,6602.990234375,0.21825396825396826,2601,0.045,out,6742.114310181676,-0.050535304709304105,0.11038967086802653,0.0026596165432115773,0.04819387192469627
7080.0,24.1,2025-11-21 20:52:57,0,2026-01-16,6602.990234375,0.21825396825396826,2601,0.045,out,6742.114310181676,-0.050535304709304105,0.11467789095099584,0.002870262011957409,0.0489003361010234
7090.0,29.76,2025-11-21 19:30:04,0,2026-01-16,6602.990234375,0.21825396825396826,2601,0.045,out,6742.114310181676,-0.050535304709304105,0.12459113703652809,0.0033879457481865902,0.05031176893943126
7100.0,21.4,2025-11-21 20:34:48,0,2026-01-16,6602.990234375,0.21825396825396826,2601,0.045,out,6742.114310181676,-0.050535304709304105,0.11419147881642831,0.002845964924149023,0.051721212442664775
7110.0,19.9,2025-11-21 20:53:48,0,2026-01-16,6602.990234375,0.21825396825396826,2601,0.045,out,6742.114310181676,-0.050535304709304105,0.11355421027361788,0.0028142885987999062,0.05312867221054446
7120.0,18.27,2025-11-21 18:19:10,0,2026-01-16,6602.990234375,0.21825396825396826,2601,0.045,out,6742.114310181676,-0.050535304709304105,0.1125645512454205,0.002765447622379204,0.054534153819279466
7125.0,24.6,2025-11-21 19:28:50,0,2026-01-16,6602.990234375,0.21825396825396826,2601,0.045,out,6742.114310181676,-0.050535304709304105,0.12361788552255261,0.003335222179201114,0.05523615455010935
7130.0,19.2,2025-11-21 18:00:37,0,2026-01-16,6602.990234375,0.21825396825396826,2601,0.045,out,6742.114310181676,-0.050535304709304105,0.11586829753898199,0.0029301604388968783,0.055937662821599544
7140.0,22.5,2025-11-21 19:28:53,0,2026-01-16,6602.990234375,0.21825396825396826,2601,0.045,out,6742.114310181676,-0.050535304709304105,0.12302253234186618,0.0033031741686877104,0.05733920474688812
7150.0,15.7,2025-11-21 20:52:10,0,2026-01-16,6602.990234375,0.21825396825396826,2601,0.045,out,6742.114310181676,-0.050535304709304105,0.1130200110710823,0.0027878720620552223,0.058738785101311294
7160.0,14.8,2025-11-21 20:38:32,0,2026-01-16,6602.990234375,0.21825396825396826,2601,0.045,out,6742.114310181676,-0.050535304709304105,0.11294048596788209,0.0027839501404221248,0.060136409367949166
5650.0,1039.1,2025-11-20 16:58:19,0,2026-01-16,6602.990234375,0.2222222222222222,2601,0.045,in,6742.114310181676,-0.048829317125209395,0.25930566554846574,0.014942095152340615,-0.17671802644625537
5750.0,1064.32,2025-11-20 15:48:47,0,2026-01-16,6602.990234375,0.2222222222222222,2601,0.045,in,6742.114310181676,-0.048829317125209395,0.41433630373551245,0.038149905020712624,-0.15917371679534595
5850.0,930.17,2025-11-06 17:37:01,0,2026-01-02,6602.990234375,0.2222222222222222,2601,0.045,in,6742.114310181676,-0.048829317125209395,0.3444943026522362,0.026372516568855666,-0.14193191036083982
5925.0,745.92,2025-11-20 19:11:08,0,2026-01-16,6602.990234375,0.2222222222222222,2601,0.045,in,6742.114310181676,-0.048829317125209395,0.15136574243206835,0.005091463996002501,-0.12919288458341013
6125.0,581.24,2025-11-20 18:00:18,0,2026-01-16,6602.990234375,0.2222222222222222,2601,0.045,in,6742.114310181676,-0.048829317125209395,0.17703529578739607,0.0069647768787846264,-0.09599481517381434
6025.0,814.64,2025-11-04 20:15:22,0,2025-12-31,6602.990234375,0.2222222222222222,2512,0.045,in,6627.109445923378,0.0285924785402701,0.35697028541298015,0.02831728548173878,-0.09525124874666854
6160.0,563.81,2025-11-20 18:08:09,0,2026-01-16,6602.990234375,0.2222222222222222,2601,0.045,in,6742.114310181676,-0.048829317125209395,0.19137212002265683,0.008138508515992482,-0.09029679405917661
6190.0,599.8,2025-11-20 16:31:26,0,2026-01-16,6602.990234375,0.2222222222222222,2601,0.045,in,6742.114310181676,-0.048829317125209395,0.25561251417156855,0.014519501644691185,-0.08543848490810024
6260.0,483.99,2025-11-20 17:28:53,0,2026-01-16,6602.990234375,0.2222222222222222,2601,0.045,in,6742.114310181676,-0.048829317125209395,0.18773508195018238,0.007832102443298154,-0.07419338649259781
6360.0,384.2,2025-11-20 17:46:52,0,2026-01-16,6602.990234375,0.2222222222222222,2601,0.045,in,6742.114310181676,-0.048829317125209395,0.15981250608512848,0.0056755638002687165,-0.058345194252574145
6370.0,363.77,2025-11-20 19:41:25,0,2026-01-16,6602.990234375,0.2222222222222222,2601,0.045,in,6742.114310181676,-0.048829317125209395,0.1463773270930715,0.004761404863758231,-0.05677410202053304
6450.0,290.27,2025-11-20 20:49:24,0,2026-01-16,6602.990234375,0.2222222222222222,2601,0.045,in,6742.114310181676,-0.048829317125209395,0.12988138631179633,0.0037487054467275718,-0.04429344079692388
6460.0,326.56,2025-11-20 17:28:53,0,2026-01-16,6602.990234375,0.2222222222222222,2601,0.045,in,6742.114310181676,-0.048829317125209395,0.1690825669979409,0.006353092102802926,-0.0427442538100945
6510.0,272.07,2025-11-20 20:21:03,0,2026-01-16,6602.990234375,0.2222222222222222,2601,0.045,in,6742.114310181676,-0.048829317125209395,0.14872956405123267,0.004915662938415493,-0.035034115384127144
6540.0,254.7,2025-11-20 20:59:29,0,2026-01-16,6602.990234375,0.2222222222222222,2601,0.045,in,6742.114310181676,-0.048829317125209395,0.14933994322556338,0.00495609303169211,-0.030436406135497633
6560.0,213.86,2025-11-20 20:59:16,0,2026-01-16,6602.990234375,0.2222222222222222,2601,0.045,in,6742.114310181676,-0.048829317125209395,0.1248175016511485,0.003462090826318768,-0.027382968648607262
6605.0,303.9,2025-11-20 15:28:09,0,2026-01-16,6602.990234375,0.2222222222222222,2601,0.045,out,6742.114310181676,-0.048829317125209395,0.21927331956931284,0.010684619705543554,-0.02054663363031639
6645.0,249.9,2025-11-20 11:15:04,0,2026-01-16,6602.990234375,0.2222222222222222,2601,0.045,out,6742.114310181676,-0.048829317125209395,0.1917948215649053,0.008174500795358634,-0.014508879439396313
6670.0,200.9,2025-11-20 16:54:17,0,2026-01-16,6602.990234375,0.2222222222222222,2601,0.045,out,6742.114310181676,-0.048829317125209395,0.16207392832567127,0.005837324053981073,-0.010753711677072631
6685.0,201.4,2025-11-20 16:37:55,0,2026-01-16,6602.990234375,0.2222222222222222,2601,0.045,out,6742.114310181676,-0.048829317125209395,0.16819807829029873,0.006286798564566547,-0.008507361050698513
6695.0,161.1,2025-11-20 16:54:24,0,2026-01-16,6602.990234375,0.2222222222222222,2601,0.045,out,6742.114310181676,-0.048829317125209395,0.1394768284286963,0.004323063481895107,-0.007012592461469168
6725.0,161.0,2025-11-20 17:07:11,0,2026-01-16,6602.990234375,0.2222222222222222,2601,0.045,out,6742.114310181676,-0.048829317125209395,0.1502046321609785,0.005013651449469969,-0.0025416461167021456
6735.0,147.93,2025-11-20 17:19:50,0,2026-01-16,6602.990234375,0.2222222222222222,2601,0.045,out,6742.114310181676,-0.048829317125209395,0.1431082499854401,0.004551104714198937,-0.001055761742277626
6745.0,204.1,2025-11-20 15:26:13,0,2026-01-16,6602.990234375,0.2222222222222222,2601,0.045,out,6742.114310181676,-0.048829317125209395,0.19199883172076526,0.008191900307141942,0.00042791805511417565
6750.0,146.1,2025-11-20 17:36:34,0,2026-01-16,6602.990234375,0.2222222222222222,2601,0.045,out,6742.114310181676,-0.048829317125209395,0.14672393165815176,0.004783980471383552,0.0011689332798334906
6755.0,126.4,2025-11-20 17:48:56,0,2026-01-16,6602.990234375,0.2222222222222222,2601,0.045,out,6742.114310181676,-0.048829317125209395,0.1323291502925041,0.0038913342260302533,0.001909399807557278
6765.0,130.1,2025-11-20 17:33:06,0,2026-01-16,6602.990234375,0.2222222222222222,2601,0.045,out,6742.114310181676,-0.048829317125209395,0.1386295893920574,0.00427070290111343,0.0033886900181463657
6775.0,133.39,2025-11-20 16:57:36,0,2026-01-16,6602.990234375,0.2222222222222222,2601,0.045,out,6742.114310181676,-0.048829317125209395,0.14456189787352372,0.004644031625954467,0.004865795161159727
6785.0,161.0,2025-11-20 16:13:32,0,2026-01-16,6602.990234375,0.2222222222222222,2601,0.045,out,6742.114310181676,-0.048829317125209395,0.17040573245274582,0.006452914145057064,0.0063407216822275
6790.0,176.88,2025-11-13 16:43:09,0,2026-01-09,6602.990234375,0.2222222222222222,2601,0.045,out,6742.114310181676,-0.048829317125209395,0.18499517680957825,0.007605158987290471,0.007077369965999857
6845.0,80.22,2025-11-20 18:50:16,0,2026-01-16,6602.990234375,0.2222222222222222,2601,0.045,out,6742.114310181676,-0.048829317125209395,0.1204904189514408,0.0032262091242430497,0.01514488713580734
6895.0,63.02,2025-11-20 16:57:21,0,2026-01-16,6602.990234375,0.2222222222222222,2601,0.045,out,6742.114310181676,-0.048829317125209395,0.11786143736013623,0.0030869596481327365,0.022422939640660233
6990.0,39.81,2025-11-20 20:18:44,0,2026-01-16,6602.990234375,0.2222222222222222,2601,0.045,out,6742.114310181676,-0.048829317125209395,0.11577477184454292,0.002978621732367993,0.036106984641113865
7015.0,32.0,2025-11-20 17:08:06,0,2026-01-16,6602.990234375,0.2222222222222222,2601,0.045,out,6742.114310181676,-0.048829317125209395,0.11162610968536826,0.0027689751918866367,0.03967714194981933
7070.0,25.6,2025-11-20 20:19:14,0,2026-01-16,6602.990234375,0.2222222222222222,2601,0.045,out,6742.114310181676,-0.048829317125209395,0.11373411902450448,0.0028745444067289224,0.04748690830387649
5550.0,1144.78,2025-11-19 19:55:15,0,2026-01-16,6602.990234375,0.2261904761904762,2601,0.045,in,6742.114310181676,-0.04718318875459168,0.2909143602909165,0.01914276351721417,-0.19457564384626186
5660.0,1229.2,2025-11-03 20:37:38,0,2025-12-31,6602.990234375,0.2261904761904762,2512,0.045,in,6627.109445923378,0.028880329793949576,0.5217697868344248,0.06157893450728072,-0.1577448359082957
5800.0,1091.26,2025-11-11 18:11:23,0,2026-01-08,6602.990234375,0.2261904761904762,2601,0.045,in,6742.114310181676,-0.04718318875459168,0.47800592947227416,0.05168218694764764,-0.15051565405223127
5975.0,740.63,2025-11-19 17:15:04,0,2026-01-16,6602.990234375,0.2261904761904762,2601,0.045,in,6742.114310181676,-0.04718318875459168,0.22425070443397682,0.011374752265994784,-0.12078947378703056
5875.0,1024.25,2025-11-03 20:47:59,0,2025-12-31,6602.990234375,0.2261904761904762,2512,0.045,in,6627.109445923378,0.028880329793949576,0.461524731958888,0.048179720071246955,-0.1204626680931646
5885.0,1023.18,2025-11-03 18:47:33,0,2025-12-31,6602.990234375,0.2261904761904762,2512,0.045,in,6627.109445923378,0.028880329793949576,0.4672003879436663,0.049371998183327784,-0.11876198741114717
5930.0,821.68,2025-10-22 17:06:42,0,2025-12-19,6602.990234375,0.2261904761904762,2512,0.045,in,6627.109445923378,0.028880329793949576,0.2837053042257685,0.01820577730084383,-0.11114451511375312
6250.0,520.4,2025-11-19 20:55:55,0,2026-01-16,6602.990234375,0.2261904761904762,2601,0.045,in,6742.114310181676,-0.04718318875459168,0.2154180264461265,0.010496352336201633,-0.07579210785629485
6330.0,407.47,2025-11-19 19:00:15,0,2026-01-16,6602.990234375,0.2261904761904762,2601,0.045,in,6742.114310181676,-0.04718318875459168,0.15907777691125005,0.00572391717897004,-0.06307333544852015
6355.0,451.5,2025-11-19 15:29:15,0,2026-01-16,6602.990234375,0.2261904761904762,2601,0.045,in,6742.114310181676,-0.04718318875459168,0.21820938502098391,0.010770135458493858,-0.05913166696318761
6635.0,211.5,2025-11-19 14:31:43,0,2026-01-16,6602.990234375,0.2261904761904762,2601,0.045,out,6742.114310181676,-0.04718318875459168,0.154819441666215,0.005421572986177767,-0.01601490382043415
6655.0,210.98,2025-11-19 20:56:03,0,2026-01-16,6602.990234375,0.2261904761904762,2601,0.045,out,6742.114310181676,-0.04718318875459168,0.16241984189893233,0.005966951140559635,-0.013005119757529994
6665.0,204.58,2025-11-19 20:56:03,0,2026-01-16,6602.990234375,0.2261904761904762,2601,0.045,out,6742.114310181676,-0.04718318875459168,0.1612032746790004,0.005877897852112283,-0.011503617973932942
6995.0,34.3,2025-11-19 15:03:16,0,2026-01-16,6602.990234375,0.2261904761904762,2601,0.045,out,6742.114310181676,-0.04718318875459168,0.10916013952084576,0.0026952712517142826,0.03682203651283954
5725.0,952.15,2025-11-18 17:29:44,0,2026-01-16,6602.990234375,0.23015873015873015,2601,0.045,in,6742.114310181676,-0.04559382343123665,0.20410395080974703,0.009588049677367313,-0.16353102216430165
5790.0,938.67,2025-11-18 19:51:00,0,2026-01-16,6602.990234375,0.23015873015873015,2601,0.045,in,6742.114310181676,-0.04559382343123665,0.28617786824972363,0.01884948726986293,-0.15224128001970105
6020.0,681.26,2025-11-18 17:31:04,0,2026-01-16,6602.990234375,0.23015873015873015,2601,0.045,in,6742.114310181676,-0.04559382343123665,0.18863434082428515,0.008189718425461623,-0.11328631228387535
6025.0,721.02,2025-11-18 10:35:56,0,2026-01-16,6602.990234375,0.23015873015873015,2601,0.045,in,6742.114310181676,-0.04559382343123665,0.24795411132211367,0.014150444431147897,-0.11245609222788626
6030.0,672.82,2025-11-18 17:30:29,0,2026-01-16,6602.990234375,0.23015873015873015,2601,0.045,in,6742.114310181676,-0.04559382343123665,0.18874915739389217,0.008199691175319239,-0.11162656086551093
6375.0,404.8,2025-11-18 14:49:28,0,2026-01-16,6602.990234375,0.23015873015873015,2601,0.045,in,6742.114310181676,-0.04559382343123665,0.18507657332845365,0.007883704776627554,-0.05598948056011511
6415.0,373.6,2025-11-18 14:49:28,0,2026-01-16,6602.990234375,0.23015873015873015,2601,0.045,in,6742.114310181676,-0.04559382343123665,0.18080925738950415,0.007524346342655356,-0.04973457353700525
6315.0,518.1,2025-10-21 16:00:00,0,2025-12-19,6602.990234375,0.23015873015873015,2512,0.045,in,6627.109445923378,0.029158255142329753,0.25235682179179025,0.01465742063206943,-0.048240972320932794
6485.0,330.62,2025-11-18 19:25:40,0,2026-01-16,6602.990234375,0.23015873015873015,2601,0.045,in,6742.114310181676,-0.04559382343123665,0.18168851888480214,0.0075977049122384135,-0.0388817538361978
6505.0,292.4,2025-11-18 17:27:26,0,2026-01-16,6602.990234375,0.23015873015873015,2601,0.045,in,6742.114310181676,-0.04559382343123665,0.15959246230966928,0.005862086244093913,-0.03580245964013637
6865.0,100.33,2025-11-18 20:05:40,0,2026-01-16,6602.990234375,0.23015873015873015,2601,0.045,out,6742.114310181676,-0.04559382343123665,0.1404610331921047,0.004540871059654069,0.018062467615329314
6955.0,65.9,2025-11-18 18:59:06,0,2026-01-16,6602.990234375,0.23015873015873015,2601,0.045,out,6742.114310181676,-0.04559382343123665,0.13229773670258285,0.004028397166366287,0.031087253770801206
6980.0,43.5,2025-11-18 15:05:00,0,2026-01-16,6602.990234375,0.23015873015873015,2601,0.045,out,6742.114310181676,-0.04559382343123665,0.11519140098088432,0.0030539897376049797,0.03467534516967617
7040.0,39.18,2025-11-18 15:32:50,0,2026-01-16,6602.990234375,0.23015873015873015,2601,0.045,out,6742.114310181676,-0.04559382343123665,0.12272202427675484,0.0034663504923408547,0.04323459856534598
5475.0,1299.06,2025-10-20 16:47:26,0,2025-12-19,6602.990234375,0.23412698412698413,2512,0.045,in,6627.109445923378,0.029426759292459758,0.43047864391748863,0.04338650757648158,-0.19097645242082273
6110.0,623.84,2025-09-29 15:20:42,0,2025-11-28,6602.990234375,0.23412698412698413,2511,0.045,in,6609.601643150545,0.04072550758632351,0.20812461157872184,0.010141410248979509,-0.07859661307743111
5200.0,1694.77,2025-10-31 15:07:17,0,2025-12-31,6602.990234375,0.23809523809523808,2512,0.045,in,6627.109445923378,0.029686313304252095,0.6628750344363163,0.10461983601879704,-0.24251010253600558
6015.0,866.31,2025-10-31 17:06:15,0,2025-12-31,6602.990234375,0.23809523809523808,2512,0.045,in,6627.109445923378,0.029686313304252095,0.38561144456484986,0.03540385385223578,-0.09691237869674507
5250.0,1637.42,2025-10-30 15:55:29,0,2025-12-31,6602.990234375,0.24206349206349206,2512,0.045,in,6627.109445923378,0.029937357348444684,0.6313583488443834,0.09648974303168996,-0.2329406515198549
5940.0,968.87,2025-10-30 17:21:29,0,2025-12-31,6602.990234375,0.24206349206349206,2512,0.045,in,6627.109445923378,0.029937357348444684,0.43188677392027763,0.045151179820330026,-0.10945959474883372
6115.0,814.0,2025-10-30 14:04:56,0,2025-12-31,6602.990234375,0.24206349206349206,2512,0.045,in,6627.109445923378,0.029937357348444684,0.3935633922623881,0.03749373320426104,-0.08042395898425155
5175.0,1773.36,2025-10-29 14:02:31,0,2025-12-31,6602.990234375,0.24603174603174602,2512,0.045,in,6627.109445923378,0.030180303197663315,0.7211554587052063,0.127952548128808,-0.24732938897195453
5425.0,1272.35,2025-10-17 13:56:22,0,2025-12-19,6602.990234375,0.24603174603174602,2512,0.045,in,6627.109445923378,0.030180303197663315,0.3041206840534626,0.022755326226535925,-0.20015082869686396
5490.0,1218.67,2025-10-17 16:34:09,0,2025-12-19,6602.990234375,0.24603174603174602,2512,0.045,in,6627.109445923378,0.030180303197663315,0.3116946841217634,0.02390286396351382,-0.18824047260194796
5560.0,1155.15,2025-10-17 16:33:12,0,2025-12-19,6602.990234375,0.24603174603174602,2512,0.045,in,6627.109445923378,0.030180303197663315,0.3065615981521327,0.023122066804041906,-0.17557061986089617
5580.0,1133.13,2025-10-17 16:34:41,0,2025-12-19,6602.990234375,0.24603174603174602,2512,0.045,in,6627.109445923378,0.030180303197663315,0.29822277420418375,0.021881281862501795,-0.17197995173016764
5590.0,1127.75,2025-10-17 16:32:25,0,2025-12-19,6602.990234375,0.24603174603174602,2512,0.045,in,6627.109445923378,0.030180303197663315,0.30373375421155535,0.022697460292625486,-0.1701894409563794
5910.0,824.11,2025-10-17 16:25:21,0,2025-12-19,6602.990234375,0.24603174603174602,2512,0.045,in,6627.109445923378,0.030180303197663315,0.24985941058586653,0.015359694260379487,-0.11452289670538046
6070.0,769.35,2025-11-14 16:44:15,0,2026-01-16,6602.990234375,0.24603174603174602,2601,0.045,in,6742.114310181676,-0.039749060629221386,0.3212084853216686,0.02538429858985602,-0.10501496653319804
6080.0,761.24,2025-11-14 16:50:02,0,2026-01-16,6602.990234375,0.24603174603174602,2601,0.045,in,6742.114310181676,-0.039749060629221386,0.3200349745755873,0.025199158202376993,-0.10336887562652929
6120.0,621.38,2025-10-17 17:30:50,0,2025-12-19,6602.990234375,0.24603174603174602,2512,0.045,in,6627.109445923378,0.030180303197663315,0.20628616465026292,0.01046963042467918,-0.07960663159915254
6210.0,760.88,2025-10-29 15:14:04,0,2025-12-31,6602.990234375,0.24603174603174602,2512,0.045,in,6627.109445923378,0.030180303197663315,0.3945192772615119,0.038293724317931085,-0.06500783217799985
6265.0,511.02,2025-10-17 16:51:16,0,2025-12-19,6602.990234375,0.24603174603174602,2512,0.045,in,6627.109445923378,0.030180303197663315,0.20395999598207992,0.01023484189516914,-0.05619013977535557
6520.0,382.15,2025-11-14 16:51:46,0,2026-01-16,6602.990234375,0.24603174603174602,2601,0.045,in,6742.114310181676,-0.039749060629221386,0.23121912215190957,0.013153418697695951,-0.03349919566604342
5500.0,1291.91,2025-11-13 20:50:42,0,2026-01-16,6602.990234375,0.25,2601,0.045,in,6742.114310181676,-0.038403837444630565,0.4287727424173031,0.045961516160013746,-0.20362547936617972
5800.0,1040.31,2025-11-13 17:39:11,0,2026-01-16,6602.990234375,0.25,2601,0.045,in,6742.114310181676,-0.038403837444630565,0.3983583383019325,0.03967234142366923,-0.15051565405223127
5975.0,961.15,2025-10-28 14:36:16,0,2025-12-31,6602.990234375,0.25,2512,0.045,in,6627.109445923378,0.03041553648024009,0.43783411389571014,0.04792467782271042,-0.10358463030581283
5980.0,956.31,2025-10-28 14:36:16,0,2025-12-31,6602.990234375,0.25,2512,0.045,in,6627.109445923378,0.03041553648024009,0.43636177464861153,0.047602899593621406,-0.10274816016084687
6075.0,660.88,2025-10-16 19:58:22,0,2025-12-19,6602.990234375,0.25,2512,0.045,in,6627.109445923378,0.03041553648024009,0.20841183896584964,0.010858873655281811,-0.0869867388967751
6220.0,738.15,2025-10-28 13:33:46,0,2025-12-31,6602.990234375,0.25,2512,0.045,in,6627.109445923378,0.03041553648024009,0.37664798657246557,0.03546592644727305,-0.06339882137229913
5570.0,1147.17,2025-09-24 13:35:52,0,2025-11-28,6602.990234375,0.25396825396825395,2511,0.045,in,6609.601643150545,0.04105945230614199,0.29988061535296195,0.02283895453065933,-0.17112833232174235
5775.0,1141.9,2025-10-27 19:38:53,0,2025-12-31,6602.990234375,0.25396825396825395,2512,0.045,in,6627.109445923378,0.030643418722736338,0.4792291667907674,0.05832650014043762,-0.13763047171552995
5830.0,1088.9,2025-10-27 19:38:53,0,2025-12-31,6602.990234375,0.25396825396825395,2512,0.045,in,6627.109445923378,0.030643418722736338,0.46379100612156615,0.054629104091239264,-0.12815172776098624
6295.0,490.76,2025-10-15 17:55:19,0,2025-12-19,6602.990234375,0.25396825396825395,2512,0.045,in,6627.109445923378,0.030643418722736338,0.2000602913668617,0.010164855919185676,-0.0514130606270767
5630.0,1072.92,2025-10-14 19:55:27,0,2025-12-19,6602.990234375,0.25793650793650796,2512,0.045,in,6627.109445923378,0.030864289203925012,0.25655242070931045,0.016977160306220068,-0.16305928597178823
6130.0,599.55,2025-10-14 15:22:33,0,2025-12-19,6602.990234375,0.25793650793650796,2512,0.045,in,6627.109445923378,0.030864289203925012,0.18231917674522907,0.008573882315828474,-0.07797397817526719
6140.0,622.22,2025-10-14 00:31:36,0,2025-12-19,6602.990234375,0.25793650793650796,2512,0.045,in,6627.109445923378,0.030864289203925012,0.21624895896063331,0.012062042842663687,-0.0763439859643362
5680.0,1191.89,2025-11-10 18:30:46,0,2026-01-16,6602.990234375,0.2619047619047619,2601,0.045,in,6742.114310181676,-0.03461275392442008,0.4546164735696185,0.054129464724991236,-0.17142233887154504
5710.0,1181.7,2025-11-10 20:56:00,0,2026-01-16,6602.990234375,0.2619047619047619,2601,0.045,in,6742.114310181676,-0.03461275392442008,0.46574917647694264,0.056812982125677446,-0.1661545479366861
5720.0,1159.95,2025-11-10 19:13:00,0,2026-01-16,6602.990234375,0.2619047619047619,2601,0.045,in,6742.114310181676,-0.03461275392442008,0.45088030413176694,0.05324341750460717,-0.1644047662128984
5625.0,1101.43,2025-10-13 17:06:46,0,2025-12-19,6602.990234375,0.2619047619047619,2512,0.045,in,6627.109445923378,0.031078466640229178,0.29448794880214346,0.022713206473491253,-0.1639477800329034
5775.0,1088.78,2025-11-10 17:40:43,0,2026-01-16,6602.990234375,0.2619047619047619,2601,0.045,in,6742.114310181676,-0.03461275392442008,0.4181447815599292,0.045792753376281185,-0.15483531519674779
5830.0,1050.87,2025-11-10 18:22:43,0,2026-01-16,6602.990234375,0.2619047619047619,2601,0.045,in,6742.114310181676,-0.03461275392442008,0.41878642372057856,0.045933398943318854,-0.14535657124220397
5840.0,1010.04,2025-11-10 16:14:11,0,2026-01-16,6602.990234375,0.2619047619047619,2601,0.045,in,6742.114310181676,-0.03461275392442008,0.3852758423882241,0.03887648147636935,-0.1436427747644693
5880.0,971.76,2025-11-10 16:14:11,0,2026-01-16,6602.990234375,0.2619047619047619,2601,0.045,in,6742.114310181676,-0.03461275392442008,0.37538726556570573,0.03690646644375892,-0.13681680969406948
5940.0,943.41,2025-11-10 17:55:58,0,2026-01-16,6602.990234375,0.2619047619047619,2601,0.045,in,6742.114310181676,-0.03461275392442008,0.3882040277736973,0.03946966759468897,-0.12666443823005136
5950.0,934.04,2025-11-10 17:55:58,0,2026-01-16,6602.990234375,0.2619047619047619,2601,0.045,in,6742.114310181676,-0.03461275392442008,0.38578812479950514,0.0389799345142739,-0.12498235204706663
6210.0,710.43,2025-11-10 20:06:57,0,2026-01-16,6602.990234375,0.2619047619047619,2601,0.045,in,6742.114310181676,-0.03461275392442008,0.33795940844264505,0.029913861411998297,-0.08221267565921754
6240.0,675.0,2025-11-10 19:36:53,0,2026-01-16,6602.990234375,0.2619047619047619,2601,0.045,in,6742.114310181676,-0.03461275392442008,0.32387298936652814,0.027472162991745805,-0.0773933892232687
6265.0,652.17,2025-11-10 19:37:33,0,2026-01-16,6602.990234375,0.2619047619047619,2601,0.045,in,6742.114310181676,-0.03461275392442008,0.31773077256442295,0.026440030528053233,-0.0733949832565734
6270.0,648.42,2025-11-10 19:34:50,0,2026-01-16,6602.990234375,0.2619047619047619,2601,0.045,in,6742.114310181676,-0.03461275392442008,0.31717155726544183,0.026347042002858093,-0.07259721695977563
6290.0,630.49,2025-11-10 19:34:13,0,2026-01-16,6602.990234375,0.2619047619047619,2601,0.045,in,6742.114310181676,-0.03461275392442008,0.31247100707226433,0.025571891258769183,-0.06941250089225576
6190.0,565.82,2025-10-13 13:59:00,0,2025-12-19,6602.990234375,0.2619047619047619,2512,0.045,in,6627.109445923378,0.031078466640229178,0.19432476548102307,0.009890077601709542,-0.06823364142688247
6305.0,628.78,2025-11-10 20:13:42,0,2026-01-16,6602.990234375,0.2619047619047619,2601,0.045,in,6742.114310181676,-0.03461275392442008,0.31851198302313316,0.0265702075386337,-0.06703060218772207
6380.0,549.06,2025-11-10 19:33:15,0,2026-01-16,6602.990234375,0.2619047619047619,2601,0.045,in,6742.114310181676,-0.03461275392442008,0.29011096293002664,0.022043049498430008,-0.05520547424790649
5580.0,1164.39,2025-11-07 19:09:27,0,2026-01-16,6602.990234375,0.27380952380952384,2601,0.045,in,6742.114310181676,-0.031151329840749642,0.321385398389668,0.028281395343523447,-0.18918479521138537
5630.0,1102.25,2025-11-07 18:54:39,0,2026-01-16,6602.990234375,0.27380952380952384,2601,0.045,in,6742.114310181676,-0.031151329840749642,0.2917773874012653,0.023310511992503398,-0.18026412945300596
5740.0,986.71,2025-11-07 16:51:52,0,2026-01-16,6602.990234375,0.27380952380952384,2601,0.045,in,6742.114310181676,-0.031151329840749642,0.2579640977188763,0.018220785016357398,-0.16091436127312997
6000.0,688.63,2025-11-21 14:50:23,0,2026-01-30,6602.990234375,0.27380952380952384,2601,0.045,in,6742.114310181676,-0.031151329840749642,0.13520012675888468,0.005004984623086015,-0.11661410237654994
6280.0,527.46,2025-11-07 19:08:13,0,2026-01-16,6602.990234375,0.27380952380952384,2601,0.045,in,6742.114310181676,-0.031151329840749642,0.2125139773879195,0.012365837898337652,-0.07100359112449763
6300.0,422.12,2025-11-21 16:19:00,0,2026-01-30,6602.990234375,0.27380952380952384,2601,0.045,in,6742.114310181676,-0.031151329840749642,0.1254363794888846,0.004308197165278902,-0.06782393820711802
6400.0,347.23,2025-11-21 16:19:00,0,2026-01-30,6602.990234375,0.27380952380952384,2601,0.045,in,6742.114310181676,-0.031151329840749642,0.1267782223101574,0.004400863166652916,-0.0520755812389788
6305.0,459.56,2025-10-10 15:58:10,0,2025-12-19,6602.990234375,0.27380952380952384,2512,0.045,in,6627.109445923378,0.03168375069934965,0.1671078309929973,0.007646138394300423,-0.04982575870650439
6420.0,370.7,2025-11-21 16:54:55,0,2026-01-30,6602.990234375,0.27380952380952384,2601,0.045,in,6742.114310181676,-0.031151329840749642,0.1592402003118604,0.006943108953491819,-0.048955453902735126
6475.0,301.8,2025-11-21 15:48:37,0,2026-01-30,6602.990234375,0.27380952380952384,2601,0.045,in,6742.114310181676,-0.031151329840749642,0.13228930123149513,0.004791792405563059,-0.04042496401900357
6480.0,326.5,2025-11-21 16:54:40,0,2026-01-30,6602.990234375,0.27380952380952384,2601,0.045,in,6742.114310181676,-0.031151329840749642,0.15477748905346808,0.006559400425083547,-0.03965306124042162
6500.0,319.0,2025-11-21 20:45:45,0,2026-01-30,6602.990234375,0.27380952380952384,2601,0.045,in,6742.114310181676,-0.031151329840749642,0.1585971171867758,0.006887143432606972,-0.036571394703013606
6515.0,251.1,2025-11-07 20:36:19,0,2026-01-16,6602.990234375,0.27380952380952384,2601,0.045,in,6742.114310181676,-0.031151329840749642,0.11228990674493639,0.0034524706262629734,-0.03426636102779651
6525.0,265.7,2025-11-21 15:44:09,0,2026-01-30,6602.990234375,0.27380952380952384,2601,0.045,in,6742.114310181676,-0.031151329840749642,0.1289465707654045,0.004552690673566927,-0.032732618395847825
6550.0,291.76,2025-11-21 20:04:34,0,2026-01-30,6602.990234375,0.27380952380952384,2601,0.045,in,6742.114310181676,-0.031151329840749642,0.16035834405292995,0.0070409567341684605,-0.0289085219574444
6600.0,257.74,2025-11-21 20:04:34,0,2026-01-30,6602.990234375,0.27380952380952384,2601,0.045,in,6742.114310181676,-0.031151329840749642,0.15571788308192902,0.006639349518629742,-0.02130392257222512
6605.0,235.7,2025-11-21 16:50:21,0,2026-01-30,6602.990234375,0.27380952380952384,2601,0.045,out,6742.114310181676,-0.031151329840749642,0.14141312200276723,0.005475552794227371,-0.02054663363031639
6625.0,249.2,2025-11-21 19:13:51,0,2026-01-30,6602.990234375,0.27380952380952384,2601,0.045,out,6742.114310181676,-0.031151329840749642,0.1591810305747434,0.00693795013549119,-0.017523199732319094
6630.0,205.5,2025-11-21 15:50:05,0,2026-01-30,6602.990234375,0.27380952380952384,2601,0.045,out,6742.114310181676,-0.031151329840749642,0.1290314549585293,0.0045586866247671965,-0.016768767406833793
6635.0,241.0,2025-11-21 19:50:28,0,2026-01-30,6602.990234375,0.27380952380952384,2601,0.045,out,6742.114310181676,-0.031151329840749642,0.15695948304707527,0.006745647908610923,-0.01601490382043415
6640.0,214.0,2025-11-21 16:50:09,0,2026-01-30,6602.990234375,0.27380952380952384,2601,0.045,out,6742.114310181676,-0.031151329840749642,0.13908725369036012,0.005296917561903712,-0.015261608116262546
6650.0,208.02,2025-11-21 19:54:39,0,2026-01-30,6602.990234375,0.27380952380952384,2601,0.045,out,6742.114310181676,-0.031151329840749642,0.13845898370397616,0.0052491723079972925,-0.013756716936842243
6655.0,231.0,2025-11-21 19:16:04,0,2026-01-30,6602.990234375,0.27380952380952384,2601,0.045,out,6742.114310181676,-0.031151329840749642,0.15705250436506035,0.006753645832485214,-0.013005119757529994
6675.0,203.13,2025-11-21 17:12:29,0,2026-01-30,6602.990234375,0.27380952380952384,2601,0.045,out,6742.114310181676,-0.031151329840749642,0.14394924626385458,0.005673712696409912,-0.010004367318291803
6695.0,193.84,2025-11-21 17:05:25,0,2026-01-30,6602.990234375,0.27380952380952384,2601,0.045,out,6742.114310181676,-0.031151329840749642,0.14415860319911777,0.00569022816851638,-0.007012592461469168
6700.0,197.47,2025-11-21 19:01:48,0,2026-01-30,6602.990234375,0.27380952380952384,2601,0.045,out,6742.114310181676,-0.031151329840749642,0.1484940745211871,0.0060376342126403455,-0.0062660452076845575
6800.0,126.27,2025-11-21 18:24:12,0,2026-01-30,6602.990234375,0.27380952380952384,2601,0.045,out,6742.114310181676,-0.031151329840749642,0.12760372099811662,0.004458360965345231,0.00854904057745602
6810.0,116.0,2025-11-21 14:48:55,0,2026-01-30,6602.990234375,0.27380952380952384,2601,0.045,out,6742.114310181676,-0.031151329840749642,0.12274041778356401,0.004124998019365812,0.010018548556816128
6825.0,104.7,2025-11-21 12:34:28,0,2026-01-30,6602.990234375,0.27380952380952384,2601,0.045,out,6742.114310181676,-0.031151329840749642,0.1183024396953912,0.0038320922198961725,0.012218769466418528
6840.0,108.43,2025-11-21 18:24:12,0,2026-01-30,6602.990234375,0.27380952380952384,2601,0.045,out,6742.114310181676,-0.031151329840749642,0.12513548553554246,0.00428755314315437,0.014414160029854161
6850.0,92.34,2025-11-21 15:42:35,0,2026-01-30,6602.990234375,0.27380952380952384,2601,0.045,out,6742.114310181676,-0.031151329840749642,0.11534309732066919,0.003642770146298612,0.015875080669528894
6870.0,86.4,2025-11-21 15:43:06,0,2026-01-30,6602.990234375,0.27380952380952384,2601,0.045,out,6742.114310181676,-0.031151329840749642,0.11569652979097422,0.0036651285848868704,0.018790534629652977
6885.0,84.0,2025-11-21 15:18:02,0,2026-01-30,6602.990234375,0.27380952380952384,2601,0.045,out,6742.114310181676,-0.031151329840749642,0.11744412539293322,0.0037766883280256377,0.020971560576013144
6900.0,104.91,2025-11-21 19:22:35,0,2026-01-30,6602.990234375,0.27380952380952384,2601,0.045,out,6742.114310181676,-0.031151329840749642,0.13771499667889678,0.005192912704002104,0.02314783999860864
6910.0,96.2,2025-11-21 19:18:15,0,2026-01-30,6602.990234375,0.27380952380952384,2601,0.045,out,6742.114310181676,-0.031151329840749642,0.13324534658334306,0.004861302558102975,0.024596066174973598
6915.0,81.5,2025-11-21 20:55:37,0,2026-01-30,6602.990234375,0.27380952380952384,2601,0.045,out,6742.114310181676,-0.031151329840749642,0.12253467705143832,0.004111180748122697,0.02531939351211666
6925.0,85.94,2025-11-21 17:31:53,0,2026-01-30,6602.990234375,0.27380952380952384,2601,0.045,out,6742.114310181676,-0.031151329840749642,0.12850413993681045,0.004521502637627207,0.026764480468797234
6950.0,74.19,2025-11-21 18:53:35,0,2026-01-30,6602.990234375,0.27380952380952384,2601,0.045,out,6742.114310181676,-0.031151329840749642,0.1243952317231465,0.004236976125422288,0.030368087972095892
6965.0,78.6,2025-11-21 19:10:03,0,2026-01-30,6602.990234375,0.27380952380952384,2601,0.045,out,6742.114310181676,-0.031151329840749642,0.13147359788694543,0.004732881662509276,0.03252403562716412
6975.0,54.18,2025-11-21 16:08:16,0,2026-01-30,6602.990234375,0.27380952380952384,2601,0.045,out,6742.114310181676,-0.031151329840749642,0.1120613572505957,0.0034384309421839248,0.03395875610282433
7000.0,55.6,2025-11-21 21:05:02,0,2026-01-30,6602.990234375,0.27380952380952384,2601,0.045,out,6742.114310181676,-0.031151329840749642,0.11848506082501986,0.003843932401074989,0.0375365774507084
7015.0,50.5,2025-11-21 16:45:36,0,2026-01-30,6602.990234375,0.27380952380952384,2601,0.045,out,6742.114310181676,-0.031151329840749642,0.1166324633299025,0.003724666958990764,0.03967714194981933
7025.0,53.11,2025-11-21 20:23:48,0,2026-01-30,6602.990234375,0.27380952380952384,2601,0.045,out,6742.114310181676,-0.031151329840749642,0.12112226683314856,0.004016950964576311,0.041101643615204436
7040.0,54.0,2025-11-21 18:49:55,0,2026-01-30,6602.990234375,0.27380952380952384,2601,0.045,out,6742.114310181676,-0.031151329840749642,0.12492908931366924,0.004273421181012895,0.04323459856534598
7045.0,40.5,2025-11-21 15:50:16,0,2026-01-30,6602.990234375,0.27380952380952384,2601,0.045,out,6742.114310181676,-0.031151329840749642,0.11228830394574434,0.0034523720674913437,0.043944573746038544
7050.0,46.6,2025-11-21 20:26:30,0,2026-01-30,6602.990234375,0.27380952380952384,2601,0.045,out,6742.114310181676,-0.031151329840749642,0.11952811976302317,0.003911908839570513,0.04465404521957235
7060.0,36.8,2025-11-21 15:09:54,0,2026-01-30,6602.990234375,0.27380952380952384,2601,0.045,out,6742.114310181676,-0.031151329840749642,0.11105376250709177,0.0033768759266735175,0.046071479900545685
7065.0,43.2,2025-11-21 20:31:09,0,2026-01-30,6602.990234375,0.27380952380952384,2601,0.045,out,6742.114310181676,-0.031151329840749642,0.11883009183519151,0.0038663522224747756,0.0467794445318858
7070.0,41.3,2025-11-21 20:48:38,0,2026-01-30,6602.990234375,0.27380952380952384,2601,0.045,out,6742.114310181676,-0.031151329840749642,0.1177404319654155,0.003795769218407865,0.04748690830387649
7075.0,34.0,2025-11-21 16:13:47,0,2026-01-30,6602.990234375,0.27380952380952384,2601,0.045,out,6742.114310181676,-0.031151329840749642,0.11059625705258462,0.0033491099726541858,0.04819387192469627
7100.0,38.7,2025-11-21 18:49:11,0,2026-01-30,6602.990234375,0.27380952380952384,2601,0.045,out,6742.114310181676,-0.031151329840749642,0.12031410662201822,0.00396352545002203,0.051721212442664775
7120.0,30.2,2025-11-21 20:53:41,0,2026-01-30,6602.990234375,0.27380952380952384,2601,0.045,out,6742.114310181676,-0.031151329840749642,0.11384115239690175,0.0035485188514078098,0.054534153819279466
7125.0,34.16,2025-11-21 16:08:19,0,2026-01-30,6602.990234375,0.27380952380952384,2601,0.045,out,6742.114310181676,-0.031151329840749642,0.1194670017880016,0.003907909331820604,0.05523615455010935
7130.0,26.5,2025-11-21 15:33:18,0,2026-01-30,6602.990234375,0.27380952380952384,2601,0.045,out,6742.114310181676,-0.031151329840749642,0.11081390719630828,0.0033623048410306735,0.055937662821599544
7140.0,34.0,2025-11-21 19:08:57,0,2026-01-30,6602.990234375,0.27380952380952384,2601,0.045,out,6742.114310181676,-0.031151329840749642,0.12183329443068491,0.004064251042049775,0.05733920474688812
7150.0,25.4,2025-11-21 20:54:12,0,2026-01-30,6602.990234375,0.27380952380952384,2601,0.045,out,6742.114310181676,-0.031151329840749642,0.11259795050652364,0.003471438863573805,0.058738785101311294
5250.0,1549.22,2025-11-06 20:08:51,0,2026-01-16,6602.990234375,0.2777777777777778,2601,0.045,in,6742.114310181676,-0.03006345370016751,0.4769068191454034,0.06317780948538514,-0.2501454950010727
5830.0,966.53,2025-10-09 19:45:33,0,2025-12-19,6602.990234375,0.2777777777777778,2512,0.045,in,6627.109445923378,0.03187398283221608,0.3189971819836526,0.028266445031531,-0.12815172776098624
5910.0,896.72,2025-10-21 13:30:05,0,2025-12-31,6602.990234375,0.2777777777777778,2512,0.045,in,6627.109445923378,0.03187398283221608,0.30867361130847315,0.026466499532837324,-0.11452289670538046
6050.0,662.48,2025-11-20 20:18:10,0,2026-01-30,6602.990234375,0.2777777777777778,2601,0.045,in,6742.114310181676,-0.03006345370016751,0.16558723856879112,0.007616425993566041,-0.10831529956185487
6100.0,619.72,2025-11-20 20:18:10,0,2026-01-30,6602.990234375,0.2777777777777778,2601,0.045,in,6742.114310181676,-0.03006345370016751,0.1648175039994686,0.007545780451281903,-0.10008480042533945
6210.0,546.21,2025-11-20 18:08:09,0,2026-01-30,6602.990234375,0.2777777777777778,2601,0.045,in,6742.114310181676,-0.03006345370016751,0.1807860728569106,0.009078778927506718,-0.08221267565921754
6290.0,590.11,2025-11-20 15:35:11,0,2026-01-30,6602.990234375,0.2777777777777778,2601,0.045,in,6742.114310181676,-0.03006345370016751,0.2685412884803494,0.02003178433852396,-0.06941250089225576
6325.0,559.82,2025-11-20 15:35:11,0,2026-01-30,6602.990234375,0.2777777777777778,2601,0.045,in,6742.114310181676,-0.03006345370016751,0.26179794562673486,0.019038378981771898,-0.06386353699102099
6430.0,379.8,2025-11-20 18:12:19,0,2026-01-30,6602.990234375,0.2777777777777778,2601,0.045,in,6742.114310181676,-0.03006345370016751,0.1702635525035348,0.008052688141978877,-0.04739903335507702
6470.0,333.5,2025-11-20 18:00:00,0,2026-01-30,6602.990234375,0.2777777777777778,2601,0.045,in,6742.114310181676,-0.03006345370016751,0.15363989317093463,0.006557004659326724,-0.04119746309179577
6510.0,381.4,2025-11-20 11:02:06,0,2026-01-30,6602.990234375,0.2777777777777778,2601,0.045,in,6742.114310181676,-0.03006345370016751,0.20894186480936994,0.012126861908338062,-0.035034115384127144
6530.0,359.1,2025-11-20 10:17:15,0,2026-01-30,6602.990234375,0.2777777777777778,2601,0.045,in,6742.114310181676,-0.03006345370016751,0.20066953560597262,0.011185628477865753,-0.03196662831626529
6560.0,365.4,2025-11-20 15:27:14,0,2026-01-30,6602.990234375,0.2777777777777778,2601,0.045,in,6742.114310181676,-0.03006345370016751,0.21757192716429605,0.013149317636107152,-0.027382968648607262
6580.0,258.8,2025-11-20 18:02:05,0,2026-01-30,6602.990234375,0.2777777777777778,2601,0.045,in,6742.114310181676,-0.03006345370016751,0.14679576497176255,0.005985832392679154,-0.024338826267379182
6585.0,244.32,2025-11-20 18:59:54,0,2026-01-30,6602.990234375,0.2777777777777778,2601,0.045,in,6742.114310181676,-0.03006345370016751,0.1381278306954767,0.005299804892399522,-0.023579236409360587
6610.0,330.6,2025-11-20 15:04:07,0,2026-01-30,6602.990234375,0.2777777777777778,2601,0.045,out,6742.114310181676,-0.03006345370016751,0.21128160551485484,0.012399976896926316,-0.01978991774101005
6620.0,243.03,2025-11-20 17:29:20,0,2026-01-30,6602.990234375,0.2777777777777778,2601,0.045,out,6742.114310181676,-0.03006345370016751,0.15118050674024805,0.006348762671732829,-0.01827820165568811
6660.0,218.52,2025-11-20 17:22:24,0,2026-01-30,6602.990234375,0.2777777777777778,2601,0.045,out,6742.114310181676,-0.03006345370016751,0.14827380034530813,0.006106977741344527,-0.01225408705230723
6665.0,192.26,2025-11-20 18:56:31,0,2026-01-30,6602.990234375,0.2777777777777778,2601,0.045,out,6742.114310181676,-0.03006345370016751,0.13109175636892642,0.004773624607747212,-0.011503617973932942
6680.0,276.8,2025-11-20 15:27:22,0,2026-01-30,6602.990234375,0.2777777777777778,2601,0.045,out,6742.114310181676,-0.03006345370016751,0.19739364076108934,0.010823402614699442,-0.009255584056050608
6685.0,263.09,2025-11-20 14:33:27,0,2026-01-30,6602.990234375,0.2777777777777778,2601,0.045,out,6742.114310181676,-0.03006345370016751,0.18921915109219284,0.009945524205569474,-0.008507361050698513
6690.0,199.77,2025-11-20 17:21:14,0,2026-01-30,6602.990234375,0.2777777777777778,2601,0.045,out,6742.114310181676,-0.03006345370016751,0.14528469949581152,0.005863234418774516,-0.007759697464467867
6705.0,194.81,2025-11-20 17:11:43,0,2026-01-30,6602.990234375,0.2777777777777778,2601,0.045,out,6742.114310181676,-0.03006345370016751,0.14678915524365707,0.00598529336031846,-0.005520054870963135
6710.0,167.91,2025-11-20 18:50:11,0,2026-01-30,6602.990234375,0.2777777777777778,2601,0.045,out,6742.114310181676,-0.03006345370016751,0.12907690062563687,0.00462801285420015,-0.004774620621014604
6715.0,171.59,2025-11-20 17:45:05,0,2026-01-30,6602.990234375,0.2777777777777778,2601,0.045,out,6742.114310181676,-0.03006345370016751,0.13337708969620926,0.004941513348841848,-0.004029741629404068
6720.0,162.78,2025-11-20 18:50:11,0,2026-01-30,6602.990234375,0.2777777777777778,2601,0.045,out,6742.114310181676,-0.03006345370016751,0.12866184891550425,0.004598297601765568,-0.003285417069546837
6725.0,184.61,2025-11-20 17:07:05,0,2026-01-30,6602.990234375,0.2777777777777778,2601,0.045,out,6742.114310181676,-0.03006345370016751,0.14601940751877113,0.005922685381148043,-0.0025416461167021456
6730.0,172.53,2025-11-20 18:06:28,0,2026-01-30,6602.990234375,0.2777777777777778,2601,0.045,out,6742.114310181676,-0.03006345370016751,0.13891982028343663,0.005360754574328426,-0.0017984279479685602
6735.0,238.9,2025-11-20 15:27:18,0,2026-01-30,6602.990234375,0.2777777777777778,2601,0.045,out,6742.114310181676,-0.03006345370016751,0.18836440126707435,0.0098558743513065,-0.001055761742277626
6745.0,230.5,2025-11-20 15:50:35,0,2026-01-30,6602.990234375,0.2777777777777778,2601,0.045,out,6742.114310181676,-0.03006345370016751,0.18549889060904237,0.009558288449218185,0.00042791805511417565
6750.0,161.53,2025-11-20 18:06:28,0,2026-01-30,6602.990234375,0.2777777777777778,2601,0.045,out,6742.114310181676,-0.03006345370016751,0.13727498830474127,0.005234561781685237,0.0011689332798334906
6755.0,187.8,2025-11-20 16:39:38,0,2026-01-30,6602.990234375,0.2777777777777778,2601,0.045,out,6742.114310181676,-0.03006345370016751,0.15782062114565648,0.006918707905222454,0.001909399807557278
6765.0,142.46,2025-11-20 18:51:40,0,2026-01-30,6602.990234375,0.2777777777777778,2601,0.045,out,6742.114310181676,-0.03006345370016751,0.12801757673123207,0.004552361097815804,0.0033886900181463657
6775.0,144.9,2025-11-20 17:36:19,0,2026-01-30,6602.990234375,0.2777777777777778,2601,0.045,out,6742.114310181676,-0.03006345370016751,0.1327750733976018,0.004897005587705152,0.004865795161159727
6785.0,198.6,2025-11-20 13:31:17,0,2026-01-30,6602.990234375,0.2777777777777778,2601,0.045,out,6742.114310181676,-0.03006345370016751,0.1747786272749735,0.008485435708923366,0.0063407216822275
6790.0,132.1,2025-11-20 19:33:29,0,2026-01-30,6602.990234375,0.2777777777777778,2601,0.045,out,6742.114310181676,-0.03006345370016751,0.12779048891310435,0.004536224737958401,0.007077369965999857
6795.0,127.82,2025-11-20 19:33:29,0,2026-01-30,6602.990234375,0.2777777777777778,2601,0.045,out,6742.114310181676,-0.03006345370016751,0.12607315903325664,0.004415122619062449,0.007813475998501976
6820.0,106.2,2025-11-20 20:53:09,0,2026-01-30,6602.990234375,0.2777777777777778,2601,0.045,out,6742.114310181676,-0.03006345370016751,0.11692075702634964,0.0037973509510040803,0.011485900250765768
6830.0,115.4,2025-11-20 16:40:41,0,2026-01-30,6602.990234375,0.2777777777777778,2601,0.045,out,6742.114310181676,-0.03006345370016751,0.12651465981107782,0.004446099763086875,0.012951101978093637
6835.0,108.0,2025-11-20 18:50:16,0,2026-01-30,6602.990234375,0.2777777777777778,2601,0.045,out,6742.114310181676,-0.03006345370016751,0.12227453904523347,0.004153073027423424,0.013682898571307887
6855.0,148.82,2025-11-20 16:14:15,0,2026-01-30,6602.990234375,0.2777777777777778,2601,0.045,out,6742.114310181676,-0.03006345370016751,0.1582153180925983,0.006953357466428352,0.01660474140967275
6865.0,106.1,2025-11-20 17:35:27,0,2026-01-30,6602.990234375,0.2777777777777778,2601,0.045,out,6742.114310181676,-0.03006345370016751,0.12860767501176631,0.00459442613109225,0.018062467615329314
6875.0,149.49,2025-11-20 15:55:36,0,2026-01-30,6602.990234375,0.2777777777777778,2601,0.045,out,6742.114310181676,-0.03006345370016751,0.1640532009066851,0.0074759590910358845,0.01951807194803006
6880.0,91.6,2025-11-20 19:55:09,0,2026-01-30,6602.990234375,0.2777777777777778,2601,0.045,out,6742.114310181676,-0.03006345370016751,0.12110361252161783,0.004073912490496153,0.020245080340647422
6890.0,126.32,2025-11-20 16:16:08,0,2026-01-30,6602.990234375,0.2777777777777778,2601,0.045,out,6742.114310181676,-0.03006345370016751,0.1504416190637725,0.006286855762924789,0.02169751342096224
6905.0,83.5,2025-11-20 18:56:31,0,2026-01-30,6602.990234375,0.2777777777777778,2601,0.045,out,6742.114310181676,-0.03006345370016751,0.12065685749164619,0.004043910349933171,0.023872215256650446
6920.0,83.2,2025-11-20 18:05:27,0,2026-01-30,6602.990234375,0.2777777777777778,2601,0.045,out,6742.114310181676,-0.03006345370016751,0.12391169975634234,0.004265030371251648,0.026042198024973172
6960.0,65.0,2025-11-20 19:30:42,0,2026-01-30,6602.990234375,0.2777777777777778,2601,0.045,out,6742.114310181676,-0.03006345370016751,0.11752435703171103,0.0038366595821436355,0.03180590274172332
7005.0,94.2,2025-11-20 15:24:42,0,2026-01-30,6602.990234375,0.2777777777777778,2601,0.045,out,6742.114310181676,-0.03006345370016751,0.15213991734941068,0.006429598458634865,0.03825060818436527
7055.0,40.15,2025-11-20 19:34:38,0,2026-01-30,6602.990234375,0.2777777777777778,2601,0.045,out,6742.114310181676,-0.03006345370016751,0.11271819315378978,0.0035292752966264063,0.045363013700172455
7145.0,24.49,2025-11-20 20:34:11,0,2026-01-30,6602.990234375,0.2777777777777778,2601,0.045,out,6742.114310181676,-0.03006345370016751,0.10956880164368664,0.0033348117482315414,0.05803923977722568
7155.0,43.65,2025-11-20 14:43:12,0,2026-01-30,6602.990234375,0.2777777777777778,2601,0.045,out,6742.114310181676,-0.03006345370016751,0.13433841643478867,0.005013002813946304,0.0594378414038093
7160.0,42.55,2025-11-20 14:43:12,0,2026-01-30,6602.990234375,0.2777777777777778,2601,0.045,out,6742.114310181676,-0.03006345370016751,0.13398894928296903,0.004986955147209458,0.060136409367949166
5100.0,1680.74,2025-10-20 17:34:26,0,2025-12-31,6602.990234375,0.28174603174603174,2512,0.045,in,6627.109445923378,0.032058856313452476,0.48829130632139284,0.06717625550739172,-0.2619281883931072
5125.0,1665.88,2025-10-08 19:08:56,0,2025-12-19,6602.990234375,0.28174603174603174,2512,0.045,in,6627.109445923378,0.032058856313452476,0.4956621710136565,0.06921964338076174,-0.2570382030989154
5470.0,1310.84,2025-10-20 16:26:35,0,2025-12-31,6602.990234375,0.28174603174603174,2512,0.045,in,6627.109445923378,0.032058856313452476,0.3905142823323961,0.04296666561149457,-0.19189011168949735
5485.0,1297.75,2025-10-20 16:28:23,0,2025-12-31,6602.990234375,0.28174603174603174,2512,0.045,in,6627.109445923378,0.032058856313452476,0.38904534683994557,0.04264403180454271,-0.18915163439619362
5710.0,1004.6,2025-11-19 17:11:21,0,2026-01-30,6602.990234375,0.28174603174603174,2601,0.045,in,6742.114310181676,-0.029006221957911624,0.23931288010568075,0.016135779664673774,-0.1661545479366861
5670.0,1119.6,2025-10-20 16:32:53,0,2025-12-31,6602.990234375,0.28174603174603174,2512,0.045,in,6627.109445923378,0.032058856313452476,0.34949979394766245,0.0344153076342522,-0.1559796103837265
5810.0,916.1,2025-11-19 17:07:02,0,2026-01-30,6602.990234375,0.28174603174603174,2601,0.045,in,6742.114310181676,-0.029006221957911624,0.23511721732064944,0.015574950466361072,-0.14879300074078516
5820.0,977.29,2025-10-20 16:32:01,0,2025-12-31,6602.990234375,0.28174603174603174,2512,0.045,in,6627.109445923378,0.032058856313452476,0.31930434077721664,0.02872549049516379,-0.12986846638004074
5835.0,963.21,2025-10-20 16:34:31,0,2025-12-31,6602.990234375,0.28174603174603174,2512,0.045,in,6627.109445923378,0.032058856313452476,0.31639887356288793,0.028205101391358605,-0.12729446238486786
5845.0,953.73,2025-10-20 16:34:14,0,2025-12-31,6602.990234375,0.28174603174603174,2512,0.045,in,6627.109445923378,0.032058856313452476,0.3143561768919067,0.02784208818435237,-0.12558213319935552
6055.0,759.65,2025-10-20 16:32:31,0,2025-12-31,6602.990234375,0.28174603174603174,2512,0.045,in,6627.109445923378,0.032058856313452476,0.2751245252619439,0.02132634449382266,-0.09028435111833165
6440.0,405.5,2025-11-19 15:00:05,0,2026-01-30,6602.990234375,0.28174603174603174,2601,0.045,in,6742.114310181676,-0.029006221957911624,0.19377935037248678,0.010579686511053938,-0.04584503148834277
6535.0,310.8,2025-11-19 18:23:46,0,2026-01-30,6602.990234375,0.28174603174603174,2601,0.045,in,6742.114310181676,-0.029006221957911624,0.16484866388982053,0.007656471512001549,-0.031201224528419762
6570.0,288.5,2025-11-19 16:53:40,0,2026-01-30,6602.990234375,0.28174603174603174,2601,0.045,in,6742.114310181676,-0.029006221957911624,0.16305545857186807,0.007490805009824742,-0.025859739108085887
6590.0,273.8,2025-11-19 16:53:09,0,2026-01-30,6602.990234375,0.28174603174603174,2601,0.045,in,6742.114310181676,-0.029006221957911624,0.16034877768944789,0.007244178039529756,-0.02282022309018915
6760.0,176.1,2025-11-19 15:57:10,0,2026-01-30,6602.990234375,0.28174603174603174,2601,0.045,out,6742.114310181676,-0.029006221957911624,0.14946704407096137,0.006294318276567699,0.0026493184502676633
6860.0,136.8,2025-11-19 15:16:33,0,2026-01-30,6602.990234375,0.28174603174603174,2601,0.045,out,6742.114310181676,-0.029006221957911624,0.1491847384948166,0.006270563968981918,0.017333870133188954
6930.0,91.7,2025-11-19 18:58:43,0,2026-01-30,6602.990234375,0.28174603174603174,2601,0.045,out,6742.114310181676,-0.029006221957911624,0.1318925292990647,0.00490115233820726,0.027486241597206963
6970.0,76.2,2025-11-19 16:37:01,0,2026-01-30,6602.990234375,0.28174603174603174,2601,0.045,out,6742.114310181676,-0.029006221957911624,0.12813747743969503,0.0046260481422507665,0.03324165316782746
6985.0,76.4,2025-11-19 14:46:02,0,2026-01-30,6602.990234375,0.28174603174603174,2601,0.045,out,6742.114310181676,-0.029006221957911624,0.13153851028973154,0.0048748768172070175,0.03539142110432027
6995.0,68.9,2025-11-19 14:31:34,0,2026-01-30,6602.990234375,0.28174603174603174,2601,0.045,out,6742.114310181676,-0.029006221957911624,0.12718946197849082,0.004557850420336649,0.03682203651283954
7020.0,62.6,2025-11-19 21:01:14,0,2026-01-30,6602.990234375,0.28174603174603174,2601,0.045,out,6742.114310181676,-0.029006221957911624,0.12670948726664452,0.004523515419046399,0.04038964643311488
7110.0,36.7,2025-11-19 19:27:01,0,2026-01-30,6602.990234375,0.28174603174603174,2601,0.045,out,6742.114310181676,-0.029006221957911624,0.11768420398899165,0.0039020619153377163,0.05312867221054446
5300.0,1395.59,2025-11-18 20:48:05,0,2026-01-30,6602.990234375,0.2857142857142857,2601,0.045,in,6742.114310181676,-0.027978357764051748,0.28575728979166515,0.023330636762593625,-0.2406667510465288
5980.0,877.02,2025-11-04 19:47:33,0,2026-01-16,6602.990234375,0.2857142857142857,2601,0.045,in,6742.114310181676,-0.027978357764051748,0.33231647985993357,0.03155264079614218,-0.1199530036420646
5990.0,867.21,2025-11-04 19:49:17,0,2026-01-16,6602.990234375,0.2857142857142857,2601,0.045,in,6742.114310181676,-0.027978357764051748,0.3297023264437915,0.0310581783035567,-0.11828215947724698
6325.0,577.7,2025-11-04 19:15:03,0,2026-01-16,6602.990234375,0.2857142857142857,2601,0.045,in,6742.114310181676,-0.027978357764051748,0.2711754240238126,0.02101031731271273,-0.06386353699102099
6350.0,426.83,2025-11-18 15:03:34,0,2026-01-30,6602.990234375,0.2857142857142857,2601,0.045,in,6742.114310181676,-0.027978357764051748,0.1609004794370241,0.0073968469380183465,-0.059918758700004654
6360.0,430.0,2025-11-18 21:09:17,0,2026-01-30,6602.990234375,0.2857142857142857,2601,0.045,in,6742.114310181676,-0.027978357764051748,0.16962600892781132,0.008220852258507978,-0.058345194252574145
6670.0,234.4,2025-11-18 19:19:45,0,2026-01-30,6602.990234375,0.2857142857142857,2601,0.045,out,6742.114310181676,-0.027978357764051748,0.16019619256446896,0.007332234317757834,-0.010753711677072631
6770.0,165.33,2025-11-18 16:30:13,0,2026-01-30,6602.990234375,0.2857142857142857,2601,0.045,out,6742.114310181676,-0.027978357764051748,0.14337421821299265,0.005873190413767666,0.0041275153195786925
6780.0,121.51,2025-11-18 15:03:45,0,2026-01-30,6602.990234375,0.2857142857142857,2601,0.045,out,6742.114310181676,-0.027978357764051748,0.1148044861733701,0.003765734298723293,0.005603530347699174
7010.0,69.99,2025-11-18 14:49:02,0,2026-01-30,6602.990234375,0.2857142857142857,2601,0.045,out,6742.114310181676,-0.027978357764051748,0.13008897361002303,0.004835183158545505,0.03896412944189373
7080.0,47.5,2025-11-18 16:59:58,0,2026-01-30,6602.990234375,0.2857142857142857,2601,0.045,out,6742.114310181676,-0.027978357764051748,0.12273698341742509,0.004304104885259795,0.0489003361010234
7105.0,39.2,2025-11-18 15:17:34,0,2026-01-30,6602.990234375,0.2857142857142857,2601,0.045,out,6742.114310181676,-0.027978357764051748,0.11853277885784841,0.004014291332503884,0.05242518994445906
6740.0,189.2,2025-11-17 19:56:25,0,2026-01-30,6602.990234375,0.2896825396825397,2601,0.045,out,6742.114310181676,-0.02697865423303733,0.14980810180748974,0.006501190943662359,-0.0003136466803893149
6805.0,115.6,2025-11-17 19:47:54,0,2026-01-30,6602.990234375,0.2896825396825397,2601,0.045,out,6742.114310181676,-0.02697865423303733,0.11636622360815885,0.003922619657810135,0.00928406449882446
6815.0,149.45,2025-11-17 19:47:54,0,2026-01-30,6602.990234375,0.2896825396825397,2601,0.045,out,6742.114310181676,-0.02697865423303733,0.1435822701468907,0.005972057087059656,0.01075249354389091
6980.0,84.4,2025-11-17 19:25:54,0,2026-01-30,6602.990234375,0.2896825396825397,2601,0.045,out,6742.114310181676,-0.02697865423303733,0.1347572649895187,0.00526049600842953,0.03467534516967617
7030.0,64.4,2025-11-17 20:42:44,0,2026-01-30,6602.990234375,0.2896825396825397,2601,0.045,out,6742.114310181676,-0.02697865423303733,0.128055813532621,0.004750298693268262,0.041813134217968576
7035.0,72.66,2025-11-17 18:56:02,0,2026-01-30,6602.990234375,0.2896825396825397,2601,0.045,out,6742.114310181676,-0.02697865423303733,0.13633494377944316,0.00538439219587344,0.04252411896174748
5160.0,1545.85,2025-10-17 16:26:36,0,2025-12-31,6602.990234375,0.29365079365079366,2512,0.045,in,6627.109445923378,0.03258349727371791,0.333206737741654,0.03260308740339769,-0.25023214862991594
5170.0,1535.71,2025-10-17 16:25:52,0,2025-12-31,6602.990234375,0.29365079365079366,2512,0.045,in,6627.109445923378,0.03258349727371791,0.3306226252178141,0.03209935596284928,-0.24829603960304947
5210.0,1492.8,2025-10-17 16:23:11,0,2025-12-31,6602.990234375,0.29365079365079366,2512,0.045,in,6627.109445923378,0.03258349727371791,0.3149532537752718,0.02912885259011379,-0.24058887235811163
5240.0,1463.79,2025-10-17 16:21:50,0,2025-12-31,6602.990234375,0.29365079365079366,2512,0.045,in,6627.109445923378,0.03258349727371791,0.3105463587054635,0.02831940090073991,-0.2348472297904364
5270.0,1435.48,2025-10-17 16:23:33,0,2025-12-31,6602.990234375,0.29365079365079366,2512,0.045,in,6627.109445923378,0.03258349727371791,0.3076632932407325,0.027796015668937454,-0.22913836557011621
5435.0,1280.17,2025-10-17 16:34:09,0,2025-12-31,6602.990234375,0.29365079365079366,2512,0.045,in,6627.109445923378,0.03258349727371791,0.29067838247243205,0.024811707264771516,-0.19830920755021453
5520.0,1198.84,2025-10-17 16:24:29,0,2025-12-31,6602.990234375,0.29365079365079366,2512,0.045,in,6627.109445923378,0.03258349727371791,0.2784761609423858,0.022772317237212333,-0.18279086783438328
5570.0,1146.39,2025-10-17 16:19:05,0,2025-12-31,6602.990234375,0.29365079365079366,2512,0.045,in,6627.109445923378,0.03258349727371791,0.2632095946356579,0.020343918700046763,-0.17377367418419462
5575.0,1149.23,2025-10-17 16:33:39,0,2025-12-31,6602.990234375,0.29365079365079366,2512,0.045,in,6627.109445923378,0.03258349727371791,0.2753463505372838,0.02226331485639229,-0.17287641077720473
5625.0,1098.51,2025-10-17 16:13:42,0,2025-12-31,6602.990234375,0.29365079365079366,2512,0.045,in,6627.109445923378,0.03258349727371791,0.2631005147363391,0.02032706025093241,-0.1639477800329034
5630.0,1090.82,2025-10-17 16:13:48,0,2025-12-31,6602.990234375,0.29365079365079366,2512,0.045,in,6627.109445923378,0.03258349727371791,0.2576297900012753,0.019490516045680514,-0.16305928597178823
5690.0,1038.32,2025-10-17 16:15:23,0,2025-12-31,6602.990234375,0.29365079365079366,2512,0.045,in,6627.109445923378,0.03258349727371791,0.25619065335761665,0.019273373667529306,-0.1524584799851477
5710.0,1015.68,2025-10-17 16:18:55,0,2025-12-31,6602.990234375,0.29365079365079366,2512,0.045,in,6627.109445923378,0.03258349727371791,0.24777203426972527,0.01802751028371304,-0.14894970445546843
5935.0,815.11,2025-10-17 16:27:48,0,2025-12-31,6602.990234375,0.29365079365079366,2512,0.045,in,6627.109445923378,0.03258349727371791,0.22985148206460906,0.015514071752936509,-0.11030170006175588
5960.0,791.03,2025-10-17 16:25:02,0,2025-12-31,6602.990234375,0.29365079365079366,2512,0.045,in,6627.109445923378,0.03258349727371791,0.22516210634241948,0.01488750034051219,-0.1060982470461288
6190.0,590.5,2025-10-17 16:29:48,0,2025-12-31,6602.990234375,0.29365079365079366,2512,0.045,in,6627.109445923378,0.03258349727371791,0.20087270330701182,0.011848763401214853,-0.06823364142688247
5430.0,1315.0,2025-10-16 14:09:49,0,2025-12-31,6602.990234375,0.2976190476190476,2512,0.045,in,6627.109445923378,0.032749050643401674,0.33731517902768915,0.03386355059597678,-0.19922959417754318
6070.0,710.37,2025-10-15 19:21:27,0,2025-12-31,6602.990234375,0.30158730158730157,2512,0.045,in,6627.109445923378,0.032910247345462176,0.22576627859472112,0.01537202918189961,-0.08781012305198033
6180.0,748.6,2025-10-31 16:56:49,0,2026-01-16,6602.990234375,0.30158730158730157,2601,0.045,in,6742.114310181676,-0.024137391565943758,0.3247613083977766,0.03180838478115047,-0.08705530013500558
6390.0,385.27,2025-10-31 17:48:11,0,2026-01-16,6602.990234375,0.30158730158730157,2601,0.045,in,6742.114310181676,-0.024137391565943758,0.14246826883521013,0.006121380077351309,-0.05363930321516155
6410.0,487.62,2025-11-14 18:11:41,0,2026-01-30,6602.990234375,0.30158730158730157,2601,0.045,in,6742.114310181676,-0.024137391565943758,0.23269941251833237,0.01633065579589148,-0.05051430067202628
6450.0,312.2,2025-11-14 20:07:13,0,2026-01-30,6602.990234375,0.30158730158730157,2601,0.045,in,6742.114310181676,-0.024137391565943758,0.11638625117290548,0.004085229044120162,-0.04429344079692388
6360.0,499.6,2025-10-03 15:09:27,0,2025-12-19,6602.990234375,0.30158730158730157,2512,0.045,in,6627.109445923378,0.032910247345462176,0.21831594389670222,0.014374209140169089,-0.04114035077135644
6390.0,427.66,2025-10-15 18:09:58,0,2025-12-31,6602.990234375,0.30158730158730157,2512,0.045,in,6627.109445923378,0.032910247345462176,0.17703665042672062,0.009452341845903883,-0.03643445973394378
6555.0,371.14,2025-11-14 18:51:55,0,2026-01-30,6602.990234375,0.30158730158730157,2601,0.045,in,6742.114310181676,-0.024137391565943758,0.20827624877475528,0.013082554289999862,-0.028145454388941834
6575.0,363.68,2025-11-14 17:54:14,0,2026-01-30,6602.990234375,0.30158730158730157,2601,0.045,in,6742.114310181676,-0.024137391565943758,0.21059833908233366,0.013375897588262128,-0.02509899354077672
6990.0,98.5,2025-11-14 20:58:05,0,2026-01-30,6602.990234375,0.30158730158730157,2601,0.045,out,6742.114310181676,-0.024137391565943758,0.14461303945324908,0.006307074482829087,0.036106984641113865
5880.0,913.4,2025-10-02 19:30:24,0,2025-12-19,6602.990234375,0.3055555555555556,2512,0.045,in,6627.109445923378,0.03306725712019644,0.28281023994065624,0.02443883194356131,-0.11961196621285175
6205.0,708.64,2025-11-13 15:01:26,0,2026-01-30,6602.990234375,0.3055555555555556,2601,0.045,in,6742.114310181676,-0.023239503363788633,0.3029531882033714,0.028044082685235037,-0.08301815294803447
6180.0,626.15,2025-10-02 15:10:30,0,2025-12-19,6602.990234375,0.3055555555555556,2512,0.045,in,6627.109445923378,0.03306725712019644,0.22043833025204487,0.014847878663539047,-0.06985045665378785
6330.0,581.2,2025-11-13 16:01:10,0,2026-01-30,6602.990234375,0.3055555555555556,2601,0.045,in,6742.114310181676,-0.023239503363788633,0.26458731505793015,0.021390858894033565,-0.06307333544852015
6260.0,565.5,2025-10-02 19:45:29,0,2025-12-19,6602.990234375,0.3055555555555556,2512,0.045,in,6627.109445923378,0.03306725712019644,0.2163435523903975,0.014301384979718425,-0.056988543011380115
6375.0,532.8,2025-11-13 17:18:58,0,2026-01-30,6602.990234375,0.3055555555555556,2601,0.045,in,6742.114310181676,-0.023239503363788633,0.2486969455717659,0.018898663280666243,-0.05598948056011511
6435.0,558.8,2025-10-30 16:21:27,0,2026-01-16,6602.990234375,0.3055555555555556,2601,0.045,in,6742.114310181676,-0.023239503363788633,0.29343200202936787,0.026309048276794235,-0.04662173055651498
5310.0,1398.0,2025-10-13 14:02:04,0,2025-12-31,6602.990234375,0.30952380952380953,2512,0.045,in,6627.109445923378,0.03322024100327084,0.2891183113990703,0.02587290890050589,-0.2215768928695398
5825.0,1104.7,2025-10-29 18:41:51,0,2026-01-16,6602.990234375,0.30952380952380953,2601,0.045,in,6742.114310181676,-0.02236463793604776,0.4224250459761794,0.05523233221627869,-0.14621457215284067
6315.0,481.03,2025-10-13 16:26:01,0,2025-12-31,6602.990234375,0.30952380952380953,2512,0.045,in,6627.109445923378,0.03322024100327084,0.17553664110045036,0.009537391923684956,-0.048240972320932794
6320.0,507.19,2025-10-01 18:08:31,0,2025-12-19,6602.990234375,0.30952380952380953,2512,0.045,in,6627.109445923378,0.03322024100327084,0.19984571900852496,0.012361858292343954,-0.04744951996462121
6335.0,501.42,2025-10-01 18:58:30,0,2025-12-19,6602.990234375,0.30952380952380953,2512,0.045,in,6627.109445923378,0.03322024100327084,0.20318783949000366,0.012778782750380987,-0.04507891435028489
6845.0,229.2,2025-11-12 19:15:13,0,2026-01-30,6602.990234375,0.30952380952380953,2601,0.045,out,6742.114310181676,-0.02236463793604776,0.2005785543674852,0.012452686527094114,0.01514488713580734
6895.0,200.17,2025-11-12 20:28:32,0,2026-01-30,6602.990234375,0.30952380952380953,2601,0.045,out,6742.114310181676,-0.02236463793604776,0.19364859135715934,0.011607073813094218,0.022422939640660233
6935.0,175.69,2025-11-12 20:18:41,0,2026-01-30,6602.990234375,0.30952380952380953,2601,0.045,out,6742.114310181676,-0.02236463793604776,0.1864116924962204,0.01075574162597549,0.028207482162189858
7090.0,102.46,2025-11-12 20:28:32,0,2026-01-30,6602.990234375,0.30952380952380953,2601,0.045,out,6742.114310181676,-0.02236463793604776,0.1660234526730677,0.008531648306841014,0.05031176893943126
5720.0,1171.74,2025-11-11 14:48:02,0,2026-01-30,6602.990234375,0.3134920634920635,2601,0.045,in,6742.114310181676,-0.021511921000148426,0.41439014091036036,0.05383260286433713,-0.1644047662128984
5750.0,1166.54,2025-11-11 18:17:45,0,2026-01-30,6602.990234375,0.3134920634920635,2601,0.045,in,6742.114310181676,-0.021511921000148426,0.42872269114066214,0.057620827484176323,-0.15917371679534595
5790.0,955.2,2025-09-30 19:04:27,0,2025-12-19,6602.990234375,0.3134920634920635,2512,0.045,in,6627.109445923378,0.03336935187664716,0.24341126607867444,0.01857410520582475,-0.1350364365384833
6940.0,172.36,2025-11-11 20:42:29,0,2026-01-30,6602.990234375,0.3134920634920635,2601,0.045,out,6742.114310181676,-0.021511921000148426,0.1837821018317816,0.01058846434659873,0.02892820291410814
7115.0,82.9,2025-11-11 14:36:32,0,2026-01-30,6602.990234375,0.3134920634920635,2601,0.045,out,6742.114310181676,-0.021511921000148426,0.15353877554420428,0.007390310682751865,0.0538316599372107
5540.0,1333.94,2025-11-10 15:12:29,0,2026-01-30,6602.990234375,0.31746031746031744,2601,0.045,in,6742.114310181676,-0.02068052198764657,0.44316405540730003,0.06234742222382365,-0.19637907084541256
6260.0,690.27,2025-11-10 20:15:09,0,2026-01-30,6602.990234375,0.31746031746031744,2601,0.045,in,6742.114310181676,-0.02068052198764657,0.30779187453361434,0.03007486921552895,-0.07419338649259781
6305.0,650.83,2025-11-10 20:13:42,0,2026-01-30,6602.990234375,0.31746031746031744,2601,0.045,in,6742.114310181676,-0.02068052198764657,0.2986468447738405,0.02831426599789536,-0.06703060218772207
6205.0,566.8,2025-09-29 19:53:52,0,2025-12-19,6602.990234375,0.31746031746031744,2512,0.045,in,6627.109445923378,0.03351473497818907,0.17707609741389102,0.009954268023915499,-0.06581330946681667
6315.0,648.74,2025-10-27 17:26:27,0,2026-01-16,6602.990234375,0.31746031746031744,2601,0.045,in,6742.114310181676,-0.02068052198764657,0.30152512055022485,0.02886266613423099,-0.0654458158021505
6335.0,621.83,2025-11-10 20:15:35,0,2026-01-30,6602.990234375,0.31746031746031744,2601,0.045,in,6742.114310181676,-0.02068052198764657,0.29043350261725864,0.0267782918865172,-0.06228375783150265
6520.0,439.42,2025-11-10 15:35:57,0,2026-01-30,6602.990234375,0.31746031746031744,2601,0.045,in,6742.114310181676,-0.02068052198764657,0.23548976674077463,0.017604898488769664,-0.03349919566604342
7095.0,82.5,2025-11-10 14:34:43,0,2026-01-30,6602.990234375,0.31746031746031744,2601,0.045,out,6742.114310181676,-0.02068052198764657,0.14821940496437536,0.006974283177140793,0.05101673900740096
5475.0,1264.46,2025-11-07 18:22:55,0,2026-01-30,6602.990234375,0.32936507936507936,2601,0.045,in,6742.114310181676,-0.018306527217008747,0.2930044660679737,0.028276524691546043,-0.20818129590204043
6285.0,516.98,2025-11-07 16:59:43,0,2026-01-30,6602.990234375,0.32936507936507936,2601,0.045,in,6742.114310181676,-0.018306527217008747,0.1791576289773245,0.010571781149700251,-0.07020772956239424
6955.0,113.5,2025-11-07 20:36:19,0,2026-01-30,6602.990234375,0.32936507936507936,2601,0.045,out,6742.114310181676,-0.018306527217008747,0.14011680565672066,0.006466332126499158,0.031087253770801206
7135.0,44.79,2025-11-07 16:46:02,0,2026-01-30,6602.990234375,0.32936507936507936,2601,0.045,out,6742.114310181676,-0.018306527217008747,0.11857444191900632,0.004630839511672681,0.05663867932419478
6345.0,532.3,2025-10-23 18:09:44,0,2026-01-16,6602.990234375,0.3333333333333333,2601,0.045,in,6742.114310181676,-0.01755287808347293,0.22058998851882075,0.016219981011577823,-0.06070647043825402
5250.0,1604.97,2025-11-05 16:30:21,0,2026-01-30,6602.990234375,0.3373015873015873,2601,0.045,in,6742.114310181676,-0.016816961870726177,0.48358242232281573,0.07887863702486579,-0.2501454950010727
5500.0,1394.07,2025-11-05 18:51:40,0,2026-01-30,6602.990234375,0.3373015873015873,2601,0.045,in,6742.114310181676,-0.016816961870726177,0.4565883138565602,0.07031823614992865,-0.20362547936617972
5825.0,994.2,2025-10-06 16:04:05,0,2025-12-31,6602.990234375,0.3373015873015873,2512,0.045,in,6627.109445923378,0.03419033880300148,0.3013031390557435,0.030621446176237306,-0.12900972867162297
5950.0,918.92,2025-11-05 14:36:17,0,2026-01-30,6602.990234375,0.3373015873015873,2601,0.045,in,6742.114310181676,-0.016816961870726177,0.3154499274797982,0.03356442787101527,-0.12498235204706663
6075.0,844.98,2025-11-05 17:27:31,0,2026-01-30,6602.990234375,0.3373015873015873,2601,0.045,in,6742.114310181676,-0.016816961870726177,0.32441555149285495,0.035499457358274304,-0.10419158237799284
6240.0,696.36,2025-11-05 16:53:55,0,2026-01-30,6602.990234375,0.3373015873015873,2601,0.045,in,6742.114310181676,-0.016816961870726177,0.2914543514432398,0.02865229886068238,-0.0773933892232687
5760.0,1043.61,2025-10-20 13:55:11,0,2026-01-16,6602.990234375,0.34523809523809523,2601,0.045,in,6742.114310181676,-0.0153958822874911,0.29614207151434274,0.030277424632183057,-0.15743609689680513
6125.0,826.55,2025-11-03 15:16:42,0,2026-01-30,6602.990234375,0.34523809523809523,2601,0.045,in,6742.114310181676,-0.0153958822874911,0.3302187820842579,0.03764629615708462,-0.09599481517381434
6150.0,812.57,2025-11-03 14:50:58,0,2026-01-30,6602.990234375,0.34523809523809523,2601,0.045,in,6742.114310181676,-0.0153958822874911,0.3315557445174597,0.03795175166611052,-0.09192148978617842
6155.0,808.02,2025-11-03 14:50:58,0,2026-01-30,6602.990234375,0.34523809523809523,2601,0.045,in,6742.114310181676,-0.0153958822874911,0.3304922197434315,0.03770866800020569,-0.09110881196818814
6175.0,782.81,2025-11-03 15:06:19,0,2026-01-30,6602.990234375,0.34523809523809523,2601,0.045,in,6742.114310181676,-0.0153958822874911,0.32101192126918127,0.03557632088465476,-0.08786468909056404
6200.0,762.2,2025-11-03 15:08:52,0,2026-01-30,6602.990234375,0.34523809523809523,2601,0.045,in,6742.114310181676,-0.0153958822874911,0.3172577739869127,0.034749075708319026,-0.08382427955355908
6215.0,579.6,2025-09-22 15:35:14,0,2025-12-19,6602.990234375,0.34523809523809523,2512,0.045,in,6627.109445923378,0.03443883676155317,0.18255707315031497,0.011505779330465168,-0.06420300316071284
6010.0,829.27,2025-10-03 16:50:04,0,2025-12-31,6602.990234375,0.3492063492063492,2512,0.045,in,6627.109445923378,0.034558849980171884,0.2678325867145124,0.02505007109739856,-0.09774397957627103
5570.0,1144.61,2025-09-19 14:58:25,0,2025-12-19,6602.990234375,0.35714285714285715,2512,0.045,in,6627.109445923378,0.03479087553616807,0.2097611301183402,0.01571418989590116,-0.17377367418419462
5580.0,1183.13,2025-10-01 17:00:54,0,2025-12-31,6602.990234375,0.35714285714285715,2512,0.045,in,6627.109445923378,0.03479087553616807,0.28315260384358093,0.028634070379785673,-0.17197995173016764
5730.0,1002.3,2025-10-17 15:17:23,0,2026-01-16,6602.990234375,0.35714285714285715,2601,0.045,in,6742.114310181676,-0.013382686211241397,0.20986799940089018,0.015730206133047157,-0.1626580408779567
5900.0,830.5,2025-11-21 21:00:19,0,2026-02-20,6602.990234375,0.35714285714285715,2602,0.045,in,6681.031889159656,0.012100454159271974,0.17403096719940328,0.010816706265842779,-0.1243200991320334
5870.0,874.36,2025-09-19 18:49:08,0,2025-12-19,6602.990234375,0.35714285714285715,2512,0.045,in,6627.109445923378,0.03479087553616807,0.19879706760108862,0.014114383602425642,-0.12131409428338213
6030.0,938.44,2025-10-31 15:20:40,0,2026-01-30,6602.990234375,0.35714285714285715,2601,0.045,in,6742.114310181676,-0.013382686211241397,0.36177779266484994,0.046743989737661126,-0.11162656086551093
6040.0,737.11,2025-10-17 16:55:15,0,2026-01-16,6602.990234375,0.35714285714285715,2601,0.045,in,6742.114310181676,-0.013382686211241397,0.19992503780256962,0.014275007407271034,-0.10996955965788141
6005.0,770.22,2025-10-01 13:40:20,0,2025-12-31,6602.990234375,0.35714285714285715,2512,0.045,in,6627.109445923378,0.03479087553616807,0.20557988460374899,0.015093960340603839,-0.09857627259144033
6125.0,610.06,2025-11-21 15:07:49,0,2026-02-20,6602.990234375,0.35714285714285715,2602,0.045,in,6681.031889159656,0.012100454159271974,0.1369664619902769,0.006699932753619274,-0.0868936936129165
6340.0,645.1,2025-10-31 19:57:47,0,2026-01-30,6602.990234375,0.35714285714285715,2601,0.045,in,6742.114310181676,-0.013382686211241397,0.28737625453008164,0.029494682738477954,-0.061494803155470394
6350.0,472.0,2025-11-21 17:33:22,0,2026-02-20,6602.990234375,0.35714285714285715,2602,0.045,in,6681.031889159656,0.012100454159271974,0.1678528763426206,0.01006235289160396,-0.05081763713910693
6410.0,423.6,2025-10-17 14:55:45,0,2026-01-16,6602.990234375,0.35714285714285715,2601,0.045,in,6742.114310181676,-0.013382686211241397,0.16163754569207453,0.009330962920484815,-0.05051430067202628
6400.0,415.2,2025-11-21 18:08:11,0,2026-02-20,6602.990234375,0.35714285714285715,2602,0.045,in,6681.031889159656,0.012100454159271974,0.15055197489602332,0.008094963266104585,-0.042974459678081
6420.0,379.7,2025-11-21 15:22:58,0,2026-02-20,6602.990234375,0.35714285714285715,2602,0.045,in,6681.031889159656,0.012100454159271974,0.1340699778894067,0.0064195567754521425,-0.03985433234183738
6430.0,401.92,2025-11-21 16:57:02,0,2026-02-20,6602.990234375,0.35714285714285715,2602,0.045,in,6681.031889159656,0.012100454159271974,0.15537241259190257,0.008621638069510145,-0.038297911794179115
6440.0,391.52,2025-11-21 16:56:17,0,2026-02-20,6602.990234375,0.35714285714285715,2602,0.045,in,6681.031889159656,0.012100454159271974,0.1525506750934866,0.00831132445409947,-0.036743909927444945
6445.0,396.39,2025-11-21 16:57:57,0,2026-02-20,6602.990234375,0.35714285714285715,2602,0.045,in,6681.031889159656,0.012100454159271974,0.15832201371758353,0.008952092866996681,-0.0359678136525564
6450.0,348.0,2025-11-21 15:43:19,0,2026-02-20,6602.990234375,0.35714285714285715,2602,0.045,in,6681.031889159656,0.012100454159271974,0.1255995495589786,0.0056340167319351145,-0.03519231923602602
6470.0,338.0,2025-11-21 15:35:02,0,2026-02-20,6602.990234375,0.35714285714285715,2602,0.045,in,6681.031889159656,0.012100454159271974,0.12806042565657963,0.0058569545069087,-0.03209634153089795
6480.0,369.8,2025-11-21 18:00:27,0,2026-02-20,6602.990234375,0.35714285714285715,2602,0.045,in,6681.031889159656,0.012100454159271974,0.15509094008825147,0.008590428463377717,-0.03055193967952377
6495.0,330.5,2025-11-21 14:59:08,0,2026-02-20,6602.990234375,0.35714285714285715,2602,0.045,in,6681.031889159656,0.012100454159271974,0.13421419662775524,0.006433375205869196,-0.02823979992114433
6500.0,353.3,2025-11-21 20:41:40,0,2026-02-20,6602.990234375,0.35714285714285715,2602,0.045,in,6681.031889159656,0.012100454159271974,0.15218270417632923,0.008271276946578619,-0.02747027314211568
6540.0,324.4,2025-11-21 17:58:45,0,2026-02-20,6602.990234375,0.35714285714285715,2602,0.045,in,6681.031889159656,0.012100454159271974,0.14881131169119163,0.00790885945973321,-0.021335284574599794
6550.0,302.0,2025-11-21 16:36:20,0,2026-02-20,6602.990234375,0.35714285714285715,2602,0.045,in,6681.031889159656,0.012100454159271974,0.1377195551100292,0.006773812807037274,-0.019807400396546635
6575.0,279.5,2025-11-21 16:28:56,0,2026-02-20,6602.990234375,0.35714285714285715,2602,0.045,in,6681.031889159656,0.012100454159271974,0.13243429183830852,0.00626387201954081,-0.015997871979878866
6600.0,287.05,2025-11-21 19:59:34,0,2026-02-20,6602.990234375,0.35714285714285715,2602,0.045,in,6681.031889159656,0.012100454159271974,0.14664439201696527,0.007680206325009068,-0.012202801011327293
6620.0,264.54,2025-11-21 21:13:24,0,2026-02-20,6602.990234375,0.35714285714285715,2602,0.045,out,6681.031889159656,0.012100454159271974,0.13907938799802907,0.006908241487823683,-0.00917708009479032
6625.0,271.4,2025-11-21 17:27:49,0,2026-02-20,6602.990234375,0.35714285714285715,2602,0.045,out,6681.031889159656,0.012100454159271974,0.14525790577261607,0.0075356639962307894,-0.008422078171421288
6650.0,225.4,2025-11-21 15:04:50,0,2026-02-20,6602.990234375,0.35714285714285715,2602,0.045,out,6681.031889159656,0.012100454159271974,0.12411699140675143,0.005501795555665575,-0.004655595375944349
6670.0,235.4,2025-11-21 18:34:17,0,2026-02-20,6602.990234375,0.35714285714285715,2602,0.045,out,6681.031889159656,0.012100454159271974,0.13712432015691578,0.00671538542089155,-0.00165259011617478
6675.0,245.2,2025-11-21 20:17:12,0,2026-02-20,6602.990234375,0.35714285714285715,2602,0.045,out,6681.031889159656,0.012100454159271974,0.14498892383645456,0.0075077814411618655,-0.0009032457573939333
6680.0,230.5,2025-11-21 18:36:04,0,2026-02-20,6602.990234375,0.35714285714285715,2602,0.045,out,6681.031889159656,0.012100454159271974,0.1371943420935929,0.006722245536604929,-0.00015446249515283205
6695.0,226.9,2025-11-21 20:37:57,0,2026-02-20,6602.990234375,0.35714285714285715,2602,0.045,out,6681.031889159656,0.012100454159271974,0.13960106546441833,0.006960163385286005,0.002088529099428771
6700.0,220.63,2025-11-21 20:51:12,0,2026-02-20,6602.990234375,0.35714285714285715,2602,0.045,out,6681.031889159656,0.012100454159271974,0.1371524241033144,0.006718138370505507,0.0028350763532131768
6705.0,211.1,2025-11-21 20:51:23,0,2026-02-20,6602.990234375,0.35714285714285715,2602,0.045,out,6681.031889159656,0.012100454159271974,0.1326217637589831,0.006281618650908401,0.003581066689934728
6710.0,214.78,2025-11-21 20:51:12,0,2026-02-20,6602.990234375,0.35714285714285715,2602,0.045,out,6681.031889159656,0.012100454159271974,0.1364816339101782,0.006652584426711395,0.004326500939883166
6715.0,209.4,2025-11-21 20:52:32,0,2026-02-20,6602.990234375,0.35714285714285715,2602,0.045,out,6681.031889159656,0.012100454159271974,0.13456933148983458,0.006467466063436065,0.005071379931493719
6720.0,194.32,2025-11-21 02:52:12,0,2026-02-20,6602.990234375,0.35714285714285715,2602,0.045,out,6681.031889159656,0.012100454159271974,0.12648377275338754,0.005713623132118064,0.0058157044913510775
6725.0,188.7,2025-11-21 16:22:27,0,2026-02-20,6602.990234375,0.35714285714285715,2602,0.045,out,6681.031889159656,0.012100454159271974,0.12439863199202089,0.00552679272910223,0.006559475444195565
6730.0,174.29,2025-11-21 10:45:04,0,2026-02-20,6602.990234375,0.35714285714285715,2602,0.045,out,6681.031889159656,0.012100454159271974,0.11671761530162236,0.004865357757749111,0.007302693612929279
6735.0,201.55,2025-11-21 18:47:36,0,2026-02-20,6602.990234375,0.35714285714285715,2602,0.045,out,6681.031889159656,0.012100454159271974,0.13549477110194902,0.006556726069989128,0.00804535981862023
6750.0,175.6,2025-11-21 16:22:27,0,2026-02-20,6602.990234375,0.35714285714285715,2602,0.045,out,6681.031889159656,0.012100454159271974,0.12331566281675722,0.005430983105691485,0.010270054840731398
6760.0,173.4,2025-11-21 16:29:42,0,2026-02-20,6602.990234375,0.35714285714285715,2602,0.045,out,6681.031889159656,0.012100454159271974,0.12472910890945997,0.005556196646195688,0.011750440011165608
6770.0,182.58,2025-11-21 16:57:02,0,2026-02-20,6602.990234375,0.35714285714285715,2602,0.045,out,6681.031889159656,0.012100454159271974,0.13334662100467015,0.006350471904772549,0.01322863688047645
6775.0,153.0,2025-11-21 15:39:36,0,2026-02-20,6602.990234375,0.35714285714285715,2602,0.045,out,6681.031889159656,0.012100454159271974,0.1158502309942311,0.00479331286479168,0.013966916722057502
6785.0,172.75,2025-11-21 16:56:17,0,2026-02-20,6602.990234375,0.35714285714285715,2602,0.045,out,6681.031889159656,0.012100454159271974,0.13116316381021204,0.006144205550251613,0.01544184324312531
6795.0,148.01,2025-11-21 15:58:03,0,2026-02-20,6602.990234375,0.35714285714285715,2602,0.045,out,6681.031889159656,0.012100454159271974,0.11798636815223038,0.004971708239197729,0.01691459755939982
6800.0,148.9,2025-11-21 14:30:02,0,2026-02-20,6602.990234375,0.35714285714285715,2602,0.045,out,6681.031889159656,0.012100454159271974,0.11986506023925389,0.005131297380771416,0.01765016213835388
6810.0,149.0,2025-11-21 16:32:47,0,2026-02-20,6602.990234375,0.35714285714285715,2602,0.045,out,6681.031889159656,0.012100454159271974,0.12251755150420965,0.005360910866638095,0.019119670117713806
6825.0,147.4,2025-11-21 20:58:26,0,2026-02-20,6602.990234375,0.35714285714285715,2602,0.045,out,6681.031889159656,0.012100454159271974,0.1253014899486438,0.005607308351196458,0.021319891027316257
6835.0,137.3,2025-11-21 16:32:51,0,2026-02-20,6602.990234375,0.35714285714285715,2602,0.045,out,6681.031889159656,0.012100454159271974,0.12124414492559257,0.005250050956692177,0.02278402013220565
6845.0,132.9,2025-11-21 16:32:47,0,2026-02-20,6602.990234375,0.35714285714285715,2602,0.045,out,6681.031889159656,0.012100454159271974,0.12082302729256113,0.005213644258621061,0.024246008696705137
6850.0,134.74,2025-11-21 16:12:34,0,2026-02-20,6602.990234375,0.35714285714285715,2602,0.045,out,6681.031889159656,0.012100454159271974,0.12323815918737563,0.005424158528533192,0.024976202230426712
6855.0,128.9,2025-11-21 16:32:37,0,2026-02-20,6602.990234375,0.35714285714285715,2602,0.045,out,6681.031889159656,0.012100454159271974,0.12061085879820545,0.005195349735728804,0.02570586297057058
6865.0,150.8,2025-11-21 19:21:45,0,2026-02-20,6602.990234375,0.35714285714285715,2602,0.045,out,6681.031889159656,0.012100454159271974,0.1373596299328946,0.006738452834036342,0.02716358917622718
6875.0,138.7,2025-11-21 19:02:51,0,2026-02-20,6602.990234375,0.35714285714285715,2602,0.045,out,6681.031889159656,0.012100454159271974,0.13180769775030082,0.006204738995083806,0.02861919350892774
6880.0,133.0,2025-11-21 17:50:23,0,2026-02-20,6602.990234375,0.35714285714285715,2602,0.045,out,6681.031889159656,0.012100454159271974,0.12921826306678966,0.005963342682142163,0.029346201901545122
6900.0,113.0,2025-11-21 20:59:30,0,2026-02-20,6602.990234375,0.35714285714285715,2602,0.045,out,6681.031889159656,0.012100454159271974,0.12042076454036657,0.005178985904459431,0.03224896155950663
6910.0,107.0,2025-11-21 15:25:58,0,2026-02-20,6602.990234375,0.35714285714285715,2602,0.045,out,6681.031889159656,0.012100454159271974,0.11855850673423034,0.005020042685375193,0.0336971877358714
6925.0,119.8,2025-11-21 16:32:45,0,2026-02-20,6602.990234375,0.35714285714285715,2602,0.045,out,6681.031889159656,0.012100454159271974,0.13056424688213805,0.0060882223442499635,0.03586560202969509
6930.0,94.7,2025-11-21 16:21:00,0,2026-02-20,6602.990234375,0.35714285714285715,2602,0.045,out,6681.031889159656,0.012100454159271974,0.11436535676637001,0.004671226724392534,0.03658736315810462
6950.0,95.8,2025-11-21 20:56:55,0,2026-02-20,6602.990234375,0.35714285714285715,2602,0.045,out,6681.031889159656,0.012100454159271974,0.11931678874938252,0.005084462884808848,0.03946920953299362
6955.0,108.26,2025-11-21 19:08:46,0,2026-02-20,6602.990234375,0.35714285714285715,2602,0.045,out,6681.031889159656,0.012100454159271974,0.1290861582758972,0.0059511558065821375,0.04018837533169917
6970.0,97.7,2025-11-21 19:58:32,0,2026-02-20,6602.990234375,0.35714285714285715,2602,0.045,out,6681.031889159656,0.012100454159271974,0.12477492066043885,0.005560278866363861,0.04234277472872547
6995.0,92.35,2025-11-21 19:44:24,0,2026-02-20,6602.990234375,0.35714285714285715,2602,0.045,out,6681.031889159656,0.012100454159271974,0.12596296525075226,0.005666667362415079,0.04592315807373741
7000.0,79.5,2025-11-21 21:02:19,0,2026-02-20,6602.990234375,0.35714285714285715,2602,0.045,out,6681.031889159656,0.012100454159271974,0.1174907927262525,0.0049300308483725816,0.04663769901160608
7010.0,87.44,2025-11-21 19:44:22,0,2026-02-20,6602.990234375,0.35714285714285715,2602,0.045,out,6681.031889159656,0.012100454159271974,0.1253115884684829,0.005608212215890863,0.04806525100279166
7020.0,79.1,2025-11-21 20:47:04,0,2026-02-20,6602.990234375,0.35714285714285715,2602,0.045,out,6681.031889159656,0.012100454159271974,0.12100340250563248,0.005229222649264323,0.04949076799401263
7025.0,71.8,2025-11-21 21:02:19,0,2026-02-20,6602.990234375,0.35714285714285715,2602,0.045,out,6681.031889159656,0.012100454159271974,0.11636540993834128,0.004836038796470791,0.050202765176102414
7030.0,70.8,2025-11-21 21:01:21,0,2026-02-20,6602.990234375,0.35714285714285715,2602,0.045,out,6681.031889159656,0.012100454159271974,0.11651387201680408,0.004848386561552929,0.05091425577886635
7050.0,70.39,2025-11-21 17:13:41,0,2026-02-20,6602.990234375,0.35714285714285715,2602,0.045,out,6681.031889159656,0.012100454159271974,0.11984448487301606,0.005129535912313778,0.0537551667804702
7060.0,67.2,2025-11-21 20:47:04,0,2026-02-20,6602.990234375,0.35714285714285715,2602,0.045,out,6681.031889159656,0.012100454159271974,0.11911151262444694,0.00506698301417278,0.055172601461443566
7075.0,65.39,2025-11-21 19:56:47,0,2026-02-20,6602.990234375,0.35714285714285715,2602,0.045,out,6681.031889159656,0.012100454159271974,0.12030813931640653,0.005169302994919959,0.0572949934855942
7100.0,62.47,2025-11-21 18:51:14,0,2026-02-20,6602.990234375,0.35714285714285715,2602,0.045,out,6681.031889159656,0.012100454159271974,0.12224408081714595,0.005337005462438897,0.06082233400356258
7110.0,50.4,2025-11-21 20:30:43,0,2026-02-20,6602.990234375,0.35714285714285715,2602,0.045,out,6681.031889159656,0.012100454159271974,0.11355008092086306,0.004604864598976625,0.06222979377144229
7120.0,50.8,2025-11-21 20:26:52,0,2026-02-20,6602.990234375,0.35714285714285715,2602,0.045,out,6681.031889159656,0.012100454159271974,0.11554166096000139,0.004767812649069968,0.06363527538017734
7130.0,48.97,2025-11-21 18:42:33,0,2026-02-20,6602.990234375,0.35714285714285715,2602,0.045,out,6681.031889159656,0.012100454159271974,0.11551591835504037,0.004765688354788697,0.06503878438249745
7150.0,42.1,2025-11-21 19:28:02,0,2026-02-20,6602.990234375,0.35714285714285715,2602,0.045,out,6681.031889159656,0.012100454159271974,0.11225673838167438,0.004500562611461317,0.06783990666220906
7160.0,42.6,2025-11-21 20:25:13,0,2026-02-20,6602.990234375,0.35714285714285715,2602,0.045,out,6681.031889159656,0.012100454159271974,0.11428700513214597,0.0046648284078839855,0.06923753092884717
6150.0,576.06,2025-11-20 21:10:17,0,2026-02-20,6602.990234375,0.3611111111111111,2602,0.045,in,6681.031889159656,0.012461987630049201,0.11853853063800014,0.005074110616544702,-0.0828203682252806
6200.0,687.97,2025-11-20 15:07:29,0,2026-02-20,6602.990234375,0.3611111111111111,2602,0.045,in,6681.031889159656,0.012461987630049201,0.2535056768270463,0.023206851844055687,-0.07472315799266133
6310.0,599.96,2025-11-20 15:06:09,0,2026-02-20,6602.990234375,0.3611111111111111,2602,0.045,in,6681.031889159656,0.012461987630049201,0.24094204621628187,0.02096360847926544,-0.0571367734905854
6490.0,370.0,2025-11-20 14:46:03,0,2026-02-20,6602.990234375,0.3611111111111111,2602,0.045,in,6681.031889159656,0.012461987630049201,0.1581095903037924,0.009027287586067502,-0.029009919327708533
6525.0,294.7,2025-11-20 19:36:47,0,2026-02-20,6602.990234375,0.3611111111111111,2602,0.045,in,6681.031889159656,0.012461987630049201,0.12122443038521072,0.005306658688579011,-0.02363149683495004
6570.0,274.8,2025-11-20 20:50:30,0,2026-02-20,6602.990234375,0.3611111111111111,2602,0.045,in,6681.031889159656,0.012461987630049201,0.12621538382247954,0.0057526166798590505,-0.016758617547188052
6640.0,249.4,2025-11-20 17:46:45,0,2026-02-20,6602.990234375,0.3611111111111111,2602,0.045,out,6681.031889159656,0.012461987630049201,0.1350325534256052,0.006584424341675165,-0.006160486555364688
6660.0,227.29,2025-11-20 20:34:26,0,2026-02-20,6602.990234375,0.3611111111111111,2602,0.045,out,6681.031889159656,0.012461987630049201,0.1275693890317,0.005876703812027108,-0.0031529654914094125
6685.0,233.11,2025-11-20 17:25:10,0,2026-02-20,6602.990234375,0.3611111111111111,2602,0.045,out,6681.031889159656,0.012461987630049201,0.1392910952769505,0.007006281108468958,0.0005937605101992804
6740.0,205.7,2025-11-20 17:16:41,0,2026-02-20,6602.990234375,0.3611111111111111,2602,0.045,out,6681.031889159656,0.012461987630049201,0.13846561880534078,0.006923484963469367,0.008787474880508449
6755.0,215.22,2025-11-20 16:54:03,0,2026-02-20,6602.990234375,0.3611111111111111,2602,0.045,out,6681.031889159656,0.012461987630049201,0.1487513013910189,0.007990287379216183,0.011010521368454984
6780.0,165.3,2025-11-20 19:15:28,0,2026-02-20,6602.990234375,0.3611111111111111,2602,0.045,out,6681.031889159656,0.012461987630049201,0.12404324109292249,0.005556317599746656,0.014704651908596968
6790.0,177.1,2025-11-20 17:53:10,0,2026-02-20,6602.990234375,0.3611111111111111,2602,0.045,out,6681.031889159656,0.012461987630049201,0.13421495082654902,0.006504930259162462,0.016178491526897685
6820.0,161.5,2025-11-20 18:21:47,0,2026-02-20,6602.990234375,0.3611111111111111,2602,0.045,out,6681.031889159656,0.012461987630049201,0.1320872146707633,0.006300317212034555,0.02058702181166348
6840.0,173.7,2025-11-20 16:43:14,0,2026-02-20,6602.990234375,0.3611111111111111,2602,0.045,out,6681.031889159656,0.012461987630049201,0.14495416464174224,0.007587561889189141,0.023515281590751943
6870.0,123.0,2025-11-20 20:14:24,0,2026-02-20,6602.990234375,0.3611111111111111,2602,0.045,out,6681.031889159656,0.012461987630049201,0.11931354979149782,0.005140677809167416,0.02789165619055086
6895.0,112.0,2025-11-20 18:22:52,0,2026-02-20,6602.990234375,0.3611111111111111,2602,0.045,out,6681.031889159656,0.012461987630049201,0.11769835851416752,0.005002437410002322,0.031524061201557985
6920.0,125.8,2025-11-20 19:08:27,0,2026-02-20,6602.990234375,0.3611111111111111,2602,0.045,out,6681.031889159656,0.012461987630049201,0.132510439698096,0.006340756004910433,0.03514331958587101
6940.0,126.2,2025-11-20 16:43:52,0,2026-02-20,6602.990234375,0.3611111111111111,2602,0.045,out,6681.031889159656,0.012461987630049201,0.13716599632351728,0.006794128808791695,0.038029324475006045
6960.0,80.86,2025-11-20 18:50:16,0,2026-02-20,6602.990234375,0.3611111111111111,2602,0.045,out,6681.031889159656,0.012461987630049201,0.10980338016530843,0.00435383805123484,0.040907024302621074
6975.0,85.3,2025-11-20 19:09:42,0,2026-02-20,6602.990234375,0.3611111111111111,2602,0.045,out,6681.031889159656,0.012461987630049201,0.11598527219288188,0.004857877326487213,0.04305987766372214
6980.0,87.92,2025-11-20 15:43:15,0,2026-02-20,6602.990234375,0.3611111111111111,2602,0.045,out,6681.031889159656,0.012461987630049201,0.11886577903797943,0.005102165403943743,0.043776466730574
6985.0,74.0,2025-11-20 20:54:04,0,2026-02-20,6602.990234375,0.3611111111111111,2602,0.045,out,6681.031889159656,0.012461987630049201,0.10964622720102479,0.004341384355901215,0.0444925426652179
6990.0,77.48,2025-11-20 14:36:30,0,2026-02-20,6602.990234375,0.3611111111111111,2602,0.045,out,6681.031889159656,0.012461987630049201,0.11318988550586086,0.004626537565299682,0.045208106202011725
7070.0,94.97,2025-11-20 14:49:59,0,2026-02-20,6602.990234375,0.3611111111111111,2602,0.045,out,6681.031889159656,0.012461987630049201,0.14134201005572924,0.00721412026349223,0.05658802986477419
7080.0,59.75,2025-11-20 20:55:07,0,2026-02-20,6602.990234375,0.3611111111111111,2602,0.045,out,6681.031889159656,0.012461987630049201,0.11568246579047772,0.004832545210770712,0.058001457661921135
7090.0,64.5,2025-11-20 16:58:23,0,2026-02-20,6602.990234375,0.3611111111111111,2602,0.045,out,6681.031889159656,0.012461987630049201,0.12130790253546186,0.005313969273005291,0.05941289050032903
5325.0,1655.86,2025-10-29 14:02:31,0,2026-01-30,6602.990234375,0.36507936507936506,2601,0.045,in,6742.114310181676,-0.012113497380562235,0.5613294948624192,0.1150331498644043,-0.23596086000911615
6615.0,285.0,2025-11-19 19:20:17,0,2026-02-20,6602.990234375,0.36507936507936506,2602,0.045,out,6681.031889159656,0.012815661677548662,0.1481435590666876,0.008012219430757755,-0.009932652476788126
6935.0,112.3,2025-11-19 19:51:47,0,2026-02-20,6602.990234375,0.36507936507936506,2602,0.045,out,6681.031889159656,0.012815661677548662,0.12569658282096616,0.005768119229459747,0.037308603723087745
7040.0,83.4,2025-11-19 17:01:43,0,2026-02-20,6602.990234375,0.36507936507936506,2602,0.045,out,6681.031889159656,0.012815661677548662,0.12615537857043513,0.005810303642408658,0.052335720126243795
7140.0,55.1,2025-11-19 14:13:00,0,2026-02-20,6602.990234375,0.36507936507936506,2602,0.045,out,6681.031889159656,0.012815661677548662,0.12087125908106183,0.00533375887702138,0.06644032630778585
6350.0,478.02,2025-10-14 20:01:38,0,2026-01-16,6602.990234375,0.36904761904761907,2601,0.045,in,6742.114310181676,-0.011499373752814249,0.1678956306016353,0.010403062214627905,-0.059918758700004654
6630.0,266.5,2025-11-18 16:27:12,0,2026-02-20,6602.990234375,0.36904761904761907,2602,0.045,out,6681.031889159656,0.013161729831553524,0.14026934307927338,0.007261192224340689,-0.007667645845935972
6690.0,204.26,2025-11-18 17:34:57,0,2026-02-20,6602.990234375,0.36904761904761907,2602,0.045,out,6681.031889159656,0.013161729831553524,0.12050019359595258,0.005358680909006233,0.001341424096429943
6860.0,163.07,2025-11-18 18:33:52,0,2026-02-20,6602.990234375,0.36904761904761907,2602,0.045,out,6681.031889159656,0.013161729831553524,0.14091178775182164,0.007327858211307708,0.026434991694086803
6905.0,126.94,2025-11-18 15:27:52,0,2026-02-20,6602.990234375,0.36904761904761907,2602,0.045,out,6681.031889159656,0.013161729831553524,0.12797146942617987,0.006043781030951981,0.032973336817548236
5100.0,1638.09,2025-11-17 20:50:49,0,2026-02-20,6602.990234375,0.373015873015873,2602,0.045,in,6681.031889159656,0.013500434833345502,0.3378930311454817,0.04258785653447642,-0.27003191031342705
5200.0,1599.51,2025-11-17 17:40:23,0,2026-02-20,6602.990234375,0.373015873015873,2602,0.045,in,6681.031889159656,0.013500434833345502,0.4028299244428415,0.06053001235913805,-0.2506138244563255
5450.0,1260.73,2025-10-13 00:17:16,0,2026-01-16,6602.990234375,0.373015873015873,2601,0.045,in,6742.114310181676,-0.010898316585231126,0.21107729023929342,0.01661920837598299,-0.2127579629294522
5525.0,1191.96,2025-10-13 00:35:20,0,2026-01-16,6602.990234375,0.373015873015873,2601,0.045,in,6742.114310181676,-0.010898316585231126,0.21120575314297424,0.016639443631368857,-0.19909032420078845
6340.0,488.77,2025-10-13 15:33:49,0,2026-01-16,6602.990234375,0.373015873015873,2601,0.045,in,6742.114310181676,-0.010898316585231126,0.1693711836050243,0.010700556335563825,-0.061494803155470394
6540.0,478.7,2025-10-27 16:49:10,0,2026-01-30,6602.990234375,0.373015873015873,2601,0.045,in,6742.114310181676,-0.010898316585231126,0.24377453493546558,0.02216685017858031,-0.030436406135497633
6560.0,275.1,2025-11-17 15:09:45,0,2026-02-20,6602.990234375,0.373015873015873,2602,0.045,in,6681.031889159656,0.013500434833345502,0.11910096646577059,0.00529124515884753,-0.01828184708770946
6805.0,218.4,2025-11-17 15:52:23,0,2026-02-20,6602.990234375,0.373015873015873,2602,0.045,out,6681.031889159656,0.013500434833345502,0.16082041060300292,0.009647385793066407,0.01838518605972234
6815.0,212.6,2025-11-17 15:52:23,0,2026-02-20,6602.990234375,0.373015873015873,2602,0.045,out,6681.031889159656,0.013500434833345502,0.15979958976521338,0.009525299347532802,0.01985361510478882
6885.0,166.3,2025-11-17 18:37:26,0,2026-02-20,6602.990234375,0.373015873015873,2602,0.045,out,6681.031889159656,0.013500434833345502,0.1478569233343183,0.008154749837784544,0.030072682136911076
6890.0,179.7,2025-11-17 17:05:35,0,2026-02-20,6602.990234375,0.373015873015873,2602,0.045,out,6681.031889159656,0.013500434833345502,0.15757604095924177,0.00926206196957354,0.030798634981859974
7125.0,68.44,2025-11-17 19:00:23,0,2026-02-20,6602.990234375,0.373015873015873,2602,0.045,out,6681.031889159656,0.013500434833345502,0.1277993905652741,0.006092350466319104,0.06433727611100702
5350.0,1351.66,2025-10-10 16:50:19,0,2026-01-16,6602.990234375,0.38492063492063494,2601,0.045,in,6742.114310181676,-0.00916950267022397,0.1888569456154735,0.013728943464281645,-0.2312770106966898
5970.0,858.62,2025-11-14 15:00:18,0,2026-02-20,6602.990234375,0.38492063492063494,2602,0.045,in,6681.031889159656,0.01447464818901523,0.2492780037941313,0.02391878471441243,-0.11252552263919642
5975.0,854.12,2025-11-14 15:00:18,0,2026-02-20,6602.990234375,0.38492063492063494,2602,0.045,in,6681.031889159656,0.01447464818901523,0.24858325238943568,0.02378564459025976,-0.11168835222613281
6000.0,746.94,2025-11-21 16:10:54,0,2026-02-27,6602.990234375,0.38492063492063494,2602,0.045,in,6681.031889159656,0.01447464818901523,0.16201169299730786,0.010103315479292982,-0.1075129808156521
6075.0,794.58,2025-10-10 14:10:55,0,2026-01-16,6602.990234375,0.38492063492063494,2601,0.045,in,6742.114310181676,-0.00916950267022397,0.25866453941243583,0.025754017313874663,-0.10419158237799284
6050.0,782.38,2025-11-14 15:01:48,0,2026-02-20,6602.990234375,0.38492063492063494,2602,0.045,in,6681.031889159656,0.01447464818901523,0.23436627607542357,0.021142747944689608,-0.0992141780009571
6110.0,758.58,2025-10-10 14:03:51,0,2026-01-16,6602.990234375,0.38492063492063494,2601,0.045,in,6742.114310181676,-0.00916950267022397,0.24951000143533877,0.023963326822132886,-0.09844679842110103
6120.0,749.83,2025-10-10 14:04:49,0,2026-01-16,6602.990234375,0.38492063492063494,2601,0.045,in,6742.114310181676,-0.00916950267022397,0.24808252062740077,0.023689916241912457,-0.09681147508037026
6080.0,806.1,2025-11-14 16:44:15,0,2026-02-20,6602.990234375,0.38492063492063494,2602,0.045,in,6681.031889159656,0.01447464818901523,0.27030960662495196,0.028125105131239756,-0.0942677540656315
6090.0,797.52,2025-11-14 16:50:02,0,2026-02-20,6602.990234375,0.38492063492063494,2602,0.045,in,6681.031889159656,0.01447464818901523,0.2689600562101122,0.02784497082597235,-0.09262436832190155
6100.0,624.26,2025-11-21 16:07:38,0,2026-02-27,6602.990234375,0.38492063492063494,2602,0.045,in,6681.031889159656,0.01447464818901523,0.11220531703053227,0.004846163561438329,-0.09098367886444159
6170.0,730.79,2025-11-14 16:51:46,0,2026-02-20,6602.990234375,0.38492063492063494,2602,0.045,in,6681.031889159656,0.01447464818901523,0.25919279846075355,0.025859317289960042,-0.07957361212641068
6250.0,537.9,2025-11-21 16:40:43,0,2026-02-27,6602.990234375,0.38492063492063494,2602,0.045,in,6681.031889159656,0.01447464818901523,0.15288968273949977,0.00899761802997593,-0.06669098629539703
6460.0,501.87,2025-10-24 15:39:02,0,2026-01-30,6602.990234375,0.38492063492063494,2601,0.045,in,6742.114310181676,-0.00916950267022397,0.2252923087400584,0.019537272081786912,-0.0427442538100945
6535.0,410.79,2025-11-14 20:49:23,0,2026-02-20,6602.990234375,0.38492063492063494,2602,0.045,in,6681.031889159656,0.01447464818901523,0.19395475694809444,0.014480116789885143,-0.022100102967521938
6630.0,280.4,2025-11-21 18:48:10,0,2026-02-27,6602.990234375,0.38492063492063494,2602,0.045,out,6681.031889159656,0.01447464818901523,0.14443803163503935,0.008030347076637495,-0.007667645845935972
6650.0,267.05,2025-11-21 17:01:53,0,2026-02-27,6602.990234375,0.38492063492063494,2602,0.045,out,6681.031889159656,0.01447464818901523,0.14267359675171415,0.007835350219749451,-0.004655595375944349
6675.0,258.67,2025-11-21 20:13:39,0,2026-02-27,6602.990234375,0.38492063492063494,2602,0.045,out,6681.031889159656,0.01447464818901523,0.1453818714212875,0.008135639635641706,-0.0009032457573939333
6680.0,215.6,2025-11-21 15:41:56,0,2026-02-27,6602.990234375,0.38492063492063494,2602,0.045,out,6681.031889159656,0.01447464818901523,0.12040571781531154,0.0055804011016435786,-0.00015446249515283205
6750.0,214.19,2025-11-21 20:13:39,0,2026-02-27,6602.990234375,0.38492063492063494,2602,0.045,out,6681.031889159656,0.01447464818901523,0.14008090740043164,0.007553166983962085,0.010270054840731398
6765.0,235.6,2025-11-14 15:09:40,0,2026-02-20,6602.990234375,0.38492063492063494,2602,0.045,out,6681.031889159656,0.01447464818901523,0.15730271612923927,0.00952453181213768,0.012489811579044106
6770.0,202.99,2025-11-21 20:13:39,0,2026-02-27,6602.990234375,0.38492063492063494,2602,0.045,out,6681.031889159656,0.01447464818901523,0.1386917657084186,0.007404104642483854,0.01322863688047645
6780.0,174.27,2025-11-21 01:28:39,0,2026-02-27,6602.990234375,0.38492063492063494,2602,0.045,out,6681.031889159656,0.01447464818901523,0.1237509096701997,0.005894785323363439,0.014704651908596968
6800.0,157.09,2025-11-21 16:10:39,0,2026-02-27,6602.990234375,0.38492063492063494,2602,0.045,out,6681.031889159656,0.01447464818901523,0.11836917464664033,0.005393223675131363,0.01765016213835388
6810.0,159.62,2025-11-21 01:28:39,0,2026-02-27,6602.990234375,0.38492063492063494,2602,0.045,out,6681.031889159656,0.01447464818901523,0.12246337112204489,0.005772761487531123,0.019119670117713806
6830.0,155.0,2025-11-14 18:54:02,0,2026-02-20,6602.990234375,0.38492063492063494,2602,0.045,out,6681.031889159656,0.01447464818901523,0.12456265711641584,0.00597237296883521,0.022052223538991604
6850.0,161.41,2025-11-21 20:13:39,0,2026-02-27,6602.990234375,0.38492063492063494,2602,0.045,out,6681.031889159656,0.01447464818901523,0.13339429006129436,0.006849291873939695,0.024976202230426712
6900.0,125.2,2025-11-21 20:17:12,0,2026-02-27,6602.990234375,0.38492063492063494,2602,0.045,out,6681.031889159656,0.01447464818901523,0.1220086513370412,0.00572997129803618,0.03224896155950663
6925.0,115.5,2025-11-21 18:15:45,0,2026-02-27,6602.990234375,0.38492063492063494,2602,0.045,out,6681.031889159656,0.01447464818901523,0.12111884156828209,0.005646698638633865,0.03586560202969509
6940.0,106.89,2025-11-21 18:15:08,0,2026-02-27,6602.990234375,0.38492063492063494,2602,0.045,out,6681.031889159656,0.01447464818901523,0.11858359871912184,0.005412780868500946,0.038029324475006045
6965.0,143.12,2025-11-14 15:53:42,0,2026-02-20,6602.990234375,0.38492063492063494,2602,0.045,out,6681.031889159656,0.01447464818901523,0.14758736554027513,0.00838435299726398,0.041625157188061895
7000.0,90.6,2025-11-21 18:37:12,0,2026-02-27,6602.990234375,0.38492063492063494,2602,0.045,out,6681.031889159656,0.01447464818901523,0.11939510520141748,0.0054871172268554855,0.04663769901160608
7025.0,88.6,2025-11-21 17:34:23,0,2026-02-27,6602.990234375,0.38492063492063494,2602,0.045,out,6681.031889159656,0.01447464818901523,0.1226908105588873,0.005794223787987646,0.050202765176102414
7030.0,80.0,2025-11-21 20:54:49,0,2026-02-27,6602.990234375,0.38492063492063494,2602,0.045,out,6681.031889159656,0.01447464818901523,0.117431789592104,0.005308142242301611,0.05091425577886635
7050.0,79.06,2025-11-21 20:23:48,0,2026-02-27,6602.990234375,0.38492063492063494,2602,0.045,out,6681.031889159656,0.01447464818901523,0.1203548611898133,0.005575688029229624,0.0537551667804702
7150.0,58.02,2025-11-21 19:18:50,0,2026-02-27,6602.990234375,0.38492063492063494,2602,0.045,out,6681.031889159656,0.01447464818901523,0.12075067173145258,0.005612421818209965,0.06783990666220906
5125.0,1595.9,2025-09-23 18:34:04,0,2025-12-31,6602.990234375,0.3888888888888889,2512,0.045,in,6627.109445923378,0.035624273451582915,0.28647937026241255,0.03191627817231329,-0.2570382030989154
5225.0,1572.01,2025-10-09 19:19:26,0,2026-01-16,6602.990234375,0.3888888888888889,2601,0.045,in,6742.114310181676,-0.008616752642976788,0.38212675720629014,0.05678588944505362,-0.25491877375373034
5500.0,1360.68,2025-11-13 17:35:15,0,2026-02-20,6602.990234375,0.3888888888888889,2602,0.045,in,6681.031889159656,0.014786131370759972,0.38567936219173593,0.0578466662746872,-0.19452435780528185
5950.0,974.19,2025-11-13 15:12:20,0,2026-02-20,6602.990234375,0.3888888888888889,2602,0.045,in,6681.031889159656,0.014786131370759972,0.3298195520283049,0.04230369768339233,-0.11588123048616875
5985.0,777.5,2025-09-23 19:09:41,0,2025-12-31,6602.990234375,0.3888888888888889,2512,0.045,in,6627.109445923378,0.035624273451582915,0.1809366808750949,0.012731476522370642,-0.10191238911345081
6100.0,825.67,2025-11-13 14:42:33,0,2026-02-20,6602.990234375,0.3888888888888889,2602,0.045,in,6681.031889159656,0.014786131370759972,0.2931595472285089,0.0334220911621428,-0.09098367886444159
6170.0,716.77,2025-11-20 16:03:29,0,2026-02-27,6602.990234375,0.3888888888888889,2602,0.045,in,6681.031889159656,0.014786131370759972,0.24698007322952167,0.02372189422262329,-0.07957361212641068
6250.0,697.61,2025-11-13 14:57:44,0,2026-02-20,6602.990234375,0.3888888888888889,2602,0.045,in,6681.031889159656,0.014786131370759972,0.2703572217530189,0.028425066193226513,-0.06669098629539703
6375.0,546.14,2025-11-13 19:44:58,0,2026-02-20,6602.990234375,0.3888888888888889,2602,0.045,in,6681.031889159656,0.014786131370759972,0.21963207630397424,0.01875931903284241,-0.04688835899921729
6425.0,509.83,2025-11-20 14:32:59,0,2026-02-27,6602.990234375,0.3888888888888889,2602,0.045,in,6681.031889159656,0.014786131370759972,0.2155530877425657,0.01806899641374887,-0.0390758192624236
6500.0,330.9,2025-11-20 20:51:04,0,2026-02-27,6602.990234375,0.3888888888888889,2602,0.045,in,6681.031889159656,0.014786131370759972,0.12705671966857274,0.006277992782809331,-0.02747027314211568
6520.0,316.1,2025-11-20 20:51:08,0,2026-02-27,6602.990234375,0.3888888888888889,2602,0.045,in,6681.031889159656,0.014786131370759972,0.12558670607909944,0.0061335636225881545,-0.02439807410514553
6525.0,312.8,2025-11-20 20:51:08,0,2026-02-27,6602.990234375,0.3888888888888889,2602,0.045,in,6681.031889159656,0.014786131370759972,0.12546206596217102,0.006121394998248504,-0.02363149683495004
6550.0,298.32,2025-11-20 20:51:35,0,2026-02-27,6602.990234375,0.3888888888888889,2602,0.045,in,6681.031889159656,0.014786131370759972,0.12599004808940287,0.006173024751277241,-0.019807400396546635
6610.0,383.08,2025-11-13 16:23:06,0,2026-02-20,6602.990234375,0.3888888888888889,2602,0.045,out,6681.031889159656,0.014786131370759972,0.2004808359603578,0.015630442172863735,-0.010688796180112184
6620.0,253.0,2025-11-20 20:51:35,0,2026-02-27,6602.990234375,0.3888888888888889,2602,0.045,out,6681.031889159656,0.014786131370759972,0.1228700637986759,0.005871076002513045,-0.00917708009479032
6660.0,240.0,2025-11-20 19:08:26,0,2026-02-27,6602.990234375,0.3888888888888889,2602,0.045,out,6681.031889159656,0.014786131370759972,0.12809629902040315,0.0063811462643928755,-0.0031529654914094125
6670.0,325.9,2025-11-20 15:07:25,0,2026-02-27,6602.990234375,0.3888888888888889,2602,0.045,out,6681.031889159656,0.014786131370759972,0.18396562833595573,0.013161303714627832,-0.00165259011617478
6690.0,214.32,2025-11-20 15:02:44,0,2026-02-27,6602.990234375,0.3888888888888889,2602,0.045,out,6681.031889159656,0.014786131370759972,0.12171770935611353,0.0057614669664608495,0.001341424096429943
6700.0,309.6,2025-11-20 14:51:33,0,2026-02-27,6602.990234375,0.3888888888888889,2602,0.045,out,6681.031889159656,0.014786131370759972,0.18292347608802512,0.013012610373826894,0.0028350763532131768
6825.0,158.32,2025-11-20 19:54:25,0,2026-02-27,6602.990234375,0.3888888888888889,2602,0.045,out,6681.031889159656,0.014786131370759972,0.12445467238240324,0.006023486574704403,0.021319891027316257
6945.0,165.5,2025-11-13 18:00:45,0,2026-02-20,6602.990234375,0.3888888888888889,2602,0.045,out,6681.031889159656,0.014786131370759972,0.15661904881510003,0.009539260286790377,0.038749526162599864
6960.0,157.21,2025-11-20 15:02:44,0,2026-02-27,6602.990234375,0.3888888888888889,2602,0.045,out,6681.031889159656,0.014786131370759972,0.15457354350091657,0.00929171458072268,0.040907024302621074
6980.0,105.06,2025-11-20 18:20:24,0,2026-02-27,6602.990234375,0.3888888888888889,2602,0.045,out,6681.031889159656,0.014786131370759972,0.12456460862546691,0.006034132891895012,0.043776466730574
6990.0,90.7,2025-11-20 19:27:08,0,2026-02-27,6602.990234375,0.3888888888888889,2602,0.045,out,6681.031889159656,0.014786131370759972,0.11671161013236737,0.00529728886543489,0.045208106202011725
7010.0,82.0,2025-11-20 19:47:45,0,2026-02-27,6602.990234375,0.3888888888888889,2602,0.045,out,6681.031889159656,0.014786131370759972,0.11437464027038415,0.005087272686603248,0.04806525100279166
7020.0,79.2,2025-11-20 19:48:06,0,2026-02-27,6602.990234375,0.3888888888888889,2602,0.045,out,6681.031889159656,0.014786131370759972,0.11420846833780157,0.005072501093359242,0.04949076799401263
7040.0,76.9,2025-11-20 20:35:13,0,2026-02-27,6602.990234375,0.3888888888888889,2602,0.045,out,6681.031889159656,0.014786131370759972,0.11614974620981691,0.005246408045124119,0.052335720126243795
7060.0,65.3,2025-11-20 20:35:13,0,2026-02-27,6602.990234375,0.3888888888888889,2602,0.045,out,6681.031889159656,0.014786131370759972,0.11096504917290763,0.004788483053645592,0.055172601461443566
7100.0,59.28,2025-11-20 19:24:51,0,2026-02-27,6602.990234375,0.3888888888888889,2602,0.045,out,6681.031889159656,0.014786131370759972,0.11292889135073216,0.004959474528441015,0.06082233400356258
7125.0,48.75,2025-11-20 20:30:02,0,2026-02-27,6602.990234375,0.3888888888888889,2602,0.045,out,6681.031889159656,0.014786131370759972,0.10815782863721712,0.004549267292701298,0.06433727611100702
5910.0,925.43,2025-10-22 15:03:35,0,2026-01-30,6602.990234375,0.39285714285714285,2601,0.045,in,6742.114310181676,-0.008075169282946722,0.26476997598360746,0.027540519357355745,-0.13172774018659814
5880.0,893.23,2025-09-22 14:49:31,0,2025-12-31,6602.990234375,0.39285714285714285,2512,0.045,in,6627.109445923378,0.03571897776015279,0.21164509446096158,0.01759750378940296,-0.11961196621285175
5915.0,861.97,2025-09-22 14:50:56,0,2025-12-31,6602.990234375,0.39285714285714285,2512,0.045,in,6627.109445923378,0.03571897776015279,0.20850387984950428,0.01707901953697363,-0.1136772306930371
6090.0,761.35,2025-10-22 15:00:32,0,2026-01-30,6602.990234375,0.39285714285714285,2601,0.045,in,6742.114310181676,-0.008075169282946722,0.23699958622717826,0.02206631580679967,-0.10172548988279936
6175.0,803.08,2025-11-12 17:46:35,0,2026-02-20,6602.990234375,0.39285714285714285,2602,0.045,in,6681.031889159656,0.015091321962974517,0.3093212292373402,0.037588423265210384,-0.07876356752966626
6180.0,798.31,2025-11-12 17:47:27,0,2026-02-20,6602.990234375,0.39285714285714285,2602,0.045,in,6681.031889159656,0.015091321962974517,0.3081611759999442,0.03730701479751265,-0.07795417857410779
6320.0,669.94,2025-11-12 15:48:51,0,2026-02-20,6602.990234375,0.39285714285714285,2602,0.045,in,6681.031889159656,0.015091321962974517,0.27866505991529594,0.03050701327834108,-0.05555324188494108
6380.0,375.2,2025-10-22 14:03:09,0,2026-01-30,6602.990234375,0.39285714285714285,2601,0.045,in,6742.114310181676,-0.008075169282946722,0.09506488245606534,0.003550380380008597,-0.05520547424790649
6760.0,219.37,2025-11-19 20:57:26,0,2026-02-27,6602.990234375,0.39285714285714285,2602,0.045,out,6681.031889159656,0.015091321962974517,0.1438681706191144,0.008131376988935596,0.011750440011165608
7075.0,78.8,2025-11-19 17:56:14,0,2026-02-27,6602.990234375,0.39285714285714285,2602,0.045,out,6681.031889159656,0.015091321962974517,0.12289090118871716,0.005932996769454482,0.0572949934855942
6220.0,586.51,2025-11-18 21:11:43,0,2026-02-27,6602.990234375,0.3968253968253968,2602,0.045,in,6681.031889159656,0.015390408743344772,0.17026695592829527,0.011504300111542874,-0.07150254329261913
6300.0,526.45,2025-11-18 17:11:31,0,2026-02-27,6602.990234375,0.3968253968253968,2602,0.045,in,6681.031889159656,0.015390408743344772,0.1681897487683065,0.011225314123311929,-0.05872281664622012
6310.0,518.66,2025-11-18 17:11:31,0,2026-02-27,6602.990234375,0.3968253968253968,2602,0.045,in,6681.031889159656,0.015390408743344772,0.16757733470275848,0.01114371551828585,-0.0571367734905854
6400.0,452.55,2025-11-18 16:52:22,0,2026-02-27,6602.990234375,0.3968253968253968,2602,0.045,in,6681.031889159656,0.015390408743344772,0.1636774751425039,0.010631077725803562,-0.042974459678081
6490.0,439.4,2025-10-21 18:25:07,0,2026-01-30,6602.990234375,0.3968253968253968,2601,0.045,in,6742.114310181676,-0.007544417590117258,0.19166422208768924,0.014577450011301214,-0.038111040888606305
6510.0,515.48,2025-11-11 20:54:40,0,2026-02-20,6602.990234375,0.3968253968253968,2602,0.045,in,6681.031889159656,0.015390408743344772,0.24692288608479976,0.024194806219225,-0.025932993823229295
6530.0,463.6,2025-11-11 15:19:30,0,2026-02-20,6602.990234375,0.3968253968253968,2602,0.045,in,6681.031889159656,0.015390408743344772,0.221212582213702,0.01941865338478328,-0.022865506755367485
6530.0,341.5,2025-11-18 15:17:12,0,2026-02-27,6602.990234375,0.3968253968253968,2602,0.045,in,6681.031889159656,0.015390408743344772,0.143908793148489,0.008218151089466108,-0.022865506755367485
6560.0,322.1,2025-11-18 15:03:37,0,2026-02-27,6602.990234375,0.3968253968253968,2602,0.045,in,6681.031889159656,0.015390408743344772,0.14278860291321896,0.00809070838170989,-0.01828184708770946
6590.0,304.0,2025-11-18 15:18:17,0,2026-02-27,6602.990234375,0.3968253968253968,2602,0.045,in,6681.031889159656,0.015390408743344772,0.1421512466629054,0.008018641638023084,-0.013719101529291355
6595.0,429.9,2025-11-11 17:44:04,0,2026-02-20,6602.990234375,0.3968253968253968,2602,0.045,in,6681.031889159656,0.015390408743344772,0.22172607504634584,0.0195089096648642,-0.012960663874429202
6600.0,297.3,2025-11-18 15:02:44,0,2026-02-27,6602.990234375,0.3968253968253968,2602,0.045,in,6681.031889159656,0.015390408743344772,0.14144711709411317,0.007939399577077684,-0.012202801011327293
6625.0,306.8,2025-11-18 14:45:26,0,2026-02-27,6602.990234375,0.3968253968253968,2602,0.045,out,6681.031889159656,0.015390408743344772,0.1556817327848406,0.009617778540829567,-0.008422078171421288
6640.0,270.9,2025-11-18 15:03:09,0,2026-02-27,6602.990234375,0.3968253968253968,2602,0.045,out,6681.031889159656,0.015390408743344772,0.13852459083520954,0.007614707248437389,-0.006160486555364688
6710.0,237.57,2025-11-18 16:11:36,0,2026-02-27,6602.990234375,0.3968253968253968,2602,0.045,out,6681.031889159656,0.015390408743344772,0.13976741950218652,0.007751956965992138,0.004326500939883166
6720.0,229.1,2025-11-18 15:00:17,0,2026-02-27,6602.990234375,0.3968253968253968,2602,0.045,out,6681.031889159656,0.015390408743344772,0.1375443547845741,0.007507321243295552,0.0058157044913510775
6725.0,228.97,2025-11-18 16:11:36,0,2026-02-27,6602.990234375,0.3968253968253968,2602,0.045,out,6681.031889159656,0.015390408743344772,0.13889467947764325,0.007655449201268751,0.006559475444195565
6830.0,167.9,2025-11-18 15:03:49,0,2026-02-27,6602.990234375,0.3968253968253968,2602,0.045,out,6681.031889159656,0.015390408743344772,0.12967317140842993,0.0066726711837777975,0.022052223538991604
6880.0,158.6,2025-11-18 14:44:50,0,2026-02-27,6602.990234375,0.3968253968253968,2602,0.045,out,6681.031889159656,0.015390408743344772,0.13576455167366794,0.0073142910679174795,0.029346201901545122
6915.0,199.2,2025-11-11 15:49:56,0,2026-02-20,6602.990234375,0.3968253968253968,2602,0.045,out,6681.031889159656,0.015390408743344772,0.16881188178115017,0.011308512472417865,0.03442051507301448
5850.0,1006.17,2025-11-17 17:09:02,0,2026-02-27,6602.990234375,0.4007936507936508,2602,0.045,in,6681.031889159656,0.01568357301321265,0.2922506432841963,0.03423196146231223,-0.1328307887999421
6075.0,880.8,2025-11-10 20:39:27,0,2026-02-20,6602.990234375,0.4007936507936508,2602,0.045,in,6681.031889159656,0.01568357301321265,0.31534362837384683,0.0398555634902947,-0.09509046081709495
6240.0,694.91,2025-11-10 17:23:25,0,2026-02-20,6602.990234375,0.4007936507936508,2602,0.045,in,6681.031889159656,0.01568357301321265,0.2586736614452501,0.02681793006220111,-0.0682922676623708
6410.0,525.12,2025-11-17 17:03:30,0,2026-02-27,6602.990234375,0.4007936507936508,2602,0.045,in,6681.031889159656,0.01568357301321265,0.21511622697751376,0.018546722627036362,-0.04141317911112845
6425.0,572.45,2025-11-10 20:17:23,0,2026-02-20,6602.990234375,0.4007936507936508,2602,0.045,in,6681.031889159656,0.01568357301321265,0.2514172797041134,0.025334426594902607,-0.0390758192624236
6520.0,470.24,2025-11-10 15:20:48,0,2026-02-20,6602.990234375,0.4007936507936508,2602,0.045,in,6681.031889159656,0.01568357301321265,0.22044445909214677,0.019476871880902167,-0.02439807410514553
6730.0,248.82,2025-11-17 19:27:44,0,2026-02-27,6602.990234375,0.4007936507936508,2602,0.045,out,6681.031889159656,0.01568357301321265,0.15118813759631802,0.009161282333072073,0.007302693612929279
6740.0,262.3,2025-11-17 18:23:14,0,2026-02-27,6602.990234375,0.4007936507936508,2602,0.045,out,6681.031889159656,0.01568357301321265,0.16206357426703924,0.010526685763988184,0.008787474880508449
6775.0,240.3,2025-11-17 18:12:16,0,2026-02-27,6602.990234375,0.4007936507936508,2602,0.045,out,6681.031889159656,0.01568357301321265,0.158347895330847,0.010049522426692844,0.013966916722057502
6790.0,217.17,2025-11-17 19:18:39,0,2026-02-27,6602.990234375,0.4007936507936508,2602,0.045,out,6681.031889159656,0.01568357301321265,0.1483969570921559,0.008826140255140186,0.016178491526897685
6840.0,192.6,2025-11-17 19:09:05,0,2026-02-27,6602.990234375,0.4007936507936508,2602,0.045,out,6681.031889159656,0.01568357301321265,0.14613148009243235,0.008558711733628968,0.023515281590751943
5375.0,1364.67,2025-11-07 16:06:59,0,2026-02-20,6602.990234375,0.4126984126984127,2602,0.045,in,6681.031889159656,0.01652923917629305,0.25493049596498385,0.026821087334869344,-0.21751387602998062
5870.0,911.87,2025-10-17 14:29:17,0,2026-01-30,6602.990234375,0.4126984126984127,2601,0.045,in,6742.114310181676,-0.005523478452035824,0.21307522673794677,0.0187369421981764,-0.13851893776459984
5890.0,893.94,2025-10-17 14:29:17,0,2026-01-30,6602.990234375,0.4126984126984127,2601,0.045,in,6742.114310181676,-0.005523478452035824,0.21120565270615868,0.018409579700172974,-0.13511757394110968
6200.0,666.48,2025-10-03 18:22:12,0,2026-01-16,6602.990234375,0.4126984126984127,2601,0.045,in,6742.114310181676,-0.005523478452035824,0.21470374059675112,0.019024446061621614,-0.08382427955355908
6225.0,594.88,2025-10-17 14:38:01,0,2026-01-30,6602.990234375,0.4126984126984127,2601,0.045,in,6742.114310181676,-0.005523478452035824,0.17389979127776137,0.012480469405836083,-0.07980012925383366
6250.0,573.57,2025-10-17 17:21:43,0,2026-01-30,6602.990234375,0.4126984126984127,2601,0.045,in,6742.114310181676,-0.005523478452035824,0.17134734892250236,0.012116789897651017,-0.07579210785629485
6225.0,625.74,2025-11-14 14:36:35,0,2026-02-27,6602.990234375,0.4126984126984127,2602,0.045,in,6681.031889159656,0.01652923917629305,0.19737482559933633,0.016077418512533,-0.07069900769293581
6270.0,586.84,2025-11-07 15:00:16,0,2026-02-20,6602.990234375,0.4126984126984127,2602,0.045,in,6681.031889159656,0.01652923917629305,0.19158672200437787,0.015148290051713522,-0.06349609539887785
6280.0,559.77,2025-11-07 17:46:35,0,2026-02-20,6602.990234375,0.4126984126984127,2602,0.045,in,6681.031889159656,0.01652923917629305,0.1768834451307493,0.012912406066577661,-0.06190246956359981
6325.0,532.29,2025-11-14 14:33:53,0,2026-02-27,6602.990234375,0.4126984126984127,2602,0.045,in,6681.031889159656,0.01652923917629305,0.17922450964659742,0.013256461052534056,-0.05476241543012324
6360.0,588.25,2025-11-14 17:38:41,0,2026-02-27,6602.990234375,0.4126984126984127,2602,0.045,in,6681.031889159656,0.01652923917629305,0.23204591080702303,0.022221871790139413,-0.04924407269167638
6375.0,566.46,2025-11-14 17:55:12,0,2026-02-27,6602.990234375,0.4126984126984127,2602,0.045,in,6681.031889159656,0.01652923917629305,0.22376008773744843,0.02066322219795295,-0.04688835899921729
6380.0,490.79,2025-11-07 15:40:15,0,2026-02-20,6602.990234375,0.4126984126984127,2602,0.045,in,6681.031889159656,0.01652923917629305,0.17561289637225166,0.012727573391722717,-0.04610435268700865
6435.0,428.28,2025-11-07 17:02:10,0,2026-02-20,6602.990234375,0.4126984126984127,2602,0.045,in,6681.031889159656,0.01652923917629305,0.1573886462482057,0.010223029129585932,-0.037520608995617176
6450.0,377.0,2025-11-14 19:24:26,0,2026-02-27,6602.990234375,0.4126984126984127,2602,0.045,in,6681.031889159656,0.01652923917629305,0.1293705427178428,0.0069072249269974415,-0.03519231923602602
6460.0,443.89,2025-11-14 14:39:38,0,2026-02-27,6602.990234375,0.4126984126984127,2602,0.045,in,6681.031889159656,0.01652923917629305,0.17775026776405928,0.013039271427699428,-0.03364313224919672
6470.0,465.23,2025-11-14 15:37:33,0,2026-02-27,6602.990234375,0.4126984126984127,2602,0.045,in,6681.031889159656,0.01652923917629305,0.19516853628069206,0.015719995180994335,-0.03209634153089795
6475.0,446.41,2025-11-14 15:00:49,0,2026-02-27,6602.990234375,0.4126984126984127,2602,0.045,in,6681.031889159656,0.01652923917629305,0.18509944378384238,0.01413979216375053,-0.03132384245810573
6480.0,482.35,2025-11-14 19:45:51,0,2026-02-27,6602.990234375,0.4126984126984127,2602,0.045,in,6681.031889159656,0.01652923917629305,0.2096094139515358,0.01813236137848831,-0.03055193967952377
6490.0,435.84,2025-11-14 15:01:33,0,2026-02-27,6602.990234375,0.4126984126984127,2602,0.045,in,6681.031889159656,0.01652923917629305,0.18399829638070633,0.013972058727715212,-0.029009919327708533
6590.0,327.22,2025-11-07 17:46:35,0,2026-02-20,6602.990234375,0.4126984126984127,2602,0.045,in,6681.031889159656,0.01652923917629305,0.15198996888301564,0.009533725661389866,-0.013719101529291355
6870.0,180.19,2025-11-14 14:39:38,0,2026-02-27,6602.990234375,0.4126984126984127,2602,0.045,out,6681.031889159656,0.01652923917629305,0.14276523995217671,0.00841158344767726,0.02789165619055086
6875.0,126.1,2025-11-14 14:33:53,0,2026-02-27,6602.990234375,0.4126984126984127,2602,0.045,out,6681.031889159656,0.01652923917629305,0.11111405729339258,0.005095312332272738,0.02861919350892774
5975.0,962.49,2025-11-13 14:31:20,0,2026-02-27,6602.990234375,0.4166666666666667,2602,0.045,in,6681.031889159656,0.016800389279375976,0.31871117449231423,0.04232367197761266,-0.11168835222613281
6150.0,808.87,2025-11-13 14:33:23,0,2026-02-27,6602.990234375,0.4166666666666667,2602,0.045,in,6681.031889159656,0.016800389279375976,0.2906823075054371,0.035206751623618956,-0.0828203682252806
6200.0,752.11,2025-11-13 14:57:44,0,2026-02-27,6602.990234375,0.4166666666666667,2602,0.045,in,6681.031889159656,0.016800389279375976,0.2734902706568848,0.031165386726656714,-0.07472315799266133
6390.0,517.78,2025-11-06 18:17:19,0,2026-02-20,6602.990234375,0.4166666666666667,2602,0.045,in,6681.031889159656,0.016800389279375976,0.19647264126007555,0.016083957818212643,-0.044538181654263674
6395.0,517.81,2025-11-06 18:05:23,0,2026-02-20,6602.990234375,0.4166666666666667,2602,0.045,in,6681.031889159656,0.016800389279375976,0.19852476933963337,0.016421701683897765,-0.043756015012901134
6580.0,383.0,2025-11-06 17:46:54,0,2026-02-20,6602.990234375,0.4166666666666667,2602,0.045,in,6681.031889159656,0.016800389279375976,0.18142092674880614,0.013713980275998202,-0.01523770470648131
6580.0,410.82,2025-11-13 16:42:47,0,2026-02-27,6602.990234375,0.4166666666666667,2602,0.045,in,6681.031889159656,0.016800389279375976,0.19827175940961062,0.016379871074742716,-0.01523770470648131
6910.0,202.46,2025-11-13 16:10:30,0,2026-02-27,6602.990234375,0.4166666666666667,2602,0.045,out,6681.031889159656,0.016800389279375976,0.16421459054045823,0.011236013227654315,0.0336971877358714
6920.0,197.06,2025-11-13 16:10:30,0,2026-02-27,6602.990234375,0.4166666666666667,2602,0.045,out,6681.031889159656,0.016800389279375976,0.1631955401051839,0.011096993462592785,0.03514331958587101
6930.0,124.6,2025-11-13 20:13:00,0,2026-02-27,6602.990234375,0.4166666666666667,2602,0.045,out,6681.031889159656,0.016800389279375976,0.12110295331173067,0.006110802208676341,0.03658736315810462
6950.0,175.79,2025-11-13 17:46:39,0,2026-02-27,6602.990234375,0.4166666666666667,2602,0.045,out,6681.031889159656,0.016800389279375976,0.1568214139016149,0.010247064940875671,0.03946920953299362
6110.0,843.37,2025-11-05 18:20:51,0,2026-02-20,6602.990234375,0.42063492063492064,2602,0.045,in,6681.031889159656,0.017066423342778088,0.29494804983864187,0.036592862392791685,-0.08934567686020314
6180.0,790.19,2025-11-12 16:49:42,0,2026-02-27,6602.990234375,0.42063492063492064,2602,0.045,in,6681.031889159656,0.017066423342778088,0.28904778973334405,0.03514346914076007,-0.07795417857410779
6245.0,517.98,2025-09-15 13:40:16,0,2025-12-31,6602.990234375,0.42063492063492064,2512,0.045,in,6627.109445923378,0.036331875455237035,0.11843037695933316,0.005899721999179975,-0.05938758454584628
5600.0,1316.03,2025-11-11 14:58:44,0,2026-02-27,6602.990234375,0.4246031746031746,2602,0.045,in,6681.031889159656,0.017327484806864274,0.38823945467154525,0.06400038307742657,-0.1765058523026036
5710.0,1168.57,2025-11-04 20:11:00,0,2026-02-20,6602.990234375,0.4246031746031746,2602,0.045,in,6681.031889159656,0.017327484806864274,0.3306928695723472,0.046433658001989286,-0.15705342637578829
6000.0,906.36,2025-11-04 20:30:53,0,2026-02-20,6602.990234375,0.4246031746031746,2602,0.045,in,6681.031889159656,0.017327484806864274,0.28559392002442097,0.034632285418952156,-0.1075129808156521
6210.0,721.14,2025-11-04 20:11:32,0,2026-02-20,6602.990234375,0.4246031746031746,2602,0.045,in,6681.031889159656,0.017327484806864274,0.25320400890821126,0.02722227342702095,-0.07311155409831975
5375.0,1501.83,2025-11-10 17:28:45,0,2026-02-27,6602.990234375,0.42857142857142855,2602,0.045,in,6681.031889159656,0.017583711799393307,0.40469697420758777,0.07019127468547584,-0.21751387602998062
5675.0,1278.1,2025-11-03 17:45:26,0,2026-02-20,6602.990234375,0.42857142857142855,2602,0.045,in,6681.031889159656,0.017583711799393307,0.39765743268177145,0.06777061447159612,-0.16320188667624078
5875.0,917.5,2025-10-13 17:04:29,0,2026-01-30,6602.990234375,0.42857142857142855,2601,0.045,in,6742.114310181676,-0.0036522385093678347,0.21540593936825148,0.019885593735050926,-0.1376675115743823
6120.0,871.39,2025-11-03 18:08:03,0,2026-02-20,6602.990234375,0.42857142857142855,2602,0.045,in,6681.031889159656,0.017583711799393307,0.31487381492457195,0.04249093685363725,-0.08771035351947244
6210.0,730.91,2025-11-10 17:23:25,0,2026-02-27,6602.990234375,0.42857142857142855,2602,0.045,in,6681.031889159656,0.017583711799393307,0.25819329441554034,0.028570190263349955,-0.07311155409831975
6220.0,782.27,2025-11-03 17:45:26,0,2026-02-20,6602.990234375,0.42857142857142855,2602,0.045,in,6681.031889159656,0.017583711799393307,0.2966631829769704,0.037718161771726044,-0.07150254329261913
6240.0,732.95,2025-11-10 19:36:53,0,2026-02-27,6602.990234375,0.42857142857142855,2602,0.045,in,6681.031889159656,0.017583711799393307,0.2722211539379931,0.03175900999342823,-0.0682922676623708
6280.0,698.25,2025-11-10 19:37:33,0,2026-02-27,6602.990234375,0.42857142857142855,2602,0.045,in,6681.031889159656,0.017583711799393307,0.2655888403809514,0.030230328057813626,-0.06190246956359981
6300.0,711.3,2025-11-03 17:45:00,0,2026-02-20,6602.990234375,0.42857142857142855,2602,0.045,in,6681.031889159656,0.017583711799393307,0.28182677279427704,0.03403985565584445,-0.05872281664622012
6370.0,468.44,2025-10-13 14:22:59,0,2026-01-30,6602.990234375,0.42857142857142855,2601,0.045,in,6742.114310181676,-0.0036522385093678347,0.15053961357039422,0.009712360823110123,-0.05677410202053304
6330.0,631.53,2025-11-10 15:45:01,0,2026-02-27,6602.990234375,0.42857142857142855,2602,0.045,in,6681.031889159656,0.017583711799393307,0.242059708509365,0.025111243921559466,-0.05397221388762238
6160.0,569.32,2025-09-11 19:10:26,0,2025-12-31,6602.990234375,0.4365079365079365,2512,0.045,in,6627.109445923378,0.03664707998413751,0.08046655489371986,0.002826330596075569,-0.0730919505779588
6185.0,547.92,2025-09-11 19:10:26,0,2025-12-31,6602.990234375,0.4365079365079365,2512,0.045,in,6627.109445923378,0.03664707998413751,0.08413278618265566,0.0030897453499770236,-0.06904172227893607
5700.0,1222.61,2025-10-31 17:30:35,0,2026-02-20,6602.990234375,0.44047619047619047,2602,0.045,in,6681.031889159656,0.018324692561571865,0.36053937765214433,0.05725690220236232,-0.15880627520320273
5760.0,1197.52,2025-10-31 13:55:55,0,2026-02-20,6602.990234375,0.44047619047619047,2602,0.045,in,6681.031889159656,0.018324692561571865,0.37334683328241586,0.061397032656122584,-0.14833497533590723
5770.0,1188.23,2025-10-31 13:55:55,0,2026-02-20,6602.990234375,0.44047619047619047,2602,0.045,in,6681.031889159656,0.018324692561571865,0.37145489673124504,0.06077634989652305,-0.14660036952369898
5830.0,1140.01,2025-10-31 13:37:26,0,2026-02-20,6602.990234375,0.44047619047619047,2602,0.045,in,6681.031889159656,0.018324692561571865,0.3656322562859707,0.058885917059053335,-0.13625544968130618
5980.0,995.37,2025-10-31 15:45:03,0,2026-02-20,6602.990234375,0.44047619047619047,2602,0.045,in,6681.031889159656,0.018324692561571865,0.33276013335418997,0.048773623035074244,-0.11085188208116685
6310.0,512.13,2025-10-10 16:54:10,0,2026-01-30,6602.990234375,0.44047619047619047,2601,0.045,in,6742.114310181676,-0.0023373131442497794,0.14803540682740282,0.009652807404268125,-0.06623789505148321
6350.0,514.35,2025-11-07 17:17:47,0,2026-02-27,6602.990234375,0.44047619047619047,2602,0.045,in,6681.031889159656,0.018324692561571865,0.16905441340967195,0.012588542900615072,-0.05081763713910693
6390.0,483.34,2025-11-07 17:17:47,0,2026-02-27,6602.990234375,0.44047619047619047,2602,0.045,in,6681.031889159656,0.018324692561571865,0.16594620497864263,0.01212989629800126,-0.044538181654263674
6505.0,537.02,2025-10-31 14:09:34,0,2026-02-20,6602.990234375,0.44047619047619047,2602,0.045,in,6681.031889159656,0.018324692561571865,0.24146548772651308,0.025682220538465535,-0.02670133807923854
6515.0,531.97,2025-10-31 13:45:28,0,2026-02-20,6602.990234375,0.44047619047619047,2602,0.045,in,6681.031889159656,0.018324692561571865,0.24168418823008486,0.025728763489239265,-0.025165239466898758
6585.0,455.22,2025-10-31 17:39:51,0,2026-02-20,6602.990234375,0.44047619047619047,2602,0.045,in,6681.031889159656,0.018324692561571865,0.21829415872233354,0.0209897210725569,-0.01447811484846281
6820.0,208.79,2025-11-07 14:50:05,0,2026-02-27,6602.990234375,0.44047619047619047,2602,0.045,out,6681.031889159656,0.018324692561571865,0.1411072185245009,0.008770430278924834,0.02058702181166348
6890.0,129.9,2025-11-07 20:36:19,0,2026-02-27,6602.990234375,0.44047619047619047,2602,0.045,out,6681.031889159656,0.018324692561571865,0.11116979854422646,0.005443723714398382,0.030798634981859974
5250.0,1571.09,2025-11-06 15:45:51,0,2026-02-27,6602.990234375,0.4444444444444444,2602,0.045,in,6681.031889159656,0.018562864949414976,0.3670903899897064,0.059891268632353216,-0.24104437344017476
6860.0,132.4,2025-11-06 17:26:52,0,2026-02-27,6602.990234375,0.4444444444444444,2602,0.045,out,6681.031889159656,0.018562864949414976,0.10540723588743411,0.0049380823899685235,0.026434991694086803
6225.0,819.01,2025-10-29 15:21:24,0,2026-02-20,6602.990234375,0.44841269841269843,2602,0.045,in,6681.031889159656,0.018796821896765285,0.3133273074312182,0.04402246896340071,-0.07069900769293581
6610.0,411.97,2025-11-04 18:43:11,0,2026-02-27,6602.990234375,0.4523809523809524,2602,0.045,out,6681.031889159656,0.019026674336267344,0.19687091514162397,0.01753345207965023,-0.010688796180112184
5600.0,1351.99,2025-10-27 18:00:04,0,2026-02-20,6602.990234375,0.45634920634920634,2602,0.045,in,6681.031889159656,0.019252529342038933,0.39869716224431645,0.07254100843607993,-0.1765058523026036
6080.0,916.94,2025-11-03 18:08:03,0,2026-02-27,6602.990234375,0.45634920634920634,2602,0.045,in,6681.031889159656,0.019252529342038933,0.31543427963177584,0.0454061914610476,-0.0942677540656315
6975.0,86.1,2025-11-03 16:18:05,0,2026-02-27,6602.990234375,0.45634920634920634,2602,0.045,out,6681.031889159656,0.019252529342038933,0.0983612155358335,0.004415146043626864,0.04305987766372214
5175.0,1538.86,2025-11-21 17:23:38,0,2026-03-20,6602.990234375,0.46825396825396826,2603,0.045,in,6718.473454028999,0.007972333215961275,0.172650336385693,0.013957779211043521,-0.26102162499882625
5200.0,1516.81,2025-11-21 17:48:11,0,2026-03-20,6602.990234375,0.46825396825396826,2603,0.045,in,6718.473454028999,0.007972333215961275,0.1850346320531966,0.016031992765751183,-0.25620233856287733
5225.0,1490.53,2025-11-21 18:43:17,0,2026-03-20,6602.990234375,0.46825396825396826,2603,0.045,in,6718.473454028999,0.007972333215961275,0.17157191575239505,0.01378395566842754,-0.25140616629938434
5250.0,1478.03,2025-11-21 20:18:41,0,2026-03-20,6602.990234375,0.46825396825396826,2603,0.045,in,6718.473454028999,0.007972333215961275,0.21498748803597748,0.02164252048181868,-0.24663288754672666
5375.0,1352.19,2025-11-21 20:38:51,0,2026-03-20,6602.990234375,0.46825396825396826,2603,0.045,in,6718.473454028999,0.007972333215961275,0.18880587176061978,0.016692156948142606,-0.22310239013653257
5575.0,1168.39,2025-11-21 20:38:51,0,2026-03-20,6602.990234375,0.46825396825396826,2603,0.045,in,6718.473454028999,0.007972333215961275,0.18884264207396928,0.016698659241771104,-0.18656864680407653
5800.0,984.86,2025-11-21 16:57:06,0,2026-03-20,6602.990234375,0.46825396825396826,2603,0.045,in,6718.473454028999,0.007972333215961275,0.20399229931520016,0.019485385973128815,-0.1470030465978854
6000.0,801.16,2025-11-21 20:18:41,0,2026-03-20,6602.990234375,0.46825396825396826,2603,0.045,in,6718.473454028999,0.007972333215961275,0.18249662700323183,0.015595207247506722,-0.113101494922204
6050.0,726.96,2025-11-21 16:34:09,0,2026-03-20,6602.990234375,0.46825396825396826,2603,0.045,in,6718.473454028999,0.007972333215961275,0.14997216765701707,0.010531804866927952,-0.10480269210750892
6075.0,670.8,2025-11-21 15:42:28,0,2026-03-20,6602.990234375,0.46825396825396826,2603,0.045,in,6718.473454028999,0.007972333215961275,0.10742342190355472,0.00540355319710062,-0.10067897492364687
6400.0,497.43,2025-11-21 19:39:08,0,2026-03-20,6602.990234375,0.46825396825396826,2603,0.045,in,6718.473454028999,0.007972333215961275,0.17071355025024423,0.01364637982621839,-0.04856297378463283
6550.0,361.53,2025-11-21 20:43:09,0,2026-03-20,6602.990234375,0.46825396825396826,2603,0.045,in,6718.473454028999,0.007972333215961275,0.14395536977285073,0.009703696513490897,-0.025395914503098495
6600.0,325.34,2025-11-21 16:52:40,0,2026-03-20,6602.990234375,0.46825396825396826,2603,0.045,in,6718.473454028999,0.007972333215961275,0.13953456904850806,0.009116856044552531,-0.0177913151178792
6610.0,346.0,2025-11-21 19:36:46,0,2026-03-20,6602.990234375,0.46825396825396826,2603,0.045,out,6718.473454028999,0.007972333215961275,0.15453749347377646,0.011182764892542005,-0.016277310286664102
6650.0,316.9,2025-11-21 19:32:48,0,2026-03-20,6602.990234375,0.46825396825396826,2603,0.045,out,6718.473454028999,0.007972333215961275,0.15011422508944444,0.010551766300619518,-0.010244109482496303
6660.0,261.48,2025-11-21 14:47:02,0,2026-03-20,6602.990234375,0.46825396825396826,2603,0.045,out,6718.473454028999,0.007972333215961275,0.12179169761295475,0.006945713006660944,-0.008741479597961265
6700.0,264.15,2025-11-21 18:20:07,0,2026-03-20,6602.990234375,0.46825396825396826,2603,0.045,out,6718.473454028999,0.007972333215961275,0.1348510856048211,0.008515111920945465,-0.002753437753338713
6710.0,275.8,2025-11-21 14:47:02,0,2026-03-20,6602.990234375,0.46825396825396826,2603,0.045,out,6718.473454028999,0.007972333215961275,0.14411115679667322,0.00972471035939083,-0.001262013166668622
6720.0,259.2,2025-11-21 17:04:33,0,2026-03-20,6602.990234375,0.46825396825396826,2603,0.045,out,6718.473454028999,0.007972333215961275,0.13758129316124984,0.008863397789264957,0.00022719038479917034
6850.0,172.7,2025-11-21 16:32:28,0,2026-03-20,6602.990234375,0.46825396825396826,2603,0.045,out,6718.473454028999,0.007972333215961275,0.12162126083869965,0.006926286779299254,0.019387688123874793
6875.0,167.31,2025-11-21 16:48:52,0,2026-03-20,6602.990234375,0.46825396825396826,2603,0.045,out,6718.473454028999,0.007972333215961275,0.12411571684669345,0.007213317134394813,0.023030679402375964
6880.0,163.34,2025-11-21 16:48:52,0,2026-03-20,6602.990234375,0.46825396825396826,2603,0.045,out,6718.473454028999,0.007972333215961275,0.12295637665834434,0.007079190183301351,0.02375768779499329
6900.0,167.3,2025-11-21 19:55:04,0,2026-03-20,6602.990234375,0.46825396825396826,2603,0.045,out,6718.473454028999,0.007972333215961275,0.12947457828390296,0.007849653324491083,0.02666044745295456
6910.0,137.8,2025-11-21 15:08:38,0,2026-03-20,6602.990234375,0.46825396825396826,2603,0.045,out,6718.473454028999,0.007972333215961275,0.114704664095115,0.006160892364644577,0.02810867362931943
6940.0,144.7,2025-11-21 20:35:09,0,2026-03-20,6602.990234375,0.46825396825396826,2603,0.045,out,6718.473454028999,0.007972333215961275,0.12475500154495159,0.007287815985860091,0.03244081036845416
7000.0,131.3,2025-11-21 19:32:49,0,2026-03-20,6602.990234375,0.46825396825396826,2603,0.045,out,6718.473454028999,0.007972333215961275,0.12847102212281072,0.007728439745964314,0.04104918490505435
7025.0,122.26,2025-11-21 19:32:11,0,2026-03-20,6602.990234375,0.46825396825396826,2603,0.045,out,6718.473454028999,0.007972333215961275,0.12762806492582177,0.007627352813062514,0.0446142510695504
7030.0,93.23,2025-11-21 16:08:16,0,2026-03-20,6602.990234375,0.46825396825396826,2603,0.045,out,6718.473454028999,0.007972333215961275,0.11055391858782797,0.005723079095177156,0.04532574167231449
7050.0,107.21,2025-11-21 15:42:28,0,2026-03-20,6602.990234375,0.46825396825396826,2603,0.045,out,6718.473454028999,0.007972333215961275,0.12279986307332559,0.007061179173641455,0.04816665267391832
7075.0,103.6,2025-11-21 19:32:49,0,2026-03-20,6602.990234375,0.46825396825396826,2603,0.045,out,6718.473454028999,0.007972333215961275,0.12481730419969735,0.0072950968748659315,0.05170647937904224
7100.0,86.45,2025-11-21 20:34:39,0,2026-03-20,6602.990234375,0.46825396825396826,2603,0.045,out,6718.473454028999,0.007972333215961275,0.1178379213118496,0.0065020695733869985,0.05523381989701076
7150.0,81.49,2025-11-21 19:30:39,0,2026-03-20,6602.990234375,0.46825396825396826,2603,0.045,out,6718.473454028999,0.007972333215961275,0.12238697672033802,0.007013775810904199,0.062251392555657294
5640.0,1104.35,2025-09-18 15:59:48,0,2026-01-16,6602.990234375,0.4722222222222222,2601,0.045,in,6742.114310181676,0.0008450272351955834,0.1766502337082556,0.014735838504891182,-0.17848950609463743
6130.0,667.29,2025-09-18 14:51:59,0,2026-01-16,6602.990234375,0.4722222222222222,2601,0.045,in,6742.114310181676,0.0008450272351955834,0.15308294004488246,0.011066238084926287,-0.09517882165648492
6150.0,776.8,2025-11-20 15:26:08,0,2026-03-20,6602.990234375,0.4722222222222222,2603,0.045,in,6718.473454028999,0.008283490079692687,0.24520073917792418,0.028391606732994634,-0.08840888233183256
6200.0,736.79,2025-11-20 15:33:04,0,2026-03-20,6602.990234375,0.4722222222222222,2603,0.045,in,6718.473454028999,0.008283490079692687,0.24045849331345776,0.027304024419773042,-0.0803116720992132
6225.0,710.27,2025-11-20 15:51:25,0,2026-03-20,6602.990234375,0.4722222222222222,2603,0.045,in,6718.473454028999,0.008283490079692687,0.23372103382026563,0.0257953852236176,-0.07628752179948776
6250.0,688.64,2025-11-20 15:51:25,0,2026-03-20,6602.990234375,0.4722222222222222,2603,0.045,in,6718.473454028999,0.008283490079692687,0.2301519447336891,0.025013572230552346,-0.07227950040194894
6325.0,591.74,2025-10-23 19:53:01,0,2026-02-20,6602.990234375,0.4722222222222222,2602,0.045,in,6681.031889159656,0.02011799054062586,0.1988509343401235,0.01867246665263838,-0.05476241543012324
6475.0,427.78,2025-11-20 17:07:05,0,2026-03-20,6602.990234375,0.4722222222222222,2603,0.045,in,6718.473454028999,0.008283490079692687,0.155580363176184,0.011430256663960175,-0.03691235656465758
6460.0,489.64,2025-10-23 18:30:21,0,2026-02-20,6602.990234375,0.4722222222222222,2602,0.045,in,6681.031889159656,0.02011799054062586,0.18738346659563027,0.016580932789103515,-0.03364313224919672
6475.0,466.75,2025-10-23 13:52:02,0,2026-02-20,6602.990234375,0.4722222222222222,2602,0.045,in,6681.031889159656,0.02011799054062586,0.179028006135267,0.015135207185363235,-0.03132384245810573
6525.0,360.0,2025-11-20 18:50:09,0,2026-03-20,6602.990234375,0.4722222222222222,2603,0.045,in,6718.473454028999,0.008283490079692687,0.1331699475988133,0.008374499834416708,-0.029220010941501933
6575.0,335.2,2025-11-20 18:46:37,0,2026-03-20,6602.990234375,0.4722222222222222,2603,0.045,in,6718.473454028999,0.008283490079692687,0.13605988296061544,0.008741915549204398,-0.021586386086430806
6580.0,345.9,2025-11-20 17:40:07,0,2026-03-20,6602.990234375,0.4722222222222222,2603,0.045,in,6718.473454028999,0.008283490079692687,0.14391824213910528,0.0097808840874159,-0.0208262188130332
6675.0,301.5,2025-11-20 20:56:50,0,2026-03-20,6602.990234375,0.4722222222222222,2603,0.045,out,6718.473454028999,0.008283490079692687,0.14773901717205543,0.010307108119844529,-0.0064917598639458556
6730.0,234.9,2025-11-20 19:05:42,0,2026-03-20,6602.990234375,0.4722222222222222,2603,0.045,out,6718.473454028999,0.008283490079692687,0.12589888324879117,0.007484971934888243,0.0017141795063774729
6740.0,230.4,2025-11-20 19:52:39,0,2026-03-20,6602.990234375,0.4722222222222222,2603,0.045,out,6718.473454028999,0.008283490079692687,0.12606019443499408,0.007504164848800131,0.0031989607739565224
6760.0,221.0,2025-11-20 19:33:26,0,2026-03-20,6602.990234375,0.4722222222222222,2603,0.045,out,6718.473454028999,0.008283490079692687,0.1260503791403953,0.007502996316234328,0.006161925904613662
6770.0,213.2,2025-11-20 19:34:37,0,2026-03-20,6602.990234375,0.4722222222222222,2603,0.045,out,6718.473454028999,0.008283490079692687,0.12427776755217672,0.007293454989772187,0.007640122773924606
6775.0,208.56,2025-11-20 16:55:43,0,2026-03-20,6602.990234375,0.4722222222222222,2603,0.045,out,6718.473454028999,0.008283490079692687,0.12296877523799637,0.007140623183890522,0.0083784026155056
6780.0,205.26,2025-11-20 19:57:58,0,2026-03-20,6602.990234375,0.4722222222222222,2603,0.045,out,6718.473454028999,0.008283490079692687,0.12239054865603878,0.0070736274668207035,0.009116137802045223
6800.0,218.76,2025-11-20 20:58:11,0,2026-03-20,6602.990234375,0.4722222222222222,2603,0.045,out,6718.473454028999,0.008283490079692687,0.13474810061103984,0.008574162791966933,0.0120616480318019
6820.0,188.2,2025-11-20 19:52:33,0,2026-03-20,6602.990234375,0.4722222222222222,2603,0.045,out,6718.473454028999,0.008283490079692687,0.12258820999605183,0.007096493803072603,0.0149985077051117
6825.0,216.46,2025-11-20 19:54:25,0,2026-03-20,6602.990234375,0.4722222222222222,2603,0.045,out,6718.473454028999,0.008283490079692687,0.13942394585542003,0.009179545097894906,0.015731376920764418
6870.0,185.8,2025-11-20 18:15:52,0,2026-03-20,6602.990234375,0.4722222222222222,2603,0.045,out,6718.473454028999,0.008283490079692687,0.13259644242459248,0.008302524478949738,0.022303142083998927
6890.0,156.8,2025-11-20 19:56:43,0,2026-03-20,6602.990234375,0.4722222222222222,2603,0.045,out,6718.473454028999,0.008283490079692687,0.12061978081792517,0.006870423219933145,0.025210120875308238
6920.0,146.5,2025-11-20 20:00:53,0,2026-03-20,6602.990234375,0.4722222222222222,2603,0.045,out,6718.473454028999,0.008283490079692687,0.1209903628401662,0.006912704286203227,0.02955480547931914
6925.0,155.7,2025-11-20 14:08:04,0,2026-03-20,6602.990234375,0.4722222222222222,2603,0.045,out,6718.473454028999,0.008283490079692687,0.1272694911421951,0.007648830482919047,0.030277087923143157
6930.0,130.2,2025-11-20 17:29:54,0,2026-03-20,6602.990234375,0.4722222222222222,2603,0.045,out,6718.473454028999,0.008283490079692687,0.11361638792637105,0.006095767258122382,0.030998849051552844
6950.0,124.5,2025-11-20 20:42:06,0,2026-03-20,6602.990234375,0.4722222222222222,2603,0.045,out,6718.473454028999,0.008283490079692687,0.11421113474904296,0.006159753225313578,0.03388069542644183
6960.0,118.7,2025-11-20 17:29:35,0,2026-03-20,6602.990234375,0.4722222222222222,2603,0.045,out,6718.473454028999,0.008283490079692687,0.11271487935121466,0.005999415235047247,0.035318510196069165
6970.0,113.72,2025-11-20 20:47:19,0,2026-03-20,6602.990234375,0.4722222222222222,2603,0.045,out,6718.473454028999,0.008283490079692687,0.11164457841895513,0.005886019503774605,0.03675426062217344
6975.0,111.92,2025-11-20 20:53:34,0,2026-03-20,6602.990234375,0.4722222222222222,2603,0.045,out,6718.473454028999,0.008283490079692687,0.11150121915785902,0.005870913107019761,0.037471363557170276
6980.0,111.3,2025-11-20 14:56:37,0,2026-03-20,6602.990234375,0.4722222222222222,2603,0.045,out,6718.473454028999,0.008283490079692687,0.11205544064124036,0.005929421394837311,0.038187952624022074
7010.0,103.26,2025-11-20 19:57:10,0,2026-03-20,6602.990234375,0.4722222222222222,2603,0.045,out,6718.473454028999,0.008283490079692687,0.11261058788522446,0.005988318237931935,0.0424767368962396
7020.0,107.0,2025-11-20 20:00:56,0,2026-03-20,6602.990234375,0.4722222222222222,2603,0.045,out,6718.473454028999,0.008283490079692687,0.11668096928612477,0.006429045169176196,0.04390225388746067
7040.0,103.3,2025-11-20 18:01:51,0,2026-03-20,6602.990234375,0.4722222222222222,2603,0.045,out,6718.473454028999,0.008283490079692687,0.11790052211142998,0.006564140637236456,0.046747206019692025
7070.0,97.69,2025-11-20 17:40:55,0,2026-03-20,6602.990234375,0.4722222222222222,2603,0.045,out,6718.473454028999,0.008283490079692687,0.11948874953180345,0.006742181708318306,0.05099951575822229
7080.0,90.6,2025-11-20 18:02:03,0,2026-03-20,6602.990234375,0.4722222222222222,2603,0.045,out,6718.473454028999,0.008283490079692687,0.1165979104862807,0.006419895455723176,0.05241294355536934
7090.0,92.39,2025-11-20 18:17:49,0,2026-03-20,6602.990234375,0.4722222222222222,2603,0.045,out,6718.473454028999,0.008283490079692687,0.11940109378991869,0.006732293343608119,0.053824376393777115
7110.0,73.06,2025-11-20 20:06:40,0,2026-03-20,6602.990234375,0.4722222222222222,2603,0.045,out,6718.473454028999,0.008283490079692687,0.10970358047423447,0.0056831356852982285,0.05664127966489057
7120.0,71.31,2025-11-20 20:00:50,0,2026-03-20,6602.990234375,0.4722222222222222,2603,0.045,out,6718.473454028999,0.008283490079692687,0.1100368999660663,0.0057177230283448725,0.05804676127362529
7125.0,73.4,2025-11-20 18:53:36,0,2026-03-20,6602.990234375,0.4722222222222222,2603,0.045,out,6718.473454028999,0.008283490079692687,0.11225516498425347,0.005950577086553151,0.058748762004455134
7140.0,83.3,2025-11-20 17:09:19,0,2026-03-20,6602.990234375,0.4722222222222222,2603,0.045,out,6718.473454028999,0.008283490079692687,0.12135999255719454,0.006955005902477759,0.060851812201233986
7160.0,58.63,2025-11-20 20:47:19,0,2026-03-20,6602.990234375,0.4722222222222222,2603,0.045,out,6718.473454028999,0.008283490079692687,0.10687239132053471,0.005393584345880043,0.06364901682229529
5600.0,1170.97,2025-10-01 13:59:44,0,2026-01-30,6602.990234375,0.47619047619047616,2601,0.045,in,6742.114310181676,0.0012129853415689534,0.22105520606288295,0.023269240060716023,-0.18560697386350147
5625.0,1147.82,2025-10-01 13:59:44,0,2026-01-30,6602.990234375,0.47619047619047616,2601,0.045,in,6742.114310181676,0.0012129853415689534,0.21877254270212812,0.022791154971597366,-0.1811526235141211
6100.0,733.64,2025-11-19 15:59:15,0,2026-03-20,6602.990234375,0.47619047619047616,2603,0.045,in,6718.473454028999,0.008589460995695249,0.18745913502041955,0.01673377490600185,-0.09657219297099347
6405.0,387.6,2025-10-22 17:21:56,0,2026-02-20,6602.990234375,0.47619047619047616,2602,0.045,in,6681.031889159656,0.020325340619453975,0.09680426649387784,0.00446241238638939,-0.04219351469500964
6500.0,360.3,2025-11-19 15:39:30,0,2026-03-20,6602.990234375,0.47619047619047616,2603,0.045,in,6718.473454028999,0.008589460995695249,0.12286730697467894,0.0071887500586714234,-0.03305878724866761
6670.0,307.9,2025-11-19 15:58:22,0,2026-03-20,6602.990234375,0.47619047619047616,2603,0.045,out,6718.473454028999,0.008589460995695249,0.1489245200997366,0.010561196517588979,-0.007241104222726641
6680.0,287.7,2025-11-19 17:41:37,0,2026-03-20,6602.990234375,0.47619047619047616,2603,0.045,out,6718.473454028999,0.008589460995695249,0.14052308439975894,0.00940320821391513,-0.005742976601704703
6725.0,285.03,2025-11-19 15:42:57,0,2026-03-20,6602.990234375,0.47619047619047616,2603,0.045,out,6718.473454028999,0.008589460995695249,0.15138193914503087,0.010912614999671347,0.0009709613376438189
6750.0,253.8,2025-11-19 16:43:15,0,2026-03-20,6602.990234375,0.47619047619047616,2603,0.045,out,6718.473454028999,0.008589460995695249,0.14070627436553887,0.009427740783728714,0.004681540734179353
6790.0,232.7,2025-11-19 18:58:44,0,2026-03-20,6602.990234375,0.47619047619047616,2603,0.045,out,6718.473454028999,0.008589460995695249,0.13913741712067948,0.009218676591911404,0.010589977420345823
6810.0,177.23,2025-11-19 19:00:32,0,2026-03-20,6602.990234375,0.47619047619047616,2603,0.045,out,6718.473454028999,0.008589460995695249,0.1133897981519031,0.006122498249966346,0.013531156011161925
6840.0,169.2,2025-11-19 20:24:03,0,2026-03-20,6602.990234375,0.47619047619047616,2603,0.045,out,6718.473454028999,0.008589460995695249,0.1158682234503586,0.0063930691454963,0.01792676748420014
5100.0,1646.37,2025-11-18 19:51:00,0,2026-03-20,6602.990234375,0.4801587301587302,2603,0.045,in,6718.473454028999,0.008890374541185374,0.27512502958070223,0.03634503019887165,-0.27562042441997886
5400.0,1328.87,2025-11-18 15:21:53,0,2026-03-20,6602.990234375,0.4801587301587302,2603,0.045,in,6718.473454028999,0.008890374541185374,0.17867602264005025,0.01532912559143888,-0.21846201058003037
6350.0,516.63,2025-11-18 20:57:26,0,2026-03-20,6602.990234375,0.4801587301587302,2603,0.045,in,6718.473454028999,0.008890374541185374,0.15843178302531571,0.012052286565802645,-0.05640615124565871
6340.0,588.14,2025-10-21 17:41:29,0,2026-02-20,6602.990234375,0.4801587301587302,2602,0.045,in,6681.031889159656,0.02052926342425188,0.20005410536802082,0.019216742277882937,-0.05239368159457259
6410.0,530.0,2025-10-21 15:37:12,0,2026-02-20,6602.990234375,0.4801587301587302,2602,0.045,in,6681.031889159656,0.02052926342425188,0.1911140846877996,0.01753760237020916,-0.04141317911112845
6625.0,344.0,2025-11-18 18:04:40,0,2026-03-20,6602.990234375,0.4801587301587302,2603,0.045,out,6718.473454028999,0.008890374541185374,0.1549573517522098,0.011529466207575504,-0.014010592277973162
6690.0,276.2,2025-11-18 15:34:59,0,2026-03-20,6602.990234375,0.4801587301587302,2603,0.045,out,6718.473454028999,0.008890374541185374,0.13605247257260744,0.008887870279633064,-0.004247090010121937
6830.0,221.9,2025-11-18 19:40:46,0,2026-03-20,6602.990234375,0.4801587301587302,2603,0.045,out,6718.473454028999,0.008890374541185374,0.1418501477739015,0.009661496806511117,0.016463709432439702
7130.0,82.9,2025-11-18 15:34:56,0,2026-03-20,6602.990234375,0.4801587301587302,2603,0.045,out,6718.473454028999,0.008890374541185374,0.11814040119091392,0.006701649530236355,0.059450270275945495
5550.0,1287.16,2025-10-20 16:50:22,0,2026-02-20,6602.990234375,0.48412698412698413,2602,0.045,in,6681.031889159656,0.020729843232249814,0.29777687039028145,0.04292805505480365,-0.18547452228536404
5650.0,1193.96,2025-10-20 16:50:22,0,2026-02-20,6602.990234375,0.48412698412698413,2602,0.045,in,6681.031889159656,0.020729843232249814,0.2835094936171698,0.03891298104154688,-0.16761690488535752
5790.0,1063.44,2025-10-20 16:34:27,0,2026-02-20,6602.990234375,0.48412698412698413,2602,0.045,in,6681.031889159656,0.020729843232249814,0.2630153508649222,0.0334904885890991,-0.1431401584588033
5820.0,1038.85,2025-10-20 15:40:52,0,2026-02-20,6602.990234375,0.48412698412698413,2602,0.045,in,6681.031889159656,0.020729843232249814,0.2613305836823854,0.03306281041297103,-0.13797218830036068
6010.0,867.45,2025-10-20 15:45:47,0,2026-02-20,6602.990234375,0.48412698412698413,2602,0.045,in,6681.031889159656,0.020729843232249814,0.23632206486794172,0.027037581102780213,-0.10584770149659095
6220.0,569.0,2025-09-15 14:36:23,0,2026-01-16,6602.990234375,0.48412698412698413,2601,0.045,in,6742.114310181676,0.0019308052540022505,0.12529088843902228,0.007599731827588977,-0.08060366485351685
6275.0,524.28,2025-09-15 16:07:38,0,2026-01-16,6602.990234375,0.48412698412698413,2601,0.045,in,6742.114310181676,0.0019308052540022505,0.12393791818248634,0.007436484614031185,-0.07180008658675742
6360.0,569.31,2025-11-17 18:18:20,0,2026-03-20,6602.990234375,0.48412698412698413,2603,0.045,in,6718.473454028999,0.009186355077733036,0.1949388000438803,0.018397375250122423,-0.054832586798228285
6360.0,571.62,2025-10-20 19:15:54,0,2026-02-20,6602.990234375,0.48412698412698413,2602,0.045,in,6681.031889159656,0.020729843232249814,0.1963694572915445,0.018668403088694597,-0.04924407269167638
6370.0,566.13,2025-10-20 19:50:22,0,2026-02-20,6602.990234375,0.48412698412698413,2602,0.045,in,6681.031889159656,0.020729843232249814,0.19684749863185705,0.01875940635535521,-0.047672980459635125
6370.0,648.72,2025-10-27 13:33:20,0,2026-02-27,6602.990234375,0.48412698412698413,2602,0.045,in,6681.031889159656,0.020729843232249814,0.24677730072384196,0.02948286670877204,-0.047672980459635125
6425.0,515.07,2025-11-17 18:08:16,0,2026-03-20,6602.990234375,0.48412698412698413,2603,0.045,in,6718.473454028999,0.009186355077733036,0.1864296672532577,0.016826327545728444,-0.04466433336897552
6860.0,225.07,2025-11-17 18:24:47,0,2026-03-20,6602.990234375,0.48412698412698413,2603,0.045,out,6718.473454028999,0.009186355077733036,0.14954521277506252,0.010826904845240177,0.02084647758753477
6025.0,776.19,2025-10-17 15:39:40,0,2026-02-20,6602.990234375,0.49603174603174605,2602,0.045,in,6681.031889159656,0.021312326994675817,0.16737481701546508,0.013895996711785923,-0.10335497066698845
6275.0,535.95,2025-09-26 15:15:47,0,2026-01-30,6602.990234375,0.49603174603174605,2601,0.045,in,6742.114310181676,0.002964465927906196,0.12958460905057848,0.008329449852575032,-0.07180008658675742
6230.0,628.28,2025-10-17 16:20:39,0,2026-02-20,6602.990234375,0.49603174603174605,2602,0.045,in,6681.031889159656,0.021312326994675817,0.1729162029088435,0.014831355768061674,-0.06989611724434537
6290.0,582.93,2025-10-17 16:06:32,0,2026-02-20,6602.990234375,0.49603174603174605,2602,0.045,in,6681.031889159656,0.021312326994675817,0.17055667391486898,0.014429354671082813,-0.06031137933135802
6425.0,425.54,2025-09-26 15:28:59,0,2026-01-30,6602.990234375,0.49603174603174605,2601,0.045,in,6742.114310181676,0.002964465927906196,0.12784095321783653,0.008106800257760451,-0.04817694082332149
6430.0,538.22,2025-11-14 18:41:48,0,2026-03-20,6602.990234375,0.49603174603174605,2603,0.045,in,6718.473454028999,0.010045882555867441,0.19842795726152276,0.01953058245187535,-0.04388642590073097
6470.0,526.57,2025-11-14 17:09:47,0,2026-03-20,6602.990234375,0.49603174603174605,2603,0.045,in,6718.473454028999,0.010045882555867441,0.20529057911856255,0.020904871961723605,-0.03768485563744985
6490.0,494.89,2025-11-14 18:24:44,0,2026-03-20,6602.990234375,0.49603174603174605,2603,0.045,in,6718.473454028999,0.010045882555867441,0.19367328226739428,0.018605823543762785,-0.03459843343426045
6620.0,372.08,2025-11-14 14:54:54,0,2026-03-20,6602.990234375,0.49603174603174605,2603,0.045,out,6718.473454028999,0.010045882555867441,0.16511369411936944,0.013523081342135266,-0.014765594201342248
5150.0,1686.21,2025-11-13 18:26:32,0,2026-03-20,6602.990234375,0.5,2603,0.045,in,6718.473454028999,0.01032329618637643,0.3720668482757069,0.06921686979290895,-0.26586424947461423
5425.0,1307.86,2025-10-16 19:17:13,0,2026-02-20,6602.990234375,0.5,2602,0.045,in,6681.031889159656,0.021500324399479978,0.1686371628708197,0.014219246350559685,-0.20825455061718395
5575.0,1175.97,2025-10-16 19:42:50,0,2026-02-20,6602.990234375,0.5,2602,0.045,in,6681.031889159656,0.021500324399479978,0.1834600578546372,0.016828796414013414,-0.18098013269752464
5650.0,1230.57,2025-11-13 18:01:24,0,2026-03-20,6602.990234375,0.5,2603,0.045,in,6718.473454028999,0.01032329618637643,0.30760352358444204,0.04730996386078219,-0.17320541899190944
5675.0,1207.67,2025-11-13 18:01:24,0,2026-03-20,6602.990234375,0.5,2603,0.045,in,6718.473454028999,0.01032329618637643,0.3040522413051673,0.046223882721347836,-0.16879040078279267
5850.0,937.63,2025-10-16 19:50:25,0,2026-02-20,6602.990234375,0.5,2602,0.045,in,6681.031889159656,0.021500324399479978,0.1840821856135809,0.016943125530136424,-0.1328307887999421
6260.0,633.69,2025-10-16 13:56:36,0,2026-02-20,6602.990234375,0.5,2602,0.045,in,6681.031889159656,0.021500324399479978,0.1893753141764916,0.017931504809722446,-0.06509226493169995
7060.0,148.5,2025-11-13 21:05:40,0,2026-03-20,6602.990234375,0.5,2603,0.045,out,6718.473454028999,0.01032329618637643,0.14319486252693708,0.010252384327054205,0.04958408735489157
6540.0,526.84,2025-11-12 15:59:14,0,2026-03-20,6602.990234375,0.503968253968254,2603,0.045,in,6718.473454028999,0.010596341098294729,0.22499344811531924,0.025511907004929554,-0.02692379868115176
6990.0,230.88,2025-11-12 15:01:10,0,2026-03-20,6602.990234375,0.503968253968254,2603,0.045,out,6718.473454028999,0.010596341098294729,0.17538038539402692,0.015501196455482504,0.0396195920954599
6190.0,797.4,2025-11-11 12:00:21,0,2026-03-20,6602.990234375,0.5079365079365079,2603,0.045,in,6718.473454028999,0.010865119683464299,0.261919047101474,0.034845250658816086,-0.08192587745375425
6290.0,737.8,2025-11-11 18:21:53,0,2026-03-20,6602.990234375,0.5079365079365079,2603,0.045,in,6718.473454028999,0.010865119683464299,0.26310020618305396,0.03516023796498565,-0.06589989343790986
6275.0,564.02,2025-10-14 14:31:42,0,2026-02-20,6602.990234375,0.5079365079365079,2602,0.045,in,6681.031889159656,0.0218675068307381,0.1468324078378272,0.010950987170262357,-0.06269896502585962
6320.0,615.59,2025-10-21 17:41:29,0,2026-02-27,6602.990234375,0.5079365079365079,2602,0.045,in,6681.031889159656,0.0218675068307381,0.20043722256781618,0.020406389938133474,-0.05555324188494108
6380.0,568.15,2025-10-21 15:08:24,0,2026-02-27,6602.990234375,0.5079365079365079,2602,0.045,in,6681.031889159656,0.0218675068307381,0.1945710462494011,0.019229405479916993,-0.04610435268700865
6450.0,601.4,2025-11-11 18:17:11,0,2026-03-20,6602.990234375,0.5079365079365079,2603,0.045,in,6718.473454028999,0.010865119683464299,0.23784719155671774,0.028734621730244055,-0.0407808333425779
6420.0,536.27,2025-10-21 15:02:33,0,2026-02-27,6602.990234375,0.5079365079365079,2602,0.045,in,6681.031889159656,0.0218675068307381,0.19021946143757495,0.018378891941384666,-0.03985433234183738
6440.0,520.03,2025-10-21 15:10:32,0,2026-02-27,6602.990234375,0.5079365079365079,2602,0.045,in,6681.031889159656,0.0218675068307381,0.18778146023484843,0.017910794569108296,-0.036743909927444945
6480.0,578.79,2025-11-11 20:48:43,0,2026-03-20,6602.990234375,0.5079365079365079,2603,0.045,in,6718.473454028999,0.010865119683464299,0.23451784170119877,0.0279358060069529,-0.03614045378607568
5200.0,1625.86,2025-10-20 15:49:33,0,2026-02-27,6602.990234375,0.5119047619047619,2602,0.045,in,6681.031889159656,0.022046828483213,0.343989719658317,0.06057314132043003,-0.2506138244563255
5700.0,1067.85,2025-11-21 16:59:20,0,2026-03-31,6602.990234375,0.5119047619047619,2603,0.045,in,6718.473454028999,0.01112973115878628,0.18149354558928002,0.016862095296362224,-0.16439478930975457
5750.0,1023.65,2025-11-21 16:59:20,0,2026-03-31,6602.990234375,0.5119047619047619,2603,0.045,in,6718.473454028999,0.01112973115878628,0.18041956455181038,0.01666312415168797,-0.15566110934099997
5750.0,1042.98,2025-10-13 17:18:31,0,2026-02-20,6602.990234375,0.5119047619047619,2602,0.045,in,6681.031889159656,0.022046828483213,0.20273116607576583,0.021039247678963202,-0.15007259523444808
5900.0,916.61,2025-09-22 16:00:54,0,2026-01-30,6602.990234375,0.5119047619047619,2601,0.045,in,6742.114310181676,0.004267893340994373,0.19839106048942637,0.0201480661182277,-0.13342122069293122
6025.0,732.0,2025-11-21 15:44:53,0,2026-03-31,6602.990234375,0.5119047619047619,2603,0.045,in,6718.473454028999,0.01112973115878628,0.11152227108344526,0.006366670580323885,-0.10894348477354032
6050.0,710.8,2025-11-21 15:45:06,0,2026-03-31,6602.990234375,0.5119047619047619,2603,0.045,in,6718.473454028999,0.01112973115878628,0.11318024122249562,0.0065573807278195085,-0.10480269210750892
6075.0,747.4,2025-11-21 17:26:00,0,2026-03-31,6602.990234375,0.5119047619047619,2603,0.045,in,6718.473454028999,0.01112973115878628,0.17085948357096095,0.014944016838378874,-0.10067897492364687
6150.0,658.81,2025-11-21 16:36:55,0,2026-03-31,6602.990234375,0.5119047619047619,2603,0.045,in,6718.473454028999,0.01112973115878628,0.14586981191278095,0.010892310561681119,-0.08840888233183256
6325.0,655.53,2025-11-10 15:57:34,0,2026-03-20,6602.990234375,0.5119047619047619,2603,0.045,in,6718.473454028999,0.01112973115878628,0.22530064784028475,0.025984481219545667,-0.06035092953667505
6350.0,528.14,2025-11-21 17:38:51,0,2026-03-31,6602.990234375,0.5119047619047619,2603,0.045,in,6718.473454028999,0.01112973115878628,0.15687805833512627,0.012598347417154394,-0.05640615124565871
6390.0,510.32,2025-09-22 18:02:29,0,2026-01-30,6602.990234375,0.5119047619047619,2601,0.045,in,6742.114310181676,0.004267893340994373,0.16228584564209322,0.013481879939500953,-0.05363930321516155
6400.0,490.89,2025-11-21 17:38:51,0,2026-03-31,6602.990234375,0.5119047619047619,2603,0.045,in,6718.473454028999,0.01112973115878628,0.15434338013625734,0.012194533293465062,-0.04856297378463283
6520.0,521.8,2025-11-10 18:12:20,0,2026-03-20,6602.990234375,0.5119047619047619,2603,0.045,in,6718.473454028999,0.01112973115878628,0.21372932037178394,0.02338392336456119,-0.029986588211697477
6560.0,490.9,2025-11-10 18:08:29,0,2026-03-20,6602.990234375,0.5119047619047619,2603,0.045,in,6718.473454028999,0.01112973115878628,0.20864975075497505,0.02228562970327224,-0.023870361194261332
6540.0,427.23,2025-10-20 14:13:55,0,2026-02-27,6602.990234375,0.5119047619047619,2602,0.045,in,6681.031889159656,0.022046828483213,0.16717259967643,0.014306037589890056,-0.021335284574599794
6600.0,311.24,2025-11-21 11:33:42,0,2026-03-31,6602.990234375,0.5119047619047619,2603,0.045,in,6718.473454028999,0.01112973115878628,0.12157157242733334,0.007565771792446872,-0.0177913151178792
6630.0,324.56,2025-11-21 20:39:34,0,2026-03-31,6602.990234375,0.5119047619047619,2603,0.045,out,6718.473454028999,0.01112973115878628,0.13816575238677545,0.009772146794070962,-0.013256159952487908
6670.0,299.43,2025-11-21 20:39:34,0,2026-03-31,6602.990234375,0.5119047619047619,2603,0.045,out,6718.473454028999,0.01112973115878628,0.13609192536685172,0.009480994314909995,-0.007241104222726641
6750.0,242.39,2025-11-21 16:36:55,0,2026-03-31,6602.990234375,0.5119047619047619,2603,0.045,out,6718.473454028999,0.01112973115878628,0.12692997376389092,0.008247409336990329,0.004681540734179353
6820.0,205.7,2025-11-21 16:37:11,0,2026-03-31,6602.990234375,0.5119047619047619,2603,0.045,out,6718.473454028999,0.01112973115878628,0.12428898361211595,0.007907777526610852,0.0149985077051117
6850.0,193.5,2025-11-21 18:05:27,0,2026-03-31,6602.990234375,0.5119047619047619,2603,0.045,out,6718.473454028999,0.01112973115878628,0.12452203177032045,0.007937460298059213,0.019387688123874793
6905.0,170.01,2025-11-21 20:31:49,0,2026-03-31,6602.990234375,0.5119047619047619,2603,0.045,out,6718.473454028999,0.01112973115878628,0.12355996720668005,0.00781528352777359,0.02738482271099632
6925.0,164.2,2025-11-21 18:41:23,0,2026-03-31,6602.990234375,0.5119047619047619,2603,0.045,out,6718.473454028999,0.01112973115878628,0.12443982443187863,0.007926983403564064,0.030277087923143157
6950.0,168.76,2025-11-21 19:38:24,0,2026-03-31,6602.990234375,0.5119047619047619,2603,0.045,out,6718.473454028999,0.01112973115878628,0.13186144777503703,0.008900714054775466,0.03388069542644183
6970.0,159.83,2025-11-21 19:38:24,0,2026-03-31,6602.990234375,0.5119047619047619,2603,0.045,out,6718.473454028999,0.01112973115878628,0.130804561570035,0.008758605155758933,0.03675426062217344
6975.0,142.7,2025-11-21 18:41:23,0,2026-03-31,6602.990234375,0.5119047619047619,2603,0.045,out,6718.473454028999,0.01112973115878628,0.12223380811716986,0.007648422207303325,0.037471363557170276
7000.0,128.44,2025-11-21 21:06:51,0,2026-03-31,6602.990234375,0.5119047619047619,2603,0.045,out,6718.473454028999,0.01112973115878628,0.11877886606166645,0.0072221668807678305,0.04104918490505435
7005.0,129.77,2025-11-21 20:43:08,0,2026-03-31,6602.990234375,0.5119047619047619,2603,0.045,out,6718.473454028999,0.01112973115878628,0.12043327220908083,0.0074247552543383576,0.041763215638711396
7090.0,87.76,2025-11-21 16:14:42,0,2026-03-31,6602.990234375,0.5119047619047619,2603,0.045,out,6718.473454028999,0.01112973115878628,0.10979753856148572,0.00617126758796334,0.053824376393777115
7100.0,92.02,2025-11-21 18:12:22,0,2026-03-31,6602.990234375,0.5119047619047619,2603,0.045,out,6718.473454028999,0.01112973115878628,0.11402907425600048,0.0066561080994554786,0.05523381989701076
7125.0,93.6,2025-11-21 17:32:40,0,2026-03-31,6602.990234375,0.5119047619047619,2603,0.045,out,6718.473454028999,0.01112973115878628,0.11892280699928176,0.0072396817030631186,0.058748762004455134
7130.0,74.6,2025-11-21 10:19:15,0,2026-03-31,6602.990234375,0.5119047619047619,2603,0.045,out,6718.473454028999,0.01112973115878628,0.10746674761128774,0.005912040228718731,0.059450270275945495
7140.0,89.51,2025-11-21 17:33:06,0,2026-03-31,6602.990234375,0.5119047619047619,2603,0.045,out,6718.473454028999,0.01112973115878628,0.11863995400668473,0.0072052840896244695,0.060851812201233986
7150.0,81.68,2025-11-21 16:55:43,0,2026-03-31,6602.990234375,0.5119047619047619,2603,0.045,out,6718.473454028999,0.01112973115878628,0.11509226497299066,0.006780807936123369,0.062251392555657294
5675.0,1209.69,2025-11-20 14:48:16,0,2026-03-31,6602.990234375,0.5158730158730159,2603,0.045,in,6718.473454028999,0.011390271688334085,0.2985405687227719,0.04597794147829799,-0.16879040078279267
5950.0,962.18,2025-11-20 14:48:16,0,2026-03-31,6602.990234375,0.5158730158730159,2603,0.045,in,6718.473454028999,0.011390271688334085,0.26188300545119586,0.03537996869341127,-0.1214697445927206
6000.0,747.4,2025-11-20 17:34:13,0,2026-03-31,6602.990234375,0.5158730158730159,2603,0.045,in,6718.473454028999,0.011390271688334085,0.09437055403376388,0.004594262662393418,-0.113101494922204
6100.0,671.1,2025-11-20 15:31:07,0,2026-03-31,6602.990234375,0.5158730158730159,2603,0.045,in,6718.473454028999,0.011390271688334085,0.11666724012448967,0.007021673965771799,-0.09657219297099347
6475.0,392.03,2025-11-20 21:14:32,0,2026-03-31,6602.990234375,0.5158730158730159,2603,0.045,in,6718.473454028999,0.011390271688334085,0.12287386581325987,0.007788644035660117,-0.03691235656465758
6480.0,388.63,2025-11-20 21:14:32,0,2026-03-31,6602.990234375,0.5158730158730159,2603,0.045,in,6718.473454028999,0.011390271688334085,0.12279325109734007,0.007778427487924895,-0.03614045378607568
6500.0,422.93,2025-11-20 14:43:11,0,2026-03-31,6602.990234375,0.5158730158730159,2603,0.045,in,6718.473454028999,0.011390271688334085,0.1503776840724326,0.011665667550430497,-0.03305878724866761
6520.0,359.91,2025-11-20 21:11:09,0,2026-03-31,6602.990234375,0.5158730158730159,2603,0.045,in,6718.473454028999,0.011390271688334085,0.12095179453653022,0.007546879992892512,-0.029986588211697477
6525.0,356.61,2025-11-20 21:11:09,0,2026-03-31,6602.990234375,0.5158730158730159,2603,0.045,in,6718.473454028999,0.011390271688334085,0.12085741353487098,0.007535106638190659,-0.029220010941501933
6650.0,393.59,2025-11-20 15:51:43,0,2026-03-31,6602.990234375,0.5158730158730159,2603,0.045,out,6718.473454028999,0.011390271688334085,0.1803101902883041,0.01677194211839118,-0.010244109482496303
6665.0,298.0,2025-11-20 18:42:38,0,2026-03-31,6602.990234375,0.5158730158730159,2603,0.045,out,6718.473454028999,0.011390271688334085,0.13305385475681955,0.009132669343390272,-0.00799101051958702
6690.0,365.89,2025-11-20 15:51:43,0,2026-03-31,6602.990234375,0.5158730158730159,2603,0.045,out,6718.473454028999,0.011390271688334085,0.17625764077312187,0.016026501075467832,-0.004247090010121937
6700.0,253.0,2025-11-20 20:49:25,0,2026-03-31,6602.990234375,0.5158730158730159,2603,0.045,out,6718.473454028999,0.011390271688334085,0.11866844234105826,0.007264626575376585,-0.002753437753338713
6730.0,264.96,2025-11-20 17:42:50,0,2026-03-31,6602.990234375,0.5158730158730159,2603,0.045,out,6718.473454028999,0.011390271688334085,0.13299572389720202,0.009124691010882155,0.0017141795063774729
6760.0,320.62,2025-11-20 15:48:22,0,2026-03-31,6602.990234375,0.5158730158730159,2603,0.045,out,6718.473454028999,0.011390271688334085,0.170040470517945,0.01491582940402911,0.006161925904613662
6765.0,317.42,2025-11-20 15:48:22,0,2026-03-31,6602.990234375,0.5158730158730159,2603,0.045,out,6718.473454028999,0.011390271688334085,0.16957114046764155,0.01483360443783556,0.006901297472492322
6800.0,286.05,2025-11-20 14:43:11,0,2026-03-31,6602.990234375,0.5158730158730159,2603,0.045,out,6718.473454028999,0.011390271688334085,0.16137605246127887,0.013434483889040104,0.0120616480318019
6810.0,289.5,2025-11-20 15:05:32,0,2026-03-31,6602.990234375,0.5158730158730159,2603,0.045,out,6718.473454028999,0.011390271688334085,0.16553981778011542,0.014136690734871416,0.013531156011161925
6930.0,157.5,2025-11-20 19:29:18,0,2026-03-31,6602.990234375,0.5158730158730159,2603,0.045,out,6718.473454028999,0.011390271688334085,0.12106080380892112,0.007560489557349491,0.030998849051552844
7010.0,141.6,2025-11-20 16:55:53,0,2026-03-31,6602.990234375,0.5158730158730159,2603,0.045,out,6718.473454028999,0.011390271688334085,0.1273247491901126,0.008363122731437541,0.0424767368962396
7050.0,97.3,2025-11-20 19:24:18,0,2026-03-31,6602.990234375,0.5158730158730159,2603,0.045,out,6718.473454028999,0.011390271688334085,0.10858245837172398,0.006082220375341795,0.04816665267391832
7110.0,88.73,2025-11-20 20:23:08,0,2026-03-31,6602.990234375,0.5158730158730159,2603,0.045,out,6718.473454028999,0.011390271688334085,0.11289707524656407,0.0065751882853162125,0.05664127966489057
7120.0,77.2,2025-11-20 19:29:18,0,2026-03-31,6602.990234375,0.5158730158730159,2603,0.045,out,6718.473454028999,0.011390271688334085,0.10707054332701794,0.0059140204852562205,0.05804676127362529
7160.0,74.89,2025-11-20 20:23:08,0,2026-03-31,6602.990234375,0.5158730158730159,2603,0.045,out,6718.473454028999,0.011390271688334085,0.11145763152431787,0.006408589171632461,0.06364901682229529
5800.0,994.85,2025-11-19 14:35:18,0,2026-03-31,6602.990234375,0.5198412698412699,2603,0.045,in,6718.473454028999,0.01164683449987352,0.1924095391155438,0.019245267568602908,-0.1470030465978854
6200.0,659.15,2025-11-19 14:35:18,0,2026-03-31,6602.990234375,0.5198412698412699,2603,0.045,in,6718.473454028999,0.01164683449987352,0.17213978546606332,0.015403991476109533,-0.0803116720992132
6615.0,344.5,2025-11-19 14:32:42,0,2026-03-31,6602.990234375,0.5198412698412699,2603,0.045,out,6718.473454028999,0.01164683449987352,0.1427817883867037,0.010597816354891317,-0.015521166583339992
6675.0,310.5,2025-11-19 19:54:47,0,2026-03-31,6602.990234375,0.5198412698412699,2603,0.045,out,6718.473454028999,0.01164683449987352,0.14169662269278954,0.010437338125448817,-0.0064917598639458556
6740.0,275.13,2025-11-19 20:59:59,0,2026-03-31,6602.990234375,0.5198412698412699,2603,0.045,out,6718.473454028999,0.01164683449987352,0.14010781196311842,0.010204587561409222,0.0031989607739565224
6900.0,200.38,2025-11-19 14:58:34,0,2026-03-31,6602.990234375,0.5198412698412699,2603,0.045,out,6718.473454028999,0.01164683449987352,0.13733161891108908,0.00980419260082944,0.02666044745295456
5725.0,1044.14,2025-11-18 21:12:42,0,2026-03-31,6602.990234375,0.5238095238095238,2603,0.045,in,6718.473454028999,0.011899509996086598,0.1732556352919911,0.015723460322130747,-0.1600184147099557
5860.0,920.8,2025-09-19 15:08:24,0,2026-01-30,6602.990234375,0.5238095238095238,2601,0.045,in,6742.114310181676,0.00519362303778996,0.16489168666390827,0.0142419976971216,-0.14022396801568368
5875.0,945.3,2025-11-18 18:43:22,0,2026-03-31,6602.990234375,0.5238095238095238,2603,0.045,in,6718.473454028999,0.011899509996086598,0.201784780420736,0.0213280035097091,-0.13415490412003644
5930.0,938.63,2025-11-07 20:39:29,0,2026-03-20,6602.990234375,0.5238095238095238,2603,0.045,in,6718.473454028999,0.011899509996086598,0.23094433055419736,0.027937529617447148,-0.124836751140625
5975.0,826.05,2025-09-19 14:06:44,0,2026-01-30,6602.990234375,0.5238095238095238,2601,0.045,in,6742.114310181676,0.00519362303778996,0.16604403091413644,0.014441753439255318,-0.12078947378703056
5980.0,821.66,2025-09-19 14:06:44,0,2026-01-30,6602.990234375,0.5238095238095238,2601,0.045,in,6742.114310181676,0.00519362303778996,0.16573861981654345,0.014388675765981906,-0.1199530036420646
6175.0,684.06,2025-11-07 16:00:12,0,2026-03-20,6602.990234375,0.5238095238095238,2603,0.045,in,6718.473454028999,0.011899509996086598,0.1757505082178533,0.016179554882246233,-0.08435208163621817
6175.0,656.53,2025-10-17 13:45:39,0,2026-02-27,6602.990234375,0.5238095238095238,2602,0.045,in,6681.031889159656,0.02256849147223089,0.15559814304517033,0.012681838252864676,-0.07876356752966626
6220.0,642.36,2025-11-18 17:03:03,0,2026-03-31,6602.990234375,0.5238095238095238,2603,0.045,in,6718.473454028999,0.011899509996086598,0.16923777126988046,0.015002650260398102,-0.07709105739917102
6230.0,651.87,2025-11-07 15:38:54,0,2026-03-20,6602.990234375,0.5238095238095238,2603,0.045,in,6718.473454028999,0.011899509996086598,0.18046130981922517,0.01705852989325591,-0.07548463135089728
6250.0,634.41,2025-11-18 14:46:04,0,2026-03-31,6602.990234375,0.5238095238095238,2603,0.045,in,6718.473454028999,0.011899509996086598,0.1780805717962252,0.016611409074475034,-0.07227950040194894
6275.0,611.38,2025-10-17 18:53:37,0,2026-02-27,6602.990234375,0.5238095238095238,2602,0.045,in,6681.031889159656,0.02256849147223089,0.17426432931940344,0.015907077200216974,-0.06269896502585962
6430.0,432.4,2025-10-17 09:41:14,0,2026-02-27,6602.990234375,0.5238095238095238,2602,0.045,in,6681.031889159656,0.02256849147223089,0.12741140886432775,0.008503349437939137,-0.038297911794179115
6530.0,420.56,2025-11-07 18:22:09,0,2026-03-20,6602.990234375,0.5238095238095238,2603,0.045,in,6718.473454028999,0.011899509996086598,0.1572037812693948,0.01294491987139776,-0.028454020861919328
6605.0,372.0,2025-11-18 18:04:28,0,2026-03-31,6602.990234375,0.5238095238095238,2603,0.045,out,6718.473454028999,0.011899509996086598,0.1538395994018962,0.012396802180261663,-0.0170340261759704
6570.0,383.8,2025-10-17 18:59:52,0,2026-02-27,6602.990234375,0.5238095238095238,2602,0.045,in,6681.031889159656,0.02256849147223089,0.14959767916412298,0.01172257722496241,-0.016758617547188052
6610.0,356.35,2025-11-18 17:03:03,0,2026-03-31,6602.990234375,0.5238095238095238,2603,0.045,out,6718.473454028999,0.011899509996086598,0.14682885357603312,0.011292658793665426,-0.016277310286664102
6630.0,351.87,2025-11-07 18:12:23,0,2026-03-20,6602.990234375,0.5238095238095238,2603,0.045,out,6718.473454028999,0.011899509996086598,0.15028463806541892,0.011830485562999694,-0.013256159952487908
6640.0,369.5,2025-11-07 20:36:19,0,2026-03-20,6602.990234375,0.5238095238095238,2603,0.045,out,6718.473454028999,0.011899509996086598,0.16261688854363063,0.013851751277891783,-0.011749000661916522
6910.0,189.8,2025-11-18 19:55:31,0,2026-03-31,6602.990234375,0.5238095238095238,2603,0.045,out,6718.473454028999,0.011899509996086598,0.13298081311751644,0.009262993487207341,0.02810867362931943
6960.0,161.94,2025-11-18 17:03:03,0,2026-03-31,6602.990234375,0.5238095238095238,2603,0.045,out,6718.473454028999,0.011899509996086598,0.12785812486998593,0.008563081002283717,0.035318510196069165
7070.0,116.79,2025-11-18 14:51:52,0,2026-03-31,6602.990234375,0.5238095238095238,2603,0.045,out,6718.473454028999,0.011899509996086598,0.12211654943561673,0.0078112841955559845,0.05099951575822229
7075.0,89.7,2025-11-18 14:36:05,0,2026-03-31,6602.990234375,0.5238095238095238,2603,0.045,out,6718.473454028999,0.011899509996086598,0.10678825190844927,0.005973382771537458,0.05170647937904224
7080.0,122.45,2025-11-18 14:39:31,0,2026-03-31,6602.990234375,0.5238095238095238,2603,0.045,out,6718.473454028999,0.011899509996086598,0.12707413471265783,0.00845839013536561,0.05241294355536934
6260.0,713.0,2025-11-06 14:42:03,0,2026-03-20,6602.990234375,0.5277777777777778,2603,0.045,in,6718.473454028999,0.012148385860777669,0.23034317595910278,0.028002822097433266,-0.07068077903825187
6280.0,698.1,2025-11-06 14:42:40,0,2026-03-20,6602.990234375,0.5277777777777778,2603,0.045,in,6718.473454028999,0.012148385860777669,0.22894195306437393,0.02766316498849083,-0.06749098367015176
6310.0,643.35,2025-11-17 16:42:37,0,2026-03-31,6602.990234375,0.5277777777777778,2603,0.045,in,6718.473454028999,0.012148385860777669,0.20737607273900432,0.022696996537455653,-0.06272528759713726
6375.0,594.62,2025-11-06 20:06:58,0,2026-03-20,6602.990234375,0.5277777777777778,2603,0.045,in,6718.473454028999,0.012148385860777669,0.20252035331189439,0.021646538239053225,-0.05247687310576916
6390.0,554.05,2025-11-17 16:18:52,0,2026-03-31,6602.990234375,0.5277777777777778,2603,0.045,in,6718.473454028999,0.012148385860777669,0.1841606755170569,0.017899664825863214,-0.05012669576081561
6515.0,466.9,2025-11-17 14:30:10,0,2026-03-31,6602.990234375,0.5277777777777778,2603,0.045,in,6718.473454028999,0.012148385860777669,0.1772047528607139,0.016573026785891867,-0.030753753573450643
6575.0,385.42,2025-11-17 19:59:48,0,2026-03-31,6602.990234375,0.5277777777777778,2603,0.045,in,6718.473454028999,0.012148385860777669,0.15111577111951682,0.012052320814996603,-0.021586386086430806
6580.0,382.02,2025-11-17 19:59:48,0,2026-03-31,6602.990234375,0.5277777777777778,2603,0.045,in,6718.473454028999,0.012148385860777669,0.15079951852656162,0.012001927804694812,-0.0208262188130332
6735.0,289.77,2025-11-17 19:39:40,0,2026-03-31,6602.990234375,0.5277777777777778,2603,0.045,out,6718.473454028999,0.012148385860777669,0.14485923781722748,0.011074993801077036,0.0024568457120683644
6775.0,259.3,2025-11-17 20:03:30,0,2026-03-31,6602.990234375,0.5277777777777778,2603,0.045,out,6718.473454028999,0.012148385860777669,0.13878808654936273,0.010166125733128738,0.0083784026155056
6890.0,206.49,2025-11-17 19:34:49,0,2026-03-31,6602.990234375,0.5277777777777778,2603,0.045,out,6718.473454028999,0.012148385860777669,0.1369379849463389,0.009896895075058643,0.025210120875308238
6330.0,685.0,2025-11-05 16:57:33,0,2026-03-20,6602.990234375,0.5317460317460317,2603,0.045,in,6718.473454028999,0.012393547160324106,0.2380319373185303,0.030128306454778205,-0.05956072799417426
6380.0,643.9,2025-11-05 16:57:33,0,2026-03-20,6602.990234375,0.5317460317460317,2603,0.045,in,6718.473454028999,0.012393547160324106,0.23149576537472483,0.028496423721355447,-0.05169286679356058
6510.0,539.02,2025-11-05 17:16:54,0,2026-03-20,6602.990234375,0.5317460317460317,2603,0.045,in,6718.473454028999,0.012393547160324106,0.21435819998521172,0.0244334312647643,-0.03152150792978112
5800.0,951.07,2025-09-16 15:10:34,0,2026-01-30,6602.990234375,0.5357142857142857,2601,0.045,in,6742.114310181676,0.006078209192505735,0.12316215777535547,0.008126205593507975,-0.15051565405223127
6140.0,750.23,2025-10-07 18:57:11,0,2026-02-20,6602.990234375,0.5357142857142857,2602,0.045,in,6681.031889159656,0.023066969439514647,0.20053081940899384,0.0215424693925942,-0.08444770788465607
6220.0,586.81,2025-09-16 14:13:33,0,2026-01-30,6602.990234375,0.5357142857142857,2601,0.045,in,6742.114310181676,0.006078209192505735,0.12439782308638463,0.00829008127962399,-0.08060366485351685
6270.0,547.21,2025-09-16 14:05:38,0,2026-01-30,6602.990234375,0.5357142857142857,2601,0.045,in,6742.114310181676,0.006078209192505735,0.12386630240128353,0.008219389752089044,-0.07259721695977563
6340.0,654.6,2025-11-04 18:22:15,0,2026-03-20,6602.990234375,0.5357142857142857,2603,0.045,in,6718.473454028999,0.012635076440618002,0.222626504732959,0.026551371755150474,-0.05798219570112448
6440.0,570.09,2025-11-04 21:07:31,0,2026-03-20,6602.990234375,0.5357142857142857,2603,0.045,in,6718.473454028999,0.012635076440618002,0.20840973755096165,0.023268545735389667,-0.04233242403399682
6510.0,384.4,2025-10-14 07:50:16,0,2026-02-27,6602.990234375,0.5357142857142857,2602,0.045,in,6681.031889159656,0.023066969439514647,0.1270705046010271,0.008650132039049812,-0.025932993823229295
6590.0,456.19,2025-11-04 21:05:42,0,2026-03-20,6602.990234375,0.5357142857142857,2603,0.045,in,6718.473454028999,0.012635076440618002,0.19191122266645586,0.019730312885000354,-0.01930761563584314
6575.0,328.1,2025-10-14 11:00:38,0,2026-02-27,6602.990234375,0.5357142857142857,2602,0.045,in,6681.031889159656,0.023066969439514647,0.11776130719008306,0.0074291386452413075,-0.015997871979878866
5575.0,1229.44,2025-11-14 14:36:37,0,2026-03-31,6602.990234375,0.5396825396825397,2603,0.045,in,6718.473454028999,0.012873053819731105,0.23471822074913218,0.029732537573900056,-0.18656864680407653
5700.0,1274.5,2025-11-03 16:34:05,0,2026-03-20,6602.990234375,0.5396825396825397,2603,0.045,in,6718.473454028999,0.012873053819731105,0.350154773717306,0.06616959411013658,-0.16439478930975457
6230.0,613.74,2025-10-13 15:04:17,0,2026-02-27,6602.990234375,0.5396825396825397,2602,0.045,in,6681.031889159656,0.023228241723047625,0.14961429525593545,0.01208048999567663,-0.06989611724434537
6325.0,633.02,2025-11-14 15:45:46,0,2026-03-31,6602.990234375,0.5396825396825397,2603,0.045,in,6718.473454028999,0.012873053819731105,0.20330275339599302,0.02230616387786232,-0.06035092953667505
6585.0,434.4,2025-11-14 20:42:05,0,2026-03-31,6602.990234375,0.5396825396825397,2603,0.045,in,6718.473454028999,0.012873053819731105,0.1777683568451748,0.01705482564515454,-0.020066628955014647
6590.0,427.1,2025-11-14 20:49:27,0,2026-03-31,6602.990234375,0.5396825396825397,2603,0.045,in,6718.473454028999,0.012873053819731105,0.17530972683190235,0.01658633350704431,-0.01930761563584314
6685.0,342.12,2025-11-14 14:47:15,0,2026-03-31,6602.990234375,0.5396825396825397,2603,0.045,out,6718.473454028999,0.012873053819731105,0.1567179859012507,0.013254887643938361,-0.00499475359635254
6990.0,193.62,2025-11-14 18:10:44,0,2026-03-31,6602.990234375,0.5396825396825397,2603,0.045,out,6718.473454028999,0.012873053819731105,0.14758602882227073,0.011755168582856449,0.0396195920954599
7030.0,168.28,2025-11-14 07:47:02,0,2026-03-31,6602.990234375,0.5396825396825397,2603,0.045,out,6718.473454028999,0.012873053819731105,0.14128519489182215,0.010772876413509297,0.04532574167231449
6280.0,682.6,2025-11-13 19:10:27,0,2026-03-31,6602.990234375,0.5436507936507936,2603,0.045,in,6718.473454028999,0.013107557076521385,0.21466194108072706,0.025051292087106103,-0.06749098367015176
6720.0,392.88,2025-11-13 15:21:21,0,2026-03-31,6602.990234375,0.5436507936507936,2603,0.045,out,6718.473454028999,0.013107557076521385,0.19117930990362608,0.019870180195738323,0.00022719038479917034
6755.0,371.34,2025-11-13 14:30:04,0,2026-03-31,6602.990234375,0.5436507936507936,2603,0.045,out,6718.473454028999,0.013107557076521385,0.18859240870942826,0.019336080306852743,0.0054220072619030986
6790.0,369.34,2025-11-12 15:05:22,0,2026-03-31,6602.990234375,0.5476190476190477,2603,0.045,out,6718.473454028999,0.013338661735387176,0.19483954986704188,0.020788960819642967,0.010589977420345823
7025.0,229.57,2025-11-12 14:42:27,0,2026-03-31,6602.990234375,0.5476190476190477,2603,0.045,out,6718.473454028999,0.013338661735387176,0.171526692143096,0.016111722397707282,0.0446142510695504
6010.0,1010.3,2025-10-31 19:43:45,0,2026-03-20,6602.990234375,0.5515873015873016,2603,0.045,in,6718.473454028999,0.013566441147362808,0.3067519107316463,0.05190256400204251,-0.11143621560314287
6550.0,536.46,2025-11-11 20:58:14,0,2026-03-31,6602.990234375,0.5515873015873016,2603,0.045,in,6718.473454028999,0.013566441147362808,0.21903338239900727,0.026462744214745298,-0.025395914503098495
6595.0,477.54,2025-11-11 15:25:08,0,2026-03-31,6602.990234375,0.5515873015873016,2603,0.045,in,6718.473454028999,0.013566441147362808,0.2004774636250731,0.02216896295870797,-0.01854917798098116
6780.0,372.09,2025-11-11 18:22:45,0,2026-03-31,6602.990234375,0.5515873015873016,2603,0.045,out,6718.473454028999,0.013566441147362808,0.19294408898183638,0.020534172955362223,0.009116137802045223
6785.0,368.69,2025-11-11 18:22:45,0,2026-03-31,6602.990234375,0.5515873015873016,2603,0.045,out,6718.473454028999,0.013566441147362808,0.19236681096201186,0.020411482557133025,0.009853329136573507
6825.0,338.38,2025-11-11 20:58:14,0,2026-03-31,6602.990234375,0.5515873015873016,2603,0.045,out,6718.473454028999,0.013566441147362808,0.18598340711379374,0.019079309735357403,0.015731376920764418
5250.0,1662.53,2025-11-10 19:00:12,0,2026-03-31,6602.990234375,0.5555555555555556,2603,0.045,in,6718.473454028999,0.013790966567738788,0.3928340762784927,0.08573256193643146,-0.24663288754672666
5300.0,1640.05,2025-10-30 19:11:08,0,2026-03-20,6602.990234375,0.5555555555555556,2603,0.045,in,6718.473454028999,0.013790966567738788,0.40474317691062456,0.09100946625316951,-0.2371541435921829
5325.0,1556.14,2025-11-10 16:31:20,0,2026-03-31,6602.990234375,0.5555555555555556,2603,0.045,in,6718.473454028999,0.013790966567738788,0.34971269873241695,0.06794387314150568,-0.23244825255477025
5450.0,1439.94,2025-11-10 16:33:19,0,2026-03-31,6602.990234375,0.5555555555555556,2603,0.045,in,6718.473454028999,0.013790966567738788,0.3315199054995297,0.06105858207912061,-0.2092453554751064
6110.0,859.43,2025-11-10 15:45:01,0,2026-03-31,6602.990234375,0.5555555555555556,2603,0.045,in,6718.473454028999,0.013790966567738788,0.2516226198396327,0.03517441267497796,-0.09493419096675504
6180.0,836.33,2025-11-10 20:47:43,0,2026-03-31,6602.990234375,0.5555555555555556,2603,0.045,in,6718.473454028999,0.013790966567738788,0.2649348201809824,0.03899469941351638,-0.08354269268065963
6225.0,795.29,2025-11-10 20:11:23,0,2026-03-31,6602.990234375,0.5555555555555556,2603,0.045,in,6718.473454028999,0.013790966567738788,0.2572165750650784,0.036755759160116176,-0.07628752179948776
6230.0,790.92,2025-11-10 20:12:00,0,2026-03-31,6602.990234375,0.5555555555555556,2603,0.045,in,6718.473454028999,0.013790966567738788,0.2564646128064955,0.03654116534554759,-0.07548463135089728
6370.0,674.67,2025-11-10 20:38:25,0,2026-03-31,6602.990234375,0.5555555555555556,2603,0.045,in,6718.473454028999,0.013790966567738788,0.23815415425629904,0.03150966732751838,-0.05326149456618704
6375.0,670.62,2025-11-10 20:38:25,0,2026-03-31,6602.990234375,0.5555555555555556,2603,0.045,in,6718.473454028999,0.013790966567738788,0.23752561063016245,0.03134356428068419,-0.05247687310576916
6340.0,605.76,2025-10-09 19:48:50,0,2026-02-27,6602.990234375,0.5555555555555556,2602,0.045,in,6681.031889159656,0.02385029195953198,0.1882877510310887,0.01969570954908069,-0.05239368159457259
6460.0,620.94,2025-10-30 17:01:08,0,2026-03-20,6602.990234375,0.5555555555555556,2603,0.045,in,6718.473454028999,0.013790966567738788,0.23686552876129574,0.03116959928631568,-0.03923164635574861
6535.0,515.0,2025-11-10 15:19:57,0,2026-03-31,6602.990234375,0.5555555555555556,2603,0.045,in,6718.473454028999,0.013790966567738788,0.2021669000278956,0.022706364148271745,-0.02768861707407373
6830.0,311.2,2025-11-10 14:58:50,0,2026-03-31,6602.990234375,0.5555555555555556,2603,0.045,out,6718.473454028999,0.013790966567738788,0.17231618709968416,0.016496037964762976,0.016463709432439702
6320.0,452.41,2025-09-10 14:51:15,0,2026-01-30,6602.990234375,0.5595238095238095,2601,0.045,in,6742.114310181676,0.007734455609845918,0.06691242449501651,0.0025051405944602435,-0.06465436344583893
5275.0,1497.09,2025-11-07 18:07:16,0,2026-03-31,6602.990234375,0.5674603174603174,2603,0.045,in,6718.473454028999,0.014445701534849163,0.23410474677511597,0.031099681119673362,-0.24188228478812884
5300.0,1473.83,2025-11-07 18:08:24,0,2026-03-31,6602.990234375,0.5674603174603174,2603,0.045,in,6718.473454028999,0.014445701534849163,0.2323130399510666,0.03062546365070135,-0.2371541435921829
5350.0,1427.15,2025-11-07 18:07:48,0,2026-03-31,6602.990234375,0.5674603174603174,2603,0.045,in,6718.473454028999,0.014445701534849163,0.2283463582454858,0.029588549537017977,-0.22776440324234387
5550.0,1421.53,2025-10-27 17:38:53,0,2026-03-20,6602.990234375,0.5674603174603174,2603,0.045,in,6718.473454028999,0.014445701534849163,0.368417808018302,0.07702234294006544,-0.19106303639191585
5940.0,1068.21,2025-10-27 19:35:59,0,2026-03-20,6602.990234375,0.5674603174603174,2603,0.045,in,6718.473454028999,0.014445701534849163,0.30849492369884784,0.05400469788316662,-0.12315183077570548
6275.0,769.53,2025-10-27 17:47:33,0,2026-03-20,6602.990234375,0.5674603174603174,2603,0.045,in,6718.473454028999,0.014445701534849163,0.2560621351579046,0.037207134284969745,-0.06828747913241151
6300.0,610.92,2025-11-07 18:28:22,0,2026-03-31,6602.990234375,0.5674603174603174,2603,0.045,in,6718.473454028999,0.014445701534849163,0.17244421847115946,0.01687457227472398,-0.0643113307527721
6445.0,483.81,2025-11-07 17:14:34,0,2026-03-31,6602.990234375,0.5674603174603174,2603,0.045,in,6718.473454028999,0.014445701534849163,0.15320712241735598,0.01331966824363158,-0.04155632775910833
6625.0,364.47,2025-11-07 16:02:20,0,2026-03-31,6602.990234375,0.5674603174603174,2603,0.045,out,6718.473454028999,0.014445701534849163,0.1458732954369365,0.012074998492037069,-0.014010592277973162
6640.0,353.83,2025-11-07 16:05:33,0,2026-03-31,6602.990234375,0.5674603174603174,2603,0.045,out,6718.473454028999,0.014445701534849163,0.14456031295468838,0.01185860644310601,-0.011749000661916522
6645.0,370.0,2025-11-07 19:31:32,0,2026-03-31,6602.990234375,0.5674603174603174,2603,0.045,out,6718.473454028999,0.014445701534849163,0.15430720399539152,0.013511634874195152,-0.010996271985050331
6655.0,362.1,2025-11-07 14:32:20,0,2026-03-31,6602.990234375,0.5674603174603174,2603,0.045,out,6718.473454028999,0.014445701534849163,0.1529491050070861,0.013274842489337371,-0.0094925123031841
6660.0,338.63,2025-11-07 17:39:02,0,2026-03-31,6602.990234375,0.5674603174603174,2603,0.045,out,6718.473454028999,0.014445701534849163,0.14221045936993898,0.011476212340682128,-0.008741479597961265
6710.0,300.0,2025-11-07 17:03:52,0,2026-03-31,6602.990234375,0.5674603174603174,2603,0.045,out,6718.473454028999,0.014445701534849163,0.13563880548405097,0.010440069976583534,-0.001262013166668622
6725.0,299.99,2025-11-07 17:29:53,0,2026-03-31,6602.990234375,0.5674603174603174,2603,0.045,out,6718.473454028999,0.014445701534849163,0.13943581309184477,0.011032759817775767,0.0009709613376438189
7015.0,150.86,2025-11-07 16:03:11,0,2026-03-31,6602.990234375,0.5674603174603174,2603,0.045,out,6718.473454028999,0.014445701534849163,0.1243899037547719,0.008780227326687946,0.04318974940416516
7020.0,145.54,2025-11-07 17:14:34,0,2026-03-31,6602.990234375,0.5674603174603174,2603,0.045,out,6718.473454028999,0.014445701534849163,0.12242472484151797,0.00850498926631174,0.04390225388746067
7060.0,139.54,2025-11-07 14:44:41,0,2026-03-31,6602.990234375,0.5674603174603174,2603,0.045,out,6718.473454028999,0.014445701534849163,0.1259824838347721,0.009006495362478339,0.04958408735489157
7065.0,131.3,2025-11-07 15:46:24,0,2026-03-31,6602.990234375,0.5674603174603174,2603,0.045,out,6718.473454028999,0.014445701534849163,0.12231202473793706,0.008489337656966679,0.05029205198623164
5900.0,998.7,2025-11-06 20:44:05,0,2026-03-31,6602.990234375,0.5714285714285714,2603,0.045,in,6718.473454028999,0.014657884163079376,0.24195438284516277,0.03345252764456205,-0.1299086132385852
6745.0,324.48,2025-11-06 17:02:04,0,2026-03-31,6602.990234375,0.5714285714285714,2603,0.045,out,6718.473454028999,0.014657884163079376,0.15593833091104467,0.013895293169898553,0.003940525509460081
6855.0,287.2,2025-11-05 14:35:05,0,2026-03-31,6602.990234375,0.5753968253968254,2603,0.045,out,6718.473454028999,0.014867140134368483,0.1613871295945212,0.014986673856428661,0.020117348864018607
6985.0,217.03,2025-11-05 14:34:39,0,2026-03-31,6602.990234375,0.5753968253968254,2603,0.045,out,6718.473454028999,0.014867140134368483,0.15196347265447807,0.013287579635219062,0.03890402855866613
6995.0,211.93,2025-11-05 14:34:39,0,2026-03-31,6602.990234375,0.5753968253968254,2603,0.045,out,6718.473454028999,0.014867140134368483,0.15120628871410657,0.013155494259010294,0.04033464396718553
5400.0,1501.82,2025-11-04 10:42:05,0,2026-03-31,6602.990234375,0.5793650793650794,2603,0.045,in,6718.473454028999,0.01507352958550295,0.34097509530507736,0.06735931063600303,-0.21846201058003037
5500.0,1409.62,2025-11-04 10:42:05,0,2026-03-31,6602.990234375,0.5793650793650794,2603,0.045,in,6718.473454028999,0.01507352958550295,0.3268588259201202,0.061897448587120645,-0.20011287191183375
5800.0,1029.22,2025-11-21 19:28:54,0,2026-04-17,6602.990234375,0.5793650793650794,2604,0.045,in,6695.3538848617145,0.02102336751055193,0.20269107225872707,0.02380244417823535,-0.1435559182762299
5825.0,982.56,2025-11-21 17:10:42,0,2026-04-17,6602.990234375,0.5793650793650794,2604,0.045,in,6695.3538848617145,0.02102336751055193,0.17780096560067418,0.018315574491292425,-0.13925483637683933
5870.0,1074.63,2025-10-24 19:37:27,0,2026-03-20,6602.990234375,0.5793650793650794,2603,0.045,in,6718.473454028999,0.01507352958550295,0.2771767068820359,0.044510838564855666,-0.1350063303102539
5920.0,1031.12,2025-10-24 19:27:51,0,2026-03-20,6602.990234375,0.5793650793650794,2603,0.045,in,6718.473454028999,0.01507352958550295,0.2712951839942825,0.042641893735475285,-0.1265245152543447
5900.0,909.42,2025-11-21 17:53:09,0,2026-04-17,6602.990234375,0.5793650793650794,2604,0.045,in,6695.3538848617145,0.02102336751055193,0.16693643897871596,0.016145615476978594,-0.1264614849169298
6000.0,818.91,2025-11-21 20:31:20,0,2026-04-17,6602.990234375,0.5793650793650794,2604,0.045,in,6695.3538848617145,0.02102336751055193,0.15876586261849804,0.014603823307211848,-0.10965436660054856
6100.0,736.73,2025-11-21 20:53:23,0,2026-04-17,6602.990234375,0.5793650793650794,2604,0.045,in,6695.3538848617145,0.02102336751055193,0.15624947912326992,0.01414456095253493,-0.09312506464933801
6125.0,668.3,2025-11-21 15:42:29,0,2026-04-17,6602.990234375,0.5793650793650794,2604,0.045,in,6695.3538848617145,0.02102336751055193,0.11398463585183805,0.007527399177382199,-0.08903507939781292
6200.0,656.99,2025-11-21 20:31:07,0,2026-04-17,6602.990234375,0.5793650793650794,2604,0.045,in,6695.3538848617145,0.02102336751055193,0.15333519346408378,0.0136218472499267,-0.0768645437775577
6330.0,527.15,2025-09-26 15:33:13,0,2026-02-20,6602.990234375,0.5793650793650794,2602,0.045,in,6681.031889159656,0.024719458043386832,0.12973373408964,0.009751201972550982,-0.05397221388762238
6400.0,505.0,2025-11-21 15:49:35,0,2026-04-17,6602.990234375,0.5793650793650794,2604,0.045,in,6695.3538848617145,0.02102336751055193,0.14586730447217405,0.012327307520003087,-0.04511584546297741
6500.0,439.33,2025-11-21 17:59:27,0,2026-04-17,6602.990234375,0.5793650793650794,2604,0.045,in,6695.3538848617145,0.02102336751055193,0.1446806130337112,0.01212754781357274,-0.029611658927012157
6550.0,401.6,2025-11-21 20:33:41,0,2026-04-17,6602.990234375,0.5793650793650794,2604,0.045,in,6695.3538848617145,0.02102336751055193,0.1405038562377422,0.011437439318177438,-0.02194878618144298
6600.0,358.85,2025-11-21 16:29:05,0,2026-04-17,6602.990234375,0.5793650793650794,2604,0.045,in,6695.3538848617145,0.02102336751055193,0.1332046120772687,0.010279946139221124,-0.014344186796223728
6650.0,333.54,2025-11-21 21:08:23,0,2026-04-17,6602.990234375,0.5793650793650794,2604,0.045,out,6695.3538848617145,0.02102336751055193,0.13443759619152695,0.010471135799144387,-0.006796981160840762
6695.0,418.46,2025-11-04 15:53:45,0,2026-03-31,6602.990234375,0.5793650793650794,2603,0.045,out,6718.473454028999,0.01507352958550295,0.18931992950550863,0.02076562386255449,-0.003499985007123169
6680.0,316.2,2025-11-21 20:53:27,0,2026-04-17,6602.990234375,0.5793650793650794,2604,0.045,out,6695.3538848617145,0.02102336751055193,0.13371626232608197,0.010359070104471449,-0.0022958482800491883
6705.0,411.36,2025-11-04 15:54:14,0,2026-03-31,6602.990234375,0.5793650793650794,2603,0.045,out,6718.473454028999,0.01507352958550295,0.18821140511249757,0.020523158016291343,-0.0020074474166172215
6700.0,303.49,2025-11-21 21:07:40,0,2026-04-17,6602.990234375,0.5793650793650794,2604,0.045,out,6695.3538848617145,0.02102336751055193,0.1325171614324458,0.010174113169922554,0.000693690568316895
6800.0,243.7,2025-11-21 20:54:34,0,2026-04-17,6602.990234375,0.5793650793650794,2604,0.045,out,6695.3538848617145,0.02102336751055193,0.12679499742089326,0.009314435794288858,0.01550877635345742
6845.0,304.83,2025-11-04 18:10:30,0,2026-03-31,6602.990234375,0.5793650793650794,2603,0.045,out,6718.473454028999,0.01507352958550295,0.16722317706083176,0.016201128087946312,0.01865749459015328
6860.0,297.09,2025-11-04 14:30:17,0,2026-03-31,6602.990234375,0.5793650793650794,2603,0.045,out,6718.473454028999,0.01507352958550295,0.16657174973848526,0.016075149128560805,0.02084647758753477
6850.0,215.34,2025-11-21 16:41:10,0,2026-04-17,6602.990234375,0.5793650793650794,2604,0.045,out,6695.3538848617145,0.02102336751055193,0.12362465432235019,0.008854468463582557,0.02283481644553027
6875.0,192.5,2025-11-21 14:49:21,0,2026-04-17,6602.990234375,0.5793650793650794,2604,0.045,out,6695.3538848617145,0.02102336751055193,0.1174037976299697,0.007985766459916971,0.02647780772403142
6900.0,199.0,2025-11-21 20:34:46,0,2026-04-17,6602.990234375,0.5793650793650794,2604,0.045,out,6695.3538848617145,0.02102336751055193,0.12572844444169695,0.009158395612271494,0.030107575774610207
6940.0,164.65,2025-11-21 16:25:04,0,2026-04-17,6602.990234375,0.5793650793650794,2604,0.045,out,6695.3538848617145,0.02102336751055193,0.11606666757415306,0.00780490005150106,0.035887938690109554
6950.0,187.22,2025-11-21 19:16:38,0,2026-04-17,6602.990234375,0.5793650793650794,2604,0.045,out,6695.3538848617145,0.02102336751055193,0.12947038067849517,0.009711653186758058,0.03732782374809722
6975.0,149.46,2025-11-21 16:22:40,0,2026-04-17,6602.990234375,0.5793650793650794,2604,0.045,out,6695.3538848617145,0.02102336751055193,0.11466983508002791,0.007618170544773797,0.04091849187882586
7000.0,153.6,2025-11-21 20:44:07,0,2026-04-17,6602.990234375,0.5793650793650794,2604,0.045,out,6695.3538848617145,0.02102336751055193,0.12126981985566586,0.008520356763264068,0.0444963132267097
7050.0,121.66,2025-11-21 16:22:21,0,2026-04-17,6602.990234375,0.5793650793650794,2604,0.045,out,6695.3538848617145,0.02102336751055193,0.11275286779096208,0.007365589454295959,0.05161378099557363
7100.0,113.84,2025-11-21 20:33:06,0,2026-04-17,6602.990234375,0.5793650793650794,2604,0.045,out,6695.3538848617145,0.02102336751055193,0.11639234703023192,0.007848762116238361,0.05868094821866624
7130.0,96.05,2025-11-21 16:25:04,0,2026-04-17,6602.990234375,0.5793650793650794,2604,0.045,out,6695.3538848617145,0.02102336751055193,0.1107814457502615,0.007110274577331934,0.06289739859760095
7140.0,89.11,2025-11-21 14:37:18,0,2026-04-17,6602.990234375,0.5793650793650794,2604,0.045,out,6695.3538848617145,0.02102336751055193,0.10815908103536795,0.006777636802859653,0.06429894052288944
7150.0,102.15,2025-11-21 20:26:10,0,2026-04-17,6602.990234375,0.5793650793650794,2604,0.045,out,6695.3538848617145,0.02102336751055193,0.11728328833171402,0.007969380870624584,0.06569852087731273
5650.0,1339.86,2025-11-03 18:33:20,0,2026-03-31,6602.990234375,0.5833333333333334,2603,0.045,in,6718.473454028999,0.015277111016894086,0.3527931741845848,0.07260343052155362,-0.17320541899190944
5650.0,1115.71,2025-11-20 17:42:38,0,2026-04-17,6602.990234375,0.5833333333333334,2604,0.045,in,6695.3538848617145,0.021186473854017562,0.1498248383210061,0.01309436460378411,-0.16975829067025405
5850.0,929.0,2025-11-20 20:17:57,0,2026-04-17,6602.990234375,0.5833333333333334,2604,0.045,in,6695.3538848617145,0.021186473854017562,0.13891717077729007,0.011257155196447285,-0.1349721745848385
5890.0,1121.72,2025-11-03 18:47:33,0,2026-03-31,6602.990234375,0.5833333333333334,2603,0.045,in,6718.473454028999,0.015277111016894086,0.315516159724321,0.0580710941108569,-0.13160496648676367
6050.0,728.3,2025-11-20 15:30:50,0,2026-04-17,6602.990234375,0.5833333333333334,2604,0.045,in,6695.3538848617145,0.021186473854017562,0.10634131836448152,0.006596610995039342,-0.1013555637858534
6075.0,765.4,2025-11-20 17:10:01,0,2026-04-17,6602.990234375,0.5833333333333334,2604,0.045,in,6695.3538848617145,0.021186473854017562,0.16229591377982333,0.015364978783949578,-0.09723184660199138
6300.0,643.9,2025-10-23 13:53:08,0,2026-03-20,6602.990234375,0.5833333333333334,2603,0.045,in,6718.473454028999,0.015277111016894086,0.18795429165844466,0.02060730918914948,-0.0643113307527721
6560.0,378.32,2025-11-20 19:03:24,0,2026-04-17,6602.990234375,0.5833333333333334,2604,0.045,in,6695.3538848617145,0.021186473854017562,0.1303944620583928,0.009918250845706958,-0.020423232872605935
6590.0,359.05,2025-11-20 19:05:44,0,2026-04-17,6602.990234375,0.5833333333333334,2604,0.045,in,6695.3538848617145,0.021186473854017562,0.12950019351021058,0.009782675069522826,-0.015860487314187658
6620.0,520.21,2025-11-03 14:30:34,0,2026-03-31,6602.990234375,0.5833333333333334,2603,0.045,out,6718.473454028999,0.015277111016894086,0.2208713365956051,0.028457419275558636,-0.014765594201342248
6620.0,364.4,2025-11-20 18:22:00,0,2026-04-17,6602.990234375,0.5833333333333334,2604,0.045,out,6695.3538848617145,0.021186473854017562,0.14109470759684947,0.01161283463190693,-0.01131846587968668
6710.0,291.7,2025-11-20 19:57:05,0,2026-04-17,6602.990234375,0.5833333333333334,2604,0.045,out,6695.3538848617145,0.021186473854017562,0.12839125418558212,0.009615849921618944,0.0021851151549867553
6725.0,267.15,2025-11-20 20:01:30,0,2026-04-17,6602.990234375,0.5833333333333334,2604,0.045,out,6695.3538848617145,0.021186473854017562,0.11987264693853532,0.008382180032362933,0.004418089659299183
6740.0,285.15,2025-11-20 17:52:14,0,2026-04-17,6602.990234375,0.5833333333333334,2604,0.045,out,6695.3538848617145,0.021186473854017562,0.1326073332788604,0.010257744489609609,0.0066460890956120955
6750.0,253.35,2025-11-20 17:37:17,0,2026-04-17,6602.990234375,0.5833333333333334,2604,0.045,out,6695.3538848617145,0.021186473854017562,0.11916236447399736,0.008283140312436377,0.008128669055834918
6780.0,253.7,2025-11-20 20:01:30,0,2026-04-17,6602.990234375,0.5833333333333334,2604,0.045,out,6695.3538848617145,0.021186473854017562,0.12647045073529384,0.009330285363693226,0.012563266123700541
6790.0,234.2,2025-11-20 20:36:31,0,2026-04-17,6602.990234375,0.5833333333333334,2604,0.045,out,6695.3538848617145,0.021186473854017562,0.11908383339655906,0.008272226302911337,0.014037105742001132
6825.0,234.58,2025-11-20 20:01:30,0,2026-04-17,6602.990234375,0.5833333333333334,2604,0.045,out,6695.3538848617145,0.021186473854017562,0.127125729938096,0.009427221540504672,0.019178505242419916
6840.0,242.86,2025-11-20 19:11:07,0,2026-04-17,6602.990234375,0.5833333333333334,2604,0.045,out,6695.3538848617145,0.021186473854017562,0.13450258375777682,0.010553051271885367,0.02137389580585563
6910.0,194.83,2025-11-20 18:04:39,0,2026-04-17,6602.990234375,0.5833333333333334,2604,0.045,out,6695.3538848617145,0.021186473854017562,0.12494016640094566,0.009105859688505994,0.03155580195097507
6930.0,174.6,2025-11-20 20:03:32,0,2026-04-17,6602.990234375,0.5833333333333334,2604,0.045,out,6695.3538848617145,0.021186473854017562,0.1186038232768427,0.008205672355932645,0.03444597737320825
6960.0,163.8,2025-11-20 19:11:09,0,2026-04-17,6602.990234375,0.5833333333333334,2604,0.045,out,6695.3538848617145,0.021186473854017562,0.11871736172266065,0.008221390318393614,0.038765638517724764
6970.0,159.43,2025-11-20 19:56:45,0,2026-04-17,6602.990234375,0.5833333333333334,2604,0.045,out,6695.3538848617145,0.021186473854017562,0.11829951702034655,0.00816361917422757,0.04020138894382903
6990.0,154.2,2025-11-20 20:00:00,0,2026-04-17,6602.990234375,0.5833333333333334,2604,0.045,out,6695.3538848617145,0.021186473854017562,0.11918445034144928,0.008286211035196145,0.043066720417115255
7025.0,125.96,2025-11-20 20:53:46,0,2026-04-17,6602.990234375,0.5833333333333334,2604,0.045,out,6695.3538848617145,0.021186473854017562,0.11035810665215742,0.007104365160578556,0.04806137939120594
7040.0,157.38,2025-11-20 16:48:26,0,2026-04-17,6602.990234375,0.5833333333333334,2604,0.045,out,6695.3538848617145,0.021186473854017562,0.12953074559388242,0.00978729153156247,0.050194334341347555
7060.0,122.6,2025-11-20 19:52:45,0,2026-04-17,6602.990234375,0.5833333333333334,2604,0.045,out,6695.3538848617145,0.021186473854017562,0.11429494291796077,0.007620278153028282,0.05303121567654708
7075.0,117.45,2025-11-20 20:18:34,0,2026-04-17,6602.990234375,0.5833333333333334,2604,0.045,out,6695.3538848617145,0.021186473854017562,0.11388127088311625,0.007565217250472993,0.05515360770069774
7090.0,115.9,2025-11-20 19:58:36,0,2026-04-17,6602.990234375,0.5833333333333334,2604,0.045,out,6695.3538848617145,0.021186473854017562,0.11538827022386543,0.007766764194732543,0.0572715047154326
7110.0,115.32,2025-11-20 19:53:37,0,2026-04-17,6602.990234375,0.5833333333333334,2604,0.045,out,6695.3538848617145,0.021186473854017562,0.11816980603477371,0.008145726784006026,0.06008840798654604
7125.0,119.15,2025-11-20 20:58:53,0,2026-04-17,6602.990234375,0.5833333333333334,2604,0.045,out,6695.3538848617145,0.021186473854017562,0.12261483165793895,0.008770064883127746,0.062195890326110594
5600.0,1149.25,2025-11-19 17:57:50,0,2026-04-17,6602.990234375,0.5873015873015873,2604,0.045,in,6695.3538848617145,0.021347376057706632,0.08542907558726462,0.004286201545407923,-0.1786472380875
6370.0,597.26,2025-10-22 13:44:03,0,2026-03-20,6602.990234375,0.5873015873015873,2603,0.045,in,6718.473454028999,0.015477941347861016,0.18581458944803075,0.0202777981129268,-0.05326149456618704
6390.0,553.3,2025-10-22 16:26:05,0,2026-03-20,6602.990234375,0.5873015873015873,2603,0.045,in,6718.473454028999,0.015477941347861016,0.16808117953167342,0.01659202329796936,-0.05012669576081561
6720.0,308.6,2025-11-19 19:10:08,0,2026-04-17,6602.990234375,0.5873015873015873,2604,0.045,out,6695.3538848617145,0.021347376057706632,0.13863379475797458,0.011287542457346988,0.003674318706454539
6730.0,306.0,2025-11-19 16:53:10,0,2026-04-17,6602.990234375,0.5873015873015873,2604,0.045,out,6695.3538848617145,0.021347376057706632,0.13981169611928385,0.011480166408806124,0.005161307828032833
6770.0,281.0,2025-11-19 20:21:45,0,2026-04-17,6602.990234375,0.5873015873015873,2604,0.045,out,6695.3538848617145,0.021347376057706632,0.13697465854459576,0.01101898590612886,0.011087251095580153
6810.0,260.7,2025-11-19 19:00:13,0,2026-04-17,6602.990234375,0.5873015873015873,2604,0.045,out,6695.3538848617145,0.021347376057706632,0.1360541016632636,0.010871374403773231,0.016978284332817437
7020.0,155.73,2025-11-19 17:31:35,0,2026-04-17,6602.990234375,0.5873015873015873,2604,0.045,out,6695.3538848617145,0.021347376057706632,0.12459335643917323,0.009116978814997114,0.04734938220911621
7030.0,159.55,2025-11-19 14:52:36,0,2026-04-17,6602.990234375,0.5873015873015873,2604,0.045,out,6695.3538848617145,0.021347376057706632,0.12830449452870885,0.009668184169871375,0.04877286999397003
5950.0,953.39,2025-10-21 13:34:05,0,2026-03-20,6602.990234375,0.5912698412698413,2603,0.045,in,6718.473454028999,0.015676075969687453,0.22883982167611236,0.030963420371938416,-0.1214697445927206
6180.0,760.22,2025-10-21 18:06:24,0,2026-03-20,6602.990234375,0.5912698412698413,2603,0.045,in,6718.473454028999,0.015676075969687453,0.20781286167687837,0.025534689032824104,-0.08354269268065963
6410.0,570.12,2025-10-21 15:15:25,0,2026-03-20,6602.990234375,0.5912698412698413,2603,0.045,in,6718.473454028999,0.015676075969687453,0.18347792335448737,0.019904595656399987,-0.047001693217680406
6470.0,468.97,2025-11-18 15:21:49,0,2026-04-17,6602.990234375,0.5912698412698413,2604,0.045,in,6695.3538848617145,0.02150611850027236,0.1481377603020505,0.012975296063765308,-0.03423772731579437
6630.0,361.24,2025-11-18 17:16:17,0,2026-04-17,6602.990234375,0.5912698412698413,2604,0.045,out,6695.3538848617145,0.02150611850027236,0.14067161628412983,0.011700345399089008,-0.00980903163083246
6670.0,356.8,2025-11-18 18:13:00,0,2026-04-17,6602.990234375,0.5912698412698413,2604,0.045,out,6695.3538848617145,0.02150611850027236,0.14923681364949892,0.013168541094008075,-0.0037939759010712296
6675.0,353.6,2025-11-18 18:13:00,0,2026-04-17,6602.990234375,0.5912698412698413,2604,0.045,out,6695.3538848617145,0.02150611850027236,0.14893282704212726,0.013114948645409798,-0.003044631542290336
6925.0,168.42,2025-11-18 20:34:31,0,2026-04-17,6602.990234375,0.5912698412698413,2604,0.045,out,6695.3538848617145,0.02150611850027236,0.11327506851635177,0.007586725916508905,0.03372421624479857
7010.0,158.88,2025-11-18 15:21:49,0,2026-04-17,6602.990234375,0.5912698412698413,2604,0.045,out,6695.3538848617145,0.02150611850027236,0.1238594273095412,0.009070763897951115,0.045923865217895155
5200.0,1613.49,2025-11-17 18:54:58,0,2026-04-17,6602.990234375,0.5952380952380952,2604,0.045,in,6695.3538848617145,0.021662744376937212,0.2887290608833621,0.04962170868963584,-0.2527552102412219
6425.0,551.49,2025-11-17 16:21:20,0,2026-04-17,6602.990234375,0.5952380952380952,2604,0.045,in,6695.3538848617145,0.021662744376937212,0.17729494190820919,0.018710414539425756,-0.04121720504732011
6805.0,396.21,2025-10-29 19:48:46,0,2026-03-31,6602.990234375,0.6031746031746031,2603,0.045,out,6718.473454028999,0.01625483762818046,0.19836348890108846,0.023733758757181988,0.0127966719531703
6815.0,392.43,2025-10-29 19:50:34,0,2026-03-31,6602.990234375,0.6031746031746031,2603,0.045,out,6718.473454028999,0.01625483762818046,0.19870300590774173,0.023815073224719648,0.014265100998236883
6920.0,333.45,2025-10-29 20:02:17,0,2026-03-31,6602.990234375,0.6031746031746031,2603,0.045,out,6718.473454028999,0.01625483762818046,0.19174865631018667,0.022177250690110464,0.02955480547931914
6965.0,307.92,2025-10-29 14:03:30,0,2026-03-31,6602.990234375,0.6031746031746031,2603,0.045,out,6718.473454028999,0.01625483762818046,0.18801542042896421,0.02132210057341344,0.03603664308150993
5150.0,1607.53,2025-09-19 16:51:31,0,2026-02-20,6602.990234375,0.6071428571428571,2602,0.045,in,6681.031889159656,0.025647325976042332,0.2051107141311515,0.02554274592405879,-0.2602757353680623
5625.0,1159.13,2025-10-17 15:01:51,0,2026-03-20,6602.990234375,0.6071428571428571,2603,0.045,in,6718.473454028999,0.016442714506427647,0.17205330154441786,0.017972848418917303,-0.1776400160597752
5850.0,961.8,2025-10-17 14:00:53,0,2026-03-20,6602.990234375,0.6071428571428571,2603,0.045,in,6718.473454028999,0.016442714506427647,0.16771325543118226,0.017077554028733028,-0.13841930290649396
6320.0,594.38,2025-10-17 16:10:14,0,2026-03-20,6602.990234375,0.6071428571428571,2603,0.045,in,6718.473454028999,0.016442714506427647,0.16039079371641365,0.015618875501881417,-0.06114175599149295
6300.0,692.09,2025-11-14 19:33:26,0,2026-04-17,6602.990234375,0.6071428571428571,2604,0.045,in,6695.3538848617145,0.022120337624448243,0.20921316845116025,0.026574733839548226,-0.06086420243111657
6340.0,647.99,2025-11-14 18:40:07,0,2026-04-17,6602.990234375,0.6071428571428571,2604,0.045,in,6695.3538848617145,0.022120337624448243,0.19854994492983313,0.023934834669209856,-0.054535067379469
6350.0,644.6,2025-11-14 15:51:19,0,2026-04-17,6602.990234375,0.6071428571428571,2604,0.045,in,6695.3538848617145,0.022120337624448243,0.20011723312558777,0.024314193531974795,-0.05295902292400324
6370.0,640.08,2025-11-14 16:50:03,0,2026-04-17,6602.990234375,0.6071428571428571,2604,0.045,in,6695.3538848617145,0.022120337624448243,0.20437253659803278,0.025359224041562222,-0.04981436624453159
6375.0,624.9,2025-11-14 15:51:19,0,2026-04-17,6602.990234375,0.6071428571428571,2604,0.045,in,6695.3538848617145,0.022120337624448243,0.19774195243199214,0.023740426992052716,-0.049029744784113705
6420.0,518.79,2025-10-17 16:29:33,0,2026-03-20,6602.990234375,0.6071428571428571,2603,0.045,in,6718.473454028999,0.016442714506427647,0.15468125523015014,0.014526676508313302,-0.04544284644838923
6450.0,578.08,2025-11-14 19:24:26,0,2026-04-17,6602.990234375,0.6071428571428571,2604,0.045,in,6695.3538848617145,0.022120337624448243,0.19668451257542843,0.023487198474270558,-0.037333705020922404
6480.0,535.9,2025-11-14 20:59:58,0,2026-04-17,6602.990234375,0.6071428571428571,2604,0.045,in,6695.3538848617145,0.022120337624448243,0.18365843498476492,0.02047918402135368,-0.03269332546442021
6610.0,439.43,2025-11-14 15:44:30,0,2026-04-17,6602.990234375,0.6071428571428571,2604,0.045,out,6695.3538848617145,0.022120337624448243,0.17149691891778204,0.017856795870391757,-0.012830181965008637
6640.0,423.98,2025-11-14 18:40:07,0,2026-04-17,6602.990234375,0.6071428571428571,2604,0.045,out,6695.3538848617145,0.022120337624448243,0.17172494752209894,0.017904313543748204,-0.008301872340261083
6660.0,427.9,2025-11-14 17:37:15,0,2026-04-17,6602.990234375,0.6071428571428571,2604,0.045,out,6695.3538848617145,0.022120337624448243,0.1788423385301847,0.019419210530931003,-0.005294351276305844
6835.0,361.6,2025-10-28 14:17:43,0,2026-03-31,6602.990234375,0.6071428571428571,2603,0.045,out,6718.473454028999,0.016442714506427647,0.18707293006496528,0.021247742134734057,0.017195506025653912
6820.0,314.1,2025-11-14 20:13:55,0,2026-04-17,6602.990234375,0.6071428571428571,2604,0.045,out,6695.3538848617145,0.022120337624448243,0.16068798925927114,0.015676811005971063,0.0184456360267672
6830.0,279.36,2025-11-14 14:46:37,0,2026-04-17,6602.990234375,0.6071428571428571,2604,0.045,out,6695.3538848617145,0.022120337624448243,0.14592800845704618,0.01292909721743127,0.019910837754095197
6875.0,344.44,2025-10-28 17:28:08,0,2026-03-31,6602.990234375,0.6071428571428571,2603,0.045,out,6718.473454028999,0.016442714506427647,0.18712042446473098,0.021258532331487088,0.023030679402375964
6860.0,293.8,2025-11-14 19:58:42,0,2026-04-17,6602.990234375,0.6071428571428571,2604,0.045,out,6695.3538848617145,0.022120337624448243,0.15932793713723867,0.015412559156819067,0.02429360590919024
6870.0,293.4,2025-11-14 17:38:23,0,2026-04-17,6602.990234375,0.6071428571428571,2604,0.045,out,6695.3538848617145,0.022120337624448243,0.16121181581292063,0.015779187231460132,0.025750270405654387
6880.0,215.83,2025-11-14 20:02:22,0,2026-04-17,6602.990234375,0.6071428571428571,2604,0.045,out,6695.3538848617145,0.022120337624448243,0.12539038364469493,0.009545954331413722,0.02720481611664874
6890.0,279.6,2025-11-14 17:37:18,0,2026-04-17,6602.990234375,0.6071428571428571,2604,0.045,out,6695.3538848617145,0.022120337624448243,0.1585753295860291,0.01526729634308578,0.02865724919696368
6920.0,261.1,2025-11-14 17:45:03,0,2026-04-17,6602.990234375,0.6071428571428571,2604,0.045,out,6695.3538848617145,0.022120337624448243,0.15551662074314676,0.014684004591616128,0.033001933800974555
6980.0,217.27,2025-11-14 20:23:11,0,2026-04-17,6602.990234375,0.6071428571428571,2604,0.045,out,6695.3538848617145,0.022120337624448243,0.14532453864098085,0.012822384501094176,0.04163508094567744
6010.0,1001.0,2025-10-27 13:55:44,0,2026-03-31,6602.990234375,0.6111111111111112,2603,0.045,in,6718.473454028999,0.01662815142521708,0.2795876653714638,0.04777010493925121,-0.11143621560314287
5990.0,944.42,2025-11-13 18:31:26,0,2026-04-17,6602.990234375,0.6111111111111112,2604,0.045,in,6695.3538848617145,0.02226890686065313,0.2356240225558063,0.033928082225509464,-0.11132242370124562
6120.0,904.16,2025-10-27 13:55:10,0,2026-03-31,6602.990234375,0.6111111111111112,2603,0.045,in,6718.473454028999,0.01662815142521708,0.2642500732235559,0.042672728510288964,-0.09329886762602435
6140.0,902.59,2025-10-27 19:30:56,0,2026-03-31,6602.990234375,0.6111111111111112,2603,0.045,in,6718.473454028999,0.01662815142521708,0.2706467887030858,0.04476369592156781,-0.090036221991208
6435.0,648.54,2025-10-27 17:44:46,0,2026-03-31,6602.990234375,0.6111111111111112,2603,0.045,in,6718.473454028999,0.01662815142521708,0.22818428269735166,0.03181937419839744,-0.0431091231021691
6510.0,590.67,2025-10-27 19:26:17,0,2026-03-31,6602.990234375,0.6111111111111112,2603,0.045,in,6718.473454028999,0.01662815142521708,0.2198556330595142,0.02953897184822207,-0.03152150792978112
6525.0,527.19,2025-11-13 16:54:05,0,2026-04-17,6602.990234375,0.6111111111111112,2604,0.045,in,6695.3538848617145,0.02226890686065313,0.19153074532031047,0.02241801613513833,-0.025772882619846508
6580.0,410.1,2025-11-13 15:40:36,0,2026-04-17,6602.990234375,0.6111111111111112,2604,0.045,in,6695.3538848617145,0.02226890686065313,0.14734825930743392,0.013268144707235483,-0.01737909049137771
6865.0,327.65,2025-10-27 18:39:18,0,2026-03-31,6602.990234375,0.6111111111111112,2603,0.045,out,6718.473454028999,0.01662815142521708,0.17603615936635186,0.018937556858278443,0.021575075069675306
6915.0,285.0,2025-10-27 14:52:49,0,2026-03-31,6602.990234375,0.6111111111111112,2603,0.045,out,6718.473454028999,0.01662815142521708,0.1654376156028234,0.016725869512212402,0.02883200096646245
7120.0,160.25,2025-11-13 20:36:00,0,2026-04-17,6602.990234375,0.6111111111111112,2604,0.045,out,6695.3538848617145,0.02226890686065313,0.13957572870018495,0.011905290248003554,0.06149388959528075
6290.0,605.75,2025-09-24 14:39:51,0,2026-02-27,6602.990234375,0.6150793650793651,2602,0.045,in,6681.031889159656,0.02589703789893211,0.1528554921179374,0.01437120725375241,-0.06031137933135802
6390.0,695.12,2025-11-12 18:47:39,0,2026-04-17,6602.990234375,0.6150793650793651,2604,0.045,in,6695.3538848617145,0.022415559074455367,0.23806368081627188,0.03485920237772907,-0.04667956743916018
6430.0,663.01,2025-11-12 19:06:02,0,2026-04-17,6602.990234375,0.6150793650793651,2604,0.045,in,6695.3538848617145,0.022415559074455367,0.23318136724214975,0.03344404862889817,-0.04043929757907557
6475.0,628.81,2025-11-12 14:55:01,0,2026-04-17,6602.990234375,0.6150793650793651,2604,0.045,in,6695.3538848617145,0.022415559074455367,0.22850344493415756,0.03211564592758145,-0.03346522824300211
6690.0,464.04,2025-11-12 18:47:39,0,2026-04-17,6602.990234375,0.6150793650793651,2604,0.045,out,6695.3538848617145,0.022415559074455367,0.2023026254021352,0.02517295475362095,-0.0007999616884664314
6760.0,420.84,2025-11-12 14:30:28,0,2026-04-17,6602.990234375,0.6150793650793651,2604,0.045,out,6695.3538848617145,0.022415559074455367,0.19757881975904706,0.02401109306624441,0.009609054226269217
6575.0,515.7,2025-11-11 15:18:51,0,2026-04-17,6602.990234375,0.6190476190476191,2604,0.045,in,6695.3538848617145,0.022560331131670396,0.1976921937374772,0.02419374500197957,-0.01813925776477531
7160.0,162.87,2025-11-11 15:24:29,0,2026-04-17,6602.990234375,0.6190476190476191,2604,0.045,out,6695.3538848617145,0.022560331131670396,0.14586089127990132,0.013170485469741595,0.06709614514395072
6130.0,684.2,2025-09-15 13:49:45,0,2026-02-20,6602.990234375,0.623015873015873,2602,0.045,in,6681.031889159656,0.026140387734614506,0.11946753666955562,0.008891989261543587,-0.08607770009558707
6395.0,630.0,2025-10-24 13:46:14,0,2026-03-31,6602.990234375,0.623015873015873,2603,0.045,in,6718.473454028999,0.017170288659130128,0.2029595068756849,0.025663619621832248,-0.049344529119453015
6460.0,565.25,2025-10-24 13:34:05,0,2026-03-31,6602.990234375,0.623015873015873,2603,0.045,in,6718.473454028999,0.017170288659130128,0.1891037846182894,0.022279197988265,-0.03923164635574861
6470.0,557.35,2025-10-24 13:34:05,0,2026-03-31,6602.990234375,0.623015873015873,2603,0.045,in,6718.473454028999,0.017170288659130128,0.18803029782422817,0.022026970973330427,-0.03768485563744985
7080.0,182.88,2025-11-10 16:04:30,0,2026-04-17,6602.990234375,0.623015873015873,2604,0.045,out,6695.3538848617145,0.02270325895885721,0.14277121819798833,0.012699319274130165,0.05586007187702483
6770.0,317.2,2025-10-22 13:53:17,0,2026-03-31,6602.990234375,0.6309523809523809,2603,0.045,out,6718.473454028999,0.017520347921279433,0.146485863951517,0.013539044546356956,0.007640122773924606
6750.0,280.29,2025-11-21 14:55:30,0,2026-04-30,6602.990234375,0.6309523809523809,2604,0.045,out,6695.3538848617145,0.02298372111031812,0.12411762838071802,0.009719938580562654,0.008128669055834918
6780.0,277.1,2025-11-21 20:14:17,0,2026-04-30,6602.990234375,0.6309523809523809,2604,0.045,out,6695.3538848617145,0.02298372111031812,0.12953443436013387,0.010586857063154655,0.012563266123700541
6950.0,188.9,2025-11-21 21:04:22,0,2026-04-30,6602.990234375,0.6309523809523809,2604,0.045,out,6695.3538848617145,0.02298372111031812,0.12194372415632623,0.009382433436179186,0.03732782374809722
6980.0,178.77,2025-11-21 20:43:08,0,2026-04-30,6602.990234375,0.6309523809523809,2604,0.045,out,6695.3538848617145,0.02298372111031812,0.12240593550757747,0.009453693946627576,0.04163508094567744
7000.0,166.69,2025-11-21 21:06:51,0,2026-04-30,6602.990234375,0.6309523809523809,2604,0.045,out,6695.3538848617145,0.02298372111031812,0.11994958442399205,0.00907808153077244,0.0444963132267097
7075.0,124.96,2025-11-21 15:29:47,0,2026-04-30,6602.990234375,0.6309523809523809,2604,0.045,out,6695.3538848617145,0.02298372111031812,0.11110640589480672,0.007788875855186448,0.05515360770069774
7100.0,112.4,2025-11-21 15:40:05,0,2026-04-30,6602.990234375,0.6309523809523809,2604,0.045,out,6695.3538848617145,0.02298372111031812,0.10830087359670328,0.007400490461379551,0.05868094821866624
7125.0,124.37,2025-11-21 15:39:19,0,2026-04-30,6602.990234375,0.6309523809523809,2604,0.045,out,6695.3538848617145,0.02298372111031812,0.11841981957561595,0.00884800529072662,0.062195890326110594
5425.0,1368.17,2025-11-07 16:06:59,0,2026-04-17,6602.990234375,0.6349206349206349,2604,0.045,in,6695.3538848617145,0.023121322853378635,0.20550172811014633,0.026813308099210478,-0.21039593640208032
5875.0,973.01,2025-11-07 15:57:16,0,2026-04-17,6602.990234375,0.6349206349206349,2604,0.045,in,6695.3538848617145,0.023121322853378635,0.1868865742274902,0.022175613731102984,-0.13070777579838086
5950.0,917.82,2025-11-07 15:06:19,0,2026-04-17,6602.990234375,0.6349206349206349,2604,0.045,in,6695.3538848617145,0.023121322853378635,0.18950748326208158,0.022801959499890875,-0.11802261627106524
6175.0,720.56,2025-11-07 16:00:12,0,2026-04-17,6602.990234375,0.6349206349206349,2604,0.045,in,6695.3538848617145,0.023121322853378635,0.16879065532292398,0.018089070047201346,-0.08090495331456266
6270.0,621.27,2025-10-10 16:22:03,0,2026-03-20,6602.990234375,0.6349206349206349,2603,0.045,in,6718.473454028999,0.017692095746771438,0.1488957461739591,0.014076154430920668,-0.06908460950542966
6250.0,644.03,2025-11-07 15:30:45,0,2026-04-17,6602.990234375,0.6349206349206349,2604,0.045,in,6695.3538848617145,0.023121322853378635,0.15423966642565445,0.015104682348633115,-0.06883237208029339
6570.0,397.37,2025-10-10 16:22:03,0,2026-03-20,6602.990234375,0.6349206349206349,2603,0.045,in,6718.473454028999,0.017692095746771438,0.13313767128795384,0.01125437429585984,-0.022347131653739933
6610.0,351.78,2025-11-20 20:43:57,0,2026-04-30,6602.990234375,0.6349206349206349,2604,0.045,out,6695.3538848617145,0.023121322853378635,0.12182594942750492,0.009423213938992371,-0.012830181965008637
6625.0,402.74,2025-11-07 15:11:45,0,2026-04-17,6602.990234375,0.6349206349206349,2604,0.045,out,6695.3538848617145,0.023121322853378635,0.15138640239731777,0.014551011321144518,-0.010563463956317711
6825.0,320.3,2025-11-20 14:45:15,0,2026-04-30,6602.990234375,0.6349206349206349,2604,0.045,out,6695.3538848617145,0.023121322853378635,0.1593364698423805,0.016119435315448783,0.019178505242419916
6900.0,273.99,2025-11-20 14:42:21,0,2026-04-30,6602.990234375,0.6349206349206349,2604,0.045,out,6695.3538848617145,0.023121322853378635,0.15266277516014073,0.014797411377521068,0.030107575774610207
7025.0,149.4,2025-11-20 20:14:20,0,2026-04-30,6602.990234375,0.6349206349206349,2604,0.045,out,6695.3538848617145,0.023121322853378635,0.11499059220926319,0.008395451616912419,0.04806137939120594
7050.0,154.83,2025-11-20 17:41:13,0,2026-04-30,6602.990234375,0.6349206349206349,2604,0.045,out,6695.3538848617145,0.023121322853378635,0.12183526125934505,0.009424654530878008,0.05161378099557363
5525.0,1332.81,2025-10-20 14:36:43,0,2026-03-31,6602.990234375,0.6388888888888888,2603,0.045,in,6718.473454028999,0.01786171005890329,0.2553661527871894,0.041663140437627595,-0.19557771674644248
5980.0,927.25,2025-10-20 14:36:22,0,2026-03-31,6602.990234375,0.6388888888888888,2603,0.045,in,6718.473454028999,0.01786171005890329,0.21095821273010806,0.028432707025568753,-0.11644039618771873
6320.0,667.72,2025-11-06 16:00:26,0,2026-04-17,6602.990234375,0.6388888888888888,2604,0.045,in,6695.3538848617145,0.023257215258016033,0.19436088940373195,0.02413476590515621,-0.057694627669837455
6350.0,574.0,2025-11-19 19:52:19,0,2026-04-30,6602.990234375,0.6388888888888888,2604,0.045,in,6695.3538848617145,0.023257215258016033,0.15272540180792016,0.014902114228332923,-0.05295902292400324
6360.0,639.16,2025-11-06 20:41:29,0,2026-04-17,6602.990234375,0.6388888888888888,2604,0.045,in,6695.3538848617145,0.023257215258016033,0.19245413568962527,0.02366354638647044,-0.051385458476572825
6380.0,633.7,2025-11-06 15:02:39,0,2026-04-17,6602.990234375,0.6388888888888888,2604,0.045,in,6695.3538848617145,0.023257215258016033,0.19612147864519677,0.02457398863548618,-0.04824573847190502
6420.0,460.4,2025-11-06 17:26:24,0,2026-04-17,6602.990234375,0.6388888888888888,2604,0.045,in,6695.3538848617145,0.023257215258016033,0.11439225342391324,0.008360236549950504,-0.04199571812673371
6440.0,573.55,2025-11-06 17:57:46,0,2026-04-17,6602.990234375,0.6388888888888888,2604,0.045,in,6695.3538848617145,0.023257215258016033,0.1834848889737708,0.021509283418874748,-0.03888529571234131
6460.0,571.33,2025-11-06 15:15:18,0,2026-04-17,6602.990234375,0.6388888888888888,2604,0.045,in,6695.3538848617145,0.023257215258016033,0.1884845129286589,0.02269742964224825,-0.035784518034093125
6505.0,510.17,2025-10-20 17:57:26,0,2026-03-31,6602.990234375,0.6388888888888888,2603,0.045,in,6718.473454028999,0.01786171005890329,0.1705434108958289,0.0185821184722117,-0.03228985218579041
6510.0,514.26,2025-11-06 17:37:00,0,2026-04-17,6602.990234375,0.6388888888888888,2604,0.045,in,6695.3538848617145,0.023257215258016033,0.17411662492776406,0.019368938298706118,-0.028074379608125675
6680.0,376.68,2025-10-20 15:24:52,0,2026-03-31,6602.990234375,0.6388888888888888,2603,0.045,out,6718.473454028999,0.01786171005890329,0.15212112104619657,0.014784422660335736,-0.005742976601704703
6680.0,378.5,2025-11-19 15:06:58,0,2026-04-30,6602.990234375,0.6388888888888888,2604,0.045,out,6695.3538848617145,0.023257215258016033,0.1530032614133645,0.014956387613108505,-0.0022958482800491883
6715.0,355.6,2025-10-20 19:20:59,0,2026-03-31,6602.990234375,0.6388888888888888,2603,0.045,out,6718.473454028999,0.01786171005890329,0.15054397100734937,0.014479450159811608,-0.0005171341750581291
6770.0,308.6,2025-11-19 20:35:33,0,2026-04-30,6602.990234375,0.6388888888888888,2604,0.045,out,6695.3538848617145,0.023257215258016033,0.1409239952130206,0.012688060161566315,0.011087251095580153
6910.0,218.82,2025-11-19 19:25:10,0,2026-04-30,6602.990234375,0.6388888888888888,2604,0.045,out,6695.3538848617145,0.023257215258016033,0.12758996028964126,0.010400598700955038,0.03155580195097507
7070.0,180.09,2025-11-06 16:17:48,0,2026-04-17,6602.990234375,0.6388888888888888,2604,0.045,out,6695.3538848617145,0.023257215258016033,0.13714047278809322,0.012015908704457219,0.054446644079877794
7150.0,115.43,2025-11-19 15:22:00,0,2026-04-30,6602.990234375,0.6388888888888888,2604,0.045,out,6695.3538848617145,0.023257215258016033,0.1162084690892904,0.008627816406271136,0.06569852087731273
6270.0,581.81,2025-09-16 14:06:31,0,2026-02-27,6602.990234375,0.6468253968253969,2602,0.045,in,6681.031889159656,0.026834606591009065,0.1201397820331746,0.009335997849196542,-0.06349609539887785
6325.0,713.17,2025-11-04 17:23:50,0,2026-04-17,6602.990234375,0.6468253968253969,2604,0.045,in,6695.3538848617145,0.023523997892887005,0.2186469564357742,0.030922452873239113,-0.05690380121501967
6375.0,614.56,2025-11-17 16:08:43,0,2026-04-30,6602.990234375,0.6468253968253969,2604,0.045,in,6695.3538848617145,0.023523997892887005,0.18230338518798794,0.021496934336956288,-0.049029744784113705
6400.0,562.98,2025-11-17 20:30:21,0,2026-04-30,6602.990234375,0.6468253968253969,2604,0.045,in,6695.3538848617145,0.023523997892887005,0.16294962561075085,0.017174883410037582,-0.04511584546297741
6675.0,398.62,2025-11-17 16:08:43,0,2026-04-30,6602.990234375,0.6468253968253969,2604,0.045,out,6695.3538848617145,0.023523997892887005,0.1599212884110467,0.01654244211662308,-0.003044631542290336
6975.0,223.33,2025-11-17 16:08:43,0,2026-04-30,6602.990234375,0.6468253968253969,2604,0.045,out,6695.3538848617145,0.023523997892887005,0.14057573408666818,0.012782264020963968,0.04091849187882586
6485.0,461.0,2025-10-17 15:31:31,0,2026-03-31,6602.990234375,0.6507936507936508,2603,0.045,in,6718.473454028999,0.018358142191972137,0.13622341261183907,0.012076659426797295,-0.035369146381851777
6490.0,467.4,2025-10-17 17:30:01,0,2026-03-31,6602.990234375,0.6507936507936508,2603,0.045,in,6718.473454028999,0.018358142191972137,0.14123745832438575,0.012982044523670423,-0.03459843343426045
6530.0,454.3,2025-10-17 18:47:38,0,2026-03-31,6602.990234375,0.6507936507936508,2603,0.045,in,6718.473454028999,0.018358142191972137,0.14699314394851695,0.014061688239407087,-0.028454020861919328
6540.0,449.1,2025-10-17 18:33:49,0,2026-03-31,6602.990234375,0.6507936507936508,2603,0.045,in,6718.473454028999,0.018358142191972137,0.14735202516157261,0.014130434795045808,-0.02692379868115176
6545.0,443.7,2025-10-17 18:52:04,0,2026-03-31,6602.990234375,0.6507936507936508,2603,0.045,in,6718.473454028999,0.018358142191972137,0.14610419052626616,0.01389212403274214,-0.026159564788395817
6555.0,436.6,2025-10-17 18:52:04,0,2026-03-31,6602.990234375,0.6507936507936508,2603,0.045,in,6718.473454028999,0.018358142191972137,0.14547126347999054,0.013772022673604094,-0.024632846934595862
6560.0,426.0,2025-10-17 14:19:05,0,2026-03-31,6602.990234375,0.6507936507936508,2603,0.045,in,6718.473454028999,0.018358142191972137,0.1415984578874168,0.013048492925712325,-0.023870361194261332
6565.0,421.7,2025-10-17 14:20:03,0,2026-03-31,6602.990234375,0.6507936507936508,2603,0.045,in,6718.473454028999,0.018358142191972137,0.14090089410502038,0.01292024667211684,-0.023108456395499473
6570.0,427.2,2025-10-17 18:41:36,0,2026-03-31,6602.990234375,0.6507936507936508,2603,0.045,in,6718.473454028999,0.018358142191972137,0.14511267374766892,0.0137042097042872,-0.022347131653739933
6635.0,378.5,2025-10-17 19:59:14,0,2026-03-31,6602.990234375,0.6507936507936508,2603,0.045,out,6718.473454028999,0.018358142191972137,0.1390958635411952,0.012591333800398457,-0.012502296366088194
6455.0,508.3,2025-10-16 16:27:39,0,2026-03-31,6602.990234375,0.6547619047619048,2603,0.045,in,6718.473454028999,0.018519607996869275,0.1504914984085105,0.01482884535866821,-0.040005939851653176
6465.0,517.0,2025-10-16 14:13:35,0,2026-03-31,6602.990234375,0.6547619047619048,2603,0.045,in,6718.473454028999,0.018519607996869275,0.15830078704552467,0.01640776970068798,-0.03845795192643827
6495.0,467.6,2025-10-16 16:36:52,0,2026-03-31,6602.990234375,0.6547619047619048,2603,0.045,in,6718.473454028999,0.018519607996869275,0.1421501025661801,0.013230545729483973,-0.0338283140276962
5250.0,1555.09,2025-11-14 14:36:37,0,2026-04-30,6602.990234375,0.6587301587301587,2604,0.045,in,6695.3538848617145,0.02391211841289507,0.2407698191083538,0.0381866569909362,-0.2431857592250712
6625.0,464.54,2025-11-14 19:36:29,0,2026-04-30,6602.990234375,0.6587301587301587,2604,0.045,out,6695.3538848617145,0.02391211841289507,0.1766972154303833,0.020566811056275055,-0.010563463956317711
6660.0,390.3,2025-11-14 12:39:48,0,2026-04-30,6602.990234375,0.6587301587301587,2604,0.045,out,6695.3538848617145,0.02391211841289507,0.14983618505940927,0.014789073296127586,-0.005294351276305844
6720.0,349.1,2025-11-14 13:37:50,0,2026-04-30,6602.990234375,0.6587301587301587,2604,0.045,out,6695.3538848617145,0.02391211841289507,0.14494266687998655,0.013838851306583081,0.003674318706454539
5500.0,1267.7,2025-10-31 15:49:35,0,2026-04-17,6602.990234375,0.6626984126984127,2604,0.045,in,6695.3538848617145,0.024038393152937612,0.12046588573174037,0.0096170989976078,-0.1966657435901783
6225.0,759.58,2025-11-13 19:58:18,0,2026-04-30,6602.990234375,0.6626984126984127,2604,0.045,in,6695.3538848617145,0.024038393152937612,0.2054241471019929,0.027965263474210564,-0.07284039347783229
6250.0,741.19,2025-11-13 20:01:05,0,2026-04-30,6602.990234375,0.6626984126984127,2604,0.045,in,6695.3538848617145,0.024038393152937612,0.20421669482430646,0.027637478413924502,-0.06883237208029339
6410.0,467.4,2025-10-31 19:22:55,0,2026-04-17,6602.990234375,0.6626984126984127,2604,0.045,in,6695.3538848617145,0.024038393152937612,0.10942633034049201,0.007935231491620407,-0.043554564896024876
6500.0,546.01,2025-11-13 19:58:18,0,2026-04-30,6602.990234375,0.6626984126984127,2604,0.045,in,6695.3538848617145,0.024038393152937612,0.18197251216372956,0.021944592045995408,-0.029611658927012157
6525.0,544.88,2025-11-13 17:51:30,0,2026-04-30,6602.990234375,0.6626984126984127,2604,0.045,in,6695.3538848617145,0.024038393152937612,0.18848129752514967,0.023542493330553912,-0.025772882619846508
6550.0,409.6,2025-11-13 19:04:45,0,2026-04-30,6602.990234375,0.6626984126984127,2604,0.045,in,6695.3538848617145,0.024038393152937612,0.12802056637881318,0.010861140176444453,-0.02194878618144298
6600.0,475.17,2025-11-13 20:01:05,0,2026-04-30,6602.990234375,0.6626984126984127,2604,0.045,in,6695.3538848617145,0.024038393152937612,0.17454271050227757,0.02018921170969632,-0.014344186796223728
6700.0,415.08,2025-11-13 19:34:02,0,2026-04-30,6602.990234375,0.6626984126984127,2604,0.045,out,6695.3538848617145,0.024038393152937612,0.17069519035261682,0.019308942926941217,0.000693690568316895
6725.0,389.04,2025-11-13 19:58:18,0,2026-04-30,6602.990234375,0.6626984126984127,2604,0.045,out,6695.3538848617145,0.024038393152937612,0.16425608198362374,0.01787964324705565,0.004418089659299183
6730.0,386.08,2025-11-13 20:08:39,0,2026-04-30,6602.990234375,0.6626984126984127,2604,0.045,out,6695.3538848617145,0.024038393152937612,0.1640196213856311,0.017828201767119536,0.005161307828032833
6775.0,379.7,2025-11-13 17:30:48,0,2026-04-30,6602.990234375,0.6626984126984127,2604,0.045,out,6695.3538848617145,0.024038393152937612,0.1711729118736598,0.019417173340493595,0.011825530937161141
6790.0,370.2,2025-11-13 17:33:10,0,2026-04-30,6602.990234375,0.6626984126984127,2604,0.045,out,6695.3538848617145,0.024038393152937612,0.17000308952184667,0.019152680256525768,0.014037105742001132
6800.0,363.7,2025-11-13 17:33:08,0,2026-04-30,6602.990234375,0.6626984126984127,2604,0.045,out,6695.3538848617145,0.024038393152937612,0.16912302487819092,0.01895489599142664,0.01550877635345742
6810.0,333.2,2025-11-13 20:07:09,0,2026-04-30,6602.990234375,0.6626984126984127,2604,0.045,out,6695.3538848617145,0.024038393152937612,0.15701415391119297,0.016337798556550723,0.016978284332817437
6830.0,336.6,2025-11-13 17:10:36,0,2026-04-30,6602.990234375,0.6626984126984127,2604,0.045,out,6695.3538848617145,0.024038393152937612,0.1628278888672837,0.017570070923123307,0.019910837754095197
6160.0,730.44,2025-10-13 18:40:42,0,2026-03-31,6602.990234375,0.6666666666666666,2603,0.045,in,6718.473454028999,0.01899247213978232,0.15996036841409542,0.017058212975448756,-0.0867841866048306
6175.0,711.07,2025-10-13 14:14:43,0,2026-03-31,6602.990234375,0.6666666666666666,2603,0.045,in,6718.473454028999,0.01899247213978232,0.1544970212343095,0.01591288638018312,-0.08435208163621817
6860.0,361.4,2025-11-12 20:05:47,0,2026-04-30,6602.990234375,0.6666666666666666,2604,0.045,out,6695.3538848617145,0.024163164622265365,0.17978712432235694,0.02154894004806842,0.02429360590919024
6875.0,352.83,2025-11-12 19:37:08,0,2026-04-30,6602.990234375,0.6666666666666666,2604,0.045,out,6695.3538848617145,0.024163164622265365,0.17881891342628903,0.021317469199305765,0.02647780772403142
6925.0,326.11,2025-11-12 20:39:52,0,2026-04-30,6602.990234375,0.6666666666666666,2604,0.045,out,6695.3538848617145,0.024163164622265365,0.17616002771381395,0.02068823690942113,0.03372421624479857
6980.0,166.1,2025-10-13 14:57:10,0,2026-03-31,6602.990234375,0.6666666666666666,2603,0.045,out,6718.473454028999,0.01899247213978232,0.11109381076149744,0.008227889859674268,0.038187952624022074
6850.0,345.4,2025-11-11 15:23:18,0,2026-04-30,6602.990234375,0.6706349206349206,2604,0.045,out,6695.3538848617145,0.024286459506157286,0.16955813799824254,0.019280728592388288,0.02283481644553027
6880.0,352.74,2025-11-11 19:58:20,0,2026-04-30,6602.990234375,0.6706349206349206,2604,0.045,out,6695.3538848617145,0.024286459506157286,0.17899728526497533,0.021487161723599327,0.02720481611664874
6920.0,327.4,2025-11-11 19:39:37,0,2026-04-30,6602.990234375,0.6706349206349206,2604,0.045,out,6695.3538848617145,0.024286459506157286,0.17504563578704577,0.02054890757447378,0.033001933800974555
5250.0,1747.46,2025-10-28 16:27:25,0,2026-04-17,6602.990234375,0.6746031746031746,2604,0.045,in,6695.3538848617145,0.024408303862003423,0.4046335652058919,0.11045164585519536,-0.2431857592250712
5650.0,1292.09,2025-11-10 15:56:48,0,2026-04-30,6602.990234375,0.6746031746031746,2604,0.045,in,6695.3538848617145,0.024408303862003423,0.28516481409949224,0.0548580361272526,-0.16975829067025405
6240.0,653.0,2025-09-30 15:23:00,0,2026-03-20,6602.990234375,0.6746031746031746,2603,0.045,in,6718.473454028999,0.019298443055784886,0.1457899203201209,0.014338488680083429,-0.07388078176892271
6520.0,621.34,2025-10-28 14:04:42,0,2026-04-17,6602.990234375,0.6746031746031746,2604,0.045,in,6695.3538848617145,0.024408303862003423,0.22192635097225136,0.03322508687895243,-0.02653945989004193
6690.0,450.31,2025-11-10 15:13:49,0,2026-04-30,6602.990234375,0.6746031746031746,2604,0.045,out,6695.3538848617145,0.024408303862003423,0.18254697440478013,0.022480069987848045,-0.0007999616884664314
6840.0,349.57,2025-11-10 15:13:49,0,2026-04-30,6602.990234375,0.6746031746031746,2604,0.045,out,6695.3538848617145,0.024408303862003423,0.1686914576156875,0.01919705292986468,0.02137389580585563
6430.0,503.01,2025-10-10 17:44:28,0,2026-03-31,6602.990234375,0.6785714285714286,2603,0.045,in,6718.473454028999,0.019448744558382636,0.13419019074060357,0.012219040661749706,-0.04388642590073097
6795.0,262.31,2025-10-10 17:44:28,0,2026-03-31,6602.990234375,0.6785714285714286,2603,0.045,out,6718.473454028999,0.019448744558382636,0.11817416392696997,0.009476340263461752,0.011326083452847899
5675.0,1208.58,2025-11-07 20:39:29,0,2026-04-30,6602.990234375,0.6865079365079365,2604,0.045,in,6695.3538848617145,0.024765385297922438,0.23349757390177442,0.03742917954014495,-0.16534327246113714
5500.0,1296.9,2025-11-21 17:11:30,0,2026-05-15,6602.990234375,0.6904761904761905,2605,0.045,in,6726.747676944705,0.01810673800075968,0.1729674001507376,0.02065747437933943,-0.20134367709973558
5625.0,1185.31,2025-11-21 17:10:49,0,2026-05-15,6602.990234375,0.6904761904761905,2605,0.045,in,6726.747676944705,0.01810673800075968,0.1712266310388561,0.020243767050728098,-0.17887082124767698
5675.0,1142.66,2025-11-21 17:10:42,0,2026-05-15,6602.990234375,0.6904761904761905,2605,0.045,in,6726.747676944705,0.01810673800075968,0.1719476065962775,0.02041460483360615,-0.17002120597069445
5800.0,982.88,2025-11-21 15:49:35,0,2026-05-15,6602.990234375,0.6904761904761905,2605,0.045,in,6726.747676944705,0.01810673800075968,0.08938266445250112,0.005516394296052948,-0.14823385178578716
5900.0,937.69,2025-11-21 20:52:03,0,2026-05-15,6602.990234375,0.6904761904761905,2605,0.045,in,6726.747676944705,0.01810673800075968,0.15643402941218632,0.016897060980615487,-0.1311394184264871
5925.0,886.9,2025-09-26 14:33:18,0,2026-03-20,6602.990234375,0.6904761904761905,2603,0.045,in,6718.473454028999,0.01988928344530707,0.12627108242966353,0.01100921908287637,-0.1256802771290641
5975.0,844.6,2025-09-26 14:33:13,0,2026-03-20,6602.990234375,0.6904761904761905,2603,0.045,in,6718.473454028999,0.01988928344530707,0.12724785734572674,0.011180202351744625,-0.11727686633268464
6000.0,866.18,2025-11-21 20:25:26,0,2026-05-15,6602.990234375,0.6904761904761905,2605,0.045,in,6726.747676944705,0.01810673800075968,0.1636956661873077,0.018502187207778277,-0.1143323001101058
6090.0,870.25,2025-10-07 13:35:56,0,2026-03-31,6602.990234375,0.6904761904761905,2603,0.045,in,6718.473454028999,0.01988928344530707,0.20978103070068496,0.030386532009843096,-0.09821288242845343
6325.0,567.63,2025-11-21 15:32:48,0,2026-05-15,6602.990234375,0.6904761904761905,2605,0.045,in,6726.747676944705,0.01810673800075968,0.12736217877914274,0.01120030030756522,-0.06158173472457683
6400.0,549.39,2025-11-21 17:02:02,0,2026-05-15,6602.990234375,0.6904761904761905,2605,0.045,in,6726.747676944705,0.01810673800075968,0.14619453052368261,0.014757437664194264,-0.04979377897253468
6450.0,516.31,2025-11-21 17:04:58,0,2026-05-15,6602.990234375,0.6904761904761905,2605,0.045,in,6726.747676944705,0.01810673800075968,0.1456964158662477,0.014657045768853507,-0.042011638530479636
6500.0,485.9,2025-11-21 17:11:30,0,2026-05-15,6602.990234375,0.6904761904761905,2605,0.045,in,6726.747676944705,0.01810673800075968,0.1459983943809989,0.01471786675459669,-0.03428959243656936
6600.0,394.7,2025-11-21 18:17:12,0,2026-05-15,6602.990234375,0.6904761904761905,2605,0.045,in,6726.747676944705,0.01810673800075968,0.13020085145650695,0.011705133092380528,-0.019022120305780967
6625.0,381.33,2025-11-21 16:41:00,0,2026-05-15,6602.990234375,0.6904761904761905,2605,0.045,out,6726.747676944705,0.01810673800075968,0.1306110059334533,0.011778995506131155,-0.015241397465874875
6650.0,389.9,2025-11-21 18:57:11,0,2026-05-15,6602.990234375,0.6904761904761905,2605,0.045,out,6726.747676944705,0.01810673800075968,0.14124794274110344,0.013775677584029216,-0.011474914670398077
6675.0,350.33,2025-11-21 16:41:00,0,2026-05-15,6602.990234375,0.6904761904761905,2605,0.045,out,6726.747676944705,0.01810673800075968,0.1289377904412949,0.01147913476934798,-0.007722565051847576
6700.0,355.8,2025-11-21 20:00:47,0,2026-05-15,6602.990234375,0.6904761904761905,2605,0.045,out,6726.747676944705,0.01810673800075968,0.13767189756999637,0.013086975953218657,-0.003984242941240382
6725.0,355.4,2025-11-21 19:25:28,0,2026-05-15,6602.990234375,0.6904761904761905,2605,0.045,out,6726.747676944705,0.01810673800075968,0.14341698903568986,0.014202013085186486,-0.00025984385025802073
6750.0,335.5,2025-11-21 19:32:49,0,2026-05-15,6602.990234375,0.6904761904761905,2605,0.045,out,6726.747676944705,0.01810673800075968,0.13997096082218993,0.013527719674550569,0.0034507355462775656
6800.0,306.0,2025-11-21 19:35:38,0,2026-05-15,6602.990234375,0.6904761904761905,2605,0.045,out,6726.747676944705,0.01810673800075968,0.1374523268333039,0.013045264819161727,0.010830842843900214
6850.0,242.4,2025-11-21 16:25:07,0,2026-05-15,6602.990234375,0.6904761904761905,2605,0.045,out,6726.747676944705,0.01810673800075968,0.11881009967181788,0.00974665127944742,0.01815688293597321
6900.0,251.08,2025-11-21 19:33:47,0,2026-05-15,6602.990234375,0.6904761904761905,2605,0.045,out,6726.747676944705,0.01810673800075968,0.13261982937748815,0.012144108456650189,0.025429642265052857
6890.0,294.1,2025-11-06 15:40:35,0,2026-04-30,6602.990234375,0.6904761904761905,2604,0.045,out,6695.3538848617145,0.024881676187014836,0.15036459783046635,0.01561132990811473,0.02865724919696368
6950.0,230.02,2025-11-21 19:39:09,0,2026-05-15,6602.990234375,0.6904761904761905,2605,0.045,out,6726.747676944705,0.01810673800075968,0.13226767560355426,0.012079700054224879,0.03264989023854001
6975.0,202.1,2025-11-21 16:58:02,0,2026-05-15,6602.990234375,0.6904761904761905,2605,0.045,out,6726.747676944705,0.01810673800075968,0.12381438832503695,0.010585001903161627,0.036240558369268615
7000.0,190.08,2025-11-21 20:46:13,0,2026-05-15,6602.990234375,0.6904761904761905,2605,0.045,out,6726.747676944705,0.01810673800075968,0.12252570922860292,0.010365807934218867,0.03981837971715242
7050.0,152.76,2025-11-21 14:58:09,0,2026-05-15,6602.990234375,0.6904761904761905,2605,0.045,out,6726.747676944705,0.01810673800075968,0.11305841987389437,0.008825809114930286,0.04693584748601649
7100.0,141.71,2025-11-21 18:11:05,0,2026-05-15,6602.990234375,0.6904761904761905,2605,0.045,out,6726.747676944705,0.01810673800075968,0.11539983872774093,0.009195156204125471,0.05400301470910902
7125.0,136.35,2025-11-21 20:33:06,0,2026-05-15,6602.990234375,0.6904761904761905,2605,0.045,out,6726.747676944705,0.01810673800075968,0.11646008009777994,0.009364894224644245,0.05751795681655335
7150.0,127.83,2025-11-21 20:33:06,0,2026-05-15,6602.990234375,0.6904761904761905,2605,0.045,out,6726.747676944705,0.01810673800075968,0.11579631670664836,0.009258448140999187,0.06102058736775545
5650.0,1158.52,2025-11-20 20:48:15,0,2026-05-15,6602.990234375,0.6944444444444444,2605,0.045,in,6726.747676944705,0.018260413783612484,0.16336959716119245,0.018534461997646044,-0.17443622417981117
5675.0,1229.58,2025-10-23 19:35:00,0,2026-04-17,6602.990234375,0.6944444444444444,2604,0.045,in,6695.3538848617145,0.02499663803737475,0.24697539678025937,0.04235892126025455,-0.16534327246113714
6050.0,772.09,2025-11-20 20:48:15,0,2026-05-15,6602.990234375,0.6944444444444444,2605,0.045,in,6726.747676944705,0.018260413783612484,0.11716218658867879,0.009532623587666933,-0.10603349729541073
6125.0,714.6,2025-09-25 19:51:12,0,2026-03-20,6602.990234375,0.6944444444444444,2603,0.045,in,6718.473454028999,0.02003277325419103,0.12175264960121354,0.010294241447858253,-0.09248220771946836
6200.0,689.6,2025-11-20 17:35:28,0,2026-05-15,6602.990234375,0.6944444444444444,2605,0.045,in,6726.747676944705,0.018260413783612484,0.14574831499493324,0.014751785641571027,-0.08154247728711489
6475.0,454.97,2025-11-20 21:08:04,0,2026-05-15,6602.990234375,0.6944444444444444,2605,0.045,in,6726.747676944705,0.018260413783612484,0.1211413717137363,0.0101911332921428,-0.038143161752559385
6775.0,278.5,2025-11-20 20:38:28,0,2026-05-15,6602.990234375,0.6944444444444444,2605,0.045,out,6726.747676944705,0.018260413783612484,0.11876131512750576,0.009794618035288005,0.007147597427603752
6825.0,264.76,2025-11-20 19:54:25,0,2026-05-15,6602.990234375,0.6944444444444444,2605,0.045,out,6726.747676944705,0.018260413783612484,0.1232718400455156,0.01055274065847721,0.014500571732862674
6875.0,237.28,2025-11-20 19:20:02,0,2026-05-15,6602.990234375,0.6944444444444444,2605,0.045,out,6726.747676944705,0.018260413783612484,0.1208701022079526,0.010145542783167297,0.021799874214474105
6895.0,262.0,2025-10-06 18:57:46,0,2026-03-31,6602.990234375,0.6944444444444444,2603,0.045,out,6718.473454028999,0.02003277325419103,0.13602801296003428,0.01284973632628837,0.02593554709500619
6925.0,216.68,2025-11-20 18:44:52,0,2026-05-15,6602.990234375,0.6944444444444444,2605,0.045,out,6726.747676944705,0.018260413783612484,0.12097508802011402,0.010163174945468288,0.0290462827352414
7025.0,157.56,2025-11-20 20:53:46,0,2026-05-15,6602.990234375,0.6944444444444444,2605,0.045,out,6726.747676944705,0.018260413783612484,0.11082419916770767,0.008529168834141483,0.04338344588164862
7075.0,146.4,2025-11-20 18:52:28,0,2026-05-15,6602.990234375,0.6944444444444444,2605,0.045,out,6726.747676944705,0.018260413783612484,0.11336775718771348,0.008925172479008585,0.05047567419114057
6040.0,817.82,2025-09-24 16:41:31,0,2026-03-20,6602.990234375,0.6984126984126984,2603,0.045,in,6718.473454028999,0.020174632497064943,0.148632585685431,0.015429085765263929,-0.10645695220353549
6100.0,823.9,2025-11-19 15:01:06,0,2026-05-15,6602.990234375,0.6984126984126984,2605,0.045,in,6726.747676944705,0.018412343250751046,0.18378098368475723,0.023589203149556003,-0.09780299815889527
6225.0,734.84,2025-10-22 14:34:05,0,2026-04-17,6602.990234375,0.6984126984126984,2604,0.045,in,6695.3538848617145,0.025110293503071486,0.18260004565218743,0.023287018628189857,-0.07284039347783229
6350.0,583.76,2025-11-18 16:15:29,0,2026-05-15,6602.990234375,0.7023809523809523,2605,0.045,in,6726.747676944705,0.018562556000746803,0.14429469799732533,0.014624245623074048,-0.05763695643356055
6375.0,601.04,2025-11-18 18:27:15,0,2026-05-15,6602.990234375,0.7023809523809523,2605,0.045,in,6726.747676944705,0.018562556000746803,0.16261005070981924,0.018572377225227966,-0.053707678293670943
6550.0,441.49,2025-11-18 15:45:27,0,2026-05-15,6602.990234375,0.7023809523809523,2605,0.045,in,6726.747676944705,0.018562556000746803,0.1366069576930116,0.013107454672836609,-0.026626719691000254
6620.0,540.19,2025-11-03 15:43:26,0,2026-04-30,6602.990234375,0.7023809523809523,2604,0.045,out,6695.3538848617145,0.025222664726217973,0.20211183957135792,0.02869169697619263,-0.01131846587968668
6840.0,295.59,2025-10-03 14:54:10,0,2026-03-31,6602.990234375,0.7063492063492064,2603,0.045,out,6718.473454028999,0.02045356921058107,0.13848750062584028,0.013546921562172208,0.01792676748420014
6420.0,514.5,2025-10-01 07:01:13,0,2026-03-31,6602.990234375,0.7142857142857143,2603,0.045,in,6718.473454028999,0.020726307330463503,0.12973723447991659,0.012022678578926325,-0.04544284644838923
5550.0,1257.85,2025-09-30 17:34:42,0,2026-03-31,6602.990234375,0.7182539682539683,2603,0.045,in,6718.473454028999,0.02086041612974271,0.16854858863123223,0.020404608881166835,-0.19106303639191585
6075.0,901.55,2025-11-14 20:38:36,0,2026-05-15,6602.990234375,0.7182539682539683,2605,0.045,in,6726.747676944705,0.019146808906807648,0.21489651842229154,0.03316933717076998,-0.10190978011154861
6275.0,671.03,2025-10-17 18:53:37,0,2026-04-17,6602.990234375,0.7182539682539683,2604,0.045,in,6695.3538848617145,0.02565973290906399,0.16116702831999263,0.018656511087964334,-0.06484035081075597
6425.0,517.72,2025-09-30 14:42:49,0,2026-03-31,6602.990234375,0.7182539682539683,2603,0.045,in,6718.473454028999,0.02086041612974271,0.13247008541387525,0.012604153011310525,-0.04466433336897552
6525.0,566.74,2025-11-14 17:14:54,0,2026-05-15,6602.990234375,0.7182539682539683,2605,0.045,in,6726.747676944705,0.019146808906807648,0.18710828642432537,0.025145720093671334,-0.030450816129403743
6025.0,979.14,2025-11-13 15:46:01,0,2026-05-15,6602.990234375,0.7222222222222222,2605,0.045,in,6726.747676944705,0.019288859407319694,0.2391430367726526,0.04130344980438898,-0.11017428996144217
6330.0,602.3,2025-09-29 16:28:51,0,2026-03-31,6602.990234375,0.7222222222222222,2603,0.045,in,6718.473454028999,0.020993051205952913,0.14286306257880593,0.014740450580119203,-0.05956072799417426
6425.0,625.76,2025-11-13 21:00:12,0,2026-05-15,6602.990234375,0.7222222222222222,2605,0.045,in,6726.747676944705,0.019288859407319694,0.1868143421723157,0.02520526554092087,-0.04589513855687731
6450.0,507.6,2025-09-29 15:34:55,0,2026-03-31,6602.990234375,0.7222222222222222,2603,0.045,in,6718.473454028999,0.020993051205952913,0.13496635871751328,0.013155940767279896,-0.0407808333425779
6575.0,557.77,2025-11-13 14:38:04,0,2026-05-15,6602.990234375,0.7222222222222222,2605,0.045,in,6726.747676944705,0.019288859407319694,0.19500862645077943,0.027464929837380844,-0.022817191274332512
5325.0,1665.18,2025-11-12 18:27:11,0,2026-05-15,6602.990234375,0.7261904761904762,2605,0.045,in,6726.747676944705,0.019429357443345268,0.36369345261872466,0.09605534019215999,-0.23367905774267198
6125.0,731.8,2025-09-26 14:37:12,0,2026-03-31,6602.990234375,0.7341269841269841,2603,0.045,in,6718.473454028999,0.02138235307828881,0.12505140343680393,0.01148017022928629,-0.09248220771946836
6275.0,609.75,2025-09-25 15:23:19,0,2026-03-31,6602.990234375,0.7380952380952381,2603,0.045,in,6718.473454028999,0.0215093296746421,0.12038874106928944,0.010697545672945261,-0.06828747913241151
6290.0,596.91,2025-09-25 15:32:56,0,2026-03-31,6602.990234375,0.7380952380952381,2603,0.045,in,6718.473454028999,0.0215093296746421,0.11936761167658001,0.010516843529487972,-0.06589989343790986
6440.0,528.5,2025-09-24 03:41:12,0,2026-03-31,6602.990234375,0.7420634920634921,2603,0.045,in,6718.473454028999,0.021634948232531714,0.13864742121434886,0.014264766212522845,-0.04233242403399682
5875.0,1048.68,2025-11-07 20:19:26,0,2026-05-15,6602.990234375,0.746031746031746,2605,0.045,in,6726.747676944705,0.020109427724107364,0.2101470004663351,0.03294607626722062,-0.13538570930793814
6150.0,720.19,2025-10-10 19:19:45,0,2026-04-17,6602.990234375,0.746031746031746,2604,0.045,in,6695.3538848617145,0.02637984923691799,0.12827347870219039,0.012275270014333027,-0.08496175401017701
6300.0,660.49,2025-11-07 17:56:35,0,2026-05-15,6602.990234375,0.746031746031746,2605,0.045,in,6726.747676944705,0.020109427724107364,0.15874327634995147,0.018799573110427015,-0.0655421359406738
6410.0,537.4,2025-09-22 13:43:25,0,2026-03-31,6602.990234375,0.75,2603,0.045,in,6718.473454028999,0.021882197457584285,0.1315341379409539,0.012975922082902415,-0.047001693217680406
5375.0,1524.66,2025-10-03 16:07:26,0,2026-04-17,6602.990234375,0.7738095238095238,2604,0.045,in,6695.3538848617145,0.027048264905336315,0.2701713676331648,0.05648234419964708,-0.21965526181487702
5775.0,1032.13,2025-09-16 14:59:07,0,2026-03-31,6602.990234375,0.7738095238095238,2603,0.045,in,6718.473454028999,0.022593514458889387,0.10253250062647981,0.0081349927322231,-0.15132270774240184
6270.0,618.21,2025-09-16 14:06:31,0,2026-03-31,6602.990234375,0.7738095238095238,2603,0.045,in,6718.473454028999,0.022593514458889387,0.11569953949721842,0.010358510995136266,-0.06908460950542966
6240.0,637.6,2025-09-15 14:13:53,0,2026-03-31,6602.990234375,0.7777777777777778,2603,0.045,in,6718.473454028999,0.022707833262670563,0.11232747792210294,0.00981358178604263,-0.07388078176892271
5275.0,1554.06,2025-10-01 15:06:01,0,2026-04-17,6602.990234375,0.7817460317460317,2604,0.045,in,6695.3538848617145,0.02723051602304864,0.21543447393215637,0.036282406642895705,-0.2384351564664733
5475.0,1568.09,2025-10-28 16:45:56,0,2026-05-15,6602.990234375,0.7857142857142857,2605,0.045,in,6726.747676944705,0.02136652733400093,0.348482532169254,0.09541720196414619,-0.20589949363559634
5575.0,1476.84,2025-10-28 16:45:56,0,2026-05-15,6602.990234375,0.7857142857142857,2605,0.045,in,6726.747676944705,0.02136652733400093,0.33445518909507216,0.08789021490277323,-0.1877994519919783
6225.0,869.47,2025-10-27 15:18:57,0,2026-05-15,6602.990234375,0.7896825396825397,2605,0.045,in,6726.747676944705,0.021485288503176804,0.2324666745174305,0.04267504046618016,-0.07751832698738953
5925.0,917.6,2025-09-26 14:33:18,0,2026-04-17,6602.990234375,0.8015873015873016,2604,0.045,in,6695.3538848617145,0.027670354735349414,0.1226377696082196,0.01205589107922503,-0.12223314880740871
5975.0,875.6,2025-09-26 14:33:18,0,2026-04-17,6602.990234375,0.8015873015873016,2604,0.045,in,6695.3538848617145,0.027670354735349414,0.12349445694917399,0.012224912465192939,-0.11382973801102916
6150.0,849.19,2025-10-23 19:02:25,0,2026-05-15,6602.990234375,0.8055555555555556,2605,0.045,in,6726.747676944705,0.021948632572079727,0.19327841788196476,0.030092773826380734,-0.08963968751973436
6275.0,746.86,2025-10-23 18:49:54,0,2026-05-15,6602.990234375,0.8055555555555556,2605,0.045,in,6726.747676944705,0.021948632572079727,0.18309096590681057,0.027004076447332704,-0.06951828432031328
6125.0,824.13,2025-10-22 17:18:02,0,2026-05-15,6602.990234375,0.8095238095238095,2605,0.045,in,6726.747676944705,0.0220616294712362,0.16850850194404285,0.022986521850773017,-0.09371301290737011
5575.0,1268.78,2025-09-22 14:06:24,0,2026-04-17,6602.990234375,0.8174603174603174,2604,0.045,in,6695.3538848617145,0.028006852701653307,0.17145757698044045,0.02403145375009823,-0.18312151848242106
5225.0,1573.37,2025-11-21 20:18:41,0,2026-06-18,6602.990234375,0.8253968253968254,2606,0.045,in,6740.368032212133,0.020052102525484675,0.14241232255847355,0.01674009555647513,-0.25465972976836304
5500.0,1321.4,2025-11-21 17:15:01,0,2026-06-18,6602.990234375,0.8253968253968254,2606,0.045,in,6740.368032212133,0.020052102525484675,0.1495953194740367,0.01847135713720688,-0.20336643538081256
6000.0,908.83,2025-11-21 20:09:47,0,2026-06-18,6602.990234375,0.8253968253968254,2606,0.045,in,6740.368032212133,0.020052102525484675,0.15956148083308436,0.02101449270815287,-0.11635505839118271
6100.0,827.4,2025-11-21 20:18:41,0,2026-06-18,6602.990234375,0.8253968253968254,2606,0.045,in,6740.368032212133,0.020052102525484675,0.15594255035585045,0.0200720652158305,-0.09982575643997216
6400.0,578.06,2025-11-21 20:56:00,0,2026-06-18,6602.990234375,0.8253968253968254,2606,0.045,in,6740.368032212133,0.020052102525484675,0.13523738586760958,0.015095806791870567,-0.05181653725361157
6450.0,510.2,2025-11-21 15:42:19,0,2026-06-18,6602.990234375,0.8253968253968254,2606,0.045,in,6740.368032212133,0.020052102525484675,0.1177894458864278,0.011451847384699183,-0.04403439681155657
6500.0,520.42,2025-11-21 20:34:40,0,2026-06-18,6602.990234375,0.8253968253968254,2606,0.045,in,6740.368032212133,0.020052102525484675,0.13835344904488214,0.015799479315174118,-0.036312350717646324
6525.0,459.6,2025-11-21 15:42:28,0,2026-06-18,6602.990234375,0.8253968253968254,2606,0.045,in,6740.368032212133,0.020052102525484675,0.11697776414470294,0.011294562854337697,-0.03247357441048061
6550.0,483.2,2025-11-21 20:51:36,0,2026-06-18,6602.990234375,0.8253968253968254,2606,0.045,in,6740.368032212133,0.020052102525484675,0.13517173010758046,0.015081152765942568,-0.028649477972077144
6575.0,456.6,2025-11-21 16:40:15,0,2026-06-18,6602.990234375,0.8253968253968254,2606,0.045,in,6740.368032212133,0.020052102525484675,0.129823012144958,0.013911250048956754,-0.024839949555409534
6600.0,450.33,2025-11-21 20:51:36,0,2026-06-18,6602.990234375,0.8253968253968254,2606,0.045,in,6740.368032212133,0.020052102525484675,0.13358363088371183,0.014728864998157778,-0.021044878586857895
6650.0,420.81,2025-11-21 18:03:02,0,2026-06-18,6602.990234375,0.8253968253968254,2606,0.045,out,6740.368032212133,0.020052102525484675,0.13302451016999575,0.014605826284290472,-0.013497672951474932
6675.0,421.0,2025-11-21 19:49:29,0,2026-06-18,6602.990234375,0.8253968253968254,2606,0.045,out,6740.368032212133,0.020052102525484675,0.13904939357498103,0.015958827942629185,-0.009745323332924563
6700.0,408.7,2025-11-21 19:32:49,0,2026-06-18,6602.990234375,0.8253968253968254,2606,0.045,out,6740.368032212133,0.020052102525484675,0.1394760672208717,0.01605691766706124,-0.006007001222317387
6725.0,393.9,2025-11-21 19:35:39,0,2026-06-18,6602.990234375,0.8253968253968254,2606,0.045,out,6740.368032212133,0.020052102525484675,0.13870816944860237,0.01588059882750276,-0.0022826021313349333
6750.0,325.6,2025-11-21 15:42:44,0,2026-06-18,6602.990234375,0.8253968253968254,2606,0.045,out,6740.368032212133,0.020052102525484675,0.11507000253017181,0.01092916642982976,0.0014279772652006338
6775.0,346.74,2025-11-21 17:19:23,0,2026-06-18,6602.990234375,0.8253968253968254,2606,0.045,out,6740.368032212133,0.020052102525484675,0.1294147412993689,0.013823890695401492,0.005124839146526802
6800.0,333.5,2025-11-21 20:46:43,0,2026-06-18,6602.990234375,0.8253968253968254,2606,0.045,out,6740.368032212133,0.020052102525484675,0.12900313000400723,0.013736095121320653,0.008808084562823245
6825.0,292.42,2025-11-21 16:05:58,0,2026-06-18,6602.990234375,0.8253968253968254,2606,0.045,out,6740.368032212133,0.020052102525484675,0.11678570075336667,0.011257504679740559,0.012477813451785686
6850.0,308.88,2025-11-21 17:25:44,0,2026-06-18,6602.990234375,0.8253968253968254,2606,0.045,out,6740.368032212133,0.020052102525484675,0.12858891765365885,0.013648027089740502,0.016134124654896203
6875.0,258.4,2025-11-21 15:42:28,0,2026-06-18,6602.990234375,0.8253968253968254,2606,0.045,out,6740.368032212133,0.020052102525484675,0.11224073308021318,0.010398334483237306,0.0197771159333973
6900.0,283.0,2025-11-21 15:42:40,0,2026-06-18,6602.990234375,0.8253968253968254,2606,0.045,out,6740.368032212133,0.020052102525484675,0.127150554594573,0.013344407996076023,0.023406883983976032
6925.0,278.5,2025-11-21 19:35:18,0,2026-06-18,6602.990234375,0.8253968253968254,2606,0.045,out,6740.368032212133,0.020052102525484675,0.12977262599005415,0.013900453836990996,0.027023524454164553
6950.0,254.35,2025-11-21 16:59:16,0,2026-06-18,6602.990234375,0.8253968253968254,2606,0.045,out,6740.368032212133,0.020052102525484675,0.12405049304396587,0.012701639537642116,0.03062713195746293
6975.0,211.6,2025-11-21 15:42:29,0,2026-06-18,6602.990234375,0.8253968253968254,2606,0.045,out,6740.368032212133,0.020052102525484675,0.11034609890262807,0.010050247622817237,0.034217800088191516
7000.0,246.0,2025-11-21 19:40:20,0,2026-06-18,6602.990234375,0.8253968253968254,2606,0.045,out,6740.368032212133,0.020052102525484675,0.12896836728744956,0.013728693135890563,0.037795621436075524
7025.0,229.5,2025-11-21 19:33:02,0,2026-06-18,6602.990234375,0.8253968253968254,2606,0.045,out,6740.368032212133,0.020052102525484675,0.12605782385503697,0.01311603012164304,0.041360687600571704
7050.0,182.5,2025-11-21 15:42:33,0,2026-06-18,6602.990234375,0.8253968253968254,2606,0.045,out,6740.368032212133,0.020052102525484675,0.10994854618282579,0.009977960412718773,0.044913089204939555
7075.0,205.0,2025-11-21 19:49:29,0,2026-06-18,6602.990234375,0.8253968253968254,2606,0.045,out,6740.368032212133,0.020052102525484675,0.12340892516654933,0.01257059787555039,0.048452915910063614
7100.0,177.9,2025-11-21 20:55:44,0,2026-06-18,6602.990234375,0.8253968253968254,2606,0.045,out,6740.368032212133,0.020052102525484675,0.11542579321165652,0.010996855784191822,0.05198025642803206
7150.0,165.48,2025-11-21 20:48:21,0,2026-06-18,6602.990234375,0.8253968253968254,2606,0.045,out,6740.368032212133,0.020052102525484675,0.11709654541167075,0.011317511893048705,0.058997829086678444
5100.0,1723.24,2025-10-17 19:18:01,0,2026-05-15,6602.990234375,0.8293650793650794,2605,0.045,in,6726.747676944705,0.022610394316421936,0.21734407469438413,0.039177918183311226,-0.2768512296078808
5525.0,1320.38,2025-10-17 16:11:22,0,2026-05-15,6602.990234375,0.8293650793650794,2605,0.045,in,6726.747676944705,0.022610394316421936,0.17689783453987004,0.025953191935567877,-0.19680852193434423
5800.0,1062.2,2025-11-20 18:18:15,0,2026-06-18,6602.990234375,0.8293650793650794,2606,0.045,in,6740.368032212133,0.02017147045598475,0.1522324755155422,0.019220308967191835,-0.15025661006686405
6300.0,772.98,2025-11-20 15:37:47,0,2026-06-18,6602.990234375,0.8293650793650794,2606,0.045,in,6740.368032212133,0.02017147045598475,0.1990846001597471,0.03287161788230227,-0.06756489422175073
5350.0,1450.46,2025-09-18 18:17:10,0,2026-04-17,6602.990234375,0.8333333333333334,2604,0.045,in,6695.3538848617145,0.028330531697812293,0.10045425045162967,0.008409213694832284,-0.22431727492068843
5400.0,1416.06,2025-11-19 17:49:19,0,2026-06-18,6602.990234375,0.8333333333333334,2606,0.045,in,6740.368032212133,0.02028970154905149,0.1523586782121434,0.019344305688792886,-0.2217155740490091
7125.0,175.62,2025-11-19 18:26:51,0,2026-06-18,6602.990234375,0.8333333333333334,2606,0.045,out,6740.368032212133,0.02028970154905149,0.11711559121425717,0.011430051421220827,0.05549519853547656
6150.0,781.02,2025-11-18 16:19:40,0,2026-06-18,6602.990234375,0.8373015873015873,2606,0.045,in,6740.368032212133,0.020406811968250296,0.14769169097298604,0.018263921856742308,-0.09166244580081129
6175.0,749.84,2025-10-15 17:15:25,0,2026-05-15,6602.990234375,0.8373015873015873,2605,0.045,in,6726.747676944705,0.022822618066977177,0.14001725209699836,0.016415156018617524,-0.08558288682411992
6250.0,732.33,2025-10-15 18:43:40,0,2026-05-15,6602.990234375,0.8373015873015873,2605,0.045,in,6726.747676944705,0.022822618066977177,0.16045748039371804,0.02155767157149757,-0.07351030558985065
6350.0,654.59,2025-11-18 19:04:00,0,2026-06-18,6602.990234375,0.8373015873015873,2606,0.045,in,6740.368032212133,0.020406811968250296,0.154955568952999,0.020104639610137105,-0.05965971471463752
6625.0,396.5,2025-11-18 20:50:57,0,2026-06-18,6602.990234375,0.8373015873015873,2606,0.045,out,6740.368032212133,0.020406811968250296,0.11422156084906242,0.010923909552182422,-0.017264155746951823
5700.0,1182.1,2025-11-17 20:31:37,0,2026-06-18,6602.990234375,0.8412698412698413,2606,0.045,in,6740.368032212133,0.020522817572173644,0.181664920875996,0.02776370800436095,-0.16764835277873322
6250.0,789.18,2025-11-14 15:44:26,0,2026-06-18,6602.990234375,0.8531746031746031,2606,0.045,in,6740.368032212133,0.020864359652561917,0.18655666763555864,0.02969336865653223,-0.07553306387092766
5200.0,1707.21,2025-11-13 18:26:32,0,2026-06-18,6602.990234375,0.8571428571428571,2606,0.045,in,6740.368032212133,0.0209760987282445,0.27970641672058477,0.06705915390400236,-0.2594559020318561
5900.0,1103.83,2025-11-13 16:41:20,0,2026-06-18,6602.990234375,0.8571428571428571,2606,0.045,in,6740.368032212133,0.0209760987282445,0.22712325256566063,0.044215690162289885,-0.13316217670756395
6200.0,838.17,2025-11-13 20:04:00,0,2026-06-18,6602.990234375,0.8571428571428571,2606,0.045,in,6740.368032212133,0.0209760987282445,0.19397384912163235,0.032250732122624394,-0.08356523556819186
6475.0,495.3,2025-11-13 18:15:40,0,2026-06-18,6602.990234375,0.8571428571428571,2606,0.045,in,6740.368032212133,0.0209760987282445,0.11342782152785703,0.011027889168476046,-0.04016592003363633
5400.0,1497.0,2025-10-09 18:22:27,0,2026-05-15,6602.990234375,0.8611111111111112,2605,0.045,in,6726.747676944705,0.023435817567429424,0.23623671668004181,0.04805670487613213,-0.21969281576793206
6325.0,826.08,2025-11-12 18:13:48,0,2026-06-18,6602.990234375,0.8611111111111112,2606,0.045,in,6740.368032212133,0.02108680795069499,0.22484691870167955,0.043534451176078626,-0.06360449300565378
5625.0,1409.87,2025-11-11 18:12:24,0,2026-06-18,6602.990234375,0.8650793650793651,2606,0.045,in,6740.368032212133,0.021196501492205564,0.29154814526096356,0.07353202372664099,-0.18089357952875396
6075.0,1021.12,2025-11-11 18:12:24,0,2026-06-18,6602.990234375,0.8650793650793651,2606,0.045,in,6740.368032212133,0.021196501492205564,0.24386305938120342,0.05144557062422919,-0.10393253839262559
6375.0,737.53,2025-11-10 15:50:22,0,2026-06-18,6602.990234375,0.8690476190476191,2606,0.045,in,6740.368032212133,0.021305193266213756,0.1961019697344789,0.03342008005908573,-0.055730436574747924
6500.0,543.36,2025-11-21 20:05:58,0,2026-06-30,6602.990234375,0.873015873015873,2606,0.045,in,6740.368032212133,0.021412896933185512,0.14109332055805796,0.01737941080691174,-0.036312350717646324
6510.0,485.07,2025-11-21 16:19:38,0,2026-06-30,6602.990234375,0.873015873015873,2606,0.045,in,6740.368032212133,0.021412896933185512,0.11700409730065936,0.011951551320362207,-0.03477507139875991
6550.0,508.81,2025-11-21 20:04:34,0,2026-06-30,6602.990234375,0.873015873015873,2606,0.045,in,6740.368032212133,0.021412896933185512,0.1391174348386005,0.016896052971174195,-0.028649477972077144
6580.0,474.91,2025-11-21 21:03:54,0,2026-06-30,6602.990234375,0.873015873015873,2606,0.045,in,6740.368032212133,0.021412896933185512,0.13194893010875294,0.015199660454388114,-0.024079782282011852
6630.0,449.99,2025-11-21 17:17:56,0,2026-06-30,6602.990234375,0.873015873015873,2606,0.045,out,6740.368032212133,0.021412896933185512,0.133650939654187,0.015594310347215756,-0.01650972342146661
6650.0,395.2,2025-11-21 15:42:22,0,2026-06-30,6602.990234375,0.873015873015873,2606,0.045,out,6740.368032212133,0.021412896933185512,0.11491026256690422,0.011527623244059013,-0.013497672951474932
6700.0,365.6,2025-11-21 15:42:22,0,2026-06-30,6602.990234375,0.873015873015873,2606,0.045,out,6740.368032212133,0.021412896933185512,0.11425752267338997,0.011397031457306544,-0.006007001222317387
6750.0,338.6,2025-11-21 15:42:40,0,2026-06-30,6602.990234375,0.873015873015873,2606,0.045,out,6740.368032212133,0.021412896933185512,0.1141627451557166,0.011378131444157146,0.0014279772652006338
6900.0,258.2,2025-11-21 15:42:29,0,2026-06-30,6602.990234375,0.873015873015873,2606,0.045,out,6740.368032212133,0.021412896933185512,0.11091443670707596,0.010739851981787901,0.023406883983976032
6925.0,271.0,2025-11-21 21:02:56,0,2026-06-30,6602.990234375,0.873015873015873,2606,0.045,out,6740.368032212133,0.021412896933185512,0.12055448028366177,0.01268787380008744,0.027023524454164553
6980.0,256.16,2025-11-21 20:05:58,0,2026-06-30,6602.990234375,0.873015873015873,2606,0.045,out,6740.368032212133,0.021412896933185512,0.12386845426678364,0.013395026475148014,0.03493438915504339
7000.0,241.76,2025-11-21 17:15:02,0,2026-06-30,6602.990234375,0.873015873015873,2606,0.045,out,6740.368032212133,0.021412896933185512,0.12125717725157235,0.012836216935334254,0.037795621436075524
7040.0,216.99,2025-11-21 21:03:54,0,2026-06-30,6602.990234375,0.873015873015873,2606,0.045,out,6740.368032212133,0.021412896933185512,0.11740829596073338,0.012034268854320221,0.043493642550713335
7075.0,201.2,2025-11-21 21:03:45,0,2026-06-30,6602.990234375,0.873015873015873,2606,0.045,out,6740.368032212133,0.021412896933185512,0.11616956531824402,0.01178167039432757,0.048452915910063614
7100.0,197.26,2025-11-21 17:15:02,0,2026-06-30,6602.990234375,0.873015873015873,2606,0.045,out,6740.368032212133,0.021412896933185512,0.11819701589959918,0.012196498432005643,0.05198025642803206
7150.0,155.1,2025-11-21 15:43:20,0,2026-06-30,6602.990234375,0.873015873015873,2606,0.045,out,6740.368032212133,0.021412896933185512,0.10730324549656936,0.010051892971037093,0.058997829086678444
6200.0,757.0,2025-11-20 18:07:03,0,2026-06-30,6602.990234375,0.876984126984127,2606,0.045,in,6740.368032212133,0.02151962590633852,0.14690025178776667,0.018925040311679932,-0.08356523556819186
6575.0,487.15,2025-11-20 17:28:38,0,2026-06-30,6602.990234375,0.876984126984127,2606,0.045,in,6740.368032212133,0.02151962590633852,0.1354437270509258,0.016088276613632928,-0.024839949555409534
6620.0,468.46,2025-11-20 17:05:24,0,2026-06-30,6602.990234375,0.876984126984127,2606,0.045,out,6740.368032212133,0.02151962590633852,0.13858329041752077,0.016842768145362164,-0.01801915767032087
6625.0,465.16,2025-11-20 17:05:24,0,2026-06-30,6602.990234375,0.876984126984127,2606,0.045,out,6740.368032212133,0.02151962590633852,0.1383747873281045,0.01679212528075274,-0.017264155746951823
6640.0,445.82,2025-11-20 20:39:33,0,2026-06-30,6602.990234375,0.876984126984127,2606,0.045,out,6740.368032212133,0.02151962590633852,0.1336850270377798,0.015673185342675845,-0.015002564130895298
6725.0,464.4,2025-11-20 15:53:52,0,2026-06-30,6602.990234375,0.876984126984127,2606,0.045,out,6740.368032212133,0.02151962590633852,0.16050287261973073,0.022592139041031734,-0.0022826021313349333
6740.0,454.6,2025-11-20 15:53:52,0,2026-06-30,6602.990234375,0.876984126984127,2606,0.045,out,6740.368032212133,0.02151962590633852,0.1595697584398735,0.022330215181316143,-5.460269502212188e-05
6800.0,311.2,2025-11-20 20:39:33,0,2026-06-30,6602.990234375,0.876984126984127,2606,0.045,out,6740.368032212133,0.02151962590633852,0.11285914900561242,0.011170311272436098,0.008808084562823245
6820.0,397.9,2025-11-20 13:48:07,0,2026-06-30,6602.990234375,0.876984126984127,2606,0.045,out,6740.368032212133,0.02151962590633852,0.15227261970311917,0.02033458772693023,0.011744944236132895
6850.0,283.4,2025-11-20 15:30:51,0,2026-06-30,6602.990234375,0.876984126984127,2606,0.045,out,6740.368032212133,0.02151962590633852,0.1113870973955617,0.010880817016000178,0.016134124654896203
6860.0,379.19,2025-11-20 15:18:32,0,2026-06-30,6602.990234375,0.876984126984127,2606,0.045,out,6740.368032212133,0.02151962590633852,0.15222155989733702,0.020320952891924055,0.017592914118556104
6870.0,367.4,2025-11-20 13:48:07,0,2026-06-30,6602.990234375,0.876984126984127,2606,0.045,out,6740.368032212133,0.02151962590633852,0.149278872530329,0.01954287370733212,0.01904957861502019
6975.0,236.6,2025-11-20 19:47:50,0,2026-06-30,6602.990234375,0.876984126984127,2606,0.045,out,6740.368032212133,0.02151962590633852,0.11459908462054874,0.011517388862249046,0.034217800088191516
7010.0,289.57,2025-11-20 14:38:55,0,2026-06-30,6602.990234375,0.876984126984127,2606,0.045,out,6740.368032212133,0.02151962590633852,0.1418711944846407,0.017651441734977073,0.03922317342726091
7110.0,238.9,2025-11-20 14:38:55,0,2026-06-30,6602.990234375,0.876984126984127,2606,0.045,out,6740.368032212133,0.02151962590633852,0.13651903425422776,0.01634474493543353,0.053387716195911795
7125.0,192.0,2025-11-20 16:59:39,0,2026-06-30,6602.990234375,0.876984126984127,2606,0.045,out,6740.368032212133,0.02151962590633852,0.11912473618580782,0.012445021081213361,0.05549519853547656
6050.0,883.16,2025-11-07 17:12:33,0,2026-06-18,6602.990234375,0.8809523809523809,2606,0.045,in,6740.368032212133,0.021625393357210865,0.15512172045395248,0.021198135280809157,-0.10805625557648768
6175.0,796.46,2025-11-07 16:00:43,0,2026-06-18,6602.990234375,0.8809523809523809,2606,0.045,in,6740.368032212133,0.021625393357210865,0.15815702868344,0.02203583075507274,-0.08760564510519686
6375.0,656.14,2025-11-19 15:52:32,0,2026-06-30,6602.990234375,0.8809523809523809,2606,0.045,in,6740.368032212133,0.021625393357210865,0.15574597924952102,0.021369094569964584,-0.055730436574747924
6425.0,626.16,2025-11-07 19:25:03,0,2026-06-18,6602.990234375,0.8809523809523809,2606,0.045,in,6740.368032212133,0.021625393357210865,0.15654821145039302,0.021589801733517325,-0.04791789683795422
6470.0,583.18,2025-11-19 20:40:05,0,2026-06-30,6602.990234375,0.8809523809523809,2606,0.045,in,6740.368032212133,0.021625393357210865,0.14957295414781563,0.019708727111015917,-0.040938419106428564
6880.0,334.32,2025-11-19 15:12:14,0,2026-06-30,6602.990234375,0.8809523809523809,2606,0.045,out,6740.368032212133,0.021625393357210865,0.1371463998158057,0.016569952246432446,0.020504124326014474
6910.0,313.42,2025-11-19 14:59:56,0,2026-06-30,6602.990234375,0.8809523809523809,2606,0.045,out,6740.368032212133,0.021625393357210865,0.1340937784120326,0.015840529336337287,0.024855110160340827
6920.0,311.91,2025-11-19 15:12:37,0,2026-06-30,6602.990234375,0.8809523809523809,2606,0.045,out,6740.368032212133,0.021625393357210865,0.13524912117443438,0.016114667066735783,0.026301242010340464
6950.0,274.5,2025-11-19 19:55:58,0,2026-06-30,6602.990234375,0.8809523809523809,2606,0.045,out,6740.368032212133,0.021625393357210865,0.125305447360483,0.013832234288423775,0.03062713195746293
6960.0,276.47,2025-11-19 20:44:05,0,2026-06-30,6602.990234375,0.8809523809523809,2606,0.045,out,6740.368032212133,0.021625393357210865,0.1277968499087038,0.014387744983898745,0.03206494672709063
6970.0,264.62,2025-11-19 20:09:57,0,2026-06-30,6602.990234375,0.8809523809523809,2606,0.045,out,6740.368032212133,0.021625393357210865,0.12467238480976288,0.01369282216104007,0.033500697153194835
5200.0,1634.0,2025-11-18 19:39:35,0,2026-06-30,6602.990234375,0.8849206349206349,2606,0.045,in,6740.368032212133,0.021730212221079875,0.19282508633310436,0.03290268890483857,-0.2594559020318561
5200.0,1689.7,2025-10-03 13:45:39,0,2026-05-15,6602.990234375,0.8849206349206349,2605,0.045,in,6726.747676944705,0.024016019785346118,0.25549849205279695,0.05776715839444227,-0.25743314375077914
5300.0,1586.2,2025-11-06 16:56:48,0,2026-06-18,6602.990234375,0.8849206349206349,2606,0.045,in,6740.368032212133,0.021730212221079875,0.23577592924130247,0.049192993668812406,-0.24040770706116163
5425.0,1543.66,2025-11-06 14:31:29,0,2026-06-18,6602.990234375,0.8849206349206349,2606,0.045,in,6740.368032212133,0.021730212221079875,0.27911854769103495,0.06894165673543261,-0.21709662819271452
5925.0,1049.49,2025-10-03 17:03:05,0,2026-05-15,6602.990234375,0.8849206349206349,2605,0.045,in,6726.747676944705,0.024016019785346118,0.19929374240186457,0.035147274026192804,-0.12691108231696593
6300.0,695.26,2025-11-18 16:32:57,0,2026-06-30,6602.990234375,0.8849206349206349,2606,0.045,in,6740.368032212133,0.021730212221079875,0.14984834841144973,0.019870474751291854,-0.06756489422175073
6325.0,688.46,2025-11-18 14:41:04,0,2026-06-30,6602.990234375,0.8849206349206349,2606,0.045,in,6740.368032212133,0.021730212221079875,0.15486853871206432,0.021224170377248677,-0.06360449300565378
6890.0,287.66,2025-11-18 16:01:39,0,2026-06-30,6602.990234375,0.8849206349206349,2606,0.045,out,6740.368032212133,0.021730212221079875,0.1195880838627006,0.012655524150140339,0.02195655740632957
6990.0,265.78,2025-11-18 17:56:39,0,2026-06-30,6602.990234375,0.8849206349206349,2606,0.045,out,6740.368032212133,0.021730212221079875,0.1279522093688542,0.014487715229241093,0.03636602862648114
6000.0,1010.09,2025-11-17 14:37:44,0,2026-06-30,6602.990234375,0.8888888888888888,2606,0.045,in,6740.368032212133,0.021834095202235768,0.20644317513607072,0.03788336405356654,-0.11635505839118271
6560.0,466.1,2025-11-17 16:18:52,0,2026-06-30,6602.990234375,0.8888888888888888,2606,0.045,in,6740.368032212133,0.021834095202235768,0.12029165538901074,0.01286229542775868,-0.027123924663240057
6730.0,452.08,2025-11-17 15:26:07,0,2026-06-30,6602.990234375,0.8888888888888888,2606,0.045,out,6740.368032212133,0.021834095202235768,0.15463801729579274,0.02125592568282124,-0.0015393839626013173
6940.0,320.71,2025-11-17 15:59:25,0,2026-06-30,6602.990234375,0.8888888888888888,2606,0.045,out,6740.368032212133,0.021834095202235768,0.14122593865920113,0.017728680666819947,0.029187246899475335
5950.0,966.67,2025-09-30 18:26:08,0,2026-05-15,6602.990234375,0.8968253968253969,2605,0.045,in,6726.747676944705,0.024294568195275153,0.155753733779685,0.02175628961312196,-0.12270054978062238
6150.0,891.65,2025-11-14 20:34:50,0,2026-06-30,6602.990234375,0.9007936507936508,2606,0.045,in,6740.368032212133,0.022140252534364812,0.19541686004450118,0.03439928200813905,-0.09166244580081129
6225.0,838.41,2025-11-14 19:20:50,0,2026-06-30,6602.990234375,0.9007936507936508,2606,0.045,in,6740.368032212133,0.022140252534364812,0.1934406557060803,0.03370705639904609,-0.07954108526846639
6350.0,734.92,2025-11-14 20:34:50,0,2026-06-30,6602.990234375,0.9007936507936508,2606,0.045,in,6740.368032212133,0.022140252534364812,0.18188935602157086,0.029801620985336424,-0.05965971471463752
6475.0,507.3,2025-11-14 17:05:18,0,2026-06-30,6602.990234375,0.9007936507936508,2606,0.045,in,6740.368032212133,0.022140252534364812,0.11234368957884464,0.01136901087904219,-0.04016592003363633
6680.0,511.3,2025-11-14 17:37:15,0,2026-06-30,6602.990234375,0.9007936507936508,2606,0.045,out,6740.368032212133,0.022140252534364812,0.16665493775333035,0.025018524202411015,-0.008996540070683337
6825.0,411.5,2025-11-14 19:56:50,0,2026-06-30,6602.990234375,0.9007936507936508,2606,0.045,out,6740.368032212133,0.022140252534364812,0.15528834575638442,0.021722161763493047,0.012477813451785686
6175.0,907.36,2025-11-13 15:45:25,0,2026-06-30,6602.990234375,0.9047619047619048,2606,0.045,in,6740.368032212133,0.022240514584652687,0.21060250183259768,0.04012927913261128,-0.08760564510519686
6250.0,847.36,2025-11-13 15:45:25,0,2026-06-30,6602.990234375,0.9047619047619048,2606,0.045,in,6740.368032212133,0.022240514584652687,0.20463718508377046,0.03788815108862749,-0.07553306387092766
6590.0,575.02,2025-11-13 16:58:05,0,2026-06-30,6602.990234375,0.9047619047619048,2606,0.045,in,6740.368032212133,0.022240514584652687,0.17256756527463,0.02694341557673619,-0.02256117910482187
6600.0,426.0,2025-11-13 16:56:32,0,2026-06-30,6602.990234375,0.9047619047619048,2606,0.045,in,6740.368032212133,0.022240514584652687,0.11101373779635883,0.011150330933850261,-0.021044878586857895
7050.0,278.27,2025-11-13 19:50:01,0,2026-06-30,6602.990234375,0.9047619047619048,2606,0.045,out,6740.368032212133,0.022240514584652687,0.14003497525858594,0.017742194838942033,0.044913089204939555
5850.0,1234.43,2025-11-12 18:38:07,0,2026-06-30,6602.990234375,0.9087301587301587,2606,0.045,in,6740.368032212133,0.02233990098384634,0.267977332844806,0.06525759468398036,-0.14167286637547263
6450.0,737.39,2025-11-12 17:53:09,0,2026-06-30,6602.990234375,0.9087301587301587,2606,0.045,in,6740.368032212133,0.02233990098384634,0.2080855908049463,0.03934766428590227,-0.04403439681155657
5250.0,1762.84,2025-10-30 18:25:06,0,2026-06-18,6602.990234375,0.9126984126984127,2606,0.045,in,6740.368032212133,0.022438423153481792,0.33185498099529237,0.10051340291515376,-0.24988645101570534
5800.0,1273.17,2025-11-11 18:58:10,0,2026-06-30,6602.990234375,0.9126984126984127,2606,0.045,in,6740.368032212133,0.022438423153481792,0.26982405543989074,0.06644902700645526,-0.15025661006686405
7080.0,307.92,2025-11-11 18:01:14,0,2026-06-30,6602.990234375,0.9126984126984127,2606,0.045,out,6740.368032212133,0.022438423153481792,0.15548515419129477,0.022065062023789137,0.049159380086390564
5325.0,1634.99,2025-11-10 15:56:48,0,2026-06-30,6602.990234375,0.9166666666666666,2606,0.045,in,6740.368032212133,0.022536092317319532,0.2812183848219825,0.07249346496506093,-0.23570181602374896
6360.0,661.97,2025-11-07 16:12:57,0,2026-06-30,6602.990234375,0.9285714285714286,2606,0.045,in,6740.368032212133,0.022824091133764157,0.14560045876932898,0.019685244051421993,-0.05808615026720694
6400.0,636.28,2025-11-07 16:10:44,0,2026-06-30,6602.990234375,0.9285714285714286,2606,0.045,in,6740.368032212133,0.022824091133764157,0.14581739225012091,0.019743946748152365,-0.05181653725361157
6425.0,612.65,2025-11-07 16:41:32,0,2026-06-30,6602.990234375,0.9285714285714286,2606,0.045,in,6740.368032212133,0.022824091133764157,0.14229866202409755,0.018802558555716317,-0.04791789683795422
6570.0,456.8,2025-11-07 15:27:42,0,2026-06-30,6602.990234375,0.9285714285714286,2606,0.045,in,6740.368032212133,0.022824091133764157,0.11312298157004504,0.011882751176489839,-0.025600695122718623
6675.0,450.38,2025-11-07 15:46:57,0,2026-06-30,6602.990234375,0.9285714285714286,2606,0.045,out,6740.368032212133,0.022824091133764157,0.136276401411129,0.017244739182883797,-0.009745323332924563
6775.0,386.92,2025-11-07 15:48:37,0,2026-06-30,6602.990234375,0.9285714285714286,2606,0.045,out,6740.368032212133,0.022824091133764157,0.13178978713107592,0.016127937421193284,0.005124839146526802
7060.0,245.84,2025-11-07 15:27:42,0,2026-06-30,6602.990234375,0.9285714285714286,2606,0.045,out,6740.368032212133,0.022824091133764157,0.12570847156239892,0.01467386126380057,0.046330523885912946
5900.0,1105.22,2025-11-06 20:08:51,0,2026-06-30,6602.990234375,0.9325396825396826,2606,0.045,in,6740.368032212133,0.022918456703407714,0.21057755454565164,0.041351519930279045,-0.13316217670756395
6930.0,340.1,2025-11-06 18:36:55,0,2026-06-30,6602.990234375,0.9325396825396826,2606,0.045,out,6740.368032212133,0.022918456703407714,0.14149875190070008,0.01867121327588147,0.027745285582574098
7130.0,246.5,2025-11-06 15:16:05,0,2026-06-30,6602.990234375,0.9325396825396826,2606,0.045,out,6740.368032212133,0.022918456703407714,0.1357533654483152,0.01718575164356269,0.05619670680696679
6875.0,405.8,2025-11-05 14:55:03,0,2026-06-30,6602.990234375,0.9365079365079365,2606,0.045,out,6740.368032212133,0.02301202256483395,0.15717087518651146,0.02313425962550387,0.0197771159333973
5825.0,1067.03,2025-09-19 16:58:37,0,2026-05-15,6602.990234375,0.9404761904761905,2605,0.045,in,6726.747676944705,0.025255579798026093,0.1442123646244818,0.019559277175430653,-0.1439327698863965
5900.0,1039.26,2025-11-21 19:38:58,0,2026-07-17,6602.990234375,0.9404761904761905,2607,0.045,in,6724.655522673717,0.025586336237810325,0.16862411879427366,0.02674158787729143,-0.1308283498700234
6000.0,934.02,2025-11-21 20:25:02,0,2026-07-17,6602.990234375,0.9404761904761905,2607,0.045,in,6724.655522673717,0.025586336237810325,0.15022786483302653,0.021225053552510916,-0.11402123155364219
6225.0,714.69,2025-11-21 15:15:13,0,2026-07-17,6602.990234375,0.9404761904761905,2607,0.045,in,6724.655522673717,0.025586336237810325,0.12082415311214889,0.013729519071978237,-0.07720725843092588
6300.0,660.98,2025-11-21 14:43:51,0,2026-07-17,6602.990234375,0.9404761904761905,2607,0.045,in,6724.655522673717,0.025586336237810325,0.12190640340869414,0.013976577668707366,-0.06523106738421014
6375.0,592.96,2025-11-21 16:05:51,0,2026-07-17,6602.990234375,0.9404761904761905,2607,0.045,in,6724.655522673717,0.025586336237810325,0.11434226323472295,0.012295929759160183,-0.053396609737207265
6450.0,551.37,2025-11-21 16:12:38,0,2026-07-17,6602.990234375,0.9404761904761905,2607,0.045,in,6724.655522673717,0.025586336237810325,0.11930338624383789,0.013386077852029322,-0.04170056997401606
6525.0,517.44,2025-11-21 15:35:49,0,2026-07-17,6602.990234375,0.9404761904761905,2607,0.045,in,6724.655522673717,0.025586336237810325,0.12590492923578891,0.014908476729329193,-0.030139747572940037
6550.0,484.91,2025-11-21 15:03:28,0,2026-07-17,6602.990234375,0.9404761904761905,2607,0.045,in,6724.655522673717,0.025586336237810325,0.11837017416014403,0.013177480384827661,-0.026315651134536655
6600.0,454.79,2025-11-21 15:58:08,0,2026-07-17,6602.990234375,0.9404761904761905,2607,0.045,in,6724.655522673717,0.025586336237810325,0.11852921696848663,0.013212914842117188,-0.018711051749317358
6650.0,421.59,2025-11-21 15:59:45,0,2026-07-17,6602.990234375,0.9404761904761905,2607,0.045,out,6724.655522673717,0.025586336237810325,0.11688879425144322,0.01284971699408264,-0.011163846113934344
6800.0,368.38,2025-11-21 20:24:08,0,2026-07-17,6602.990234375,0.9404761904761905,2607,0.045,out,6724.655522673717,0.025586336237810325,0.12782401031472038,0.015366419421691445,0.011141911400363864
6850.0,310.34,2025-11-21 15:15:13,0,2026-07-17,6602.990234375,0.9404761904761905,2607,0.045,out,6724.655522673717,0.025586336237810325,0.11450461924739833,0.01233087283917073,0.01846795149243665
6900.0,312.64,2025-11-21 20:24:08,0,2026-07-17,6602.990234375,0.9404761904761905,2607,0.045,out,6724.655522673717,0.025586336237810325,0.12451141638680094,0.01458028966715641,0.025740710821516525
6975.0,246.23,2025-11-21 16:12:38,0,2026-07-17,6602.990234375,0.9404761904761905,2607,0.045,out,6724.655522673717,0.025586336237810325,0.1112343681204174,0.011636591517151594,0.03655162692573219
7000.0,262.79,2025-11-21 20:25:02,0,2026-07-17,6602.990234375,0.9404761904761905,2607,0.045,out,6724.655522673717,0.025586336237810325,0.12175277101770632,0.01394137193796086,0.04012944827361611
7025.0,238.88,2025-11-21 18:11:10,0,2026-07-17,6602.990234375,0.9404761904761905,2607,0.045,out,6724.655522673717,0.025586336237810325,0.11626810074717439,0.012713612248298244,0.04369451443811221
7050.0,209.1,2025-11-21 15:42:28,0,2026-07-17,6602.990234375,0.9404761904761905,2607,0.045,out,6724.655522673717,0.025586336237810325,0.10828903203687644,0.011028507646419147,0.047246916042480186
7075.0,231.0,2025-11-21 20:05:51,0,2026-07-17,6602.990234375,0.9404761904761905,2607,0.045,out,6724.655522673717,0.025586336237810325,0.1206933115569595,0.013699799534669503,0.05078674274760416
7100.0,190.5,2025-11-21 15:42:51,0,2026-07-17,6602.990234375,0.9404761904761905,2607,0.045,out,6724.655522673717,0.025586336237810325,0.10812272517715736,0.010994659193798485,0.05431408326557252
7150.0,171.3,2025-11-21 15:43:22,0,2026-07-17,6602.990234375,0.9404761904761905,2607,0.045,out,6724.655522673717,0.025586336237810325,0.10720823215553874,0.010809461884658991,0.061331655924219165
6125.0,859.98,2025-10-22 17:18:02,0,2026-06-18,6602.990234375,0.9444444444444444,2606,0.045,in,6740.368032212133,0.023196795484457196,0.16100127563852562,0.024481332381830697,-0.095735771188447
6175.0,746.4,2025-11-20 20:48:01,0,2026-07-17,6602.990234375,0.9444444444444444,2607,0.045,in,6724.655522673717,0.025667906253617846,0.11570710448340253,0.012644348804158973,-0.08527181826765629
6500.0,514.25,2025-11-20 21:09:28,0,2026-07-17,6602.990234375,0.9444444444444444,2607,0.045,in,6724.655522673717,0.025667906253617846,0.1167074572750253,0.012863928884512862,-0.03397852388010577
6700.0,503.2,2025-11-20 15:18:16,0,2026-07-17,6602.990234375,0.9444444444444444,2607,0.045,out,6724.655522673717,0.025667906253617846,0.16092300387871772,0.024457534667497033,-0.003673174384776752
6725.0,390.9,2025-11-20 19:41:41,0,2026-07-17,6602.990234375,0.9444444444444444,2607,0.045,out,6724.655522673717,0.025667906253617846,0.12086631755676919,0.013797074124193006,5.1224706205614315e-05
6750.0,363.61,2025-11-20 20:24:28,0,2026-07-17,6602.990234375,0.9444444444444444,2607,0.045,out,6724.655522673717,0.025667906253617846,0.11522005539836157,0.01253812443455698,0.0037618041027412054
6775.0,362.3,2025-11-20 20:24:44,0,2026-07-17,6602.990234375,0.9444444444444444,2607,0.045,out,6724.655522673717,0.025667906253617846,0.11989566400498099,0.013576360789017776,0.007458665984067507
6825.0,320.05,2025-11-20 20:48:01,0,2026-07-17,6602.990234375,0.9444444444444444,2607,0.045,out,6724.655522673717,0.025667906253617846,0.11308911730438494,0.01207864020531355,0.014811640289326218
6875.0,307.8,2025-11-20 20:24:42,0,2026-07-17,6602.990234375,0.9444444444444444,2607,0.045,out,6724.655522673717,0.025667906253617846,0.1176582341799016,0.013074378955314088,0.022110942770937878
6925.0,284.5,2025-11-20 20:20:20,0,2026-07-17,6602.990234375,0.9444444444444444,2607,0.045,out,6724.655522673717,0.025667906253617846,0.11739177331068579,0.01301522686097036,0.029357351291704966
6950.0,269.5,2025-11-20 19:41:53,0,2026-07-17,6602.990234375,0.9444444444444444,2607,0.045,out,6724.655522673717,0.025667906253617846,0.11577332025948335,0.012658824923687959,0.032960958795003686
7125.0,192.4,2025-11-20 20:16:09,0,2026-07-17,6602.990234375,0.9444444444444444,2607,0.045,out,6724.655522673717,0.025667906253617846,0.11197813652180366,0.011842486222290382,0.05782902537301716
5500.0,1382.83,2025-11-18 18:10:34,0,2026-07-17,6602.990234375,0.9523809523809523,2607,0.045,in,6724.655522673717,0.025829007034837696,0.18047852426661914,0.031021426401387272,-0.20103260854327196
6075.0,880.12,2025-11-18 17:39:31,0,2026-07-17,6602.990234375,0.9523809523809523,2607,0.045,in,6724.655522673717,0.025829007034837696,0.1498707698467841,0.021391664432826408,-0.101598711555085
7025.0,367.5,2025-10-29 19:20:43,0,2026-06-30,6602.990234375,0.9642857142857143,2606,0.045,out,6740.368032212133,0.02364542109177289,0.16352750451204778,0.025786200277225745,0.041360687600571704
5400.0,1669.6,2025-10-28 16:58:11,0,2026-06-30,6602.990234375,0.9682539682539683,2606,0.045,in,6740.368032212133,0.023732939857790215,0.32465339015775757,0.1020537975904196,-0.2217155740490091
5700.0,1391.06,2025-10-28 14:28:00,0,2026-06-30,6602.990234375,0.9682539682539683,2606,0.045,in,6740.368032212133,0.023732939857790215,0.2836652365192475,0.07791149128540888,-0.16764835277873322
5950.0,982.2,2025-10-16 16:35:48,0,2026-06-18,6602.990234375,0.9682539682539683,2606,0.045,in,6740.368032212133,0.023732939857790215,0.15023216968560885,0.02185320624309809,-0.12472330806169937
6100.0,1070.77,2025-10-28 18:19:34,0,2026-06-30,6602.990234375,0.9682539682539683,2606,0.045,in,6740.368032212133,0.023732939857790215,0.2529636262815286,0.06195914872240559,-0.09982575643997216
6125.0,1049.92,2025-10-28 18:19:34,0,2026-06-30,6602.990234375,0.9682539682539683,2606,0.045,in,6740.368032212133,0.023732939857790215,0.25041272874654014,0.060715851076437864,-0.095735771188447
6150.0,846.51,2025-11-14 14:33:51,0,2026-07-17,6602.990234375,0.9682539682539683,2607,0.045,in,6724.655522673717,0.026143285608037078,0.158852477305977,0.024433026703507974,-0.08932861896327061
6275.0,763.53,2025-10-16 14:30:46,0,2026-06-18,6602.990234375,0.9682539682539683,2606,0.045,in,6740.368032212133,0.023732939857790215,0.1605452255208448,0.024956522788728154,-0.07154104260139017
6350.0,763.77,2025-11-14 18:55:03,0,2026-07-17,6602.990234375,0.9682539682539683,2607,0.045,in,6724.655522673717,0.026143285608037078,0.18302848324751844,0.032435951848779614,-0.05732588787709688
6610.0,661.91,2025-10-28 18:29:11,0,2026-06-30,6602.990234375,0.9682539682539683,2606,0.045,out,6740.368032212133,0.023732939857790215,0.20241503867253327,0.03967115429728558,-0.019530873755642872
6770.0,537.3,2025-10-28 17:43:31,0,2026-06-30,6602.990234375,0.9682539682539683,2606,0.045,out,6740.368032212133,0.023732939857790215,0.18482604060368232,0.03307619972062342,0.004386559304945957
6840.0,475.8,2025-10-28 13:47:34,0,2026-06-30,6602.990234375,0.9682539682539683,2606,0.045,out,6740.368032212133,0.023732939857790215,0.17375026487743223,0.029230768686407133,0.01467320401522141
5675.0,1241.95,2025-10-15 19:01:12,0,2026-06-18,6602.990234375,0.9722222222222222,2606,0.045,in,6740.368032212133,0.023819744184901275,0.1786342432555277,0.031023798617267406,-0.17204396425177135
6200.0,871.17,2025-11-13 20:04:00,0,2026-07-17,6602.990234375,0.9722222222222222,2607,0.045,in,6724.655522673717,0.026220251789228762,0.1878442555793816,0.034305312566556154,-0.08123140873065125
6400.0,725.23,2025-11-13 21:04:28,0,2026-07-17,6602.990234375,0.9722222222222222,2607,0.045,in,6724.655522673717,0.026220251789228762,0.17879749479160154,0.03108052902864853,-0.049482710416070996
6520.0,704.52,2025-10-27 19:58:38,0,2026-06-30,6602.990234375,0.9722222222222222,2606,0.045,in,6740.368032212133,0.023819744184901275,0.19943873440264204,0.03867092520290182,-0.03324015168067612
6625.0,555.9,2025-11-13 20:03:51,0,2026-07-17,6602.990234375,0.9722222222222222,2607,0.045,out,6724.655522673717,0.026220251789228762,0.16200592869848124,0.02551686757419468,-0.014930328909411261
6690.0,568.96,2025-10-27 19:09:31,0,2026-06-30,6602.990234375,0.9722222222222222,2606,0.045,out,6740.368032212133,0.023819744184901275,0.18103027271266053,0.031861627426241906,-0.007500653479100647
6675.0,566.07,2025-11-13 14:39:02,0,2026-07-17,6602.990234375,0.9722222222222222,2607,0.045,out,6724.655522673717,0.026220251789228762,0.1768015014726094,0.030390471730664403,-0.007411496495383951
6710.0,553.66,2025-10-27 19:21:02,0,2026-06-30,6602.990234375,0.9722222222222222,2606,0.045,out,6740.368032212133,0.023819744184901275,0.17898236296348433,0.031144833856103768,-0.004515576635647372
6720.0,547.28,2025-10-27 19:09:21,0,2026-06-30,6602.990234375,0.9722222222222222,2606,0.045,out,6740.368032212133,0.023819744184901275,0.178448444346413,0.030959295976053333,-0.003026373084179544
6760.0,519.18,2025-10-27 19:09:37,0,2026-06-30,6602.990234375,0.9722222222222222,2606,0.045,out,6740.368032212133,0.023819744184901275,0.1751920799060414,0.029839701948976886,0.002908362435635089
6810.0,474.49,2025-10-27 14:45:01,0,2026-06-30,6602.990234375,0.9722222222222222,2606,0.045,out,6740.368032212133,0.023819744184901275,0.16716613136698724,0.027168278935199144,0.010277592542183194
6225.0,760.6,2025-10-14 15:48:49,0,2026-06-18,6602.990234375,0.9761904761904762,2606,0.045,in,6740.368032212133,0.02390584278577566,0.14010877624097703,0.01916307705641693,-0.07954108526846639
6325.0,849.58,2025-11-12 16:05:08,0,2026-07-17,6602.990234375,0.9761904761904762,2607,0.045,in,6724.655522673717,0.026296592229109947,0.21297301908422533,0.044277566218377196,-0.06127066616811328
6475.0,740.39,2025-11-12 15:34:03,0,2026-07-17,6602.990234375,0.9761904761904762,2607,0.045,in,6724.655522673717,0.026296592229109947,0.2032970664914742,0.040345656833466526,-0.037832093196095685
5300.0,1732.74,2025-11-11 19:18:01,0,2026-07-17,6602.990234375,0.9801587301587301,2607,0.045,in,6724.655522673717,0.026372314527777517,0.3167261259313303,0.09832505315605088,-0.238073880223621
5600.0,1465.01,2025-11-11 19:18:01,0,2026-07-17,6602.990234375,0.9801587301587301,2607,0.045,in,6724.655522673717,0.026372314527777517,0.2837455229408124,0.07891407095980917,-0.18301410304059368
6025.0,1097.02,2025-11-11 18:25:22,0,2026-07-17,6602.990234375,0.9801587301587301,2607,0.045,in,6724.655522673717,0.026372314527777517,0.24046521905519025,0.056676229480513395,-0.10986322140497845
6050.0,1052.6,2025-11-11 13:21:27,0,2026-07-17,6602.990234375,0.9801587301587301,2607,0.045,in,6724.655522673717,0.026372314527777517,0.22671191430626889,0.0503784847057064,-0.10572242873894712
6250.0,917.75,2025-11-11 21:09:57,0,2026-07-17,6602.990234375,0.9801587301587301,2607,0.045,in,6724.655522673717,0.026372314527777517,0.22251823103028334,0.04853193530075039,-0.073199237033387
6275.0,679.68,2025-11-10 19:26:31,0,2026-07-17,6602.990234375,0.9841269841269841,2607,0.045,in,6724.655522673717,0.026447426162746156,0.11429606665937156,0.012856232268822498,-0.06920721576384961
5575.0,1365.53,2025-11-07 20:19:26,0,2026-07-17,6602.990234375,0.996031746031746,2607,0.045,in,6724.655522673717,0.02666917007315158,0.20570057260139887,0.042144817927398354,-0.1874883834355147
6420.0,681.94,2025-10-21 17:30:49,0,2026-06-30,6602.990234375,0.996031746031746,2606,0.045,in,6740.368032212133,0.02432604512072037,0.1612653661640202,0.02590331785447577,-0.04869640991736789
6575.0,540.07,2025-11-07 17:26:55,0,2026-07-17,6602.990234375,0.996031746031746,2607,0.045,in,6724.655522673717,0.02666917007315158,0.14047980107498442,0.019656262706455818,-0.022506122717868907
5850.0,1158.33,2025-10-08 16:22:11,0,2026-06-18,6602.990234375,1.0,2606,0.045,in,6740.368032212133,0.024408084624209573,0.20574435568790547,0.04233073989743136,-0.14167286637547263
5600.0,1328.61,2025-10-16 14:34:06,0,2026-06-30,6602.990234375,1.0158730158730158,2606,0.045,in,6740.368032212133,0.024729833301956296,0.1879639233074014,0.03589123704392195,-0.18534792987813425
5975.0,1046.63,2025-10-03 16:44:36,0,2026-06-18,6602.990234375,1.0198412698412698,2606,0.045,in,6740.368032212133,0.024808705545917558,0.18956332677793133,0.03664723610632147,-0.12053042980166337
5875.0,1062.4,2025-09-29 13:40:09,0,2026-06-18,6602.990234375,1.0357142857142858,2606,0.045,in,6740.368032212133,0.025118150671650623,0.14961223111142674,0.02318324183021536,-0.13740846758901507
6525.0,626.27,2025-10-10 14:08:57,0,2026-06-30,6602.990234375,1.0396825396825398,2606,0.045,in,6740.368032212133,0.025194035592751195,0.15773820851872652,0.02586869728489952,-0.03247357441048061
6830.0,381.63,2025-10-10 15:06:21,0,2026-06-30,6602.990234375,1.0396825396825398,2606,0.045,out,6740.368032212133,0.025194035592751195,0.1264949373244931,0.016635928262724562,0.013210145963461045
6025.0,914.11,2025-09-26 16:47:28,0,2026-06-18,6602.990234375,1.0476190476190477,2606,0.045,in,6740.368032212133,0.025344080777654595,0.12711866824549778,0.016928639426818874,-0.11219704824251898
6780.0,451.8,2025-10-08 18:19:58,0,2026-06-30,6602.990234375,1.0476190476190477,2606,0.045,out,6740.368032212133,0.025344080777654595,0.14267151011470242,0.021324453122143427,0.0058625743330664995
6425.0,687.43,2025-10-22 15:00:24,0,2026-07-17,6602.990234375,1.0595238095238095,2607,0.045,in,6724.655522673717,0.027767646772887816,0.15517350744709732,0.025512080354710226,-0.045584070000413625
5275.0,1593.34,2025-09-22 14:43:04,0,2026-06-18,6602.990234375,1.0634920634920635,2606,0.045,in,6740.368032212133,0.025637452706346316,0.15886405337812648,0.02684018665926652,-0.2451358482571075
5575.0,1328.24,2025-09-22 14:42:33,0,2026-06-18,6602.990234375,1.0634920634920635,2606,0.045,in,6740.368032212133,0.025637452706346316,0.15680719945278812,0.02614967226373292,-0.18982221027305526
5650.0,1262.96,2025-09-22 14:43:04,0,2026-06-18,6602.990234375,1.0634920634920635,2606,0.045,in,6740.368032212133,0.025637452706346316,0.15522162580835103,0.025623515221355222,-0.17645898246088818
6100.0,948.11,2025-10-21 13:50:49,0,2026-07-17,6602.990234375,1.0634920634920635,2607,0.045,in,6724.655522673717,0.027831946598362117,0.17590362132942283,0.03290666075850688,-0.09749192960243165
6125.0,912.11,2025-10-20 13:45:25,0,2026-07-17,6602.990234375,1.0674603174603174,2607,0.045,in,6724.655522673717,0.027895768358219504,0.16582821756945063,0.029354088859794535,-0.09340194435090649
6275.0,782.0,2025-10-02 16:26:59,0,2026-06-30,6602.990234375,1.0714285714285714,2606,0.045,in,6740.368032212133,0.025780878982595602,0.1521006855984751,0.024787091313778035,-0.07154104260139017
5900.0,1074.41,2025-11-21 19:38:58,0,2026-08-21,6602.990234375,1.0793650793650793,2608,0.045,in,6872.296063235149,0.007963732274027684,0.16157615027945785,0.0281788247469974,-0.15254591538520385
6000.0,995.38,2025-11-21 16:15:53,0,2026-08-21,6602.990234375,1.0793650793650793,2608,0.045,in,6872.296063235149,0.007963732274027684,0.15971065044683166,0.027531895982511163,-0.13573879706882266
6300.0,699.0,2025-11-21 06:00:24,0,2026-08-21,6602.990234375,1.0793650793650793,2608,0.045,in,6872.296063235149,0.007963732274027684,0.11864385366911288,0.015193535760557701,-0.08694863289939063
6375.0,712.15,2025-11-21 19:26:05,0,2026-08-21,6602.990234375,1.0793650793650793,2608,0.045,in,6872.296063235149,0.007963732274027684,0.14915717149669694,0.024013565127061338,-0.07511417525238782
6425.0,609.7,2025-11-21 15:14:04,0,2026-08-21,6602.990234375,1.0793650793650793,2608,0.045,in,6872.296063235149,0.007963732274027684,0.11791161703071726,0.015006573988798415,-0.06730163551559407
6525.0,544.06,2025-11-21 15:14:33,0,2026-08-21,6602.990234375,1.0793650793650793,2608,0.045,in,6872.296063235149,0.007963732274027684,0.11793415362972332,0.015012310988578163,-0.05185731308812049
6650.0,510.0,2025-11-21 20:12:36,0,2026-08-21,6602.990234375,1.0793650793650793,2608,0.045,out,6872.296063235149,0.007963732274027684,0.13442693844864928,0.01950477652517511,-0.032881411629114864
6700.0,433.29,2025-11-21 15:14:04,0,2026-08-21,6602.990234375,1.0793650793650793,2608,0.045,out,6872.296063235149,0.007963732274027684,0.11549299118793184,0.01439725252254647,-0.025390739899957278
6725.0,475.27,2025-11-21 19:26:05,0,2026-08-21,6602.990234375,1.0793650793650793,2608,0.045,out,6872.296063235149,0.007963732274027684,0.13681985864263002,0.02020536210938523,-0.02166634080897486
6775.0,387.22,2025-11-21 15:20:08,0,2026-08-21,6602.990234375,1.0793650793650793,2608,0.045,out,6872.296063235149,0.007963732274027684,0.11348007383399498,0.013899768995255378,-0.014258899531112968
6850.0,349.57,2025-11-21 15:12:29,0,2026-08-21,6602.990234375,1.0793650793650793,2608,0.045,out,6872.296063235149,0.007963732274027684,0.11369462969095492,0.013952379044417604,-0.003249614022743668
6900.0,321.55,2025-11-21 15:14:04,0,2026-08-21,6602.990234375,1.0793650793650793,2608,0.045,out,6872.296063235149,0.007963732274027684,0.11222323245601507,0.013593581990406696,0.004023145306336092
6925.0,357.42,2025-11-21 19:26:05,0,2026-08-21,6602.990234375,1.0793650793650793,2608,0.045,out,6872.296063235149,0.007963732274027684,0.12960397564533585,0.01813030086046386,0.007639785776524693
7000.0,296.73,2025-11-21 20:44:47,0,2026-08-21,6602.990234375,1.0793650793650793,2608,0.045,out,6872.296063235149,0.007963732274027684,0.11943755225384273,0.015397497847785395,0.018411882758435666
7050.0,267.49,2025-11-21 20:54:49,0,2026-08-21,6602.990234375,1.0793650793650793,2608,0.045,out,6872.296063235149,0.007963732274027684,0.11627221391591129,0.014592182310566753,0.02552935052729963
7100.0,267.67,2025-11-21 19:22:24,0,2026-08-21,6602.990234375,1.0793650793650793,2608,0.045,out,6872.296063235149,0.007963732274027684,0.12351948933177968,0.016467942359449,0.032596517750392066
7150.0,206.49,2025-11-21 15:14:04,0,2026-08-21,6602.990234375,1.0793650793650793,2608,0.045,out,6872.296063235149,0.007963732274027684,0.10764577780314587,0.012507265342244587,0.039614090409038606
6175.0,862.5,2025-11-20 16:54:11,0,2026-08-21,6602.990234375,1.0833333333333333,2608,0.045,in,6872.296063235149,0.008099396258371902,0.15577004324870128,0.02628633190484412,-0.1069893837828367
6475.0,627.9,2025-11-20 17:06:06,0,2026-08-21,6602.990234375,1.0833333333333333,2608,0.045,in,6872.296063235149,0.008099396258371902,0.13960808254396806,0.021114618104237013,-0.059549658711276134
6500.0,597.9,2025-11-20 17:49:20,0,2026-08-21,6602.990234375,1.0833333333333333,2608,0.045,in,6872.296063235149,0.008099396258371902,0.13352537918933127,0.019314779128292592,-0.05569608939528616
6600.0,623.44,2025-11-20 15:45:51,0,2026-08-21,6602.990234375,1.0833333333333333,2608,0.045,in,6872.296063235149,0.008099396258371902,0.1673482042691717,0.03033920659479279,-0.04042861726449776
6800.0,488.44,2025-11-20 15:45:51,0,2026-08-21,6602.990234375,1.0833333333333333,2608,0.045,out,6872.296063235149,0.008099396258371902,0.155636067962412,0.026241134455033902,-0.01057565411481656
6875.0,333.31,2025-11-20 20:56:52,0,2026-08-21,6602.990234375,1.0833333333333333,2608,0.045,out,6872.296063235149,0.008099396258371902,0.11175833525263837,0.013530752623311203,0.00039337725575728117
6975.0,285.87,2025-11-20 20:55:13,0,2026-08-21,6602.990234375,1.0833333333333333,2608,0.045,out,6872.296063235149,0.008099396258371902,0.11115521432272513,0.013385105143725203,0.014834061410551805
6825.0,403.3,2025-11-19 17:42:51,0,2026-08-21,6602.990234375,1.0873015873015872,2608,0.045,out,6872.296063235149,0.008234069994655216,0.1281246290592251,0.017849056494478346,-0.0069059252258541525
7075.0,238.23,2025-11-19 14:57:07,0,2026-08-21,6602.990234375,1.0873015873015872,2608,0.045,out,6872.296063235149,0.008234069994655216,0.10838385695029895,0.012772597470610575,0.02906917723242377
6400.0,664.02,2025-11-18 16:35:27,0,2026-08-21,6602.990234375,1.0912698412698412,2608,0.045,in,6872.296063235149,0.008367764285583744,0.1332436779732382,0.019374271321249602,-0.0712002759312515
6450.0,646.1,2025-11-18 17:03:52,0,2026-08-21,6602.990234375,1.0912698412698412,2608,0.045,in,6872.296063235149,0.008367764285583744,0.1395449049715061,0.021250058089144177,-0.06341813548919645
6950.0,344.4,2025-11-18 18:29:52,0,2026-08-21,6602.990234375,1.0912698412698412,2608,0.045,out,6872.296063235149,0.008367764285583744,0.1276345858971005,0.017777426854004717,0.011243393279823141
7125.0,216.85,2025-11-18 17:10:49,0,2026-08-21,6602.990234375,1.0912698412698412,2608,0.045,out,6872.296063235149,0.008367764285583744,0.10706834578812333,0.012509914421414345,0.036111459857836654
6025.0,925.16,2025-09-26 16:47:28,0,2026-06-30,6602.990234375,1.0952380952380953,2606,0.045,in,6740.368032212133,0.02619868596123483,0.1247936010748782,0.017056627904401163,-0.11219704824251898
6225.0,884.94,2025-11-17 17:37:46,0,2026-08-21,6602.990234375,1.0952380952380953,2608,0.045,in,6872.296063235149,0.008500489777302653,0.18044160516737656,0.03566004648255842,-0.0989248239461063
6350.0,776.79,2025-11-17 17:52:19,0,2026-08-21,6602.990234375,1.0952380952380953,2608,0.045,in,6872.296063235149,0.008500489777302653,0.16800668688310694,0.03091446082195628,-0.07904345339227738
6625.0,479.37,2025-11-17 19:37:52,0,2026-08-21,6602.990234375,1.0952380952380953,2608,0.045,out,6872.296063235149,0.008500489777302653,0.11462770644509375,0.014390893092944739,-0.03664789442459172
7025.0,336.21,2025-11-17 16:04:29,0,2026-08-21,6602.990234375,1.0952380952380953,2608,0.045,out,6872.296063235149,0.008500489777302653,0.13593113415116317,0.020237013539395,0.021976948922931925
5525.0,1351.31,2025-09-24 19:33:59,0,2026-06-30,6602.990234375,1.1031746031746033,2606,0.045,in,6740.368032212133,0.026333947213312277,0.10862222139088497,0.013016122144482297,-0.19883128021542126
5975.0,976.96,2025-10-10 17:44:08,0,2026-07-17,6602.990234375,1.1071428571428572,2607,0.045,in,6724.655522673717,0.028508823255774363,0.13040673589887058,0.01882797927863326,-0.11819660296412277
6550.0,649.47,2025-11-14 15:51:55,0,2026-08-21,6602.990234375,1.1071428571428572,2608,0.045,in,6872.296063235149,0.008892957629159606,0.16323137324160797,0.029499247054306253,-0.048033216649717055
6575.0,630.8,2025-11-14 15:54:44,0,2026-08-21,6602.990234375,1.1071428571428572,2608,0.045,in,6872.296063235149,0.008892957629159606,0.16146274276657954,0.028863454869746633,-0.04422368823304936
6675.0,537.45,2025-11-14 15:01:09,0,2026-08-21,6602.990234375,1.1071428571428572,2608,0.045,out,6872.296063235149,0.008892957629159606,0.14677453493705256,0.02385091740305821,-0.029129062010564418
6200.0,990.19,2025-11-12 17:33:51,0,2026-08-21,6602.990234375,1.1150793650793651,2608,0.045,in,6872.296063235149,0.009149947254574846,0.21663630796613148,0.0523321129766041,-0.10294897424583173
6750.0,403.95,2025-11-12 18:56:27,0,2026-08-21,6602.990234375,1.1150793650793651,2608,0.045,out,6872.296063235149,0.009149947254574846,0.1107178097982028,0.013669126139799977,-0.0179557614124391
6025.0,1099.53,2025-11-10 15:25:40,0,2026-08-21,6602.990234375,1.123015873015873,2608,0.045,in,6872.296063235149,0.009403304517793393,0.21411478489016483,0.05148482116556715,-0.13158078692015898
6150.0,1008.73,2025-11-10 18:42:56,0,2026-08-21,6602.990234375,1.123015873015873,2608,0.045,in,6872.296063235149,0.009403304517793393,0.20967858255185562,0.04937351412146968,-0.11104618447845108
6250.0,823.34,2025-11-07 19:00:56,0,2026-08-21,6602.990234375,1.1349206349206349,2608,0.045,in,6872.296063235149,0.009776696428445912,0.15345458783373989,0.026725463534864186,-0.09491680254856749
6325.0,681.46,2025-11-07 15:00:27,0,2026-08-21,6602.990234375,1.1349206349206349,2608,0.045,in,6872.296063235149,0.009776696428445912,0.1101804857683664,0.013777640797729416,-0.08298823168329371
6125.0,1041.76,2025-10-31 17:19:39,0,2026-08-21,6602.990234375,1.1626984126984128,2608,0.045,in,6872.296063235149,0.010618208800462561,0.21051783220889372,0.05152818650648435,-0.11511950986608689
6000.0,1002.32,2025-11-21 20:09:52,0,2026-09-18,6602.990234375,1.1904761904761905,2609,0.045,in,6832.26218605273,0.016328095464471427,0.14308513952228244,0.02437304422870361,-0.12989636270054525
6200.0,840.0,2025-11-21 16:58:00,0,2026-09-18,6602.990234375,1.1904761904761905,2609,0.045,in,6832.26218605273,0.016328095464471427,0.13589491224001432,0.02198503234847761,-0.09710653987755434
6250.0,813.86,2025-11-21 20:09:52,0,2026-09-18,6602.990234375,1.1904761904761905,2609,0.045,in,6832.26218605273,0.016328095464471427,0.14045648394868426,0.02348574271812738,-0.0890743681802901
6400.0,719.31,2025-11-21 18:50:06,0,2026-09-18,6602.990234375,1.1904761904761905,2609,0.045,in,6832.26218605273,0.016328095464471427,0.14315844731351995,0.024398025044306985,-0.06535784156297414
6500.0,620.38,2025-11-21 16:53:11,0,2026-09-18,6602.990234375,1.1904761904761905,2609,0.045,in,6832.26218605273,0.016328095464471427,0.12853324654162948,0.01966761365063251,-0.04985365502700881
6575.0,586.99,2025-11-21 19:56:17,0,2026-09-18,6602.990234375,1.1904761904761905,2609,0.045,in,6832.26218605273,0.016328095464471427,0.13350258182102095,0.02121778494390285,-0.03838125386477208
6600.0,567.04,2025-11-21 17:33:45,0,2026-09-18,6602.990234375,1.1904761904761905,2609,0.045,in,6832.26218605273,0.016328095464471427,0.13150103729369086,0.020586336677757944,-0.03458618289622042
6675.0,500.26,2025-11-21 18:28:14,0,2026-09-18,6602.990234375,1.1904761904761905,2609,0.045,out,6832.26218605273,0.016328095464471427,0.12260814616342343,0.017896139887656433,-0.023286627642287026
6725.0,449.1,2025-11-21 14:34:48,0,2026-09-18,6602.990234375,1.1904761904761905,2609,0.045,out,6832.26218605273,0.016328095464471427,0.1140422037097408,0.015482885984492878,-0.01582390644069747
6800.0,452.4,2025-11-21 19:43:33,0,2026-09-18,6602.990234375,1.1904761904761905,2609,0.045,out,6832.26218605273,0.016328095464471427,0.12976751504710676,0.020047152335120333,-0.004733219746539235
6825.0,441.53,2025-11-21 19:35:17,0,2026-09-18,6602.990234375,1.1904761904761905,2609,0.045,out,6832.26218605273,0.016328095464471427,0.130408106947369,0.020245564711424326,-0.001063490857576887
6850.0,399.7,2025-11-21 14:52:26,0,2026-09-18,6602.990234375,1.1904761904761905,2609,0.045,out,6832.26218605273,0.016328095464471427,0.11998426732693294,0.01713836238807251,0.002592820345533761
6875.0,397.7,2025-11-21 20:46:17,0,2026-09-18,6602.990234375,1.1904761904761905,2609,0.045,out,6832.26218605273,0.016328095464471427,0.12362238290384324,0.018193444708124323,0.006235811624034653
6900.0,372.75,2025-11-21 16:51:37,0,2026-09-18,6602.990234375,1.1904761904761905,2609,0.045,out,6832.26218605273,0.016328095464471427,0.11907625653358703,0.016879946273872175,0.009865579674613406
6925.0,366.26,2025-11-21 20:35:18,0,2026-09-18,6602.990234375,1.1904761904761905,2609,0.045,out,6832.26218605273,0.016328095464471427,0.12093471834454103,0.017410959644135082,0.01348222014480195
6950.0,323.39,2025-11-21 14:45:54,0,2026-09-18,6602.990234375,1.1904761904761905,2609,0.045,out,6832.26218605273,0.016328095464471427,0.10999140154761099,0.014402510017152145,0.01708582764810056
7000.0,308.7,2025-11-21 16:27:09,0,2026-09-18,6602.990234375,1.1904761904761905,2609,0.045,out,6832.26218605273,0.016328095464471427,0.11266338632323238,0.01511076025930703,0.02425431712671297
7050.0,316.09,2025-11-21 19:33:40,0,2026-09-18,6602.990234375,1.1904761904761905,2609,0.045,out,6832.26218605273,0.016328095464471427,0.12263306685086445,0.01790341557767689,0.031371784895577036
7075.0,297.31,2025-11-21 19:56:17,0,2026-09-18,6602.990234375,1.1904761904761905,2609,0.045,out,6832.26218605273,0.016328095464471427,0.11966311173388475,0.017046738464090695,0.03491161160070112
7100.0,277.07,2025-11-21 20:44:47,0,2026-09-18,6602.990234375,1.1904761904761905,2609,0.045,out,6832.26218605273,0.016328095464471427,0.1160860957200346,0.016042835261334567,0.038438952118669364
7150.0,250.04,2025-11-21 20:54:49,0,2026-09-18,6602.990234375,1.1904761904761905,2609,0.045,out,6832.26218605273,0.016328095464471427,0.11332667927223121,0.015289209803418045,0.045456524777316
5800.0,1162.95,2025-11-20 18:13:37,0,2026-09-18,6602.990234375,1.1944444444444444,2609,0.045,in,6832.26218605273,0.016423350961267204,0.14361081137221382,0.02463430003189944,-0.16379791437622662
6225.0,765.93,2025-11-20 16:07:04,0,2026-09-18,6602.990234375,1.1944444444444444,2609,0.045,in,6832.26218605273,0.016423350961267204,0.10530250808889545,0.013244738417275314,-0.09308238957782898
6275.0,826.9,2025-10-23 14:18:29,0,2026-08-21,6602.990234375,1.1944444444444444,2608,0.045,in,6872.296063235149,0.011532010559918704,0.1536747248392327,0.028207905703883245,-0.09092478127903005
6300.0,726.61,2025-11-20 20:42:03,0,2026-09-18,6602.990234375,1.1944444444444444,2609,0.045,in,6832.26218605273,0.016423350961267204,0.11470637702157178,0.01571596599902344,-0.08110619853111325
6550.0,578.11,2025-11-20 20:17:29,0,2026-09-18,6602.990234375,1.1944444444444444,2609,0.045,in,6832.26218605273,0.016423350961267204,0.12356000546718225,0.01823567285819874,-0.04219078228143971
6625.0,517.75,2025-11-20 14:36:14,0,2026-09-18,6602.990234375,1.1944444444444444,2609,0.045,out,6832.26218605273,0.016423350961267204,0.11773926507320003,0.016558027367195062,-0.030805460056314325
6700.0,487.9,2025-11-20 20:00:40,0,2026-09-18,6602.990234375,1.1944444444444444,2609,0.045,out,6832.26218605273,0.016423350961267204,0.12279460212615252,0.018010447649632343,-0.019548305531679945
5400.0,1496.82,2025-11-19 18:07:34,0,2026-09-18,6602.990234375,1.1984126984126984,2609,0.045,in,6832.26218605273,0.01651797562695837,0.12652352863257674,0.01918443411066197,-0.2352568783583715
6075.0,959.64,2025-10-22 17:20:53,0,2026-08-21,6602.990234375,1.1984126984126984,2608,0.045,in,6872.296063235149,0.011642831717005066,0.14934997036401404,0.026731090958789783,-0.1233162770702654
6650.0,529.82,2025-11-19 19:50:09,0,2026-09-18,6602.990234375,1.1984126984126984,2609,0.045,out,6832.26218605273,0.01651797562695837,0.12742680229414105,0.0194593339792018,-0.027038977260837527
6975.0,343.6,2025-11-19 17:41:28,0,2026-09-18,6602.990234375,1.1984126984126984,2609,0.045,out,6832.26218605273,0.01651797562695837,0.12019167908406082,0.017312317443475597,0.020676495778829167
5800.0,1109.49,2025-09-16 14:57:16,0,2026-07-17,6602.990234375,1.2023809523809523,2607,0.045,in,6724.655522673717,0.029815055077099164,0.06811001804614286,0.005577814647414721,-0.14792278322932348
6275.0,799.22,2025-11-18 16:50:35,0,2026-09-18,6602.990234375,1.2023809523809523,2609,0.045,in,6832.26218605273,0.016611975707397454,0.13993635478793312,0.023545244315770996,-0.08508234691075273
6350.0,750.1,2025-11-18 16:48:32,0,2026-09-18,6602.990234375,1.2023809523809523,2609,0.045,in,6832.26218605273,0.016611975707397454,0.14068074707626924,0.02379640871894834,-0.073201019024
7025.0,333.39,2025-11-18 17:49:21,0,2026-09-18,6602.990234375,1.2023809523809523,2609,0.045,out,6832.26218605273,0.016611975707397454,0.12382320451249507,0.018435128375595963,0.027819383291209174
7125.0,286.78,2025-11-18 18:05:43,0,2026-09-18,6602.990234375,1.2023809523809523,2609,0.045,out,6832.26218605273,0.016611975707397454,0.12176198993789232,0.01782647858996636,0.0419538942261139
5750.0,1273.65,2025-10-20 19:29:24,0,2026-08-21,6602.990234375,1.2063492063492063,2608,0.045,in,6872.296063235149,0.011862286771498455,0.1880954489460031,0.04268051176950925,-0.1782984114876185
6425.0,716.93,2025-11-17 19:32:47,0,2026-09-18,6602.990234375,1.2063492063492063,2609,0.045,in,6832.26218605273,0.016705357366254697,0.14661886249958184,0.025932998474460598,-0.06145920114731676
6750.0,491.65,2025-11-17 19:47:50,0,2026-09-18,6602.990234375,1.2063492063492063,2609,0.045,out,6832.26218605273,0.016705357366254697,0.13274442109704201,0.02125717748034206,-0.012113327044161773
6775.0,443.1,2025-11-17 20:04:31,0,2026-09-18,6602.990234375,1.2063492063492063,2609,0.045,out,6832.26218605273,0.016705357366254697,0.12002450344858251,0.017378523627523627,-0.008416465162835698
6075.0,1045.1,2025-11-14 19:25:42,0,2026-09-18,6602.990234375,1.2182539682539681,2609,0.045,in,6832.26218605273,0.016981852245411818,0.1880489207089333,0.04308037996030543,-0.11747384270198806
6100.0,979.61,2025-11-14 15:01:45,0,2026-09-18,6602.990234375,1.2182539682539681,2609,0.045,in,6832.26218605273,0.016981852245411818,0.1652353077044475,0.03326163103984253,-0.11336706074933472
5800.0,1144.91,2025-10-16 18:18:13,0,2026-08-21,6602.990234375,1.2222222222222223,2608,0.045,in,6872.296063235149,0.012292646683556917,0.12173578384682802,0.018112845750757556,-0.16964034874450393
6525.0,695.78,2025-11-13 18:40:37,0,2026-09-18,6602.990234375,1.2222222222222223,2609,0.045,in,6832.26218605273,0.017072820257602043,0.16007002707902526,0.031316283251097636,-0.046014878719843194
6025.0,1165.67,2025-11-12 17:42:02,0,2026-09-18,6602.990234375,1.2261904761904763,2609,0.045,in,6832.26218605273,0.01716319948006935,0.22627435646548452,0.062781055863911,-0.12573835255188162
6375.0,673.67,2025-11-12 18:17:45,0,2026-09-18,6602.990234375,1.2261904761904763,2609,0.045,in,6832.26218605273,0.01716319948006935,0.11057774223619758,0.01499316689332929,-0.0692717408841104
6450.0,835.06,2025-11-12 18:55:48,0,2026-09-18,6602.990234375,1.2261904761904763,2609,0.045,in,6832.26218605273,0.01716319948006935,0.19635683031847306,0.04727700590130851,-0.05757570112091909
6150.0,1029.42,2025-11-11 16:11:04,0,2026-09-18,6602.990234375,1.2301587301587302,2609,0.045,in,6832.26218605273,0.017252995610778803,0.2011048467054455,0.049751505572263606,-0.10520375011017381
6325.0,887.04,2025-11-10 15:16:55,0,2026-09-18,6602.990234375,1.2341269841269842,2609,0.045,in,6832.26218605273,0.01734221427440974,0.18673421457949388,0.04303359684217049,-0.07714579731501628
6620.0,565.75,2025-11-21 17:34:46,0,2026-09-30,6602.990234375,1.2380952380952381,2609,0.045,out,6832.26218605273,0.017430861023530222,0.1297475324076641,0.020842617919658284,-0.0315604619796834
6635.0,556.24,2025-11-21 17:34:46,0,2026-09-30,6602.990234375,1.2380952380952381,2609,0.045,out,6832.26218605273,0.017430861023530222,0.1294457077485356,0.020745760600833406,-0.029297164144429382
6680.0,482.14,2025-11-21 16:19:38,0,2026-09-30,6602.990234375,1.2380952380952381,2609,0.045,out,6832.26218605273,0.017430861023530222,0.11154646293663721,0.015405140392168526,-0.022537844380045885
6735.0,459.2,2025-11-21 15:54:03,0,2026-09-30,6602.990234375,1.2380952380952381,2609,0.045,out,6832.26218605273,0.017430861023530222,0.11459557935464834,0.016258848428491197,-0.01433802206627295
6825.0,421.36,2025-11-21 16:37:05,0,2026-09-30,6602.990234375,1.2380952380952381,2609,0.045,out,6832.26218605273,0.017430861023530222,0.11821995555651728,0.017303566913638473,-0.001063490857576887
6850.0,402.19,2025-11-21 16:31:32,0,2026-09-30,6602.990234375,1.2380952380952381,2609,0.045,out,6832.26218605273,0.017430861023530222,0.11596071111402625,0.016648526170182712,0.002592820345533761
6875.0,388.18,2025-11-21 16:32:29,0,2026-09-30,6602.990234375,1.2380952380952381,2609,0.045,out,6832.26218605273,0.017430861023530222,0.11542584813218229,0.016495299373470183,0.006235811624034653
6900.0,375.08,2025-11-21 16:34:04,0,2026-09-30,6602.990234375,1.2380952380952381,2609,0.045,out,6832.26218605273,0.017430861023530222,0.1151186565890921,0.01640761583175287,0.009865579674613406
6925.0,374.0,2025-11-21 16:40:00,0,2026-09-30,6602.990234375,1.2380952380952381,2609,0.045,out,6832.26218605273,0.017430861023530222,0.11885666261918588,0.017490455355868833,0.01348222014480195
6950.0,349.0,2025-11-21 16:29:51,0,2026-09-30,6602.990234375,1.2380952380952381,2609,0.045,out,6832.26218605273,0.017430861023530222,0.11427871103804452,0.016169058033782803,0.01708582764810056
7015.0,316.41,2025-11-21 16:35:34,0,2026-09-30,6602.990234375,1.2380952380952381,2609,0.045,out,6832.26218605273,0.017430861023530222,0.11310430784746503,0.015838437895000362,0.026394881625823954
6300.0,760.0,2025-11-20 20:17:48,0,2026-09-30,6602.990234375,1.242063492063492,2609,0.045,in,6832.26218605273,0.017518941339748975,0.12395198172921292,0.019083179966069556,-0.08110619853111325
6600.0,570.58,2025-11-20 17:25:46,0,2026-09-30,6602.990234375,1.242063492063492,2609,0.045,in,6832.26218605273,0.017518941339748975,0.1266540842106236,0.019924259745172753,-0.03458618289622042
6615.0,561.53,2025-11-20 17:25:46,0,2026-09-30,6602.990234375,1.242063492063492,2609,0.045,out,6832.26218605273,0.017518941339748975,0.1265882719781231,0.01990355896251379,-0.03231603436168124
6660.0,497.36,2025-11-20 21:13:59,0,2026-09-30,6602.990234375,1.242063492063492,2609,0.045,out,6832.26218605273,0.017518941339748975,0.11241553959088758,0.015696271263860157,-0.02553634737630251
6695.0,595.13,2025-11-20 14:54:37,0,2026-09-30,6602.990234375,1.242063492063492,2609,0.045,out,6832.26218605273,0.017518941339748975,0.15534306620442953,0.029972815683212112,-0.020294852785464387
6745.0,568.42,2025-11-20 15:43:46,0,2026-09-30,6602.990234375,1.242063492063492,2609,0.045,out,6832.26218605273,0.017518941339748975,0.1551537125175285,0.02989979016267936,-0.012854342268881035
6750.0,508.3,2025-11-20 16:48:52,0,2026-09-30,6602.990234375,1.242063492063492,2609,0.045,out,6832.26218605273,0.017518941339748975,0.13470514715503343,0.02253783411797037,-0.012113327044161773
6765.0,544.9,2025-11-20 15:06:38,0,2026-09-30,6602.990234375,1.242063492063492,2609,0.045,out,6832.26218605273,0.017518941339748975,0.15046391828858904,0.028119560679422135,-0.009893570305848953
7000.0,320.98,2025-11-20 19:07:13,0,2026-09-30,6602.990234375,1.242063492063492,2609,0.045,out,6832.26218605273,0.017518941339748975,0.11205356012426589,0.01559534962433148,0.02425431712671297
7005.0,318.77,2025-11-20 19:07:13,0,2026-09-30,6602.990234375,1.242063492063492,2609,0.045,out,6832.26218605273,0.017518941339748975,0.11205132452742476,0.015594727340371557,0.02496834786037
7100.0,266.0,2025-11-20 20:40:58,0,2026-09-30,6602.990234375,1.242063492063492,2609,0.045,out,6832.26218605273,0.017518941339748975,0.10763511163521593,0.01438969960855178,0.038438952118669364
7150.0,280.0,2025-11-20 17:08:47,0,2026-09-30,6602.990234375,1.242063492063492,2609,0.045,out,6832.26218605273,0.017518941339748975,0.11909136509894036,0.017615880017751634,0.045456524777316
6000.0,1034.0,2025-11-19 18:32:33,0,2026-09-30,6602.990234375,1.246031746031746,2609,0.045,in,6832.26218605273,0.017606460634845316,0.15133763205319897,0.02853796336070398,-0.12989636270054525
6100.0,877.49,2025-10-10 19:35:38,0,2026-08-21,6602.990234375,1.246031746031746,2608,0.045,in,6872.296063235149,0.012917627957119523,0.10313680885154392,0.013254290558670997,-0.119209495117612
6175.0,893.81,2025-11-07 17:56:47,0,2026-09-18,6602.990234375,1.246031746031746,2609,0.045,in,6832.26218605273,0.017606460634845316,0.1449518238061939,0.026180411922892662,-0.10114694941455937
6200.0,873.36,2025-11-19 20:58:24,0,2026-09-30,6602.990234375,1.246031746031746,2609,0.045,in,6832.26218605273,0.017606460634845316,0.14363059238367432,0.025705319759937912,-0.09710653987755434
6475.0,713.84,2025-11-07 20:39:41,0,2026-09-18,6602.990234375,1.246031746031746,2609,0.045,in,6832.26218605273,0.017606460634845316,0.15247987294618803,0.028970377219274968,-0.053707224342998836
6560.0,612.7,2025-11-19 18:10:06,0,2026-09-30,6602.990234375,1.246031746031746,2609,0.045,in,6832.26218605273,0.017606460634845316,0.1331406509695335,0.02208769818787944,-0.040665228972602566
7040.0,319.37,2025-11-19 19:39:10,0,2026-09-30,6602.990234375,1.246031746031746,2609,0.045,out,6832.26218605273,0.017606460634845316,0.11703863292174073,0.017068194687316077,0.029952338241350768
7060.0,309.14,2025-11-19 19:39:39,0,2026-09-30,6602.990234375,1.246031746031746,2609,0.045,out,6832.26218605273,0.017606460634845316,0.11642315882268324,0.01688915277705969,0.03278921957655048
7075.0,331.1,2025-11-19 15:06:10,0,2026-09-30,6602.990234375,1.246031746031746,2609,0.045,out,6832.26218605273,0.017606460634845316,0.12600664397816708,0.019784086264147353,0.03491161160070112
5600.0,1426.98,2025-11-06 19:43:52,0,2026-09-18,6602.990234375,1.25,2609,0.045,in,6832.26218605273,0.017693424251877553,0.20340785955771312,0.051718446662312935,-0.19888923418749677
5850.0,1259.96,2025-11-06 14:38:51,0,2026-09-18,6602.990234375,1.25,2609,0.045,in,6832.26218605273,0.017693424251877553,0.21164816131001754,0.05599368023238901,-0.15521417068483517
6175.0,907.18,2025-11-18 18:40:33,0,2026-09-30,6602.990234375,1.25,2609,0.045,in,6832.26218605273,0.017693424251877553,0.1507473365505207,0.02840594934634494,-0.10114694941455937
6350.0,760.05,2025-11-18 16:30:15,0,2026-09-30,6602.990234375,1.25,2609,0.045,in,6832.26218605273,0.017693424251877553,0.1383614955084334,0.0239298792991628,-0.073201019024
6450.0,698.81,2025-11-18 19:05:15,0,2026-09-30,6602.990234375,1.25,2609,0.045,in,6832.26218605273,0.017693424251877553,0.13986610392143195,0.024453158782701004,-0.05757570112091909
6485.0,660.7,2025-11-18 17:05:59,0,2026-09-30,6602.990234375,1.25,2609,0.045,in,6832.26218605273,0.017693424251877553,0.13340043172944707,0.02224459398200359,-0.052164014160193055
6650.0,568.57,2025-11-18 19:14:13,0,2026-09-30,6602.990234375,1.25,2609,0.045,out,6832.26218605273,0.017693424251877553,0.13580203739777125,0.023052741701732077,-0.027038977260837527
6665.0,558.99,2025-11-18 19:14:13,0,2026-09-30,6602.990234375,1.25,2609,0.045,out,6832.26218605273,0.017693424251877553,0.13538396321408544,0.02291102186944105,-0.02478587829792828
6755.0,478.23,2025-11-18 21:04:03,0,2026-09-30,6602.990234375,1.25,2609,0.045,out,6832.26218605273,0.017693424251877553,0.12406994109813956,0.019241687855119774,-0.01137286051643804
6760.0,484.4,2025-11-18 20:46:32,0,2026-09-30,6602.990234375,1.25,2609,0.045,out,6832.26218605273,0.017693424251877553,0.1272168342098084,0.020230153632957347,-0.0106329418737276
6770.0,468.44,2025-11-18 16:13:45,0,2026-09-30,6602.990234375,1.25,2609,0.045,out,6832.26218605273,0.017693424251877553,0.12343996903738459,0.019046782444938085,-0.00915474500441668
6775.0,449.11,2025-11-18 16:01:58,0,2026-09-30,6602.990234375,1.25,2609,0.045,out,6832.26218605273,0.017693424251877553,0.11752762156551322,0.01726592728855811,-0.008416465162835698
6780.0,458.43,2025-11-18 15:46:13,0,2026-09-30,6602.990234375,1.25,2609,0.045,out,6832.26218605273,0.017693424251877553,0.12177344528285561,0.018535964970070786,-0.007678729976296085
6785.0,453.22,2025-11-18 15:12:32,0,2026-09-30,6602.990234375,1.25,2609,0.045,out,6832.26218605273,0.017693424251877553,0.12086591837506437,0.018260712780809655,-0.006941538641767814
6790.0,446.38,2025-11-18 15:04:52,0,2026-09-30,6602.990234375,1.25,2609,0.045,out,6832.26218605273,0.017693424251877553,0.11938195939986754,0.017815065287689526,-0.006204890357995509
6795.0,443.27,2025-11-18 15:04:45,0,2026-09-30,6602.990234375,1.25,2609,0.045,out,6832.26218605273,0.017693424251877553,0.11921326586957999,0.017764753449113956,-0.005468784325493225
6800.0,461.17,2025-11-18 14:51:21,0,2026-09-30,6602.990234375,1.25,2609,0.045,out,6832.26218605273,0.017693424251877553,0.12642889160541884,0.019980330790718433,-0.004733219746539235
6975.0,336.0,2025-11-18 17:05:59,0,2026-09-30,6602.990234375,1.25,2609,0.045,out,6832.26218605273,0.017693424251877553,0.11262091630198817,0.01585433848587428,0.020676495778829167
7010.0,346.06,2025-11-18 16:36:07,0,2026-09-30,6602.990234375,1.25,2609,0.045,out,6832.26218605273,0.017693424251877553,0.12134030027484351,0.018404335588486483,0.025681869117898406
7025.0,322.49,2025-11-18 15:36:56,0,2026-09-30,6602.990234375,1.25,2609,0.045,out,6832.26218605273,0.017693424251877553,0.11554744611439471,0.01668901537944869,0.027819383291209174
7120.0,297.42,2025-11-18 17:52:50,0,2026-09-30,6602.990234375,1.25,2609,0.045,out,6832.26218605273,0.017693424251877553,0.1203489632330312,0.018104841189081868,0.04125189349528406
7140.0,287.34,2025-11-18 17:52:37,0,2026-09-30,6602.990234375,1.25,2609,0.045,out,6832.26218605273,0.017693424251877553,0.11957379260771715,0.01787236484824169,0.044056944422892715
6740.0,540.11,2025-11-17 18:38:33,0,2026-09-30,6602.990234375,1.253968253968254,2609,0.045,out,6832.26218605273,0.017779837466270345,0.1428014670860578,0.02557124541511913,-0.013595907004384582
6025.0,1097.95,2025-11-14 19:49:32,0,2026-09-30,6602.990234375,1.2658730158730158,2609,0.045,in,6832.26218605273,0.01803582645561576,0.18912288628870974,0.0452770702051466,-0.12573835255188162
6225.0,936.96,2025-11-14 19:20:50,0,2026-09-30,6602.990234375,1.2658730158730158,2609,0.045,in,6832.26218605273,0.01803582645561576,0.1767303896035576,0.039537810176216895,-0.09308238957782898
6275.0,893.43,2025-11-13 19:21:14,0,2026-09-30,6602.990234375,1.2698412698412698,2609,0.045,in,6832.26218605273,0.018120089497941964,0.1713800981921265,0.03729668324614974,-0.08508234691075273
6490.0,759.2,2025-11-13 17:36:03,0,2026-09-30,6602.990234375,1.2698412698412698,2609,0.045,in,6832.26218605273,0.018120089497941964,0.1702358426957481,0.03680030747724634,-0.051393301212601626
6525.0,710.09,2025-11-13 18:42:35,0,2026-09-30,6602.990234375,1.2698412698412698,2609,0.045,in,6832.26218605273,0.018120089497941964,0.15936602954040954,0.0322508334875869,-0.046014878719843194
6710.0,632.81,2025-11-13 15:22:15,0,2026-09-30,6602.990234375,1.2698412698412698,2609,0.045,out,6832.26218605273,0.018120089497941964,0.1682273139832955,0.03593705291432925,-0.018056880945009877
6725.0,616.52,2025-11-13 14:41:15,0,2026-09-30,6602.990234375,1.2698412698412698,2609,0.045,out,6832.26218605273,0.018120089497941964,0.1652128877388102,0.03466069622221803,-0.01582390644069747
7050.0,289.62,2025-11-13 19:50:01,0,2026-09-30,6602.990234375,1.2698412698412698,2609,0.045,out,6832.26218605273,0.018120089497941964,0.10626440468914872,0.01433920470341482,0.031371784895577036
7125.0,354.31,2025-11-13 17:18:50,0,2026-09-30,6602.990234375,1.2698412698412698,2609,0.045,out,6832.26218605273,0.018120089497941964,0.13842221949421815,0.02433106139645144,0.0419538942261139
7130.0,351.63,2025-11-13 17:16:00,0,2026-09-30,6602.990234375,1.2698412698412698,2609,0.045,out,6832.26218605273,0.018120089497941964,0.13818739147289968,0.024248577983599272,0.042655402497604245
5150.0,1782.41,2025-10-03 20:11:53,0,2026-08-21,6602.990234375,1.2738095238095237,2608,0.045,in,6872.296063235149,0.013617243546839658,0.19070039574430533,0.046324173574556066,-0.2885015516212328
5450.0,1658.98,2025-11-12 18:38:07,0,2026-09-30,6602.990234375,1.2738095238095237,2609,0.045,in,6832.26218605273,0.018203827536889185,0.2683279432769852,0.09171413940867261,-0.22604022325344753
6125.0,1067.71,2025-10-31 17:19:39,0,2026-09-18,6602.990234375,1.2738095238095237,2609,0.045,in,6832.26218605273,0.018203827536889185,0.20383393985859308,0.05292458844161416,-0.10927707549780956
6125.0,1096.87,2025-11-12 17:40:54,0,2026-09-30,6602.990234375,1.2738095238095237,2609,0.045,in,6832.26218605273,0.018203827536889185,0.21617292262798224,0.05952605208446458,-0.10927707549780956
6475.0,834.37,2025-11-12 14:41:42,0,2026-09-30,6602.990234375,1.2738095238095237,2609,0.045,in,6832.26218605273,0.018203827536889185,0.1947528038655999,0.048313881471974664,-0.053707224342998836
6500.0,806.14,2025-11-12 15:23:39,0,2026-09-30,6602.990234375,1.2738095238095237,2609,0.045,in,6832.26218605273,0.018203827536889185,0.18945324928674528,0.0457202512165203,-0.04985365502700881
6575.0,756.41,2025-11-12 14:54:10,0,2026-09-30,6602.990234375,1.2738095238095237,2609,0.045,in,6832.26218605273,0.018203827536889185,0.18636411302931044,0.04424142072495917,-0.03838125386477208
6645.0,705.05,2025-11-12 17:40:54,0,2026-09-30,6602.990234375,1.2738095238095237,2609,0.045,out,6832.26218605273,0.018203827536889185,0.18134141759352207,0.041888856447935864,-0.027791139763391655
5250.0,1826.94,2025-10-30 18:25:06,0,2026-09-18,6602.990234375,1.2777777777777777,2609,0.045,in,6832.26218605273,0.018287045463793256,0.2812673720780665,0.1010867053167297,-0.2634277553250679
6050.0,1131.2,2025-10-30 19:50:30,0,2026-09-18,6602.990234375,1.2777777777777777,2609,0.045,in,6832.26218605273,0.018287045463793256,0.20974230412134515,0.0562117880653894,-0.12159755988585018
7045.0,440.22,2025-11-11 19:26:25,0,2026-09-30,6602.990234375,1.2777777777777777,2609,0.045,out,6832.26218605273,0.018287045463793256,0.15545573013970843,0.030879396264733697,0.030662313422043286
7155.0,355.04,2025-11-11 16:35:29,0,2026-09-30,6602.990234375,1.2777777777777777,2609,0.045,out,6832.26218605273,0.018287045463793256,0.14186754892074008,0.025717068502550407,0.046155581079813955
6605.0,599.96,2025-11-07 15:46:08,0,2026-09-30,6602.990234375,1.2936507936507937,2609,0.045,out,6832.26218605273,0.01861481177712095,0.13275908740898065,0.02280056327155123,-0.03382889395431163
7020.0,360.33,2025-11-07 15:36:17,0,2026-09-30,6602.990234375,1.2936507936507937,2609,0.045,out,6832.26218605273,0.01861481177712095,0.12349116312120605,0.019728261755171558,0.027107386109119454
7030.0,343.9,2025-11-07 17:42:36,0,2026-09-30,6602.990234375,1.2936507936507937,2609,0.045,out,6832.26218605273,0.01861481177712095,0.11945764391449532,0.018460563304803054,0.028530873893973255
7055.0,334.62,2025-11-07 15:45:05,0,2026-09-30,6602.990234375,1.2936507936507937,2609,0.045,out,6832.26218605273,0.01861481177712095,0.1199399667462738,0.018609937194959163,0.032080753376177086
7070.0,321.18,2025-11-07 16:27:49,0,2026-09-30,6602.990234375,1.2936507936507937,2609,0.045,out,6832.26218605273,0.01861481177712095,0.11756283706335825,0.017879574343784704,0.034204647979881174
7080.0,320.97,2025-11-07 17:22:59,0,2026-09-30,6602.990234375,1.2936507936507937,2609,0.045,out,6832.26218605273,0.01861481177712095,0.1188823598190988,0.01828318668741033,0.0356180757770282
6640.0,618.48,2025-11-06 16:49:02,0,2026-09-30,6602.990234375,1.2976190476190477,2609,0.045,out,6832.26218605273,0.018695500426120577,0.14638697212624177,0.02780686751551798,-0.028543868440257834
6655.0,619.45,2025-11-06 16:30:03,0,2026-09-30,6602.990234375,1.2976190476190477,2609,0.045,out,6832.26218605273,0.018695500426120577,0.14972785254512946,0.029090581562233184,-0.026287380081525334
6690.0,628.54,2025-11-06 14:47:21,0,2026-09-30,6602.990234375,1.2976190476190477,2609,0.045,out,6832.26218605273,0.018695500426120577,0.15968809494635952,0.03308965899723966,-0.021041957788463142
7065.0,357.46,2025-11-06 16:57:18,0,2026-09-30,6602.990234375,1.2976190476190477,2609,0.045,out,6832.26218605273,0.018695500426120577,0.1285982522023522,0.02145938858542233,0.033497184207890544
7105.0,347.88,2025-11-06 20:38:31,0,2026-09-30,6602.990234375,1.2976190476190477,2609,0.045,out,6832.26218605273,0.018695500426120577,0.13091622829273777,0.02223996919658559,0.0391429296204636
7115.0,350.32,2025-11-06 15:04:21,0,2026-09-30,6602.990234375,1.2976190476190477,2609,0.045,out,6832.26218605273,0.018695500426120577,0.13307892856890133,0.022980834928167798,0.040549399613215346
7135.0,328.02,2025-11-06 16:36:57,0,2026-09-30,6602.990234375,1.2976190476190477,2609,0.045,out,6832.26218605273,0.018695500426120577,0.12830405896931904,0.021361315937288954,0.043356419000199424
7160.0,308.74,2025-11-06 16:59:48,0,2026-09-30,6602.990234375,1.2976190476190477,2609,0.045,out,6832.26218605273,0.018695500426120577,0.12512594488674597,0.020316175323027475,0.04685414904395398
5975.0,1024.09,2025-09-26 19:03:44,0,2026-08-21,6602.990234375,1.3015873015873016,2608,0.045,in,6872.296063235149,0.014286997495535154,0.12360913314598161,0.019887235862893378,-0.13991416847930327
6600.0,593.22,2025-11-21 20:40:31,0,2026-10-16,6602.990234375,1.3015873015873016,2610,0.045,in,6802.436431897541,0.022136966120447254,0.12824113855137115,0.021405630930000977,-0.030211197784453508
6650.0,582.6,2025-11-21 19:31:41,0,2026-10-16,6602.990234375,1.3015873015873016,2610,0.045,out,6802.436431897541,0.022136966120447254,0.13499422375563572,0.02371939867755087,-0.0226639921490706
6775.0,506.46,2025-11-21 19:26:38,0,2026-10-16,6602.990234375,1.3015873015873016,2610,0.045,out,6802.436431897541,0.022136966120447254,0.1322114987215141,0.022751590354341145,-0.004041480051068729
6825.0,445.1,2025-11-21 18:30:38,0,2026-10-16,6602.990234375,1.3015873015873016,2610,0.045,out,6802.436431897541,0.022136966120447254,0.12000276734912102,0.018743721619978983,0.0033114942541901
6850.0,430.8,2025-11-21 18:30:33,0,2026-10-16,6602.990234375,1.3015873015873016,2610,0.045,out,6802.436431897541,0.022136966120447254,0.11948009303691513,0.018580799933857327,0.006967805457300645
6875.0,397.37,2025-11-21 15:20:09,0,2026-10-16,6602.990234375,1.3015873015873016,2610,0.045,out,6802.436431897541,0.022136966120447254,0.11237932277321654,0.016437892052877403,0.010610796735801547
6900.0,380.06,2025-11-21 16:11:03,0,2026-10-16,6602.990234375,1.3015873015873016,2610,0.045,out,6802.436431897541,0.022136966120447254,0.11071524123028624,0.015954680960885696,0.014240564786380309
6925.0,370.89,2025-11-21 16:17:19,0,2026-10-16,6602.990234375,1.3015873015873016,2610,0.045,out,6802.436431897541,0.022136966120447254,0.11171638935551144,0.016244527545267347,0.01785720525656886
6975.0,384.4,2025-11-21 19:13:20,0,2026-10-16,6602.990234375,1.3015873015873016,2610,0.045,out,6802.436431897541,0.022136966120447254,0.12407543018881959,0.02003756214089417,0.025051480890595876
7025.0,354.03,2025-11-21 18:59:43,0,2026-10-16,6602.990234375,1.3015873015873016,2610,0.045,out,6802.436431897541,0.022136966120447254,0.1213780856888754,0.0191758167335027,0.03219436840297612
7075.0,332.55,2025-11-21 19:13:20,0,2026-10-16,6602.990234375,1.3015873015873016,2610,0.045,out,6802.436431897541,0.022136966120447254,0.1213312126799309,0.019161009205894846,0.03928659671246808
7100.0,326.01,2025-11-21 19:26:38,0,2026-10-16,6602.990234375,1.3015873015873016,2610,0.045,out,6802.436431897541,0.022136966120447254,0.1225870748860591,0.019559721526791456,0.04281393723043633
7150.0,258.35,2025-11-21 15:20:08,0,2026-10-16,6602.990234375,1.3015873015873016,2610,0.045,out,6802.436431897541,0.022136966120447254,0.10663167869133929,0.014799457489582663,0.049831509889082984
5600.0,1470.13,2025-11-04 14:33:33,0,2026-09-30,6602.990234375,1.3055555555555556,2609,0.045,in,6832.26218605273,0.018855406198606168,0.21792743344182192,0.06200392259964908,-0.19888923418749677
6175.0,938.5,2025-11-20 16:35:11,0,2026-10-16,6602.990234375,1.3055555555555556,2610,0.045,in,6802.436431897541,0.022206458624640425,0.15695412764141353,0.03216183651757848,-0.0967719643027925
6400.0,848.86,2025-11-04 17:09:55,0,2026-09-30,6602.990234375,1.3055555555555556,2609,0.045,in,6832.26218605273,0.018855406198606168,0.17949494875278893,0.04206295893069492,-0.06535784156297414
6550.0,587.0,2025-11-20 17:07:05,0,2026-10-16,6602.990234375,1.3055555555555556,2610,0.045,in,6802.436431897541,0.022206458624640425,0.1136891098030847,0.016874584536873304,-0.037815797169672816
6585.0,711.02,2025-11-04 17:18:44,0,2026-09-30,6602.990234375,1.3055555555555556,2609,0.045,in,6832.26218605273,0.018855406198606168,0.16782201439147015,0.036769965004925236,-0.03686149673335594
6610.0,690.64,2025-11-04 17:22:14,0,2026-09-30,6602.990234375,1.3055555555555556,2609,0.045,out,6832.26218605273,0.018855406198606168,0.1654525626083636,0.03573899645174168,-0.03307217806500534
6700.0,635.13,2025-11-04 17:09:55,0,2026-09-30,6602.990234375,1.3055555555555556,2609,0.045,out,6832.26218605273,0.018855406198606168,0.16293025739121403,0.034657628676601694,-0.019548305531679945
6800.0,436.28,2025-11-20 20:50:48,0,2026-10-16,6602.990234375,1.3055555555555556,2610,0.045,out,6802.436431897541,0.022206458624640425,0.11203609430226813,0.016387446167939326,-0.0003582346347723685
7085.0,386.3,2025-11-04 20:48:27,0,2026-09-30,6602.990234375,1.3055555555555556,2609,0.045,out,6832.26218605273,0.018855406198606168,0.14021115348359717,0.02566613542712332,0.036324041214043576
6425.0,735.74,2025-11-19 20:44:22,0,2026-10-16,6602.990234375,1.3095238095238095,2610,0.045,in,6802.436431897541,0.022275529962141515,0.14069078692050999,0.025920580091361403,-0.057084216035549806
6550.0,778.52,2025-11-03 20:49:08,0,2026-09-30,6602.990234375,1.3095238095238095,2609,0.045,in,6832.26218605273,0.018934632240428573,0.18477622742524066,0.04471009481387463,-0.04219078228143971
6625.0,594.69,2025-11-19 14:42:31,0,2026-10-16,6602.990234375,1.3095238095238095,2610,0.045,out,6802.436431897541,0.022275529962141515,0.13328128182063398,0.023262250109674268,-0.026430474944547408
7050.0,305.55,2025-11-19 14:57:25,0,2026-10-16,6602.990234375,1.3095238095238095,2610,0.045,out,6802.436431897541,0.022275529962141515,0.10814788955053861,0.015316145971022677,0.03574677000734399
7125.0,311.22,2025-11-19 16:27:47,0,2026-10-16,6602.990234375,1.3095238095238095,2610,0.045,out,6802.436431897541,0.022275529962141515,0.12031320887483622,0.018955708396114247,0.04632887933788087
5500.0,1453.57,2025-11-18 18:39:28,0,2026-10-16,6602.990234375,1.3134920634920635,2610,0.045,in,6802.436431897541,0.022344183950171296,0.14866642141249095,0.029030413917469806,-0.21253275457840803
6325.0,780.02,2025-11-18 14:58:18,0,2026-10-16,6602.990234375,1.3134920634920635,2610,0.045,in,6802.436431897541,0.022344183950171296,0.1310277593415061,0.02255039127252546,-0.07277081220324935
6375.0,731.18,2025-11-18 15:17:43,0,2026-10-16,6602.990234375,1.3134920634920635,2610,0.045,in,6802.436431897541,0.022344183950171296,0.12461567185298993,0.02039730451279426,-0.06489675577234345
6475.0,703.71,2025-11-18 14:37:47,0,2026-10-16,6602.990234375,1.3134920634920635,2610,0.045,in,6802.436431897541,0.022344183950171296,0.1399656055175438,0.025731796471954286,-0.04933223923123185
6500.0,686.99,2025-11-18 18:39:28,0,2026-10-16,6602.990234375,1.3134920634920635,2610,0.045,in,6802.436431897541,0.022344183950171296,0.1394692660226308,0.025549622264202532,-0.04547866991524194
6525.0,651.78,2025-11-18 17:10:23,0,2026-10-16,6602.990234375,1.3134920634920635,2610,0.045,in,6802.436431897541,0.022344183950171296,0.13183789053597803,0.022830106845647735,-0.0416398936080762
6575.0,631.36,2025-11-18 18:37:29,0,2026-10-16,6602.990234375,1.3134920634920635,2610,0.045,in,6802.436431897541,0.022344183950171296,0.13554605259290486,0.024132438157280292,-0.03400626875300506
6950.0,346.62,2025-11-18 17:41:47,0,2026-10-16,6602.990234375,1.3134920634920635,2610,0.045,out,6802.436431897541,0.022344183950171296,0.10648328832122844,0.014893280233941738,0.02146081275986748
7000.0,354.48,2025-11-18 15:13:11,0,2026-10-16,6602.990234375,1.3134920634920635,2610,0.045,out,6802.436431897541,0.022344183950171296,0.11675667574955398,0.017905683178256457,0.02862930223847991
6000.0,1117.16,2025-11-17 16:50:27,0,2026-10-16,6602.990234375,1.3174603174603174,2610,0.045,in,6802.436431897541,0.022412424359959937,0.18182524528638438,0.043555791195978875,-0.12552137758877832
6250.0,883.65,2025-11-17 19:09:44,0,2026-10-16,6602.990234375,1.3174603174603174,2610,0.045,in,6802.436431897541,0.022412424359959937,0.15352726077732687,0.031053356246801816,-0.08469938306852322
6275.0,760.56,2025-11-17 16:40:24,0,2026-10-16,6602.990234375,1.3174603174603174,2610,0.045,in,6802.436431897541,0.022412424359959937,0.10383597990576128,0.014204739523938758,-0.0807073617989857
6350.0,831.7,2025-11-17 18:47:00,0,2026-10-16,6602.990234375,1.3174603174603174,2610,0.045,in,6802.436431897541,0.022412424359959937,0.1590826648793429,0.03334135593657786,-0.06882603391223308
6400.0,758.35,2025-11-17 19:43:26,0,2026-10-16,6602.990234375,1.3174603174603174,2610,0.045,in,6802.436431897541,0.022412424359959937,0.14233981884066763,0.026692568163338228,-0.060982856451207185
6450.0,720.84,2025-11-17 20:10:30,0,2026-10-16,6602.990234375,1.3174603174603174,2610,0.045,in,6802.436431897541,0.022412424359959937,0.14005737176202826,0.025843390364216196,-0.05320071600915224
6725.0,582.5,2025-11-17 16:38:04,0,2026-10-16,6602.990234375,1.3174603174603174,2610,0.045,out,6802.436431897541,0.022412424359959937,0.147764548087519,0.028765905059289252,-0.011448921328930519
6750.0,464.9,2025-11-17 19:31:05,0,2026-10-16,6602.990234375,1.3174603174603174,2610,0.045,out,6802.436431897541,0.022412424359959937,0.11132156623802583,0.016326615271492623,-0.007738341932394925
6515.0,814.62,2025-10-31 19:48:13,0,2026-09-30,6602.990234375,1.3214285714285714,2609,0.045,in,6832.26218605273,0.019169455373397683,0.1893163967831431,0.04736092247733006,-0.04754862135179188
6555.0,784.22,2025-10-31 19:49:11,0,2026-09-30,6602.990234375,1.3214285714285714,2609,0.045,in,6832.26218605273,0.019169455373397683,0.18629351038831868,0.045860538016917723,-0.04142771471293708
6050.0,1197.52,2025-10-29 18:21:21,0,2026-09-30,6602.990234375,1.3293650793650793,2609,0.045,in,6832.26218605273,0.019323667580123667,0.2299013965502525,0.07026312883126352,-0.12159755988585018
6075.0,1181.39,2025-10-29 14:46:24,0,2026-09-30,6602.990234375,1.3293650793650793,2609,0.045,in,6832.26218605273,0.019323667580123667,0.22966874794606496,0.07012099530691623,-0.11747384270198806
6100.0,1163.05,2025-10-29 14:43:36,0,2026-09-30,6602.990234375,1.3293650793650793,2609,0.045,in,6832.26218605273,0.019323667580123667,0.22848195242230165,0.06939817803653499,-0.11336706074933472
6150.0,1124.3,2025-10-29 14:43:13,0,2026-09-30,6602.990234375,1.3293650793650793,2609,0.045,in,6832.26218605273,0.019323667580123667,0.22517899057917626,0.06740622445403179,-0.10520375011017381
6625.0,757.49,2025-10-29 18:09:24,0,2026-09-30,6602.990234375,1.3293650793650793,2609,0.045,out,6832.26218605273,0.019323667580123667,0.1891568294121302,0.047565089475947044,-0.030805460056314325
6675.0,608.2,2025-11-14 15:34:49,0,2026-10-16,6602.990234375,1.3293650793650793,2610,0.045,out,6802.436431897541,0.022614701156736416,0.14598609523856015,0.0283313488135145,-0.018911642530520092
6700.0,493.07,2025-11-14 16:08:15,0,2026-10-16,6602.990234375,1.3293650793650793,2610,0.045,out,6802.436431897541,0.022614701156736416,0.11001685897764767,0.016090248420111312,-0.015173320419913
5500.0,1649.86,2025-10-28 17:30:20,0,2026-09-30,6602.990234375,1.3333333333333333,2609,0.045,in,6832.26218605273,0.019400085236135203,0.27033753983650094,0.09744318059313564,-0.21690773969017502
5775.0,1197.67,2025-10-16 18:54:12,0,2026-09-18,6602.990234375,1.3333333333333333,2609,0.045,in,6832.26218605273,0.019400085236135203,0.12281064929522205,0.02010994077375203,-0.16811757552074308
5825.0,1134.33,2025-09-18 19:37:07,0,2026-08-21,6602.990234375,1.3333333333333333,2608,0.045,in,6872.296063235149,0.015018259459927172,0.10152466719803188,0.013743010732894842,-0.16533926684511333
5975.0,1029.93,2025-10-16 19:35:43,0,2026-09-18,6602.990234375,1.3333333333333333,2609,0.045,in,6832.26218605273,0.019400085236135203,0.12142057695387067,0.019657275343747768,-0.13407173411102594
6405.0,919.35,2025-10-28 19:12:11,0,2026-09-30,6602.990234375,1.3333333333333333,2609,0.045,in,6832.26218605273,0.019400085236135203,0.2034955178079852,0.05521390102392002,-0.06457689657990273
6480.0,856.06,2025-10-28 20:03:26,0,2026-09-30,6602.990234375,1.3333333333333333,2609,0.045,in,6832.26218605273,0.019400085236135203,0.19575620897842344,0.05109399113813892,-0.052935321564416944
6670.0,700.54,2025-10-28 15:26:33,0,2026-09-30,6602.990234375,1.3333333333333333,2609,0.045,out,6832.26218605273,0.019400085236135203,0.17698797768285202,0.041766325659020956,-0.024035972001067912
6675.0,696.85,2025-10-28 15:26:33,0,2026-09-30,6602.990234375,1.3333333333333333,2609,0.045,out,6832.26218605273,0.019400085236135203,0.1766138133096206,0.04158991873568735,-0.023286627642287026
5750.0,1267.46,2025-10-15 13:52:06,0,2026-09-18,6602.990234375,1.3373015873015872,2609,0.045,in,6832.26218605273,0.01947604937490038,0.15921399051503052,0.03389938468022903,-0.17245597711934119
6150.0,1087.34,2025-11-12 19:24:50,0,2026-10-16,6602.990234375,1.3373015873015872,2610,0.045,in,6802.436431897541,0.02274755159497537,0.20898890625348895,0.05840846948324989,-0.10082876499840683
6200.0,1048.26,2025-11-12 19:21:13,0,2026-10-16,6602.990234375,1.3373015873015872,2610,0.045,in,6802.436431897541,0.02274755159497537,0.20572757947898093,0.056599734345001984,-0.09273155476578747
6300.0,974.51,2025-11-12 18:13:14,0,2026-10-16,6602.990234375,1.3373015873015872,2610,0.045,in,6802.436431897541,0.02274755159497537,0.20059603907062373,0.053811372183362766,-0.07673121341934634
6050.0,939.37,2025-09-16 14:03:45,0,2026-08-21,6602.990234375,1.3412698412698412,2608,0.045,in,6872.296063235149,0.015195666208685,0.09843612094544912,0.012996462017833475,-0.12743999425412758
6100.0,1108.64,2025-11-10 19:44:21,0,2026-10-16,6602.990234375,1.3452380952380953,2610,0.045,in,6802.436431897541,0.022878834476420945,0.20349829927443996,0.05570840514592402,-0.10899207563756777
6125.0,1056.63,2025-11-10 17:17:31,0,2026-10-16,6602.990234375,1.3452380952380953,2610,0.045,in,6802.436431897541,0.022878834476420945,0.18831465017819798,0.04770538147983679,-0.10490209038604272
6250.0,910.6,2025-10-23 19:04:51,0,2026-09-30,6602.990234375,1.3531746031746033,2609,0.045,in,6832.26218605273,0.019775450555253458,0.1600914356171487,0.034680874228032725,-0.0890743681802901
6225.0,891.12,2025-11-07 15:39:55,0,2026-10-16,6602.990234375,1.3571428571428572,2610,0.045,in,6802.436431897541,0.023072879788031287,0.14374910749954306,0.028043736587956326,-0.0887074044660621
5550.0,1504.51,2025-11-06 15:12:14,0,2026-10-16,6602.990234375,1.3611111111111112,2610,0.045,in,6802.436431897541,0.023136807252206123,0.2058239253422362,0.05766141455336208,-0.20348291905849014
5600.0,1463.18,2025-11-06 15:12:14,0,2026-10-16,6602.990234375,1.3611111111111112,2610,0.045,in,6802.436431897541,0.023136807252206123,0.203681842532765,0.056467454330543385,-0.19451424907572973
5950.0,1221.7,2025-11-05 17:14:16,0,2026-10-16,6602.990234375,1.3650793650793651,2610,0.045,in,6802.436431897541,0.023200363045077617,0.2067745679278289,0.05836495376174076,-0.13388962725929493
6730.0,545.22,2025-10-20 14:00:29,0,2026-09-30,6602.990234375,1.3650793650793651,2609,0.045,out,6832.26218605273,0.019995432091108805,0.1305905536277946,0.023279917014698333,-0.015080688271963828
5800.0,1319.51,2025-11-04 09:30:07,0,2026-10-16,6602.990234375,1.369047619047619,2610,0.045,in,6802.436431897541,0.023263550398570143,0.20346851267781652,0.05667779880835857,-0.15942292926445967
6345.0,727.8,2025-10-17 07:56:25,0,2026-09-30,6602.990234375,1.376984126984127,2609,0.045,in,6832.26218605273,0.020211609911646767,0.10499071605238404,0.015178565510498966,-0.07398873076224931
6685.0,551.94,2025-10-17 18:01:35,0,2026-09-30,6602.990234375,1.376984126984127,2609,0.045,out,6832.26218605273,0.020211609911646767,0.12292371732183122,0.02080656102077564,-0.021789621374693733
6705.0,548.62,2025-10-17 18:23:26,0,2026-09-30,6602.990234375,1.376984126984127,2609,0.045,out,6832.26218605273,0.020211609911646767,0.12572551626235176,0.02176585788684088,-0.018802315194958466
6715.0,539.87,2025-10-17 18:35:19,0,2026-09-30,6602.990234375,1.376984126984127,2609,0.045,out,6832.26218605273,0.020211609911646767,0.12462323601540098,0.021385872941935585,-0.017312001953399395
6720.0,536.15,2025-10-17 18:46:43,0,2026-09-30,6602.990234375,1.376984126984127,2609,0.045,out,6832.26218605273,0.020211609911646767,0.12429769919175296,0.02127429188275451,-0.016567677393542108
6520.0,653.1,2025-10-16 18:05:15,0,2026-09-30,6602.990234375,1.380952380952381,2609,0.045,in,6832.26218605273,0.020282840917647784,0.12321336342930228,0.02096497404282278,-0.046781455990038724
7145.0,298.77,2025-10-15 19:45:41,0,2026-09-30,6602.990234375,1.3849206349206349,2609,0.045,out,6832.26218605273,0.020353663723041343,0.11242742352871347,0.01750529373371169,0.044756979453230435
6510.0,651.95,2025-10-13 13:49:18,0,2026-09-30,6602.990234375,1.3928571428571428,2609,0.045,in,6832.26218605273,0.020494098687582417,0.11892905402907182,0.019700738421348053,-0.04831637570812234
7110.0,295.91,2025-10-13 13:49:18,0,2026-09-30,6602.990234375,1.3928571428571428,2609,0.045,out,6832.26218605273,0.020494098687582417,0.1062848902662464,0.015734379930621913,0.03984641188654915
6050.0,1169.15,2025-10-27 16:17:10,0,2026-10-16,6602.990234375,1.4007936507936507,2610,0.045,in,6802.436431897541,0.023756161154409913,0.20713412807716813,0.06010041704779328,-0.11722257477408324
5900.0,1104.55,2025-09-26 17:35:24,0,2026-09-18,6602.990234375,1.4126984126984128,2609,0.045,in,6832.26218605273,0.020838282694779296,0.11474377490422906,0.018599776432622894,-0.14670348101692657
6540.0,698.74,2025-10-08 13:48:04,0,2026-09-30,6602.990234375,1.4126984126984128,2609,0.045,in,6832.26218605273,0.020838282694779296,0.14124076944488512,0.028181856997636576,-0.04371866645949294
5875.0,1100.95,2025-09-25 18:56:29,0,2026-09-18,6602.990234375,1.4166666666666667,2609,0.045,in,6832.26218605273,0.020905962575186076,0.0867847543742958,0.010669757588393043,-0.15094977189837758
5925.0,1061.16,2025-09-25 18:56:29,0,2026-09-18,6602.990234375,1.4166666666666667,2609,0.045,in,6832.26218605273,0.020905962575186076,0.09291600364197185,0.01223062695479281,-0.1424751449074054
5900.0,1193.46,2025-10-23 19:58:12,0,2026-10-16,6602.990234375,1.4166666666666667,2610,0.045,in,6802.436431897541,0.023994187359962744,0.16848652822980348,0.040215922776154184,-0.14232849590515956
6075.0,1010.09,2025-10-22 17:20:53,0,2026-10-16,6602.990234375,1.4206349206349207,2610,0.045,in,6802.436431897541,0.024052862814264525,0.13999109376224733,0.027840901853669112,-0.11309885759022124
6360.0,839.73,2025-10-06 19:58:17,0,2026-09-30,6602.990234375,1.4206349206349207,2609,0.045,in,6832.26218605273,0.020973264355702317,0.1514814681364008,0.0325987912602217,-0.0716274545765695
6365.0,835.88,2025-10-06 19:58:17,0,2026-09-30,6602.990234375,1.4206349206349207,2609,0.045,in,6832.26218605273,0.020973264355702317,0.15122296763424137,0.03248762764507238,-0.07084159991923042
5100.0,1833.39,2025-09-22 19:45:12,0,2026-09-18,6602.990234375,1.4285714285714286,2609,0.045,in,6832.26218605273,0.02110674622039286,0.14705423247679814,0.03089278184191456,-0.29241529219832024
5550.0,1439.93,2025-09-22 18:29:52,0,2026-09-18,6602.990234375,1.4285714285714286,2609,0.045,in,6832.26218605273,0.02110674622039286,0.14681260354046574,0.030791343654757105,-0.20785790417025715
5700.0,1295.06,2025-09-22 14:49:56,0,2026-09-18,6602.990234375,1.4285714285714286,2609,0.045,in,6832.26218605273,0.02110674622039286,0.13028507008927492,0.024248856411667543,-0.18118965708809576
5550.0,1459.8,2025-10-02 13:58:14,0,2026-09-30,6602.990234375,1.4365079365079365,2609,0.045,in,6832.26218605273,0.02123875314735201,0.16144821645850724,0.037443335826758524,-0.20785790417025715
5500.0,1467.93,2025-11-21 19:00:25,0,2026-11-20,6602.990234375,1.4404761904761905,2611,0.045,in,6824.28744361036,0.022114984802628596,0.12735300506348168,0.023362777806459546,-0.2157398395155213
5650.0,1324.07,2025-09-19 19:24:37,0,2026-09-18,6602.990234375,1.4404761904761905,2609,0.045,in,6832.26218605273,0.02130421112766234,0.11166359035618897,0.01796094817570724,-0.19000028677025077
5950.0,1061.84,2025-09-19 13:33:04,0,2026-09-18,6602.990234375,1.4404761904761905,2609,0.045,in,6832.26218605273,0.02130421112766234,0.10791831846325435,0.01677630926967027,-0.13826461237106183
6000.0,1030.86,2025-11-21 18:24:13,0,2026-11-20,6602.990234375,1.4404761904761905,2611,0.045,in,6824.28744361036,0.022114984802628596,0.11535610808871245,0.019168462291408808,-0.12872846252589154
6200.0,855.15,2025-11-21 14:46:55,0,2026-11-20,6602.990234375,1.4404761904761905,2611,0.045,in,6824.28744361036,0.022114984802628596,0.10487773107192634,0.01584428518393133,-0.09593863970290056
6375.0,781.08,2025-10-01 15:04:18,0,2026-09-30,6602.990234375,1.4404761904761905,2609,0.045,in,6832.26218605273,0.02130421112766234,0.1294180468630343,0.02412658015851128,-0.0692717408841104
6500.0,713.74,2025-11-21 19:00:25,0,2026-11-20,6602.990234375,1.4404761904761905,2611,0.045,in,6824.28744361036,0.022114984802628596,0.1345999814276649,0.02609733041713877,-0.0486857548523551
6525.0,678.0,2025-11-21 17:08:25,0,2026-11-20,6602.990234375,1.4404761904761905,2611,0.045,in,6824.28744361036,0.022114984802628596,0.12704673807754724,0.023250544195161094,-0.04484697854518935
6550.0,666.9,2025-11-21 17:10:04,0,2026-11-20,6602.990234375,1.4404761904761905,2611,0.045,in,6824.28744361036,0.022114984802628596,0.12865966433076703,0.02384464781321885,-0.04102288210678595
6575.0,629.13,2025-11-21 18:21:02,0,2026-11-20,6602.990234375,1.4404761904761905,2611,0.045,in,6824.28744361036,0.022114984802628596,0.1204151641271767,0.020886633594818613,-0.0372133536901183
6600.0,624.24,2025-11-21 19:18:49,0,2026-11-20,6602.990234375,1.4404761904761905,2611,0.045,in,6824.28744361036,0.022114984802628596,0.1241780832943154,0.022212425724388595,-0.03341828272156662
6650.0,606.09,2025-11-21 19:58:00,0,2026-11-20,6602.990234375,1.4404761904761905,2611,0.045,out,6824.28744361036,0.022114984802628596,0.12820963738107954,0.023678131490523058,-0.025871077086183684
6675.0,554.15,2025-11-21 17:07:17,0,2026-11-20,6602.990234375,1.4404761904761905,2611,0.045,out,6824.28744361036,0.022114984802628596,0.11509452551645423,0.019081627693652212,-0.022118727467633274
6725.0,547.75,2025-11-21 17:57:38,0,2026-11-20,6602.990234375,1.4404761904761905,2611,0.045,out,6824.28744361036,0.022114984802628596,0.12278195553137479,0.021715767155918192,-0.014656006266043676
6825.0,502.7,2025-11-21 18:48:32,0,2026-11-20,6602.990234375,1.4404761904761905,2611,0.045,out,6824.28744361036,0.022114984802628596,0.1257271333850472,0.022770056671140425,0.00010440931707699653
6900.0,440.3,2025-11-21 18:50:33,0,2026-11-20,6602.990234375,1.4404761904761905,2611,0.045,out,6824.28744361036,0.022114984802628596,0.11779844503680427,0.019988729905044862,0.011033479849267244
6925.0,433.4,2025-11-21 14:42:12,0,2026-11-20,6602.990234375,1.4404761904761905,2611,0.045,out,6824.28744361036,0.022114984802628596,0.11954187651351235,0.020584779631964194,0.014650120319455808
6950.0,424.45,2025-11-21 17:26:33,0,2026-11-20,6602.990234375,1.4404761904761905,2611,0.045,out,6824.28744361036,0.022114984802628596,0.12053554101651856,0.020928414457446715,0.018253727822754223
6975.0,405.84,2025-11-21 17:52:27,0,2026-11-20,6602.990234375,1.4404761904761905,2611,0.045,out,6824.28744361036,0.022114984802628596,0.1183605552034624,0.02017994933805591,0.02184439595348285
7000.0,380.42,2025-11-21 18:24:13,0,2026-11-20,6602.990234375,1.4404761904761905,2611,0.045,out,6824.28744361036,0.022114984802628596,0.11395749476877441,0.01870647124155958,0.025422217301366894
7050.0,383.0,2025-11-21 18:55:23,0,2026-11-20,6602.990234375,1.4404761904761905,2611,0.045,out,6824.28744361036,0.022114984802628596,0.12192186263896043,0.021412592991806877,0.032539685070230785
7075.0,333.9,2025-11-21 16:28:19,0,2026-11-20,6602.990234375,1.4404761904761905,2611,0.045,out,6824.28744361036,0.022114984802628596,0.10982233619701141,0.017373504867382115,0.036079511775354886
7100.0,317.22,2025-11-21 16:23:11,0,2026-11-20,6602.990234375,1.4404761904761905,2611,0.045,out,6824.28744361036,0.022114984802628596,0.10792353517818365,0.016777931224858975,0.039606852293323155
7125.0,332.92,2025-11-21 17:14:30,0,2026-11-20,6602.990234375,1.4404761904761905,2611,0.045,out,6824.28744361036,0.022114984802628596,0.116188922497837,0.01944623513162158,0.04312179440076771
7150.0,308.9,2025-11-21 18:22:06,0,2026-11-20,6602.990234375,1.4404761904761905,2611,0.045,out,6824.28744361036,0.022114984802628596,0.1118135715943702,0.01800922916565966,0.046624424951969834
6150.0,912.43,2025-11-20 19:10:14,0,2026-11-20,6602.990234375,1.4444444444444444,2611,0.045,in,6824.28744361036,0.022177855723500495,0.11464687764032308,0.01898564279830864,-0.10403584993551995
6275.0,943.1,2025-11-20 14:46:36,0,2026-11-20,6602.990234375,1.4444444444444444,2611,0.045,in,6824.28744361036,0.022177855723500495,0.16783100675099252,0.04068602319463023,-0.08391444673609888
6750.0,595.0,2025-11-20 16:10:38,0,2026-11-20,6602.990234375,1.4444444444444444,2611,0.045,out,6824.28744361036,0.022177855723500495,0.1429043246046166,0.029497933097680132,-0.010945426869508067
6800.0,517.6,2025-11-20 21:04:42,0,2026-11-20,6602.990234375,1.4444444444444444,2611,0.045,out,6824.28744361036,0.022177855723500495,0.12594320841584664,0.022911332522111777,-0.003565319571885485
6850.0,439.24,2025-11-20 21:08:40,0,2026-11-20,6602.990234375,1.4444444444444444,2611,0.045,out,6824.28744361036,0.022177855723500495,0.10876694515193455,0.01708813651665458,0.003760720520187334
6875.0,493.49,2025-11-20 16:37:51,0,2026-11-20,6602.990234375,1.4444444444444444,2611,0.045,out,6824.28744361036,0.022177855723500495,0.13064542852754668,0.024654107104100223,0.007403711798688469
7025.0,381.67,2025-11-20 18:30:33,0,2026-11-20,6602.990234375,1.4444444444444444,2611,0.045,out,6824.28744361036,0.022177855723500495,0.11763189609519202,0.019987157636261188,0.0289872834658629
6350.0,814.67,2025-11-19 21:06:05,0,2026-11-20,6602.990234375,1.4484126984126984,2611,0.045,in,6824.28744361036,0.022240382146175835,0.13535089865270983,0.02653472620882971,-0.0720331188493462
6425.0,764.02,2025-11-19 21:06:27,0,2026-11-20,6602.990234375,1.4484126984126984,2611,0.045,in,6824.28744361036,0.022240382146175835,0.1347607161550217,0.026303827284897732,-0.06029130097266301
6625.0,631.45,2025-11-19 20:46:34,0,2026-11-20,6602.990234375,1.4484126984126984,2611,0.045,out,6824.28744361036,0.022240382146175835,0.13117615511926276,0.02492310333426033,-0.02963755988166062
6700.0,593.91,2025-11-19 14:56:07,0,2026-11-20,6602.990234375,1.4484126984126984,2611,0.045,out,6824.28744361036,0.022240382146175835,0.13297275526230776,0.025610476505349613,-0.01838040535702617
6300.0,821.03,2025-11-18 15:40:31,0,2026-11-20,6602.990234375,1.4523809523809523,2611,0.045,in,6824.28744361036,0.02230256689441033,0.12295600963495591,0.021957357110153182,-0.0799382983564595
6375.0,778.42,2025-11-18 14:58:18,0,2026-11-20,6602.990234375,1.4523809523809523,2611,0.045,in,6824.28744361036,0.02230256689441033,0.12685345093226075,0.023371420924257917,-0.06810384070945669
6400.0,775.29,2025-11-18 16:35:14,0,2026-11-20,6602.990234375,1.4523809523809523,2611,0.045,in,6824.28744361036,0.02230256689441033,0.13231970606891247,0.025429018606284926,-0.06418994138832028
6450.0,726.47,2025-11-18 17:35:41,0,2026-11-20,6602.990234375,1.4523809523809523,2611,0.045,in,6824.28744361036,0.02230256689441033,0.12594049620473677,0.02303622675338129,-0.05640780094626543
6475.0,703.45,2025-11-18 17:33:30,0,2026-11-20,6602.990234375,1.4523809523809523,2611,0.045,in,6824.28744361036,0.02230256689441033,0.12328864815923136,0.02207632230144703,-0.05253932416834504
6225.0,975.09,2025-11-17 17:37:46,0,2026-11-20,6602.990234375,1.4563492063492063,2611,0.045,in,6824.28744361036,0.02236441276118305,0.1661326572099428,0.04019532517274025,-0.09191448940317518
6775.0,485.25,2025-11-17 19:24:16,0,2026-11-20,6602.990234375,1.4563492063492063,2611,0.045,out,6824.28744361036,0.02236441276118305,0.10949177863690493,0.017459369044403917,-0.007248564988181858
5850.0,1134.8,2025-10-10 19:10:14,0,2026-10-16,6602.990234375,1.4682539682539681,2610,0.045,in,6802.436431897541,0.02473222942569378,0.08375765705351894,0.010300308303909165,-0.1508391855730682
6025.0,1132.1,2025-11-13 19:10:26,0,2026-11-20,6602.990234375,1.4722222222222223,2611,0.045,in,6824.28744361036,0.022608462219283507,0.17345148816401398,0.04429242204318021,-0.12457045237722777
5900.0,1257.36,2025-11-10 16:22:02,0,2026-11-20,6602.990234375,1.4841269841269842,2611,0.045,in,6824.28744361036,0.022788073484904227,0.18923786948130877,0.053148028753724194,-0.1455355808422727
5100.0,1882.24,2025-11-06 21:00:11,0,2026-11-20,6602.990234375,1.5,2611,0.045,in,6824.28744361036,0.023023120326333812,0.1887366491923466,0.053432284122532356,-0.2912473920236664
5600.0,1542.88,2025-11-04 15:37:19,0,2026-11-20,6602.990234375,1.507936507936508,2611,0.045,in,6824.28744361036,0.02313878811408995,0.2211356026526754,0.07373953495640292,-0.19772133401284295
5700.0,1460.43,2025-11-04 15:37:19,0,2026-11-20,6602.990234375,1.507936507936508,2611,0.045,in,6824.28744361036,0.02313878811408995,0.21540158124150743,0.06996499863694387,-0.18002175691344197
6100.0,1172.52,2025-11-03 19:05:33,0,2026-11-20,6602.990234375,1.5119047619047619,2611,0.045,in,6824.28744361036,0.02319616662297685,0.20575213733242792,0.06400488852549416,-0.11219916057468092
5975.0,1071.84,2025-09-26 19:03:44,0,2026-10-16,6602.990234375,1.5238095238095237,2610,0.045,in,6802.436431897541,0.025471158561215363,0.11384693292957788,0.019750284399957036,-0.129696748999259
6175.0,1090.39,2025-10-31 17:08:30,0,2026-11-20,6602.990234375,1.5238095238095237,2611,0.045,in,6824.28744361036,0.023366509071234845,0.19046038619776853,0.05527643232091907,-0.09997904923990561
6325.0,993.1,2025-10-31 14:04:32,0,2026-11-20,6602.990234375,1.5238095238095237,2611,0.045,in,6824.28744361036,0.023366509071234845,0.18859125453871947,0.05419681720150564,-0.0759778971403625
5950.0,1281.51,2025-10-27 17:02:08,0,2026-11-20,6602.990234375,1.5396825396825398,2611,0.045,in,6824.28744361036,0.023589534750912838,0.20682931831904094,0.06586510461718983,-0.13709671219640804
6050.0,1106.94,2025-10-20 17:54:22,0,2026-11-20,6602.990234375,1.5674603174603174,2611,0.045,in,6824.28744361036,0.023968960717352356,0.15659997706728013,0.03843969588453056,-0.12042965971119642
